allele,b_leader,source,ipd_version,fetch_date
B*07:02,M,HLAtools_protein_alignment,IPD-IMGT/HLA 3.63.0,2026-02-19 18:48:49.636716
B*07:02N,M,HLAtools_protein_alignment,IPD-IMGT/HLA 3.63.0,2026-02-19 18:48:49.636716
B*07:02Q,M,HLAtools_protein_alignment,IPD-IMGT/HLA 3.63.0,2026-02-19 18:48:49.636716
B*07:03,M,HLAtools_protein_alignment,IPD-IMGT/HLA 3.63.0,2026-02-19 18:48:49.636716
B*07:04,M,HLAtools_protein_alignment,IPD-IMGT/HLA 3.63.0,2026-02-19 18:48:49.636716
B*07:05,M,HLAtools_protein_alignment,IPD-IMGT/HLA 3.63.0,2026-02-19 18:48:49.636716
B*07:06,M,HLAtools_protein_alignment,IPD-IMGT/HLA 3.63.0,2026-02-19 18:48:49.636716
B*07:07,M,HLAtools_protein_alignment,IPD-IMGT/HLA 3.63.0,2026-02-19 18:48:49.636716
B*07:08,M,HLAtools_protein_alignment,IPD-IMGT/HLA 3.63.0,2026-02-19 18:48:49.636716
B*07:09,M,HLAtools_protein_alignment,IPD-IMGT/HLA 3.63.0,2026-02-19 18:48:49.636716
B*07:10,M,HLAtools_protein_alignment,IPD-IMGT/HLA 3.63.0,2026-02-19 18:48:49.636716
B*07:100,M,HLAtools_protein_alignment,IPD-IMGT/HLA 3.63.0,2026-02-19 18:48:49.636716
B*07:103,M,HLAtools_protein_alignment,IPD-IMGT/HLA 3.63.0,2026-02-19 18:48:49.636716
B*07:104,M,HLAtools_protein_alignment,IPD-IMGT/HLA 3.63.0,2026-02-19 18:48:49.636716
B*07:107,M,HLAtools_protein_alignment,IPD-IMGT/HLA 3.63.0,2026-02-19 18:48:49.636716
B*07:114,M,HLAtools_protein_alignment,IPD-IMGT/HLA 3.63.0,2026-02-19 18:48:49.636716
B*07:12,M,HLAtools_protein_alignment,IPD-IMGT/HLA 3.63.0,2026-02-19 18:48:49.636716
B*07:120,M,HLAtools_protein_alignment,IPD-IMGT/HLA 3.63.0,2026-02-19 18:48:49.636716
B*07:124,M,HLAtools_protein_alignment,IPD-IMGT/HLA 3.63.0,2026-02-19 18:48:49.636716
B*07:125,M,HLAtools_protein_alignment,IPD-IMGT/HLA 3.63.0,2026-02-19 18:48:49.636716
B*07:128,M,HLAtools_protein_alignment,IPD-IMGT/HLA 3.63.0,2026-02-19 18:48:49.636716
B*07:129,M,HLAtools_protein_alignment,IPD-IMGT/HLA 3.63.0,2026-02-19 18:48:49.636716
B*07:13,M,HLAtools_protein_alignment,IPD-IMGT/HLA 3.63.0,2026-02-19 18:48:49.636716
B*07:134,M,HLAtools_protein_alignment,IPD-IMGT/HLA 3.63.0,2026-02-19 18:48:49.636716
B*07:137,M,HLAtools_protein_alignment,IPD-IMGT/HLA 3.63.0,2026-02-19 18:48:49.636716
B*07:139,M,HLAtools_protein_alignment,IPD-IMGT/HLA 3.63.0,2026-02-19 18:48:49.636716
B*07:14,M,HLAtools_protein_alignment,IPD-IMGT/HLA 3.63.0,2026-02-19 18:48:49.636716
B*07:147,M,HLAtools_protein_alignment,IPD-IMGT/HLA 3.63.0,2026-02-19 18:48:49.636716
B*07:15,M,HLAtools_protein_alignment,IPD-IMGT/HLA 3.63.0,2026-02-19 18:48:49.636716
B*07:156,M,HLAtools_protein_alignment,IPD-IMGT/HLA 3.63.0,2026-02-19 18:48:49.636716
B*07:158,M,HLAtools_protein_alignment,IPD-IMGT/HLA 3.63.0,2026-02-19 18:48:49.636716
B*07:16,M,HLAtools_protein_alignment,IPD-IMGT/HLA 3.63.0,2026-02-19 18:48:49.636716
B*07:161N,M,HLAtools_protein_alignment,IPD-IMGT/HLA 3.63.0,2026-02-19 18:48:49.636716
B*07:163,M,HLAtools_protein_alignment,IPD-IMGT/HLA 3.63.0,2026-02-19 18:48:49.636716
B*07:172,M,HLAtools_protein_alignment,IPD-IMGT/HLA 3.63.0,2026-02-19 18:48:49.636716
B*07:177,M,HLAtools_protein_alignment,IPD-IMGT/HLA 3.63.0,2026-02-19 18:48:49.636716
B*07:18,M,HLAtools_protein_alignment,IPD-IMGT/HLA 3.63.0,2026-02-19 18:48:49.636716
B*07:188,M,HLAtools_protein_alignment,IPD-IMGT/HLA 3.63.0,2026-02-19 18:48:49.636716
B*07:193,M,HLAtools_protein_alignment,IPD-IMGT/HLA 3.63.0,2026-02-19 18:48:49.636716
B*07:20,M,HLAtools_protein_alignment,IPD-IMGT/HLA 3.63.0,2026-02-19 18:48:49.636716
B*07:206,M,HLAtools_protein_alignment,IPD-IMGT/HLA 3.63.0,2026-02-19 18:48:49.636716
B*07:209,M,HLAtools_protein_alignment,IPD-IMGT/HLA 3.63.0,2026-02-19 18:48:49.636716
B*07:210,M,HLAtools_protein_alignment,IPD-IMGT/HLA 3.63.0,2026-02-19 18:48:49.636716
B*07:216,M,HLAtools_protein_alignment,IPD-IMGT/HLA 3.63.0,2026-02-19 18:48:49.636716
B*07:218,M,HLAtools_protein_alignment,IPD-IMGT/HLA 3.63.0,2026-02-19 18:48:49.636716
B*07:22,M,HLAtools_protein_alignment,IPD-IMGT/HLA 3.63.0,2026-02-19 18:48:49.636716
B*07:221,M,HLAtools_protein_alignment,IPD-IMGT/HLA 3.63.0,2026-02-19 18:48:49.636716
B*07:224,M,HLAtools_protein_alignment,IPD-IMGT/HLA 3.63.0,2026-02-19 18:48:49.636716
B*07:225,M,HLAtools_protein_alignment,IPD-IMGT/HLA 3.63.0,2026-02-19 18:48:49.636716
B*07:227,M,HLAtools_protein_alignment,IPD-IMGT/HLA 3.63.0,2026-02-19 18:48:49.636716
B*07:229,M,HLAtools_protein_alignment,IPD-IMGT/HLA 3.63.0,2026-02-19 18:48:49.636716
B*07:23,M,HLAtools_protein_alignment,IPD-IMGT/HLA 3.63.0,2026-02-19 18:48:49.636716
B*07:237,M,HLAtools_protein_alignment,IPD-IMGT/HLA 3.63.0,2026-02-19 18:48:49.636716
B*07:24,M,HLAtools_protein_alignment,IPD-IMGT/HLA 3.63.0,2026-02-19 18:48:49.636716
B*07:241,M,HLAtools_protein_alignment,IPD-IMGT/HLA 3.63.0,2026-02-19 18:48:49.636716
B*07:252,M,HLAtools_protein_alignment,IPD-IMGT/HLA 3.63.0,2026-02-19 18:48:49.636716
B*07:253,M,HLAtools_protein_alignment,IPD-IMGT/HLA 3.63.0,2026-02-19 18:48:49.636716
B*07:254,M,HLAtools_protein_alignment,IPD-IMGT/HLA 3.63.0,2026-02-19 18:48:49.636716
B*07:255,M,HLAtools_protein_alignment,IPD-IMGT/HLA 3.63.0,2026-02-19 18:48:49.636716
B*07:26,M,HLAtools_protein_alignment,IPD-IMGT/HLA 3.63.0,2026-02-19 18:48:49.636716
B*07:261,M,HLAtools_protein_alignment,IPD-IMGT/HLA 3.63.0,2026-02-19 18:48:49.636716
B*07:262,M,HLAtools_protein_alignment,IPD-IMGT/HLA 3.63.0,2026-02-19 18:48:49.636716
B*07:263,M,HLAtools_protein_alignment,IPD-IMGT/HLA 3.63.0,2026-02-19 18:48:49.636716
B*07:264,M,HLAtools_protein_alignment,IPD-IMGT/HLA 3.63.0,2026-02-19 18:48:49.636716
B*07:271,T,HLAtools_protein_alignment,IPD-IMGT/HLA 3.63.0,2026-02-19 18:48:49.636716
B*07:276,M,HLAtools_protein_alignment,IPD-IMGT/HLA 3.63.0,2026-02-19 18:48:49.636716
B*07:277,M,HLAtools_protein_alignment,IPD-IMGT/HLA 3.63.0,2026-02-19 18:48:49.636716
B*07:282,M,HLAtools_protein_alignment,IPD-IMGT/HLA 3.63.0,2026-02-19 18:48:49.636716
B*07:284,M,HLAtools_protein_alignment,IPD-IMGT/HLA 3.63.0,2026-02-19 18:48:49.636716
B*07:285N,M,HLAtools_protein_alignment,IPD-IMGT/HLA 3.63.0,2026-02-19 18:48:49.636716
B*07:286,M,HLAtools_protein_alignment,IPD-IMGT/HLA 3.63.0,2026-02-19 18:48:49.636716
B*07:291,M,HLAtools_protein_alignment,IPD-IMGT/HLA 3.63.0,2026-02-19 18:48:49.636716
B*07:294,M,HLAtools_protein_alignment,IPD-IMGT/HLA 3.63.0,2026-02-19 18:48:49.636716
B*07:295,M,HLAtools_protein_alignment,IPD-IMGT/HLA 3.63.0,2026-02-19 18:48:49.636716
B*07:297,M,HLAtools_protein_alignment,IPD-IMGT/HLA 3.63.0,2026-02-19 18:48:49.636716
B*07:298,M,HLAtools_protein_alignment,IPD-IMGT/HLA 3.63.0,2026-02-19 18:48:49.636716
B*07:299,M,HLAtools_protein_alignment,IPD-IMGT/HLA 3.63.0,2026-02-19 18:48:49.636716
B*07:300,M,HLAtools_protein_alignment,IPD-IMGT/HLA 3.63.0,2026-02-19 18:48:49.636716
B*07:303,M,HLAtools_protein_alignment,IPD-IMGT/HLA 3.63.0,2026-02-19 18:48:49.636716
B*07:304,M,HLAtools_protein_alignment,IPD-IMGT/HLA 3.63.0,2026-02-19 18:48:49.636716
B*07:306,M,HLAtools_protein_alignment,IPD-IMGT/HLA 3.63.0,2026-02-19 18:48:49.636716
B*07:307,M,HLAtools_protein_alignment,IPD-IMGT/HLA 3.63.0,2026-02-19 18:48:49.636716
B*07:308,M,HLAtools_protein_alignment,IPD-IMGT/HLA 3.63.0,2026-02-19 18:48:49.636716
B*07:309,M,HLAtools_protein_alignment,IPD-IMGT/HLA 3.63.0,2026-02-19 18:48:49.636716
B*07:31,M,HLAtools_protein_alignment,IPD-IMGT/HLA 3.63.0,2026-02-19 18:48:49.636716
B*07:310,M,HLAtools_protein_alignment,IPD-IMGT/HLA 3.63.0,2026-02-19 18:48:49.636716
B*07:311,M,HLAtools_protein_alignment,IPD-IMGT/HLA 3.63.0,2026-02-19 18:48:49.636716
B*07:312,M,HLAtools_protein_alignment,IPD-IMGT/HLA 3.63.0,2026-02-19 18:48:49.636716
B*07:313,M,HLAtools_protein_alignment,IPD-IMGT/HLA 3.63.0,2026-02-19 18:48:49.636716
B*07:314,M,HLAtools_protein_alignment,IPD-IMGT/HLA 3.63.0,2026-02-19 18:48:49.636716
B*07:315N,M,HLAtools_protein_alignment,IPD-IMGT/HLA 3.63.0,2026-02-19 18:48:49.636716
B*07:316N,M,HLAtools_protein_alignment,IPD-IMGT/HLA 3.63.0,2026-02-19 18:48:49.636716
B*07:318N,M,HLAtools_protein_alignment,IPD-IMGT/HLA 3.63.0,2026-02-19 18:48:49.636716
B*07:319,M,HLAtools_protein_alignment,IPD-IMGT/HLA 3.63.0,2026-02-19 18:48:49.636716
B*07:320,M,HLAtools_protein_alignment,IPD-IMGT/HLA 3.63.0,2026-02-19 18:48:49.636716
B*07:321,M,HLAtools_protein_alignment,IPD-IMGT/HLA 3.63.0,2026-02-19 18:48:49.636716
B*07:322,M,HLAtools_protein_alignment,IPD-IMGT/HLA 3.63.0,2026-02-19 18:48:49.636716
B*07:323,M,HLAtools_protein_alignment,IPD-IMGT/HLA 3.63.0,2026-02-19 18:48:49.636716
B*07:324,M,HLAtools_protein_alignment,IPD-IMGT/HLA 3.63.0,2026-02-19 18:48:49.636716
B*07:325N,M,HLAtools_protein_alignment,IPD-IMGT/HLA 3.63.0,2026-02-19 18:48:49.636716
B*07:326,M,HLAtools_protein_alignment,IPD-IMGT/HLA 3.63.0,2026-02-19 18:48:49.636716
B*07:327,M,HLAtools_protein_alignment,IPD-IMGT/HLA 3.63.0,2026-02-19 18:48:49.636716
B*07:328,M,HLAtools_protein_alignment,IPD-IMGT/HLA 3.63.0,2026-02-19 18:48:49.636716
B*07:329,M,HLAtools_protein_alignment,IPD-IMGT/HLA 3.63.0,2026-02-19 18:48:49.636716
B*07:33,M,HLAtools_protein_alignment,IPD-IMGT/HLA 3.63.0,2026-02-19 18:48:49.636716
B*07:330N,M,HLAtools_protein_alignment,IPD-IMGT/HLA 3.63.0,2026-02-19 18:48:49.636716
B*07:331,M,HLAtools_protein_alignment,IPD-IMGT/HLA 3.63.0,2026-02-19 18:48:49.636716
B*07:332,M,HLAtools_protein_alignment,IPD-IMGT/HLA 3.63.0,2026-02-19 18:48:49.636716
B*07:333,M,HLAtools_protein_alignment,IPD-IMGT/HLA 3.63.0,2026-02-19 18:48:49.636716
B*07:334,M,HLAtools_protein_alignment,IPD-IMGT/HLA 3.63.0,2026-02-19 18:48:49.636716
B*07:335,M,HLAtools_protein_alignment,IPD-IMGT/HLA 3.63.0,2026-02-19 18:48:49.636716
B*07:336,M,HLAtools_protein_alignment,IPD-IMGT/HLA 3.63.0,2026-02-19 18:48:49.636716
B*07:337,M,HLAtools_protein_alignment,IPD-IMGT/HLA 3.63.0,2026-02-19 18:48:49.636716
B*07:338,M,HLAtools_protein_alignment,IPD-IMGT/HLA 3.63.0,2026-02-19 18:48:49.636716
B*07:339,M,HLAtools_protein_alignment,IPD-IMGT/HLA 3.63.0,2026-02-19 18:48:49.636716
B*07:340,M,HLAtools_protein_alignment,IPD-IMGT/HLA 3.63.0,2026-02-19 18:48:49.636716
B*07:341,M,HLAtools_protein_alignment,IPD-IMGT/HLA 3.63.0,2026-02-19 18:48:49.636716
B*07:342,M,HLAtools_protein_alignment,IPD-IMGT/HLA 3.63.0,2026-02-19 18:48:49.636716
B*07:343N,M,HLAtools_protein_alignment,IPD-IMGT/HLA 3.63.0,2026-02-19 18:48:49.636716
B*07:344,M,HLAtools_protein_alignment,IPD-IMGT/HLA 3.63.0,2026-02-19 18:48:49.636716
B*07:345,M,HLAtools_protein_alignment,IPD-IMGT/HLA 3.63.0,2026-02-19 18:48:49.636716
B*07:346,M,HLAtools_protein_alignment,IPD-IMGT/HLA 3.63.0,2026-02-19 18:48:49.636716
B*07:347,M,HLAtools_protein_alignment,IPD-IMGT/HLA 3.63.0,2026-02-19 18:48:49.636716
B*07:348,M,HLAtools_protein_alignment,IPD-IMGT/HLA 3.63.0,2026-02-19 18:48:49.636716
B*07:349,M,HLAtools_protein_alignment,IPD-IMGT/HLA 3.63.0,2026-02-19 18:48:49.636716
B*07:350,M,HLAtools_protein_alignment,IPD-IMGT/HLA 3.63.0,2026-02-19 18:48:49.636716
B*07:351N,M,HLAtools_protein_alignment,IPD-IMGT/HLA 3.63.0,2026-02-19 18:48:49.636716
B*07:352,M,HLAtools_protein_alignment,IPD-IMGT/HLA 3.63.0,2026-02-19 18:48:49.636716
B*07:353,M,HLAtools_protein_alignment,IPD-IMGT/HLA 3.63.0,2026-02-19 18:48:49.636716
B*07:354,M,HLAtools_protein_alignment,IPD-IMGT/HLA 3.63.0,2026-02-19 18:48:49.636716
B*07:355,M,HLAtools_protein_alignment,IPD-IMGT/HLA 3.63.0,2026-02-19 18:48:49.636716
B*07:356,M,HLAtools_protein_alignment,IPD-IMGT/HLA 3.63.0,2026-02-19 18:48:49.636716
B*07:357,M,HLAtools_protein_alignment,IPD-IMGT/HLA 3.63.0,2026-02-19 18:48:49.636716
B*07:358,M,HLAtools_protein_alignment,IPD-IMGT/HLA 3.63.0,2026-02-19 18:48:49.636716
B*07:359,M,HLAtools_protein_alignment,IPD-IMGT/HLA 3.63.0,2026-02-19 18:48:49.636716
B*07:36,M,HLAtools_protein_alignment,IPD-IMGT/HLA 3.63.0,2026-02-19 18:48:49.636716
B*07:360Q,M,HLAtools_protein_alignment,IPD-IMGT/HLA 3.63.0,2026-02-19 18:48:49.636716
B*07:361,M,HLAtools_protein_alignment,IPD-IMGT/HLA 3.63.0,2026-02-19 18:48:49.636716
B*07:362,M,HLAtools_protein_alignment,IPD-IMGT/HLA 3.63.0,2026-02-19 18:48:49.636716
B*07:363,M,HLAtools_protein_alignment,IPD-IMGT/HLA 3.63.0,2026-02-19 18:48:49.636716
B*07:364,M,HLAtools_protein_alignment,IPD-IMGT/HLA 3.63.0,2026-02-19 18:48:49.636716
B*07:365,M,HLAtools_protein_alignment,IPD-IMGT/HLA 3.63.0,2026-02-19 18:48:49.636716
B*07:366,M,HLAtools_protein_alignment,IPD-IMGT/HLA 3.63.0,2026-02-19 18:48:49.636716
B*07:368,M,HLAtools_protein_alignment,IPD-IMGT/HLA 3.63.0,2026-02-19 18:48:49.636716
B*07:369,M,HLAtools_protein_alignment,IPD-IMGT/HLA 3.63.0,2026-02-19 18:48:49.636716
B*07:37,M,HLAtools_protein_alignment,IPD-IMGT/HLA 3.63.0,2026-02-19 18:48:49.636716
B*07:370,M,HLAtools_protein_alignment,IPD-IMGT/HLA 3.63.0,2026-02-19 18:48:49.636716
B*07:372,M,HLAtools_protein_alignment,IPD-IMGT/HLA 3.63.0,2026-02-19 18:48:49.636716
B*07:373N,M,HLAtools_protein_alignment,IPD-IMGT/HLA 3.63.0,2026-02-19 18:48:49.636716
B*07:374N,M,HLAtools_protein_alignment,IPD-IMGT/HLA 3.63.0,2026-02-19 18:48:49.636716
B*07:375,M,HLAtools_protein_alignment,IPD-IMGT/HLA 3.63.0,2026-02-19 18:48:49.636716
B*07:377,M,HLAtools_protein_alignment,IPD-IMGT/HLA 3.63.0,2026-02-19 18:48:49.636716
B*07:378,M,HLAtools_protein_alignment,IPD-IMGT/HLA 3.63.0,2026-02-19 18:48:49.636716
B*07:379,M,HLAtools_protein_alignment,IPD-IMGT/HLA 3.63.0,2026-02-19 18:48:49.636716
B*07:38,M,HLAtools_protein_alignment,IPD-IMGT/HLA 3.63.0,2026-02-19 18:48:49.636716
B*07:380,M,HLAtools_protein_alignment,IPD-IMGT/HLA 3.63.0,2026-02-19 18:48:49.636716
B*07:381,M,HLAtools_protein_alignment,IPD-IMGT/HLA 3.63.0,2026-02-19 18:48:49.636716
B*07:382,M,HLAtools_protein_alignment,IPD-IMGT/HLA 3.63.0,2026-02-19 18:48:49.636716
B*07:383,M,HLAtools_protein_alignment,IPD-IMGT/HLA 3.63.0,2026-02-19 18:48:49.636716
B*07:384,M,HLAtools_protein_alignment,IPD-IMGT/HLA 3.63.0,2026-02-19 18:48:49.636716
B*07:385,M,HLAtools_protein_alignment,IPD-IMGT/HLA 3.63.0,2026-02-19 18:48:49.636716
B*07:386N,M,HLAtools_protein_alignment,IPD-IMGT/HLA 3.63.0,2026-02-19 18:48:49.636716
B*07:387,M,HLAtools_protein_alignment,IPD-IMGT/HLA 3.63.0,2026-02-19 18:48:49.636716
B*07:388,M,HLAtools_protein_alignment,IPD-IMGT/HLA 3.63.0,2026-02-19 18:48:49.636716
B*07:389,M,HLAtools_protein_alignment,IPD-IMGT/HLA 3.63.0,2026-02-19 18:48:49.636716
B*07:390,T,HLAtools_protein_alignment,IPD-IMGT/HLA 3.63.0,2026-02-19 18:48:49.636716
B*07:391,M,HLAtools_protein_alignment,IPD-IMGT/HLA 3.63.0,2026-02-19 18:48:49.636716
B*07:392,M,HLAtools_protein_alignment,IPD-IMGT/HLA 3.63.0,2026-02-19 18:48:49.636716
B*07:393,M,HLAtools_protein_alignment,IPD-IMGT/HLA 3.63.0,2026-02-19 18:48:49.636716
B*07:394,M,HLAtools_protein_alignment,IPD-IMGT/HLA 3.63.0,2026-02-19 18:48:49.636716
B*07:395,M,HLAtools_protein_alignment,IPD-IMGT/HLA 3.63.0,2026-02-19 18:48:49.636716
B*07:396,M,HLAtools_protein_alignment,IPD-IMGT/HLA 3.63.0,2026-02-19 18:48:49.636716
B*07:397,M,HLAtools_protein_alignment,IPD-IMGT/HLA 3.63.0,2026-02-19 18:48:49.636716
B*07:398,M,HLAtools_protein_alignment,IPD-IMGT/HLA 3.63.0,2026-02-19 18:48:49.636716
B*07:399,M,HLAtools_protein_alignment,IPD-IMGT/HLA 3.63.0,2026-02-19 18:48:49.636716
B*07:400,M,HLAtools_protein_alignment,IPD-IMGT/HLA 3.63.0,2026-02-19 18:48:49.636716
B*07:401,M,HLAtools_protein_alignment,IPD-IMGT/HLA 3.63.0,2026-02-19 18:48:49.636716
B*07:402,M,HLAtools_protein_alignment,IPD-IMGT/HLA 3.63.0,2026-02-19 18:48:49.636716
B*07:403,M,HLAtools_protein_alignment,IPD-IMGT/HLA 3.63.0,2026-02-19 18:48:49.636716
B*07:404,M,HLAtools_protein_alignment,IPD-IMGT/HLA 3.63.0,2026-02-19 18:48:49.636716
B*07:405,M,HLAtools_protein_alignment,IPD-IMGT/HLA 3.63.0,2026-02-19 18:48:49.636716
B*07:406,M,HLAtools_protein_alignment,IPD-IMGT/HLA 3.63.0,2026-02-19 18:48:49.636716
B*07:407,M,HLAtools_protein_alignment,IPD-IMGT/HLA 3.63.0,2026-02-19 18:48:49.636716
B*07:408,M,HLAtools_protein_alignment,IPD-IMGT/HLA 3.63.0,2026-02-19 18:48:49.636716
B*07:409,M,HLAtools_protein_alignment,IPD-IMGT/HLA 3.63.0,2026-02-19 18:48:49.636716
B*07:41,M,HLAtools_protein_alignment,IPD-IMGT/HLA 3.63.0,2026-02-19 18:48:49.636716
B*07:410,M,HLAtools_protein_alignment,IPD-IMGT/HLA 3.63.0,2026-02-19 18:48:49.636716
B*07:411,M,HLAtools_protein_alignment,IPD-IMGT/HLA 3.63.0,2026-02-19 18:48:49.636716
B*07:412,M,HLAtools_protein_alignment,IPD-IMGT/HLA 3.63.0,2026-02-19 18:48:49.636716
B*07:413,M,HLAtools_protein_alignment,IPD-IMGT/HLA 3.63.0,2026-02-19 18:48:49.636716
B*07:414,M,HLAtools_protein_alignment,IPD-IMGT/HLA 3.63.0,2026-02-19 18:48:49.636716
B*07:415N,M,HLAtools_protein_alignment,IPD-IMGT/HLA 3.63.0,2026-02-19 18:48:49.636716
B*07:416,M,HLAtools_protein_alignment,IPD-IMGT/HLA 3.63.0,2026-02-19 18:48:49.636716
B*07:418,M,HLAtools_protein_alignment,IPD-IMGT/HLA 3.63.0,2026-02-19 18:48:49.636716
B*07:419,M,HLAtools_protein_alignment,IPD-IMGT/HLA 3.63.0,2026-02-19 18:48:49.636716
B*07:42,M,HLAtools_protein_alignment,IPD-IMGT/HLA 3.63.0,2026-02-19 18:48:49.636716
B*07:420,M,HLAtools_protein_alignment,IPD-IMGT/HLA 3.63.0,2026-02-19 18:48:49.636716
B*07:421,M,HLAtools_protein_alignment,IPD-IMGT/HLA 3.63.0,2026-02-19 18:48:49.636716
B*07:422,M,HLAtools_protein_alignment,IPD-IMGT/HLA 3.63.0,2026-02-19 18:48:49.636716
B*07:423,M,HLAtools_protein_alignment,IPD-IMGT/HLA 3.63.0,2026-02-19 18:48:49.636716
B*07:425N,M,HLAtools_protein_alignment,IPD-IMGT/HLA 3.63.0,2026-02-19 18:48:49.636716
B*07:426Q,M,HLAtools_protein_alignment,IPD-IMGT/HLA 3.63.0,2026-02-19 18:48:49.636716
B*07:427,M,HLAtools_protein_alignment,IPD-IMGT/HLA 3.63.0,2026-02-19 18:48:49.636716
B*07:428,M,HLAtools_protein_alignment,IPD-IMGT/HLA 3.63.0,2026-02-19 18:48:49.636716
B*07:429,M,HLAtools_protein_alignment,IPD-IMGT/HLA 3.63.0,2026-02-19 18:48:49.636716
B*07:430,M,HLAtools_protein_alignment,IPD-IMGT/HLA 3.63.0,2026-02-19 18:48:49.636716
B*07:431,M,HLAtools_protein_alignment,IPD-IMGT/HLA 3.63.0,2026-02-19 18:48:49.636716
B*07:432,M,HLAtools_protein_alignment,IPD-IMGT/HLA 3.63.0,2026-02-19 18:48:49.636716
B*07:433,M,HLAtools_protein_alignment,IPD-IMGT/HLA 3.63.0,2026-02-19 18:48:49.636716
B*07:434,M,HLAtools_protein_alignment,IPD-IMGT/HLA 3.63.0,2026-02-19 18:48:49.636716
B*07:435N,M,HLAtools_protein_alignment,IPD-IMGT/HLA 3.63.0,2026-02-19 18:48:49.636716
B*07:436,M,HLAtools_protein_alignment,IPD-IMGT/HLA 3.63.0,2026-02-19 18:48:49.636716
B*07:437,M,HLAtools_protein_alignment,IPD-IMGT/HLA 3.63.0,2026-02-19 18:48:49.636716
B*07:438,M,HLAtools_protein_alignment,IPD-IMGT/HLA 3.63.0,2026-02-19 18:48:49.636716
B*07:439,M,HLAtools_protein_alignment,IPD-IMGT/HLA 3.63.0,2026-02-19 18:48:49.636716
B*07:440,M,HLAtools_protein_alignment,IPD-IMGT/HLA 3.63.0,2026-02-19 18:48:49.636716
B*07:441,M,HLAtools_protein_alignment,IPD-IMGT/HLA 3.63.0,2026-02-19 18:48:49.636716
B*07:442,M,HLAtools_protein_alignment,IPD-IMGT/HLA 3.63.0,2026-02-19 18:48:49.636716
B*07:443,M,HLAtools_protein_alignment,IPD-IMGT/HLA 3.63.0,2026-02-19 18:48:49.636716
B*07:444,M,HLAtools_protein_alignment,IPD-IMGT/HLA 3.63.0,2026-02-19 18:48:49.636716
B*07:445,M,HLAtools_protein_alignment,IPD-IMGT/HLA 3.63.0,2026-02-19 18:48:49.636716
B*07:446N,M,HLAtools_protein_alignment,IPD-IMGT/HLA 3.63.0,2026-02-19 18:48:49.636716
B*07:447,M,HLAtools_protein_alignment,IPD-IMGT/HLA 3.63.0,2026-02-19 18:48:49.636716
B*07:448,M,HLAtools_protein_alignment,IPD-IMGT/HLA 3.63.0,2026-02-19 18:48:49.636716
B*07:449,M,HLAtools_protein_alignment,IPD-IMGT/HLA 3.63.0,2026-02-19 18:48:49.636716
B*07:44N,M,HLAtools_protein_alignment,IPD-IMGT/HLA 3.63.0,2026-02-19 18:48:49.636716
B*07:45,M,HLAtools_protein_alignment,IPD-IMGT/HLA 3.63.0,2026-02-19 18:48:49.636716
B*07:450,M,HLAtools_protein_alignment,IPD-IMGT/HLA 3.63.0,2026-02-19 18:48:49.636716
B*07:451,M,HLAtools_protein_alignment,IPD-IMGT/HLA 3.63.0,2026-02-19 18:48:49.636716
B*07:452,M,HLAtools_protein_alignment,IPD-IMGT/HLA 3.63.0,2026-02-19 18:48:49.636716
B*07:453,M,HLAtools_protein_alignment,IPD-IMGT/HLA 3.63.0,2026-02-19 18:48:49.636716
B*07:454,M,HLAtools_protein_alignment,IPD-IMGT/HLA 3.63.0,2026-02-19 18:48:49.636716
B*07:455,M,HLAtools_protein_alignment,IPD-IMGT/HLA 3.63.0,2026-02-19 18:48:49.636716
B*07:456,M,HLAtools_protein_alignment,IPD-IMGT/HLA 3.63.0,2026-02-19 18:48:49.636716
B*07:459,M,HLAtools_protein_alignment,IPD-IMGT/HLA 3.63.0,2026-02-19 18:48:49.636716
B*07:46,M,HLAtools_protein_alignment,IPD-IMGT/HLA 3.63.0,2026-02-19 18:48:49.636716
B*07:460N,M,HLAtools_protein_alignment,IPD-IMGT/HLA 3.63.0,2026-02-19 18:48:49.636716
B*07:461,M,HLAtools_protein_alignment,IPD-IMGT/HLA 3.63.0,2026-02-19 18:48:49.636716
B*07:462,M,HLAtools_protein_alignment,IPD-IMGT/HLA 3.63.0,2026-02-19 18:48:49.636716
B*07:463,M,HLAtools_protein_alignment,IPD-IMGT/HLA 3.63.0,2026-02-19 18:48:49.636716
B*07:464,M,HLAtools_protein_alignment,IPD-IMGT/HLA 3.63.0,2026-02-19 18:48:49.636716
B*07:465,M,HLAtools_protein_alignment,IPD-IMGT/HLA 3.63.0,2026-02-19 18:48:49.636716
B*07:466,M,HLAtools_protein_alignment,IPD-IMGT/HLA 3.63.0,2026-02-19 18:48:49.636716
B*07:468N,M,HLAtools_protein_alignment,IPD-IMGT/HLA 3.63.0,2026-02-19 18:48:49.636716
B*07:469N,M,HLAtools_protein_alignment,IPD-IMGT/HLA 3.63.0,2026-02-19 18:48:49.636716
B*07:47,M,HLAtools_protein_alignment,IPD-IMGT/HLA 3.63.0,2026-02-19 18:48:49.636716
B*07:470,M,HLAtools_protein_alignment,IPD-IMGT/HLA 3.63.0,2026-02-19 18:48:49.636716
B*07:471,M,HLAtools_protein_alignment,IPD-IMGT/HLA 3.63.0,2026-02-19 18:48:49.636716
B*07:472N,M,HLAtools_protein_alignment,IPD-IMGT/HLA 3.63.0,2026-02-19 18:48:49.636716
B*07:473,M,HLAtools_protein_alignment,IPD-IMGT/HLA 3.63.0,2026-02-19 18:48:49.636716
B*07:474,M,HLAtools_protein_alignment,IPD-IMGT/HLA 3.63.0,2026-02-19 18:48:49.636716
B*07:475,M,HLAtools_protein_alignment,IPD-IMGT/HLA 3.63.0,2026-02-19 18:48:49.636716
B*07:476,M,HLAtools_protein_alignment,IPD-IMGT/HLA 3.63.0,2026-02-19 18:48:49.636716
B*07:477,M,HLAtools_protein_alignment,IPD-IMGT/HLA 3.63.0,2026-02-19 18:48:49.636716
B*07:478,M,HLAtools_protein_alignment,IPD-IMGT/HLA 3.63.0,2026-02-19 18:48:49.636716
B*07:48,M,HLAtools_protein_alignment,IPD-IMGT/HLA 3.63.0,2026-02-19 18:48:49.636716
B*07:480,M,HLAtools_protein_alignment,IPD-IMGT/HLA 3.63.0,2026-02-19 18:48:49.636716
B*07:481N,M,HLAtools_protein_alignment,IPD-IMGT/HLA 3.63.0,2026-02-19 18:48:49.636716
B*07:482,M,HLAtools_protein_alignment,IPD-IMGT/HLA 3.63.0,2026-02-19 18:48:49.636716
B*07:483,M,HLAtools_protein_alignment,IPD-IMGT/HLA 3.63.0,2026-02-19 18:48:49.636716
B*07:484,M,HLAtools_protein_alignment,IPD-IMGT/HLA 3.63.0,2026-02-19 18:48:49.636716
B*07:485,M,HLAtools_protein_alignment,IPD-IMGT/HLA 3.63.0,2026-02-19 18:48:49.636716
B*07:486,M,HLAtools_protein_alignment,IPD-IMGT/HLA 3.63.0,2026-02-19 18:48:49.636716
B*07:487,M,HLAtools_protein_alignment,IPD-IMGT/HLA 3.63.0,2026-02-19 18:48:49.636716
B*07:488,M,HLAtools_protein_alignment,IPD-IMGT/HLA 3.63.0,2026-02-19 18:48:49.636716
B*07:489,T,HLAtools_protein_alignment,IPD-IMGT/HLA 3.63.0,2026-02-19 18:48:49.636716
B*07:490,M,HLAtools_protein_alignment,IPD-IMGT/HLA 3.63.0,2026-02-19 18:48:49.636716
B*07:491,M,HLAtools_protein_alignment,IPD-IMGT/HLA 3.63.0,2026-02-19 18:48:49.636716
B*07:492,M,HLAtools_protein_alignment,IPD-IMGT/HLA 3.63.0,2026-02-19 18:48:49.636716
B*07:493,M,HLAtools_protein_alignment,IPD-IMGT/HLA 3.63.0,2026-02-19 18:48:49.636716
B*07:494,M,HLAtools_protein_alignment,IPD-IMGT/HLA 3.63.0,2026-02-19 18:48:49.636716
B*07:495,M,HLAtools_protein_alignment,IPD-IMGT/HLA 3.63.0,2026-02-19 18:48:49.636716
B*07:496,M,HLAtools_protein_alignment,IPD-IMGT/HLA 3.63.0,2026-02-19 18:48:49.636716
B*07:497,M,HLAtools_protein_alignment,IPD-IMGT/HLA 3.63.0,2026-02-19 18:48:49.636716
B*07:498,M,HLAtools_protein_alignment,IPD-IMGT/HLA 3.63.0,2026-02-19 18:48:49.636716
B*07:499,M,HLAtools_protein_alignment,IPD-IMGT/HLA 3.63.0,2026-02-19 18:48:49.636716
B*07:50,M,HLAtools_protein_alignment,IPD-IMGT/HLA 3.63.0,2026-02-19 18:48:49.636716
B*07:500,M,HLAtools_protein_alignment,IPD-IMGT/HLA 3.63.0,2026-02-19 18:48:49.636716
B*07:501,M,HLAtools_protein_alignment,IPD-IMGT/HLA 3.63.0,2026-02-19 18:48:49.636716
B*07:502,M,HLAtools_protein_alignment,IPD-IMGT/HLA 3.63.0,2026-02-19 18:48:49.636716
B*07:503,M,HLAtools_protein_alignment,IPD-IMGT/HLA 3.63.0,2026-02-19 18:48:49.636716
B*07:504,M,HLAtools_protein_alignment,IPD-IMGT/HLA 3.63.0,2026-02-19 18:48:49.636716
B*07:505,M,HLAtools_protein_alignment,IPD-IMGT/HLA 3.63.0,2026-02-19 18:48:49.636716
B*07:506,M,HLAtools_protein_alignment,IPD-IMGT/HLA 3.63.0,2026-02-19 18:48:49.636716
B*07:507,M,HLAtools_protein_alignment,IPD-IMGT/HLA 3.63.0,2026-02-19 18:48:49.636716
B*07:508,M,HLAtools_protein_alignment,IPD-IMGT/HLA 3.63.0,2026-02-19 18:48:49.636716
B*07:509N,M,HLAtools_protein_alignment,IPD-IMGT/HLA 3.63.0,2026-02-19 18:48:49.636716
B*07:51,M,HLAtools_protein_alignment,IPD-IMGT/HLA 3.63.0,2026-02-19 18:48:49.636716
B*07:510,M,HLAtools_protein_alignment,IPD-IMGT/HLA 3.63.0,2026-02-19 18:48:49.636716
B*07:511,M,HLAtools_protein_alignment,IPD-IMGT/HLA 3.63.0,2026-02-19 18:48:49.636716
B*07:512,M,HLAtools_protein_alignment,IPD-IMGT/HLA 3.63.0,2026-02-19 18:48:49.636716
B*07:513,M,HLAtools_protein_alignment,IPD-IMGT/HLA 3.63.0,2026-02-19 18:48:49.636716
B*07:514,M,HLAtools_protein_alignment,IPD-IMGT/HLA 3.63.0,2026-02-19 18:48:49.636716
B*07:515,M,HLAtools_protein_alignment,IPD-IMGT/HLA 3.63.0,2026-02-19 18:48:49.636716
B*07:516,M,HLAtools_protein_alignment,IPD-IMGT/HLA 3.63.0,2026-02-19 18:48:49.636716
B*07:517,M,HLAtools_protein_alignment,IPD-IMGT/HLA 3.63.0,2026-02-19 18:48:49.636716
B*07:518,M,HLAtools_protein_alignment,IPD-IMGT/HLA 3.63.0,2026-02-19 18:48:49.636716
B*07:519,M,HLAtools_protein_alignment,IPD-IMGT/HLA 3.63.0,2026-02-19 18:48:49.636716
B*07:52,M,HLAtools_protein_alignment,IPD-IMGT/HLA 3.63.0,2026-02-19 18:48:49.636716
B*07:520N,M,HLAtools_protein_alignment,IPD-IMGT/HLA 3.63.0,2026-02-19 18:48:49.636716
B*07:521,M,HLAtools_protein_alignment,IPD-IMGT/HLA 3.63.0,2026-02-19 18:48:49.636716
B*07:522,M,HLAtools_protein_alignment,IPD-IMGT/HLA 3.63.0,2026-02-19 18:48:49.636716
B*07:523,M,HLAtools_protein_alignment,IPD-IMGT/HLA 3.63.0,2026-02-19 18:48:49.636716
B*07:524,M,HLAtools_protein_alignment,IPD-IMGT/HLA 3.63.0,2026-02-19 18:48:49.636716
B*07:525,M,HLAtools_protein_alignment,IPD-IMGT/HLA 3.63.0,2026-02-19 18:48:49.636716
B*07:526N,M,HLAtools_protein_alignment,IPD-IMGT/HLA 3.63.0,2026-02-19 18:48:49.636716
B*07:527,M,HLAtools_protein_alignment,IPD-IMGT/HLA 3.63.0,2026-02-19 18:48:49.636716
B*07:528,M,HLAtools_protein_alignment,IPD-IMGT/HLA 3.63.0,2026-02-19 18:48:49.636716
B*07:529,M,HLAtools_protein_alignment,IPD-IMGT/HLA 3.63.0,2026-02-19 18:48:49.636716
B*07:53,M,HLAtools_protein_alignment,IPD-IMGT/HLA 3.63.0,2026-02-19 18:48:49.636716
B*07:530,M,HLAtools_protein_alignment,IPD-IMGT/HLA 3.63.0,2026-02-19 18:48:49.636716
B*07:531,M,HLAtools_protein_alignment,IPD-IMGT/HLA 3.63.0,2026-02-19 18:48:49.636716
B*07:532,M,HLAtools_protein_alignment,IPD-IMGT/HLA 3.63.0,2026-02-19 18:48:49.636716
B*07:533,M,HLAtools_protein_alignment,IPD-IMGT/HLA 3.63.0,2026-02-19 18:48:49.636716
B*07:534,M,HLAtools_protein_alignment,IPD-IMGT/HLA 3.63.0,2026-02-19 18:48:49.636716
B*07:535,M,HLAtools_protein_alignment,IPD-IMGT/HLA 3.63.0,2026-02-19 18:48:49.636716
B*07:536,M,HLAtools_protein_alignment,IPD-IMGT/HLA 3.63.0,2026-02-19 18:48:49.636716
B*07:537,M,HLAtools_protein_alignment,IPD-IMGT/HLA 3.63.0,2026-02-19 18:48:49.636716
B*07:538Q,M,HLAtools_protein_alignment,IPD-IMGT/HLA 3.63.0,2026-02-19 18:48:49.636716
B*07:539,M,HLAtools_protein_alignment,IPD-IMGT/HLA 3.63.0,2026-02-19 18:48:49.636716
B*07:54,M,HLAtools_protein_alignment,IPD-IMGT/HLA 3.63.0,2026-02-19 18:48:49.636716
B*07:540,M,HLAtools_protein_alignment,IPD-IMGT/HLA 3.63.0,2026-02-19 18:48:49.636716
B*07:541,M,HLAtools_protein_alignment,IPD-IMGT/HLA 3.63.0,2026-02-19 18:48:49.636716
B*07:542,M,HLAtools_protein_alignment,IPD-IMGT/HLA 3.63.0,2026-02-19 18:48:49.636716
B*07:543,M,HLAtools_protein_alignment,IPD-IMGT/HLA 3.63.0,2026-02-19 18:48:49.636716
B*07:544,M,HLAtools_protein_alignment,IPD-IMGT/HLA 3.63.0,2026-02-19 18:48:49.636716
B*07:545,M,HLAtools_protein_alignment,IPD-IMGT/HLA 3.63.0,2026-02-19 18:48:49.636716
B*07:546,M,HLAtools_protein_alignment,IPD-IMGT/HLA 3.63.0,2026-02-19 18:48:49.636716
B*07:547,M,HLAtools_protein_alignment,IPD-IMGT/HLA 3.63.0,2026-02-19 18:48:49.636716
B*07:56,M,HLAtools_protein_alignment,IPD-IMGT/HLA 3.63.0,2026-02-19 18:48:49.636716
B*07:57,M,HLAtools_protein_alignment,IPD-IMGT/HLA 3.63.0,2026-02-19 18:48:49.636716
B*07:59,M,HLAtools_protein_alignment,IPD-IMGT/HLA 3.63.0,2026-02-19 18:48:49.636716
B*07:61,M,HLAtools_protein_alignment,IPD-IMGT/HLA 3.63.0,2026-02-19 18:48:49.636716
B*07:62,M,HLAtools_protein_alignment,IPD-IMGT/HLA 3.63.0,2026-02-19 18:48:49.636716
B*07:65,T,HLAtools_protein_alignment,IPD-IMGT/HLA 3.63.0,2026-02-19 18:48:49.636716
B*07:68,M,HLAtools_protein_alignment,IPD-IMGT/HLA 3.63.0,2026-02-19 18:48:49.636716
B*07:69,M,HLAtools_protein_alignment,IPD-IMGT/HLA 3.63.0,2026-02-19 18:48:49.636716
B*07:75,M,HLAtools_protein_alignment,IPD-IMGT/HLA 3.63.0,2026-02-19 18:48:49.636716
B*07:77,M,HLAtools_protein_alignment,IPD-IMGT/HLA 3.63.0,2026-02-19 18:48:49.636716
B*07:81,M,HLAtools_protein_alignment,IPD-IMGT/HLA 3.63.0,2026-02-19 18:48:49.636716
B*07:84,M,HLAtools_protein_alignment,IPD-IMGT/HLA 3.63.0,2026-02-19 18:48:49.636716
B*07:86,M,HLAtools_protein_alignment,IPD-IMGT/HLA 3.63.0,2026-02-19 18:48:49.636716
B*07:91,M,HLAtools_protein_alignment,IPD-IMGT/HLA 3.63.0,2026-02-19 18:48:49.636716
B*07:92,M,HLAtools_protein_alignment,IPD-IMGT/HLA 3.63.0,2026-02-19 18:48:49.636716
B*07:93,M,HLAtools_protein_alignment,IPD-IMGT/HLA 3.63.0,2026-02-19 18:48:49.636716
B*08:01,M,HLAtools_protein_alignment,IPD-IMGT/HLA 3.63.0,2026-02-19 18:48:49.636716
B*08:02,M,HLAtools_protein_alignment,IPD-IMGT/HLA 3.63.0,2026-02-19 18:48:49.636716
B*08:08N,M,HLAtools_protein_alignment,IPD-IMGT/HLA 3.63.0,2026-02-19 18:48:49.636716
B*08:09,M,HLAtools_protein_alignment,IPD-IMGT/HLA 3.63.0,2026-02-19 18:48:49.636716
B*08:106,M,HLAtools_protein_alignment,IPD-IMGT/HLA 3.63.0,2026-02-19 18:48:49.636716
B*08:108,M,HLAtools_protein_alignment,IPD-IMGT/HLA 3.63.0,2026-02-19 18:48:49.636716
B*08:110,M,HLAtools_protein_alignment,IPD-IMGT/HLA 3.63.0,2026-02-19 18:48:49.636716
B*08:111,M,HLAtools_protein_alignment,IPD-IMGT/HLA 3.63.0,2026-02-19 18:48:49.636716
B*08:113,M,HLAtools_protein_alignment,IPD-IMGT/HLA 3.63.0,2026-02-19 18:48:49.636716
B*08:115,M,HLAtools_protein_alignment,IPD-IMGT/HLA 3.63.0,2026-02-19 18:48:49.636716
B*08:12,M,HLAtools_protein_alignment,IPD-IMGT/HLA 3.63.0,2026-02-19 18:48:49.636716
B*08:120,M,HLAtools_protein_alignment,IPD-IMGT/HLA 3.63.0,2026-02-19 18:48:49.636716
B*08:122,M,HLAtools_protein_alignment,IPD-IMGT/HLA 3.63.0,2026-02-19 18:48:49.636716
B*08:127,M,HLAtools_protein_alignment,IPD-IMGT/HLA 3.63.0,2026-02-19 18:48:49.636716
B*08:128,M,HLAtools_protein_alignment,IPD-IMGT/HLA 3.63.0,2026-02-19 18:48:49.636716
B*08:13,M,HLAtools_protein_alignment,IPD-IMGT/HLA 3.63.0,2026-02-19 18:48:49.636716
B*08:132,M,HLAtools_protein_alignment,IPD-IMGT/HLA 3.63.0,2026-02-19 18:48:49.636716
B*08:133,M,HLAtools_protein_alignment,IPD-IMGT/HLA 3.63.0,2026-02-19 18:48:49.636716
B*08:134,M,HLAtools_protein_alignment,IPD-IMGT/HLA 3.63.0,2026-02-19 18:48:49.636716
B*08:135,M,HLAtools_protein_alignment,IPD-IMGT/HLA 3.63.0,2026-02-19 18:48:49.636716
B*08:136,M,HLAtools_protein_alignment,IPD-IMGT/HLA 3.63.0,2026-02-19 18:48:49.636716
B*08:138,M,HLAtools_protein_alignment,IPD-IMGT/HLA 3.63.0,2026-02-19 18:48:49.636716
B*08:139,M,HLAtools_protein_alignment,IPD-IMGT/HLA 3.63.0,2026-02-19 18:48:49.636716
B*08:143,M,HLAtools_protein_alignment,IPD-IMGT/HLA 3.63.0,2026-02-19 18:48:49.636716
B*08:144,M,HLAtools_protein_alignment,IPD-IMGT/HLA 3.63.0,2026-02-19 18:48:49.636716
B*08:145,M,HLAtools_protein_alignment,IPD-IMGT/HLA 3.63.0,2026-02-19 18:48:49.636716
B*08:146,M,HLAtools_protein_alignment,IPD-IMGT/HLA 3.63.0,2026-02-19 18:48:49.636716
B*08:147,M,HLAtools_protein_alignment,IPD-IMGT/HLA 3.63.0,2026-02-19 18:48:49.636716
B*08:148N,M,HLAtools_protein_alignment,IPD-IMGT/HLA 3.63.0,2026-02-19 18:48:49.636716
B*08:152,M,HLAtools_protein_alignment,IPD-IMGT/HLA 3.63.0,2026-02-19 18:48:49.636716
B*08:155,M,HLAtools_protein_alignment,IPD-IMGT/HLA 3.63.0,2026-02-19 18:48:49.636716
B*08:160,M,HLAtools_protein_alignment,IPD-IMGT/HLA 3.63.0,2026-02-19 18:48:49.636716
B*08:161,M,HLAtools_protein_alignment,IPD-IMGT/HLA 3.63.0,2026-02-19 18:48:49.636716
B*08:167,M,HLAtools_protein_alignment,IPD-IMGT/HLA 3.63.0,2026-02-19 18:48:49.636716
B*08:168,M,HLAtools_protein_alignment,IPD-IMGT/HLA 3.63.0,2026-02-19 18:48:49.636716
B*08:169,M,HLAtools_protein_alignment,IPD-IMGT/HLA 3.63.0,2026-02-19 18:48:49.636716
B*08:170,M,HLAtools_protein_alignment,IPD-IMGT/HLA 3.63.0,2026-02-19 18:48:49.636716
B*08:171,M,HLAtools_protein_alignment,IPD-IMGT/HLA 3.63.0,2026-02-19 18:48:49.636716
B*08:172,M,HLAtools_protein_alignment,IPD-IMGT/HLA 3.63.0,2026-02-19 18:48:49.636716
B*08:173,M,HLAtools_protein_alignment,IPD-IMGT/HLA 3.63.0,2026-02-19 18:48:49.636716
B*08:177,M,HLAtools_protein_alignment,IPD-IMGT/HLA 3.63.0,2026-02-19 18:48:49.636716
B*08:178,M,HLAtools_protein_alignment,IPD-IMGT/HLA 3.63.0,2026-02-19 18:48:49.636716
B*08:18,M,HLAtools_protein_alignment,IPD-IMGT/HLA 3.63.0,2026-02-19 18:48:49.636716
B*08:181,M,HLAtools_protein_alignment,IPD-IMGT/HLA 3.63.0,2026-02-19 18:48:49.636716
B*08:182,M,HLAtools_protein_alignment,IPD-IMGT/HLA 3.63.0,2026-02-19 18:48:49.636716
B*08:183,M,HLAtools_protein_alignment,IPD-IMGT/HLA 3.63.0,2026-02-19 18:48:49.636716
B*08:184,M,HLAtools_protein_alignment,IPD-IMGT/HLA 3.63.0,2026-02-19 18:48:49.636716
B*08:186,M,HLAtools_protein_alignment,IPD-IMGT/HLA 3.63.0,2026-02-19 18:48:49.636716
B*08:188,M,HLAtools_protein_alignment,IPD-IMGT/HLA 3.63.0,2026-02-19 18:48:49.636716
B*08:189,M,HLAtools_protein_alignment,IPD-IMGT/HLA 3.63.0,2026-02-19 18:48:49.636716
B*08:190,M,HLAtools_protein_alignment,IPD-IMGT/HLA 3.63.0,2026-02-19 18:48:49.636716
B*08:191,M,HLAtools_protein_alignment,IPD-IMGT/HLA 3.63.0,2026-02-19 18:48:49.636716
B*08:192,M,HLAtools_protein_alignment,IPD-IMGT/HLA 3.63.0,2026-02-19 18:48:49.636716
B*08:193,M,HLAtools_protein_alignment,IPD-IMGT/HLA 3.63.0,2026-02-19 18:48:49.636716
B*08:194,M,HLAtools_protein_alignment,IPD-IMGT/HLA 3.63.0,2026-02-19 18:48:49.636716
B*08:195,M,HLAtools_protein_alignment,IPD-IMGT/HLA 3.63.0,2026-02-19 18:48:49.636716
B*08:196,M,HLAtools_protein_alignment,IPD-IMGT/HLA 3.63.0,2026-02-19 18:48:49.636716
B*08:197,M,HLAtools_protein_alignment,IPD-IMGT/HLA 3.63.0,2026-02-19 18:48:49.636716
B*08:198,M,HLAtools_protein_alignment,IPD-IMGT/HLA 3.63.0,2026-02-19 18:48:49.636716
B*08:199,M,HLAtools_protein_alignment,IPD-IMGT/HLA 3.63.0,2026-02-19 18:48:49.636716
B*08:19N,M,HLAtools_protein_alignment,IPD-IMGT/HLA 3.63.0,2026-02-19 18:48:49.636716
B*08:20,M,HLAtools_protein_alignment,IPD-IMGT/HLA 3.63.0,2026-02-19 18:48:49.636716
B*08:200,M,HLAtools_protein_alignment,IPD-IMGT/HLA 3.63.0,2026-02-19 18:48:49.636716
B*08:201,M,HLAtools_protein_alignment,IPD-IMGT/HLA 3.63.0,2026-02-19 18:48:49.636716
B*08:202,M,HLAtools_protein_alignment,IPD-IMGT/HLA 3.63.0,2026-02-19 18:48:49.636716
B*08:203,M,HLAtools_protein_alignment,IPD-IMGT/HLA 3.63.0,2026-02-19 18:48:49.636716
B*08:204,M,HLAtools_protein_alignment,IPD-IMGT/HLA 3.63.0,2026-02-19 18:48:49.636716
B*08:205,M,HLAtools_protein_alignment,IPD-IMGT/HLA 3.63.0,2026-02-19 18:48:49.636716
B*08:206,M,HLAtools_protein_alignment,IPD-IMGT/HLA 3.63.0,2026-02-19 18:48:49.636716
B*08:207,M,HLAtools_protein_alignment,IPD-IMGT/HLA 3.63.0,2026-02-19 18:48:49.636716
B*08:208,M,HLAtools_protein_alignment,IPD-IMGT/HLA 3.63.0,2026-02-19 18:48:49.636716
B*08:209,M,HLAtools_protein_alignment,IPD-IMGT/HLA 3.63.0,2026-02-19 18:48:49.636716
B*08:210,M,HLAtools_protein_alignment,IPD-IMGT/HLA 3.63.0,2026-02-19 18:48:49.636716
B*08:211,M,HLAtools_protein_alignment,IPD-IMGT/HLA 3.63.0,2026-02-19 18:48:49.636716
B*08:212,M,HLAtools_protein_alignment,IPD-IMGT/HLA 3.63.0,2026-02-19 18:48:49.636716
B*08:213,M,HLAtools_protein_alignment,IPD-IMGT/HLA 3.63.0,2026-02-19 18:48:49.636716
B*08:214N,M,HLAtools_protein_alignment,IPD-IMGT/HLA 3.63.0,2026-02-19 18:48:49.636716
B*08:216,M,HLAtools_protein_alignment,IPD-IMGT/HLA 3.63.0,2026-02-19 18:48:49.636716
B*08:217,M,HLAtools_protein_alignment,IPD-IMGT/HLA 3.63.0,2026-02-19 18:48:49.636716
B*08:218,M,HLAtools_protein_alignment,IPD-IMGT/HLA 3.63.0,2026-02-19 18:48:49.636716
B*08:219,M,HLAtools_protein_alignment,IPD-IMGT/HLA 3.63.0,2026-02-19 18:48:49.636716
B*08:220N,M,HLAtools_protein_alignment,IPD-IMGT/HLA 3.63.0,2026-02-19 18:48:49.636716
B*08:221,M,HLAtools_protein_alignment,IPD-IMGT/HLA 3.63.0,2026-02-19 18:48:49.636716
B*08:222,M,HLAtools_protein_alignment,IPD-IMGT/HLA 3.63.0,2026-02-19 18:48:49.636716
B*08:223,M,HLAtools_protein_alignment,IPD-IMGT/HLA 3.63.0,2026-02-19 18:48:49.636716
B*08:224,M,HLAtools_protein_alignment,IPD-IMGT/HLA 3.63.0,2026-02-19 18:48:49.636716
B*08:225,M,HLAtools_protein_alignment,IPD-IMGT/HLA 3.63.0,2026-02-19 18:48:49.636716
B*08:226,M,HLAtools_protein_alignment,IPD-IMGT/HLA 3.63.0,2026-02-19 18:48:49.636716
B*08:227,M,HLAtools_protein_alignment,IPD-IMGT/HLA 3.63.0,2026-02-19 18:48:49.636716
B*08:228,M,HLAtools_protein_alignment,IPD-IMGT/HLA 3.63.0,2026-02-19 18:48:49.636716
B*08:229,M,HLAtools_protein_alignment,IPD-IMGT/HLA 3.63.0,2026-02-19 18:48:49.636716
B*08:23,M,HLAtools_protein_alignment,IPD-IMGT/HLA 3.63.0,2026-02-19 18:48:49.636716
B*08:230,M,HLAtools_protein_alignment,IPD-IMGT/HLA 3.63.0,2026-02-19 18:48:49.636716
B*08:231,M,HLAtools_protein_alignment,IPD-IMGT/HLA 3.63.0,2026-02-19 18:48:49.636716
B*08:232,M,HLAtools_protein_alignment,IPD-IMGT/HLA 3.63.0,2026-02-19 18:48:49.636716
B*08:233,M,HLAtools_protein_alignment,IPD-IMGT/HLA 3.63.0,2026-02-19 18:48:49.636716
B*08:234,M,HLAtools_protein_alignment,IPD-IMGT/HLA 3.63.0,2026-02-19 18:48:49.636716
B*08:235,M,HLAtools_protein_alignment,IPD-IMGT/HLA 3.63.0,2026-02-19 18:48:49.636716
B*08:236N,M,HLAtools_protein_alignment,IPD-IMGT/HLA 3.63.0,2026-02-19 18:48:49.636716
B*08:237,M,HLAtools_protein_alignment,IPD-IMGT/HLA 3.63.0,2026-02-19 18:48:49.636716
B*08:238,M,HLAtools_protein_alignment,IPD-IMGT/HLA 3.63.0,2026-02-19 18:48:49.636716
B*08:239,M,HLAtools_protein_alignment,IPD-IMGT/HLA 3.63.0,2026-02-19 18:48:49.636716
B*08:240,M,HLAtools_protein_alignment,IPD-IMGT/HLA 3.63.0,2026-02-19 18:48:49.636716
B*08:241,M,HLAtools_protein_alignment,IPD-IMGT/HLA 3.63.0,2026-02-19 18:48:49.636716
B*08:242,M,HLAtools_protein_alignment,IPD-IMGT/HLA 3.63.0,2026-02-19 18:48:49.636716
B*08:243,M,HLAtools_protein_alignment,IPD-IMGT/HLA 3.63.0,2026-02-19 18:48:49.636716
B*08:244,M,HLAtools_protein_alignment,IPD-IMGT/HLA 3.63.0,2026-02-19 18:48:49.636716
B*08:245,M,HLAtools_protein_alignment,IPD-IMGT/HLA 3.63.0,2026-02-19 18:48:49.636716
B*08:246,M,HLAtools_protein_alignment,IPD-IMGT/HLA 3.63.0,2026-02-19 18:48:49.636716
B*08:247,M,HLAtools_protein_alignment,IPD-IMGT/HLA 3.63.0,2026-02-19 18:48:49.636716
B*08:248,M,HLAtools_protein_alignment,IPD-IMGT/HLA 3.63.0,2026-02-19 18:48:49.636716
B*08:249,M,HLAtools_protein_alignment,IPD-IMGT/HLA 3.63.0,2026-02-19 18:48:49.636716
B*08:25,M,HLAtools_protein_alignment,IPD-IMGT/HLA 3.63.0,2026-02-19 18:48:49.636716
B*08:250,M,HLAtools_protein_alignment,IPD-IMGT/HLA 3.63.0,2026-02-19 18:48:49.636716
B*08:251,M,HLAtools_protein_alignment,IPD-IMGT/HLA 3.63.0,2026-02-19 18:48:49.636716
B*08:252N,M,HLAtools_protein_alignment,IPD-IMGT/HLA 3.63.0,2026-02-19 18:48:49.636716
B*08:253,M,HLAtools_protein_alignment,IPD-IMGT/HLA 3.63.0,2026-02-19 18:48:49.636716
B*08:254,M,HLAtools_protein_alignment,IPD-IMGT/HLA 3.63.0,2026-02-19 18:48:49.636716
B*08:255,M,HLAtools_protein_alignment,IPD-IMGT/HLA 3.63.0,2026-02-19 18:48:49.636716
B*08:256,M,HLAtools_protein_alignment,IPD-IMGT/HLA 3.63.0,2026-02-19 18:48:49.636716
B*08:257,M,HLAtools_protein_alignment,IPD-IMGT/HLA 3.63.0,2026-02-19 18:48:49.636716
B*08:258,M,HLAtools_protein_alignment,IPD-IMGT/HLA 3.63.0,2026-02-19 18:48:49.636716
B*08:259,M,HLAtools_protein_alignment,IPD-IMGT/HLA 3.63.0,2026-02-19 18:48:49.636716
B*08:26,M,HLAtools_protein_alignment,IPD-IMGT/HLA 3.63.0,2026-02-19 18:48:49.636716
B*08:260,M,HLAtools_protein_alignment,IPD-IMGT/HLA 3.63.0,2026-02-19 18:48:49.636716
B*08:261,M,HLAtools_protein_alignment,IPD-IMGT/HLA 3.63.0,2026-02-19 18:48:49.636716
B*08:262,M,HLAtools_protein_alignment,IPD-IMGT/HLA 3.63.0,2026-02-19 18:48:49.636716
B*08:263,M,HLAtools_protein_alignment,IPD-IMGT/HLA 3.63.0,2026-02-19 18:48:49.636716
B*08:264,M,HLAtools_protein_alignment,IPD-IMGT/HLA 3.63.0,2026-02-19 18:48:49.636716
B*08:265,M,HLAtools_protein_alignment,IPD-IMGT/HLA 3.63.0,2026-02-19 18:48:49.636716
B*08:267,M,HLAtools_protein_alignment,IPD-IMGT/HLA 3.63.0,2026-02-19 18:48:49.636716
B*08:268,M,HLAtools_protein_alignment,IPD-IMGT/HLA 3.63.0,2026-02-19 18:48:49.636716
B*08:269,M,HLAtools_protein_alignment,IPD-IMGT/HLA 3.63.0,2026-02-19 18:48:49.636716
B*08:270Q,M,HLAtools_protein_alignment,IPD-IMGT/HLA 3.63.0,2026-02-19 18:48:49.636716
B*08:271,M,HLAtools_protein_alignment,IPD-IMGT/HLA 3.63.0,2026-02-19 18:48:49.636716
B*08:272,M,HLAtools_protein_alignment,IPD-IMGT/HLA 3.63.0,2026-02-19 18:48:49.636716
B*08:273,M,HLAtools_protein_alignment,IPD-IMGT/HLA 3.63.0,2026-02-19 18:48:49.636716
B*08:274,M,HLAtools_protein_alignment,IPD-IMGT/HLA 3.63.0,2026-02-19 18:48:49.636716
B*08:275,M,HLAtools_protein_alignment,IPD-IMGT/HLA 3.63.0,2026-02-19 18:48:49.636716
B*08:276,T,HLAtools_protein_alignment,IPD-IMGT/HLA 3.63.0,2026-02-19 18:48:49.636716
B*08:277,M,HLAtools_protein_alignment,IPD-IMGT/HLA 3.63.0,2026-02-19 18:48:49.636716
B*08:278,M,HLAtools_protein_alignment,IPD-IMGT/HLA 3.63.0,2026-02-19 18:48:49.636716
B*08:280,M,HLAtools_protein_alignment,IPD-IMGT/HLA 3.63.0,2026-02-19 18:48:49.636716
B*08:281,M,HLAtools_protein_alignment,IPD-IMGT/HLA 3.63.0,2026-02-19 18:48:49.636716
B*08:282,M,HLAtools_protein_alignment,IPD-IMGT/HLA 3.63.0,2026-02-19 18:48:49.636716
B*08:283,M,HLAtools_protein_alignment,IPD-IMGT/HLA 3.63.0,2026-02-19 18:48:49.636716
B*08:284Q,M,HLAtools_protein_alignment,IPD-IMGT/HLA 3.63.0,2026-02-19 18:48:49.636716
B*08:285,M,HLAtools_protein_alignment,IPD-IMGT/HLA 3.63.0,2026-02-19 18:48:49.636716
B*08:286,M,HLAtools_protein_alignment,IPD-IMGT/HLA 3.63.0,2026-02-19 18:48:49.636716
B*08:287N,M,HLAtools_protein_alignment,IPD-IMGT/HLA 3.63.0,2026-02-19 18:48:49.636716
B*08:288,M,HLAtools_protein_alignment,IPD-IMGT/HLA 3.63.0,2026-02-19 18:48:49.636716
B*08:289,M,HLAtools_protein_alignment,IPD-IMGT/HLA 3.63.0,2026-02-19 18:48:49.636716
B*08:29,M,HLAtools_protein_alignment,IPD-IMGT/HLA 3.63.0,2026-02-19 18:48:49.636716
B*08:290,M,HLAtools_protein_alignment,IPD-IMGT/HLA 3.63.0,2026-02-19 18:48:49.636716
B*08:291,M,HLAtools_protein_alignment,IPD-IMGT/HLA 3.63.0,2026-02-19 18:48:49.636716
B*08:292,M,HLAtools_protein_alignment,IPD-IMGT/HLA 3.63.0,2026-02-19 18:48:49.636716
B*08:293N,M,HLAtools_protein_alignment,IPD-IMGT/HLA 3.63.0,2026-02-19 18:48:49.636716
B*08:294,M,HLAtools_protein_alignment,IPD-IMGT/HLA 3.63.0,2026-02-19 18:48:49.636716
B*08:295,M,HLAtools_protein_alignment,IPD-IMGT/HLA 3.63.0,2026-02-19 18:48:49.636716
B*08:296,M,HLAtools_protein_alignment,IPD-IMGT/HLA 3.63.0,2026-02-19 18:48:49.636716
B*08:297,M,HLAtools_protein_alignment,IPD-IMGT/HLA 3.63.0,2026-02-19 18:48:49.636716
B*08:298,M,HLAtools_protein_alignment,IPD-IMGT/HLA 3.63.0,2026-02-19 18:48:49.636716
B*08:299,M,HLAtools_protein_alignment,IPD-IMGT/HLA 3.63.0,2026-02-19 18:48:49.636716
B*08:300Q,M,HLAtools_protein_alignment,IPD-IMGT/HLA 3.63.0,2026-02-19 18:48:49.636716
B*08:301,M,HLAtools_protein_alignment,IPD-IMGT/HLA 3.63.0,2026-02-19 18:48:49.636716
B*08:302,M,HLAtools_protein_alignment,IPD-IMGT/HLA 3.63.0,2026-02-19 18:48:49.636716
B*08:303,M,HLAtools_protein_alignment,IPD-IMGT/HLA 3.63.0,2026-02-19 18:48:49.636716
B*08:304,M,HLAtools_protein_alignment,IPD-IMGT/HLA 3.63.0,2026-02-19 18:48:49.636716
B*08:305,M,HLAtools_protein_alignment,IPD-IMGT/HLA 3.63.0,2026-02-19 18:48:49.636716
B*08:306,M,HLAtools_protein_alignment,IPD-IMGT/HLA 3.63.0,2026-02-19 18:48:49.636716
B*08:307,M,HLAtools_protein_alignment,IPD-IMGT/HLA 3.63.0,2026-02-19 18:48:49.636716
B*08:308,M,HLAtools_protein_alignment,IPD-IMGT/HLA 3.63.0,2026-02-19 18:48:49.636716
B*08:310,M,HLAtools_protein_alignment,IPD-IMGT/HLA 3.63.0,2026-02-19 18:48:49.636716
B*08:311,M,HLAtools_protein_alignment,IPD-IMGT/HLA 3.63.0,2026-02-19 18:48:49.636716
B*08:312,M,HLAtools_protein_alignment,IPD-IMGT/HLA 3.63.0,2026-02-19 18:48:49.636716
B*08:313,M,HLAtools_protein_alignment,IPD-IMGT/HLA 3.63.0,2026-02-19 18:48:49.636716
B*08:314,M,HLAtools_protein_alignment,IPD-IMGT/HLA 3.63.0,2026-02-19 18:48:49.636716
B*08:315,M,HLAtools_protein_alignment,IPD-IMGT/HLA 3.63.0,2026-02-19 18:48:49.636716
B*08:316,M,HLAtools_protein_alignment,IPD-IMGT/HLA 3.63.0,2026-02-19 18:48:49.636716
B*08:317,M,HLAtools_protein_alignment,IPD-IMGT/HLA 3.63.0,2026-02-19 18:48:49.636716
B*08:318,M,HLAtools_protein_alignment,IPD-IMGT/HLA 3.63.0,2026-02-19 18:48:49.636716
B*08:319,M,HLAtools_protein_alignment,IPD-IMGT/HLA 3.63.0,2026-02-19 18:48:49.636716
B*08:320,M,HLAtools_protein_alignment,IPD-IMGT/HLA 3.63.0,2026-02-19 18:48:49.636716
B*08:321,M,HLAtools_protein_alignment,IPD-IMGT/HLA 3.63.0,2026-02-19 18:48:49.636716
B*08:322,M,HLAtools_protein_alignment,IPD-IMGT/HLA 3.63.0,2026-02-19 18:48:49.636716
B*08:323Q,M,HLAtools_protein_alignment,IPD-IMGT/HLA 3.63.0,2026-02-19 18:48:49.636716
B*08:324,M,HLAtools_protein_alignment,IPD-IMGT/HLA 3.63.0,2026-02-19 18:48:49.636716
B*08:325,M,HLAtools_protein_alignment,IPD-IMGT/HLA 3.63.0,2026-02-19 18:48:49.636716
B*08:326,M,HLAtools_protein_alignment,IPD-IMGT/HLA 3.63.0,2026-02-19 18:48:49.636716
B*08:327,M,HLAtools_protein_alignment,IPD-IMGT/HLA 3.63.0,2026-02-19 18:48:49.636716
B*08:328N,M,HLAtools_protein_alignment,IPD-IMGT/HLA 3.63.0,2026-02-19 18:48:49.636716
B*08:329Q,M,HLAtools_protein_alignment,IPD-IMGT/HLA 3.63.0,2026-02-19 18:48:49.636716
B*08:33,M,HLAtools_protein_alignment,IPD-IMGT/HLA 3.63.0,2026-02-19 18:48:49.636716
B*08:330,M,HLAtools_protein_alignment,IPD-IMGT/HLA 3.63.0,2026-02-19 18:48:49.636716
B*08:331,M,HLAtools_protein_alignment,IPD-IMGT/HLA 3.63.0,2026-02-19 18:48:49.636716
B*08:332,M,HLAtools_protein_alignment,IPD-IMGT/HLA 3.63.0,2026-02-19 18:48:49.636716
B*08:333N,M,HLAtools_protein_alignment,IPD-IMGT/HLA 3.63.0,2026-02-19 18:48:49.636716
B*08:334,M,HLAtools_protein_alignment,IPD-IMGT/HLA 3.63.0,2026-02-19 18:48:49.636716
B*08:335,M,HLAtools_protein_alignment,IPD-IMGT/HLA 3.63.0,2026-02-19 18:48:49.636716
B*08:336N,M,HLAtools_protein_alignment,IPD-IMGT/HLA 3.63.0,2026-02-19 18:48:49.636716
B*08:337,M,HLAtools_protein_alignment,IPD-IMGT/HLA 3.63.0,2026-02-19 18:48:49.636716
B*08:338,M,HLAtools_protein_alignment,IPD-IMGT/HLA 3.63.0,2026-02-19 18:48:49.636716
B*08:339,M,HLAtools_protein_alignment,IPD-IMGT/HLA 3.63.0,2026-02-19 18:48:49.636716
B*08:340,M,HLAtools_protein_alignment,IPD-IMGT/HLA 3.63.0,2026-02-19 18:48:49.636716
B*08:341N,M,HLAtools_protein_alignment,IPD-IMGT/HLA 3.63.0,2026-02-19 18:48:49.636716
B*08:342,M,HLAtools_protein_alignment,IPD-IMGT/HLA 3.63.0,2026-02-19 18:48:49.636716
B*08:343,M,HLAtools_protein_alignment,IPD-IMGT/HLA 3.63.0,2026-02-19 18:48:49.636716
B*08:344,M,HLAtools_protein_alignment,IPD-IMGT/HLA 3.63.0,2026-02-19 18:48:49.636716
B*08:35,M,HLAtools_protein_alignment,IPD-IMGT/HLA 3.63.0,2026-02-19 18:48:49.636716
B*08:36,M,HLAtools_protein_alignment,IPD-IMGT/HLA 3.63.0,2026-02-19 18:48:49.636716
B*08:37,M,HLAtools_protein_alignment,IPD-IMGT/HLA 3.63.0,2026-02-19 18:48:49.636716
B*08:38,M,HLAtools_protein_alignment,IPD-IMGT/HLA 3.63.0,2026-02-19 18:48:49.636716
B*08:39,M,HLAtools_protein_alignment,IPD-IMGT/HLA 3.63.0,2026-02-19 18:48:49.636716
B*08:56,M,HLAtools_protein_alignment,IPD-IMGT/HLA 3.63.0,2026-02-19 18:48:49.636716
B*08:62,M,HLAtools_protein_alignment,IPD-IMGT/HLA 3.63.0,2026-02-19 18:48:49.636716
B*08:65,M,HLAtools_protein_alignment,IPD-IMGT/HLA 3.63.0,2026-02-19 18:48:49.636716
B*08:67N,M,HLAtools_protein_alignment,IPD-IMGT/HLA 3.63.0,2026-02-19 18:48:49.636716
B*08:78,M,HLAtools_protein_alignment,IPD-IMGT/HLA 3.63.0,2026-02-19 18:48:49.636716
B*08:79,M,HLAtools_protein_alignment,IPD-IMGT/HLA 3.63.0,2026-02-19 18:48:49.636716
B*08:93,M,HLAtools_protein_alignment,IPD-IMGT/HLA 3.63.0,2026-02-19 18:48:49.636716
B*08:96,M,HLAtools_protein_alignment,IPD-IMGT/HLA 3.63.0,2026-02-19 18:48:49.636716
B*13:01,T,HLAtools_protein_alignment,IPD-IMGT/HLA 3.63.0,2026-02-19 18:48:49.636716
B*13:02,T,HLAtools_protein_alignment,IPD-IMGT/HLA 3.63.0,2026-02-19 18:48:49.636716
B*13:03,T,HLAtools_protein_alignment,IPD-IMGT/HLA 3.63.0,2026-02-19 18:48:49.636716
B*13:04,T,HLAtools_protein_alignment,IPD-IMGT/HLA 3.63.0,2026-02-19 18:48:49.636716
B*13:07N,T,HLAtools_protein_alignment,IPD-IMGT/HLA 3.63.0,2026-02-19 18:48:49.636716
B*13:08,T,HLAtools_protein_alignment,IPD-IMGT/HLA 3.63.0,2026-02-19 18:48:49.636716
B*13:100,T,HLAtools_protein_alignment,IPD-IMGT/HLA 3.63.0,2026-02-19 18:48:49.636716
B*13:108,T,HLAtools_protein_alignment,IPD-IMGT/HLA 3.63.0,2026-02-19 18:48:49.636716
B*13:109,M,HLAtools_protein_alignment,IPD-IMGT/HLA 3.63.0,2026-02-19 18:48:49.636716
B*13:11,T,HLAtools_protein_alignment,IPD-IMGT/HLA 3.63.0,2026-02-19 18:48:49.636716
B*13:110,T,HLAtools_protein_alignment,IPD-IMGT/HLA 3.63.0,2026-02-19 18:48:49.636716
B*13:111,T,HLAtools_protein_alignment,IPD-IMGT/HLA 3.63.0,2026-02-19 18:48:49.636716
B*13:112,T,HLAtools_protein_alignment,IPD-IMGT/HLA 3.63.0,2026-02-19 18:48:49.636716
B*13:113,T,HLAtools_protein_alignment,IPD-IMGT/HLA 3.63.0,2026-02-19 18:48:49.636716
B*13:114,T,HLAtools_protein_alignment,IPD-IMGT/HLA 3.63.0,2026-02-19 18:48:49.636716
B*13:115,T,HLAtools_protein_alignment,IPD-IMGT/HLA 3.63.0,2026-02-19 18:48:49.636716
B*13:116N,T,HLAtools_protein_alignment,IPD-IMGT/HLA 3.63.0,2026-02-19 18:48:49.636716
B*13:117,M,HLAtools_protein_alignment,IPD-IMGT/HLA 3.63.0,2026-02-19 18:48:49.636716
B*13:118,T,HLAtools_protein_alignment,IPD-IMGT/HLA 3.63.0,2026-02-19 18:48:49.636716
B*13:119,T,HLAtools_protein_alignment,IPD-IMGT/HLA 3.63.0,2026-02-19 18:48:49.636716
B*13:12,T,HLAtools_protein_alignment,IPD-IMGT/HLA 3.63.0,2026-02-19 18:48:49.636716
B*13:120,T,HLAtools_protein_alignment,IPD-IMGT/HLA 3.63.0,2026-02-19 18:48:49.636716
B*13:121,T,HLAtools_protein_alignment,IPD-IMGT/HLA 3.63.0,2026-02-19 18:48:49.636716
B*13:122,T,HLAtools_protein_alignment,IPD-IMGT/HLA 3.63.0,2026-02-19 18:48:49.636716
B*13:123Q,T,HLAtools_protein_alignment,IPD-IMGT/HLA 3.63.0,2026-02-19 18:48:49.636716
B*13:124,T,HLAtools_protein_alignment,IPD-IMGT/HLA 3.63.0,2026-02-19 18:48:49.636716
B*13:125,T,HLAtools_protein_alignment,IPD-IMGT/HLA 3.63.0,2026-02-19 18:48:49.636716
B*13:126,T,HLAtools_protein_alignment,IPD-IMGT/HLA 3.63.0,2026-02-19 18:48:49.636716
B*13:127,T,HLAtools_protein_alignment,IPD-IMGT/HLA 3.63.0,2026-02-19 18:48:49.636716
B*13:128,T,HLAtools_protein_alignment,IPD-IMGT/HLA 3.63.0,2026-02-19 18:48:49.636716
B*13:129,T,HLAtools_protein_alignment,IPD-IMGT/HLA 3.63.0,2026-02-19 18:48:49.636716
B*13:13,T,HLAtools_protein_alignment,IPD-IMGT/HLA 3.63.0,2026-02-19 18:48:49.636716
B*13:130,T,HLAtools_protein_alignment,IPD-IMGT/HLA 3.63.0,2026-02-19 18:48:49.636716
B*13:131,T,HLAtools_protein_alignment,IPD-IMGT/HLA 3.63.0,2026-02-19 18:48:49.636716
B*13:132,T,HLAtools_protein_alignment,IPD-IMGT/HLA 3.63.0,2026-02-19 18:48:49.636716
B*13:133,T,HLAtools_protein_alignment,IPD-IMGT/HLA 3.63.0,2026-02-19 18:48:49.636716
B*13:134,T,HLAtools_protein_alignment,IPD-IMGT/HLA 3.63.0,2026-02-19 18:48:49.636716
B*13:135,T,HLAtools_protein_alignment,IPD-IMGT/HLA 3.63.0,2026-02-19 18:48:49.636716
B*13:136,T,HLAtools_protein_alignment,IPD-IMGT/HLA 3.63.0,2026-02-19 18:48:49.636716
B*13:137N,T,HLAtools_protein_alignment,IPD-IMGT/HLA 3.63.0,2026-02-19 18:48:49.636716
B*13:138,T,HLAtools_protein_alignment,IPD-IMGT/HLA 3.63.0,2026-02-19 18:48:49.636716
B*13:139N,T,HLAtools_protein_alignment,IPD-IMGT/HLA 3.63.0,2026-02-19 18:48:49.636716
B*13:140,T,HLAtools_protein_alignment,IPD-IMGT/HLA 3.63.0,2026-02-19 18:48:49.636716
B*13:141,T,HLAtools_protein_alignment,IPD-IMGT/HLA 3.63.0,2026-02-19 18:48:49.636716
B*13:142,T,HLAtools_protein_alignment,IPD-IMGT/HLA 3.63.0,2026-02-19 18:48:49.636716
B*13:143,T,HLAtools_protein_alignment,IPD-IMGT/HLA 3.63.0,2026-02-19 18:48:49.636716
B*13:145,T,HLAtools_protein_alignment,IPD-IMGT/HLA 3.63.0,2026-02-19 18:48:49.636716
B*13:146,T,HLAtools_protein_alignment,IPD-IMGT/HLA 3.63.0,2026-02-19 18:48:49.636716
B*13:147,T,HLAtools_protein_alignment,IPD-IMGT/HLA 3.63.0,2026-02-19 18:48:49.636716
B*13:148,T,HLAtools_protein_alignment,IPD-IMGT/HLA 3.63.0,2026-02-19 18:48:49.636716
B*13:149,T,HLAtools_protein_alignment,IPD-IMGT/HLA 3.63.0,2026-02-19 18:48:49.636716
B*13:15,T,HLAtools_protein_alignment,IPD-IMGT/HLA 3.63.0,2026-02-19 18:48:49.636716
B*13:150,T,HLAtools_protein_alignment,IPD-IMGT/HLA 3.63.0,2026-02-19 18:48:49.636716
B*13:151,T,HLAtools_protein_alignment,IPD-IMGT/HLA 3.63.0,2026-02-19 18:48:49.636716
B*13:152,T,HLAtools_protein_alignment,IPD-IMGT/HLA 3.63.0,2026-02-19 18:48:49.636716
B*13:153,T,HLAtools_protein_alignment,IPD-IMGT/HLA 3.63.0,2026-02-19 18:48:49.636716
B*13:154,T,HLAtools_protein_alignment,IPD-IMGT/HLA 3.63.0,2026-02-19 18:48:49.636716
B*13:155,T,HLAtools_protein_alignment,IPD-IMGT/HLA 3.63.0,2026-02-19 18:48:49.636716
B*13:156,T,HLAtools_protein_alignment,IPD-IMGT/HLA 3.63.0,2026-02-19 18:48:49.636716
B*13:158,T,HLAtools_protein_alignment,IPD-IMGT/HLA 3.63.0,2026-02-19 18:48:49.636716
B*13:159,T,HLAtools_protein_alignment,IPD-IMGT/HLA 3.63.0,2026-02-19 18:48:49.636716
B*13:160,T,HLAtools_protein_alignment,IPD-IMGT/HLA 3.63.0,2026-02-19 18:48:49.636716
B*13:161N,T,HLAtools_protein_alignment,IPD-IMGT/HLA 3.63.0,2026-02-19 18:48:49.636716
B*13:162,T,HLAtools_protein_alignment,IPD-IMGT/HLA 3.63.0,2026-02-19 18:48:49.636716
B*13:163,T,HLAtools_protein_alignment,IPD-IMGT/HLA 3.63.0,2026-02-19 18:48:49.636716
B*13:164,T,HLAtools_protein_alignment,IPD-IMGT/HLA 3.63.0,2026-02-19 18:48:49.636716
B*13:165,T,HLAtools_protein_alignment,IPD-IMGT/HLA 3.63.0,2026-02-19 18:48:49.636716
B*13:166,T,HLAtools_protein_alignment,IPD-IMGT/HLA 3.63.0,2026-02-19 18:48:49.636716
B*13:167,T,HLAtools_protein_alignment,IPD-IMGT/HLA 3.63.0,2026-02-19 18:48:49.636716
B*13:169,T,HLAtools_protein_alignment,IPD-IMGT/HLA 3.63.0,2026-02-19 18:48:49.636716
B*13:170,T,HLAtools_protein_alignment,IPD-IMGT/HLA 3.63.0,2026-02-19 18:48:49.636716
B*13:171,T,HLAtools_protein_alignment,IPD-IMGT/HLA 3.63.0,2026-02-19 18:48:49.636716
B*13:172,T,HLAtools_protein_alignment,IPD-IMGT/HLA 3.63.0,2026-02-19 18:48:49.636716
B*13:173,T,HLAtools_protein_alignment,IPD-IMGT/HLA 3.63.0,2026-02-19 18:48:49.636716
B*13:174,T,HLAtools_protein_alignment,IPD-IMGT/HLA 3.63.0,2026-02-19 18:48:49.636716
B*13:175,T,HLAtools_protein_alignment,IPD-IMGT/HLA 3.63.0,2026-02-19 18:48:49.636716
B*13:176,T,HLAtools_protein_alignment,IPD-IMGT/HLA 3.63.0,2026-02-19 18:48:49.636716
B*13:177,T,HLAtools_protein_alignment,IPD-IMGT/HLA 3.63.0,2026-02-19 18:48:49.636716
B*13:178,T,HLAtools_protein_alignment,IPD-IMGT/HLA 3.63.0,2026-02-19 18:48:49.636716
B*13:179,T,HLAtools_protein_alignment,IPD-IMGT/HLA 3.63.0,2026-02-19 18:48:49.636716
B*13:180,T,HLAtools_protein_alignment,IPD-IMGT/HLA 3.63.0,2026-02-19 18:48:49.636716
B*13:181,T,HLAtools_protein_alignment,IPD-IMGT/HLA 3.63.0,2026-02-19 18:48:49.636716
B*13:182,T,HLAtools_protein_alignment,IPD-IMGT/HLA 3.63.0,2026-02-19 18:48:49.636716
B*13:183,T,HLAtools_protein_alignment,IPD-IMGT/HLA 3.63.0,2026-02-19 18:48:49.636716
B*13:184,T,HLAtools_protein_alignment,IPD-IMGT/HLA 3.63.0,2026-02-19 18:48:49.636716
B*13:185,T,HLAtools_protein_alignment,IPD-IMGT/HLA 3.63.0,2026-02-19 18:48:49.636716
B*13:186,T,HLAtools_protein_alignment,IPD-IMGT/HLA 3.63.0,2026-02-19 18:48:49.636716
B*13:187,T,HLAtools_protein_alignment,IPD-IMGT/HLA 3.63.0,2026-02-19 18:48:49.636716
B*13:188,T,HLAtools_protein_alignment,IPD-IMGT/HLA 3.63.0,2026-02-19 18:48:49.636716
B*13:189,T,HLAtools_protein_alignment,IPD-IMGT/HLA 3.63.0,2026-02-19 18:48:49.636716
B*13:190,T,HLAtools_protein_alignment,IPD-IMGT/HLA 3.63.0,2026-02-19 18:48:49.636716
B*13:191,T,HLAtools_protein_alignment,IPD-IMGT/HLA 3.63.0,2026-02-19 18:48:49.636716
B*13:192,T,HLAtools_protein_alignment,IPD-IMGT/HLA 3.63.0,2026-02-19 18:48:49.636716
B*13:193,T,HLAtools_protein_alignment,IPD-IMGT/HLA 3.63.0,2026-02-19 18:48:49.636716
B*13:194,T,HLAtools_protein_alignment,IPD-IMGT/HLA 3.63.0,2026-02-19 18:48:49.636716
B*13:195,T,HLAtools_protein_alignment,IPD-IMGT/HLA 3.63.0,2026-02-19 18:48:49.636716
B*13:196,T,HLAtools_protein_alignment,IPD-IMGT/HLA 3.63.0,2026-02-19 18:48:49.636716
B*13:197,T,HLAtools_protein_alignment,IPD-IMGT/HLA 3.63.0,2026-02-19 18:48:49.636716
B*13:198N,T,HLAtools_protein_alignment,IPD-IMGT/HLA 3.63.0,2026-02-19 18:48:49.636716
B*13:199,T,HLAtools_protein_alignment,IPD-IMGT/HLA 3.63.0,2026-02-19 18:48:49.636716
B*13:200,T,HLAtools_protein_alignment,IPD-IMGT/HLA 3.63.0,2026-02-19 18:48:49.636716
B*13:201,T,HLAtools_protein_alignment,IPD-IMGT/HLA 3.63.0,2026-02-19 18:48:49.636716
B*13:202,T,HLAtools_protein_alignment,IPD-IMGT/HLA 3.63.0,2026-02-19 18:48:49.636716
B*13:203,T,HLAtools_protein_alignment,IPD-IMGT/HLA 3.63.0,2026-02-19 18:48:49.636716
B*13:204,T,HLAtools_protein_alignment,IPD-IMGT/HLA 3.63.0,2026-02-19 18:48:49.636716
B*13:205N,T,HLAtools_protein_alignment,IPD-IMGT/HLA 3.63.0,2026-02-19 18:48:49.636716
B*13:208,T,HLAtools_protein_alignment,IPD-IMGT/HLA 3.63.0,2026-02-19 18:48:49.636716
B*13:210,T,HLAtools_protein_alignment,IPD-IMGT/HLA 3.63.0,2026-02-19 18:48:49.636716
B*13:211,T,HLAtools_protein_alignment,IPD-IMGT/HLA 3.63.0,2026-02-19 18:48:49.636716
B*13:212,T,HLAtools_protein_alignment,IPD-IMGT/HLA 3.63.0,2026-02-19 18:48:49.636716
B*13:213N,T,HLAtools_protein_alignment,IPD-IMGT/HLA 3.63.0,2026-02-19 18:48:49.636716
B*13:214N,T,HLAtools_protein_alignment,IPD-IMGT/HLA 3.63.0,2026-02-19 18:48:49.636716
B*13:215,T,HLAtools_protein_alignment,IPD-IMGT/HLA 3.63.0,2026-02-19 18:48:49.636716
B*13:216,T,HLAtools_protein_alignment,IPD-IMGT/HLA 3.63.0,2026-02-19 18:48:49.636716
B*13:217,T,HLAtools_protein_alignment,IPD-IMGT/HLA 3.63.0,2026-02-19 18:48:49.636716
B*13:22,T,HLAtools_protein_alignment,IPD-IMGT/HLA 3.63.0,2026-02-19 18:48:49.636716
B*13:25,T,HLAtools_protein_alignment,IPD-IMGT/HLA 3.63.0,2026-02-19 18:48:49.636716
B*13:26,T,HLAtools_protein_alignment,IPD-IMGT/HLA 3.63.0,2026-02-19 18:48:49.636716
B*13:30,T,HLAtools_protein_alignment,IPD-IMGT/HLA 3.63.0,2026-02-19 18:48:49.636716
B*13:40,T,HLAtools_protein_alignment,IPD-IMGT/HLA 3.63.0,2026-02-19 18:48:49.636716
B*13:53,T,HLAtools_protein_alignment,IPD-IMGT/HLA 3.63.0,2026-02-19 18:48:49.636716
B*13:56N,T,HLAtools_protein_alignment,IPD-IMGT/HLA 3.63.0,2026-02-19 18:48:49.636716
B*13:57,T,HLAtools_protein_alignment,IPD-IMGT/HLA 3.63.0,2026-02-19 18:48:49.636716
B*13:64,T,HLAtools_protein_alignment,IPD-IMGT/HLA 3.63.0,2026-02-19 18:48:49.636716
B*13:68,T,HLAtools_protein_alignment,IPD-IMGT/HLA 3.63.0,2026-02-19 18:48:49.636716
B*13:70,T,HLAtools_protein_alignment,IPD-IMGT/HLA 3.63.0,2026-02-19 18:48:49.636716
B*13:73,T,HLAtools_protein_alignment,IPD-IMGT/HLA 3.63.0,2026-02-19 18:48:49.636716
B*13:80,T,HLAtools_protein_alignment,IPD-IMGT/HLA 3.63.0,2026-02-19 18:48:49.636716
B*13:87,T,HLAtools_protein_alignment,IPD-IMGT/HLA 3.63.0,2026-02-19 18:48:49.636716
B*13:88,T,HLAtools_protein_alignment,IPD-IMGT/HLA 3.63.0,2026-02-19 18:48:49.636716
B*13:97,T,HLAtools_protein_alignment,IPD-IMGT/HLA 3.63.0,2026-02-19 18:48:49.636716
B*13:99,T,HLAtools_protein_alignment,IPD-IMGT/HLA 3.63.0,2026-02-19 18:48:49.636716
B*14:01,M,HLAtools_protein_alignment,IPD-IMGT/HLA 3.63.0,2026-02-19 18:48:49.636716
B*14:02,M,HLAtools_protein_alignment,IPD-IMGT/HLA 3.63.0,2026-02-19 18:48:49.636716
B*14:02Q,M,HLAtools_protein_alignment,IPD-IMGT/HLA 3.63.0,2026-02-19 18:48:49.636716
B*14:03,M,HLAtools_protein_alignment,IPD-IMGT/HLA 3.63.0,2026-02-19 18:48:49.636716
B*14:05,M,HLAtools_protein_alignment,IPD-IMGT/HLA 3.63.0,2026-02-19 18:48:49.636716
B*14:06,M,HLAtools_protein_alignment,IPD-IMGT/HLA 3.63.0,2026-02-19 18:48:49.636716
B*14:07N,M,HLAtools_protein_alignment,IPD-IMGT/HLA 3.63.0,2026-02-19 18:48:49.636716
B*14:10,M,HLAtools_protein_alignment,IPD-IMGT/HLA 3.63.0,2026-02-19 18:48:49.636716
B*14:100N,M,HLAtools_protein_alignment,IPD-IMGT/HLA 3.63.0,2026-02-19 18:48:49.636716
B*14:101N,M,HLAtools_protein_alignment,IPD-IMGT/HLA 3.63.0,2026-02-19 18:48:49.636716
B*14:102,M,HLAtools_protein_alignment,IPD-IMGT/HLA 3.63.0,2026-02-19 18:48:49.636716
B*14:103,M,HLAtools_protein_alignment,IPD-IMGT/HLA 3.63.0,2026-02-19 18:48:49.636716
B*14:104,M,HLAtools_protein_alignment,IPD-IMGT/HLA 3.63.0,2026-02-19 18:48:49.636716
B*14:105,M,HLAtools_protein_alignment,IPD-IMGT/HLA 3.63.0,2026-02-19 18:48:49.636716
B*14:106,M,HLAtools_protein_alignment,IPD-IMGT/HLA 3.63.0,2026-02-19 18:48:49.636716
B*14:107,M,HLAtools_protein_alignment,IPD-IMGT/HLA 3.63.0,2026-02-19 18:48:49.636716
B*14:108Q,M,HLAtools_protein_alignment,IPD-IMGT/HLA 3.63.0,2026-02-19 18:48:49.636716
B*14:109,M,HLAtools_protein_alignment,IPD-IMGT/HLA 3.63.0,2026-02-19 18:48:49.636716
B*14:110,M,HLAtools_protein_alignment,IPD-IMGT/HLA 3.63.0,2026-02-19 18:48:49.636716
B*14:111,M,HLAtools_protein_alignment,IPD-IMGT/HLA 3.63.0,2026-02-19 18:48:49.636716
B*14:112,M,HLAtools_protein_alignment,IPD-IMGT/HLA 3.63.0,2026-02-19 18:48:49.636716
B*14:113N,M,HLAtools_protein_alignment,IPD-IMGT/HLA 3.63.0,2026-02-19 18:48:49.636716
B*14:114,M,HLAtools_protein_alignment,IPD-IMGT/HLA 3.63.0,2026-02-19 18:48:49.636716
B*14:115,M,HLAtools_protein_alignment,IPD-IMGT/HLA 3.63.0,2026-02-19 18:48:49.636716
B*14:116,M,HLAtools_protein_alignment,IPD-IMGT/HLA 3.63.0,2026-02-19 18:48:49.636716
B*14:117,M,HLAtools_protein_alignment,IPD-IMGT/HLA 3.63.0,2026-02-19 18:48:49.636716
B*14:118,M,HLAtools_protein_alignment,IPD-IMGT/HLA 3.63.0,2026-02-19 18:48:49.636716
B*14:119,M,HLAtools_protein_alignment,IPD-IMGT/HLA 3.63.0,2026-02-19 18:48:49.636716
B*14:120,M,HLAtools_protein_alignment,IPD-IMGT/HLA 3.63.0,2026-02-19 18:48:49.636716
B*14:121,M,HLAtools_protein_alignment,IPD-IMGT/HLA 3.63.0,2026-02-19 18:48:49.636716
B*14:122,M,HLAtools_protein_alignment,IPD-IMGT/HLA 3.63.0,2026-02-19 18:48:49.636716
B*14:123,M,HLAtools_protein_alignment,IPD-IMGT/HLA 3.63.0,2026-02-19 18:48:49.636716
B*14:124,M,HLAtools_protein_alignment,IPD-IMGT/HLA 3.63.0,2026-02-19 18:48:49.636716
B*14:125,M,HLAtools_protein_alignment,IPD-IMGT/HLA 3.63.0,2026-02-19 18:48:49.636716
B*14:126,M,HLAtools_protein_alignment,IPD-IMGT/HLA 3.63.0,2026-02-19 18:48:49.636716
B*14:127,M,HLAtools_protein_alignment,IPD-IMGT/HLA 3.63.0,2026-02-19 18:48:49.636716
B*14:128,M,HLAtools_protein_alignment,IPD-IMGT/HLA 3.63.0,2026-02-19 18:48:49.636716
B*14:129,M,HLAtools_protein_alignment,IPD-IMGT/HLA 3.63.0,2026-02-19 18:48:49.636716
B*14:130,M,HLAtools_protein_alignment,IPD-IMGT/HLA 3.63.0,2026-02-19 18:48:49.636716
B*14:131N,M,HLAtools_protein_alignment,IPD-IMGT/HLA 3.63.0,2026-02-19 18:48:49.636716
B*14:132,M,HLAtools_protein_alignment,IPD-IMGT/HLA 3.63.0,2026-02-19 18:48:49.636716
B*14:133,M,HLAtools_protein_alignment,IPD-IMGT/HLA 3.63.0,2026-02-19 18:48:49.636716
B*14:134,M,HLAtools_protein_alignment,IPD-IMGT/HLA 3.63.0,2026-02-19 18:48:49.636716
B*14:135,M,HLAtools_protein_alignment,IPD-IMGT/HLA 3.63.0,2026-02-19 18:48:49.636716
B*14:136,M,HLAtools_protein_alignment,IPD-IMGT/HLA 3.63.0,2026-02-19 18:48:49.636716
B*14:137,M,HLAtools_protein_alignment,IPD-IMGT/HLA 3.63.0,2026-02-19 18:48:49.636716
B*14:139N,M,HLAtools_protein_alignment,IPD-IMGT/HLA 3.63.0,2026-02-19 18:48:49.636716
B*14:140,M,HLAtools_protein_alignment,IPD-IMGT/HLA 3.63.0,2026-02-19 18:48:49.636716
B*14:21,M,HLAtools_protein_alignment,IPD-IMGT/HLA 3.63.0,2026-02-19 18:48:49.636716
B*14:31,M,HLAtools_protein_alignment,IPD-IMGT/HLA 3.63.0,2026-02-19 18:48:49.636716
B*14:32,M,HLAtools_protein_alignment,IPD-IMGT/HLA 3.63.0,2026-02-19 18:48:49.636716
B*14:33,M,HLAtools_protein_alignment,IPD-IMGT/HLA 3.63.0,2026-02-19 18:48:49.636716
B*14:34,M,HLAtools_protein_alignment,IPD-IMGT/HLA 3.63.0,2026-02-19 18:48:49.636716
B*14:42,M,HLAtools_protein_alignment,IPD-IMGT/HLA 3.63.0,2026-02-19 18:48:49.636716
B*14:46,M,HLAtools_protein_alignment,IPD-IMGT/HLA 3.63.0,2026-02-19 18:48:49.636716
B*14:54,M,HLAtools_protein_alignment,IPD-IMGT/HLA 3.63.0,2026-02-19 18:48:49.636716
B*14:56,M,HLAtools_protein_alignment,IPD-IMGT/HLA 3.63.0,2026-02-19 18:48:49.636716
B*14:59,M,HLAtools_protein_alignment,IPD-IMGT/HLA 3.63.0,2026-02-19 18:48:49.636716
B*14:61,M,HLAtools_protein_alignment,IPD-IMGT/HLA 3.63.0,2026-02-19 18:48:49.636716
B*14:62,M,HLAtools_protein_alignment,IPD-IMGT/HLA 3.63.0,2026-02-19 18:48:49.636716
B*14:64,M,HLAtools_protein_alignment,IPD-IMGT/HLA 3.63.0,2026-02-19 18:48:49.636716
B*14:65,M,HLAtools_protein_alignment,IPD-IMGT/HLA 3.63.0,2026-02-19 18:48:49.636716
B*14:66,M,HLAtools_protein_alignment,IPD-IMGT/HLA 3.63.0,2026-02-19 18:48:49.636716
B*14:67,M,HLAtools_protein_alignment,IPD-IMGT/HLA 3.63.0,2026-02-19 18:48:49.636716
B*14:68,M,HLAtools_protein_alignment,IPD-IMGT/HLA 3.63.0,2026-02-19 18:48:49.636716
B*14:69N,M,HLAtools_protein_alignment,IPD-IMGT/HLA 3.63.0,2026-02-19 18:48:49.636716
B*14:70Q,M,HLAtools_protein_alignment,IPD-IMGT/HLA 3.63.0,2026-02-19 18:48:49.636716
B*14:71,M,HLAtools_protein_alignment,IPD-IMGT/HLA 3.63.0,2026-02-19 18:48:49.636716
B*14:72N,M,HLAtools_protein_alignment,IPD-IMGT/HLA 3.63.0,2026-02-19 18:48:49.636716
B*14:73,M,HLAtools_protein_alignment,IPD-IMGT/HLA 3.63.0,2026-02-19 18:48:49.636716
B*14:74,M,HLAtools_protein_alignment,IPD-IMGT/HLA 3.63.0,2026-02-19 18:48:49.636716
B*14:75,M,HLAtools_protein_alignment,IPD-IMGT/HLA 3.63.0,2026-02-19 18:48:49.636716
B*14:76N,M,HLAtools_protein_alignment,IPD-IMGT/HLA 3.63.0,2026-02-19 18:48:49.636716
B*14:78,M,HLAtools_protein_alignment,IPD-IMGT/HLA 3.63.0,2026-02-19 18:48:49.636716
B*14:79N,M,HLAtools_protein_alignment,IPD-IMGT/HLA 3.63.0,2026-02-19 18:48:49.636716
B*14:80,M,HLAtools_protein_alignment,IPD-IMGT/HLA 3.63.0,2026-02-19 18:48:49.636716
B*14:81,M,HLAtools_protein_alignment,IPD-IMGT/HLA 3.63.0,2026-02-19 18:48:49.636716
B*14:82,M,HLAtools_protein_alignment,IPD-IMGT/HLA 3.63.0,2026-02-19 18:48:49.636716
B*14:83,M,HLAtools_protein_alignment,IPD-IMGT/HLA 3.63.0,2026-02-19 18:48:49.636716
B*14:84,M,HLAtools_protein_alignment,IPD-IMGT/HLA 3.63.0,2026-02-19 18:48:49.636716
B*14:85N,M,HLAtools_protein_alignment,IPD-IMGT/HLA 3.63.0,2026-02-19 18:48:49.636716
B*14:86,M,HLAtools_protein_alignment,IPD-IMGT/HLA 3.63.0,2026-02-19 18:48:49.636716
B*14:87,M,HLAtools_protein_alignment,IPD-IMGT/HLA 3.63.0,2026-02-19 18:48:49.636716
B*14:88,M,HLAtools_protein_alignment,IPD-IMGT/HLA 3.63.0,2026-02-19 18:48:49.636716
B*14:89,M,HLAtools_protein_alignment,IPD-IMGT/HLA 3.63.0,2026-02-19 18:48:49.636716
B*14:90,M,HLAtools_protein_alignment,IPD-IMGT/HLA 3.63.0,2026-02-19 18:48:49.636716
B*14:91,M,HLAtools_protein_alignment,IPD-IMGT/HLA 3.63.0,2026-02-19 18:48:49.636716
B*14:92,M,HLAtools_protein_alignment,IPD-IMGT/HLA 3.63.0,2026-02-19 18:48:49.636716
B*14:93,M,HLAtools_protein_alignment,IPD-IMGT/HLA 3.63.0,2026-02-19 18:48:49.636716
B*14:94,M,HLAtools_protein_alignment,IPD-IMGT/HLA 3.63.0,2026-02-19 18:48:49.636716
B*14:95,M,HLAtools_protein_alignment,IPD-IMGT/HLA 3.63.0,2026-02-19 18:48:49.636716
B*14:96,M,HLAtools_protein_alignment,IPD-IMGT/HLA 3.63.0,2026-02-19 18:48:49.636716
B*14:97,M,HLAtools_protein_alignment,IPD-IMGT/HLA 3.63.0,2026-02-19 18:48:49.636716
B*14:98,M,HLAtools_protein_alignment,IPD-IMGT/HLA 3.63.0,2026-02-19 18:48:49.636716
B*14:99,M,HLAtools_protein_alignment,IPD-IMGT/HLA 3.63.0,2026-02-19 18:48:49.636716
B*15:01,T,HLAtools_protein_alignment,IPD-IMGT/HLA 3.63.0,2026-02-19 18:48:49.636716
B*15:01N,T,HLAtools_protein_alignment,IPD-IMGT/HLA 3.63.0,2026-02-19 18:48:49.636716
B*15:01Q,T,HLAtools_protein_alignment,IPD-IMGT/HLA 3.63.0,2026-02-19 18:48:49.636716
B*15:02,T,HLAtools_protein_alignment,IPD-IMGT/HLA 3.63.0,2026-02-19 18:48:49.636716
B*15:03,T,HLAtools_protein_alignment,IPD-IMGT/HLA 3.63.0,2026-02-19 18:48:49.636716
B*15:04,T,HLAtools_protein_alignment,IPD-IMGT/HLA 3.63.0,2026-02-19 18:48:49.636716
B*15:05,T,HLAtools_protein_alignment,IPD-IMGT/HLA 3.63.0,2026-02-19 18:48:49.636716
B*15:06,T,HLAtools_protein_alignment,IPD-IMGT/HLA 3.63.0,2026-02-19 18:48:49.636716
B*15:07,T,HLAtools_protein_alignment,IPD-IMGT/HLA 3.63.0,2026-02-19 18:48:49.636716
B*15:08,T,HLAtools_protein_alignment,IPD-IMGT/HLA 3.63.0,2026-02-19 18:48:49.636716
B*15:09,T,HLAtools_protein_alignment,IPD-IMGT/HLA 3.63.0,2026-02-19 18:48:49.636716
B*15:10,T,HLAtools_protein_alignment,IPD-IMGT/HLA 3.63.0,2026-02-19 18:48:49.636716
B*15:102,T,HLAtools_protein_alignment,IPD-IMGT/HLA 3.63.0,2026-02-19 18:48:49.636716
B*15:103,T,HLAtools_protein_alignment,IPD-IMGT/HLA 3.63.0,2026-02-19 18:48:49.636716
B*15:105,T,HLAtools_protein_alignment,IPD-IMGT/HLA 3.63.0,2026-02-19 18:48:49.636716
B*15:106,T,HLAtools_protein_alignment,IPD-IMGT/HLA 3.63.0,2026-02-19 18:48:49.636716
B*15:107,T,HLAtools_protein_alignment,IPD-IMGT/HLA 3.63.0,2026-02-19 18:48:49.636716
B*15:108,T,HLAtools_protein_alignment,IPD-IMGT/HLA 3.63.0,2026-02-19 18:48:49.636716
B*15:109,T,HLAtools_protein_alignment,IPD-IMGT/HLA 3.63.0,2026-02-19 18:48:49.636716
B*15:11,T,HLAtools_protein_alignment,IPD-IMGT/HLA 3.63.0,2026-02-19 18:48:49.636716
B*15:110,T,HLAtools_protein_alignment,IPD-IMGT/HLA 3.63.0,2026-02-19 18:48:49.636716
B*15:112,T,HLAtools_protein_alignment,IPD-IMGT/HLA 3.63.0,2026-02-19 18:48:49.636716
B*15:113,T,HLAtools_protein_alignment,IPD-IMGT/HLA 3.63.0,2026-02-19 18:48:49.636716
B*15:119,T,HLAtools_protein_alignment,IPD-IMGT/HLA 3.63.0,2026-02-19 18:48:49.636716
B*15:12,T,HLAtools_protein_alignment,IPD-IMGT/HLA 3.63.0,2026-02-19 18:48:49.636716
B*15:120,T,HLAtools_protein_alignment,IPD-IMGT/HLA 3.63.0,2026-02-19 18:48:49.636716
B*15:123,T,HLAtools_protein_alignment,IPD-IMGT/HLA 3.63.0,2026-02-19 18:48:49.636716
B*15:125,T,HLAtools_protein_alignment,IPD-IMGT/HLA 3.63.0,2026-02-19 18:48:49.636716
B*15:13,T,HLAtools_protein_alignment,IPD-IMGT/HLA 3.63.0,2026-02-19 18:48:49.636716
B*15:132,T,HLAtools_protein_alignment,IPD-IMGT/HLA 3.63.0,2026-02-19 18:48:49.636716
B*15:135,T,HLAtools_protein_alignment,IPD-IMGT/HLA 3.63.0,2026-02-19 18:48:49.636716
B*15:14,T,HLAtools_protein_alignment,IPD-IMGT/HLA 3.63.0,2026-02-19 18:48:49.636716
B*15:141,T,HLAtools_protein_alignment,IPD-IMGT/HLA 3.63.0,2026-02-19 18:48:49.636716
B*15:142,T,HLAtools_protein_alignment,IPD-IMGT/HLA 3.63.0,2026-02-19 18:48:49.636716
B*15:146,T,HLAtools_protein_alignment,IPD-IMGT/HLA 3.63.0,2026-02-19 18:48:49.636716
B*15:147,T,HLAtools_protein_alignment,IPD-IMGT/HLA 3.63.0,2026-02-19 18:48:49.636716
B*15:15,T,HLAtools_protein_alignment,IPD-IMGT/HLA 3.63.0,2026-02-19 18:48:49.636716
B*15:150,T,HLAtools_protein_alignment,IPD-IMGT/HLA 3.63.0,2026-02-19 18:48:49.636716
B*15:151,T,HLAtools_protein_alignment,IPD-IMGT/HLA 3.63.0,2026-02-19 18:48:49.636716
B*15:153,T,HLAtools_protein_alignment,IPD-IMGT/HLA 3.63.0,2026-02-19 18:48:49.636716
B*15:154,T,HLAtools_protein_alignment,IPD-IMGT/HLA 3.63.0,2026-02-19 18:48:49.636716
B*15:158,T,HLAtools_protein_alignment,IPD-IMGT/HLA 3.63.0,2026-02-19 18:48:49.636716
B*15:159,T,HLAtools_protein_alignment,IPD-IMGT/HLA 3.63.0,2026-02-19 18:48:49.636716
B*15:16,T,HLAtools_protein_alignment,IPD-IMGT/HLA 3.63.0,2026-02-19 18:48:49.636716
B*15:160,T,HLAtools_protein_alignment,IPD-IMGT/HLA 3.63.0,2026-02-19 18:48:49.636716
B*15:164,T,HLAtools_protein_alignment,IPD-IMGT/HLA 3.63.0,2026-02-19 18:48:49.636716
B*15:168,T,HLAtools_protein_alignment,IPD-IMGT/HLA 3.63.0,2026-02-19 18:48:49.636716
B*15:17,T,HLAtools_protein_alignment,IPD-IMGT/HLA 3.63.0,2026-02-19 18:48:49.636716
B*15:173,T,HLAtools_protein_alignment,IPD-IMGT/HLA 3.63.0,2026-02-19 18:48:49.636716
B*15:178,T,HLAtools_protein_alignment,IPD-IMGT/HLA 3.63.0,2026-02-19 18:48:49.636716
B*15:18,T,HLAtools_protein_alignment,IPD-IMGT/HLA 3.63.0,2026-02-19 18:48:49.636716
B*15:180,M,HLAtools_protein_alignment,IPD-IMGT/HLA 3.63.0,2026-02-19 18:48:49.636716
B*15:183,T,HLAtools_protein_alignment,IPD-IMGT/HLA 3.63.0,2026-02-19 18:48:49.636716
B*15:187,T,HLAtools_protein_alignment,IPD-IMGT/HLA 3.63.0,2026-02-19 18:48:49.636716
B*15:189,T,HLAtools_protein_alignment,IPD-IMGT/HLA 3.63.0,2026-02-19 18:48:49.636716
B*15:19,T,HLAtools_protein_alignment,IPD-IMGT/HLA 3.63.0,2026-02-19 18:48:49.636716
B*15:190N,T,HLAtools_protein_alignment,IPD-IMGT/HLA 3.63.0,2026-02-19 18:48:49.636716
B*15:193,T,HLAtools_protein_alignment,IPD-IMGT/HLA 3.63.0,2026-02-19 18:48:49.636716
B*15:194,T,HLAtools_protein_alignment,IPD-IMGT/HLA 3.63.0,2026-02-19 18:48:49.636716
B*15:195,T,HLAtools_protein_alignment,IPD-IMGT/HLA 3.63.0,2026-02-19 18:48:49.636716
B*15:196,T,HLAtools_protein_alignment,IPD-IMGT/HLA 3.63.0,2026-02-19 18:48:49.636716
B*15:197,T,HLAtools_protein_alignment,IPD-IMGT/HLA 3.63.0,2026-02-19 18:48:49.636716
B*15:198,T,HLAtools_protein_alignment,IPD-IMGT/HLA 3.63.0,2026-02-19 18:48:49.636716
B*15:199,T,HLAtools_protein_alignment,IPD-IMGT/HLA 3.63.0,2026-02-19 18:48:49.636716
B*15:20,T,HLAtools_protein_alignment,IPD-IMGT/HLA 3.63.0,2026-02-19 18:48:49.636716
B*15:200,T,HLAtools_protein_alignment,IPD-IMGT/HLA 3.63.0,2026-02-19 18:48:49.636716
B*15:209N,T,HLAtools_protein_alignment,IPD-IMGT/HLA 3.63.0,2026-02-19 18:48:49.636716
B*15:21,T,HLAtools_protein_alignment,IPD-IMGT/HLA 3.63.0,2026-02-19 18:48:49.636716
B*15:220,T,HLAtools_protein_alignment,IPD-IMGT/HLA 3.63.0,2026-02-19 18:48:49.636716
B*15:222,T,HLAtools_protein_alignment,IPD-IMGT/HLA 3.63.0,2026-02-19 18:48:49.636716
B*15:223,T,HLAtools_protein_alignment,IPD-IMGT/HLA 3.63.0,2026-02-19 18:48:49.636716
B*15:224,T,HLAtools_protein_alignment,IPD-IMGT/HLA 3.63.0,2026-02-19 18:48:49.636716
B*15:225,T,HLAtools_protein_alignment,IPD-IMGT/HLA 3.63.0,2026-02-19 18:48:49.636716
B*15:228,T,HLAtools_protein_alignment,IPD-IMGT/HLA 3.63.0,2026-02-19 18:48:49.636716
B*15:23,T,HLAtools_protein_alignment,IPD-IMGT/HLA 3.63.0,2026-02-19 18:48:49.636716
B*15:239,T,HLAtools_protein_alignment,IPD-IMGT/HLA 3.63.0,2026-02-19 18:48:49.636716
B*15:24,T,HLAtools_protein_alignment,IPD-IMGT/HLA 3.63.0,2026-02-19 18:48:49.636716
B*15:240,T,HLAtools_protein_alignment,IPD-IMGT/HLA 3.63.0,2026-02-19 18:48:49.636716
B*15:242,T,HLAtools_protein_alignment,IPD-IMGT/HLA 3.63.0,2026-02-19 18:48:49.636716
B*15:245Q,T,HLAtools_protein_alignment,IPD-IMGT/HLA 3.63.0,2026-02-19 18:48:49.636716
B*15:246N,T,HLAtools_protein_alignment,IPD-IMGT/HLA 3.63.0,2026-02-19 18:48:49.636716
B*15:25,T,HLAtools_protein_alignment,IPD-IMGT/HLA 3.63.0,2026-02-19 18:48:49.636716
B*15:251,T,HLAtools_protein_alignment,IPD-IMGT/HLA 3.63.0,2026-02-19 18:48:49.636716
B*15:254,T,HLAtools_protein_alignment,IPD-IMGT/HLA 3.63.0,2026-02-19 18:48:49.636716
B*15:262N,T,HLAtools_protein_alignment,IPD-IMGT/HLA 3.63.0,2026-02-19 18:48:49.636716
B*15:263,T,HLAtools_protein_alignment,IPD-IMGT/HLA 3.63.0,2026-02-19 18:48:49.636716
B*15:266,T,HLAtools_protein_alignment,IPD-IMGT/HLA 3.63.0,2026-02-19 18:48:49.636716
B*15:26N,T,HLAtools_protein_alignment,IPD-IMGT/HLA 3.63.0,2026-02-19 18:48:49.636716
B*15:27,T,HLAtools_protein_alignment,IPD-IMGT/HLA 3.63.0,2026-02-19 18:48:49.636716
B*15:271,T,HLAtools_protein_alignment,IPD-IMGT/HLA 3.63.0,2026-02-19 18:48:49.636716
B*15:272N,T,HLAtools_protein_alignment,IPD-IMGT/HLA 3.63.0,2026-02-19 18:48:49.636716
B*15:28,T,HLAtools_protein_alignment,IPD-IMGT/HLA 3.63.0,2026-02-19 18:48:49.636716
B*15:283,T,HLAtools_protein_alignment,IPD-IMGT/HLA 3.63.0,2026-02-19 18:48:49.636716
B*15:29,T,HLAtools_protein_alignment,IPD-IMGT/HLA 3.63.0,2026-02-19 18:48:49.636716
B*15:295,T,HLAtools_protein_alignment,IPD-IMGT/HLA 3.63.0,2026-02-19 18:48:49.636716
B*15:296,T,HLAtools_protein_alignment,IPD-IMGT/HLA 3.63.0,2026-02-19 18:48:49.636716
B*15:297,T,HLAtools_protein_alignment,IPD-IMGT/HLA 3.63.0,2026-02-19 18:48:49.636716
B*15:298,T,HLAtools_protein_alignment,IPD-IMGT/HLA 3.63.0,2026-02-19 18:48:49.636716
B*15:299,T,HLAtools_protein_alignment,IPD-IMGT/HLA 3.63.0,2026-02-19 18:48:49.636716
B*15:30,T,HLAtools_protein_alignment,IPD-IMGT/HLA 3.63.0,2026-02-19 18:48:49.636716
B*15:300,T,HLAtools_protein_alignment,IPD-IMGT/HLA 3.63.0,2026-02-19 18:48:49.636716
B*15:301,T,HLAtools_protein_alignment,IPD-IMGT/HLA 3.63.0,2026-02-19 18:48:49.636716
B*15:302N,T,HLAtools_protein_alignment,IPD-IMGT/HLA 3.63.0,2026-02-19 18:48:49.636716
B*15:303,T,HLAtools_protein_alignment,IPD-IMGT/HLA 3.63.0,2026-02-19 18:48:49.636716
B*15:304N,T,HLAtools_protein_alignment,IPD-IMGT/HLA 3.63.0,2026-02-19 18:48:49.636716
B*15:305,T,HLAtools_protein_alignment,IPD-IMGT/HLA 3.63.0,2026-02-19 18:48:49.636716
B*15:306,T,HLAtools_protein_alignment,IPD-IMGT/HLA 3.63.0,2026-02-19 18:48:49.636716
B*15:307,T,HLAtools_protein_alignment,IPD-IMGT/HLA 3.63.0,2026-02-19 18:48:49.636716
B*15:31,T,HLAtools_protein_alignment,IPD-IMGT/HLA 3.63.0,2026-02-19 18:48:49.636716
B*15:310,T,HLAtools_protein_alignment,IPD-IMGT/HLA 3.63.0,2026-02-19 18:48:49.636716
B*15:315,T,HLAtools_protein_alignment,IPD-IMGT/HLA 3.63.0,2026-02-19 18:48:49.636716
B*15:32,T,HLAtools_protein_alignment,IPD-IMGT/HLA 3.63.0,2026-02-19 18:48:49.636716
B*15:321Q,T,HLAtools_protein_alignment,IPD-IMGT/HLA 3.63.0,2026-02-19 18:48:49.636716
B*15:322,T,HLAtools_protein_alignment,IPD-IMGT/HLA 3.63.0,2026-02-19 18:48:49.636716
B*15:324,T,HLAtools_protein_alignment,IPD-IMGT/HLA 3.63.0,2026-02-19 18:48:49.636716
B*15:33,T,HLAtools_protein_alignment,IPD-IMGT/HLA 3.63.0,2026-02-19 18:48:49.636716
B*15:333,T,HLAtools_protein_alignment,IPD-IMGT/HLA 3.63.0,2026-02-19 18:48:49.636716
B*15:34,T,HLAtools_protein_alignment,IPD-IMGT/HLA 3.63.0,2026-02-19 18:48:49.636716
B*15:340,T,HLAtools_protein_alignment,IPD-IMGT/HLA 3.63.0,2026-02-19 18:48:49.636716
B*15:35,T,HLAtools_protein_alignment,IPD-IMGT/HLA 3.63.0,2026-02-19 18:48:49.636716
B*15:354,T,HLAtools_protein_alignment,IPD-IMGT/HLA 3.63.0,2026-02-19 18:48:49.636716
B*15:360,T,HLAtools_protein_alignment,IPD-IMGT/HLA 3.63.0,2026-02-19 18:48:49.636716
B*15:361,T,HLAtools_protein_alignment,IPD-IMGT/HLA 3.63.0,2026-02-19 18:48:49.636716
B*15:366,T,HLAtools_protein_alignment,IPD-IMGT/HLA 3.63.0,2026-02-19 18:48:49.636716
B*15:367,T,HLAtools_protein_alignment,IPD-IMGT/HLA 3.63.0,2026-02-19 18:48:49.636716
B*15:369,T,HLAtools_protein_alignment,IPD-IMGT/HLA 3.63.0,2026-02-19 18:48:49.636716
B*15:37,T,HLAtools_protein_alignment,IPD-IMGT/HLA 3.63.0,2026-02-19 18:48:49.636716
B*15:373,T,HLAtools_protein_alignment,IPD-IMGT/HLA 3.63.0,2026-02-19 18:48:49.636716
B*15:375N,T,HLAtools_protein_alignment,IPD-IMGT/HLA 3.63.0,2026-02-19 18:48:49.636716
B*15:377Q,T,HLAtools_protein_alignment,IPD-IMGT/HLA 3.63.0,2026-02-19 18:48:49.636716
B*15:379,T,HLAtools_protein_alignment,IPD-IMGT/HLA 3.63.0,2026-02-19 18:48:49.636716
B*15:38,T,HLAtools_protein_alignment,IPD-IMGT/HLA 3.63.0,2026-02-19 18:48:49.636716
B*15:380N,T,HLAtools_protein_alignment,IPD-IMGT/HLA 3.63.0,2026-02-19 18:48:49.636716
B*15:383,T,HLAtools_protein_alignment,IPD-IMGT/HLA 3.63.0,2026-02-19 18:48:49.636716
B*15:384,T,HLAtools_protein_alignment,IPD-IMGT/HLA 3.63.0,2026-02-19 18:48:49.636716
B*15:385,T,HLAtools_protein_alignment,IPD-IMGT/HLA 3.63.0,2026-02-19 18:48:49.636716
B*15:386,T,HLAtools_protein_alignment,IPD-IMGT/HLA 3.63.0,2026-02-19 18:48:49.636716
B*15:388,T,HLAtools_protein_alignment,IPD-IMGT/HLA 3.63.0,2026-02-19 18:48:49.636716
B*15:39,T,HLAtools_protein_alignment,IPD-IMGT/HLA 3.63.0,2026-02-19 18:48:49.636716
B*15:390,T,HLAtools_protein_alignment,IPD-IMGT/HLA 3.63.0,2026-02-19 18:48:49.636716
B*15:40,T,HLAtools_protein_alignment,IPD-IMGT/HLA 3.63.0,2026-02-19 18:48:49.636716
B*15:406,T,HLAtools_protein_alignment,IPD-IMGT/HLA 3.63.0,2026-02-19 18:48:49.636716
B*15:407,T,HLAtools_protein_alignment,IPD-IMGT/HLA 3.63.0,2026-02-19 18:48:49.636716
B*15:408,T,HLAtools_protein_alignment,IPD-IMGT/HLA 3.63.0,2026-02-19 18:48:49.636716
B*15:409,T,HLAtools_protein_alignment,IPD-IMGT/HLA 3.63.0,2026-02-19 18:48:49.636716
B*15:410,T,HLAtools_protein_alignment,IPD-IMGT/HLA 3.63.0,2026-02-19 18:48:49.636716
B*15:411,T,HLAtools_protein_alignment,IPD-IMGT/HLA 3.63.0,2026-02-19 18:48:49.636716
B*15:412,T,HLAtools_protein_alignment,IPD-IMGT/HLA 3.63.0,2026-02-19 18:48:49.636716
B*15:413,T,HLAtools_protein_alignment,IPD-IMGT/HLA 3.63.0,2026-02-19 18:48:49.636716
B*15:415,T,HLAtools_protein_alignment,IPD-IMGT/HLA 3.63.0,2026-02-19 18:48:49.636716
B*15:417,T,HLAtools_protein_alignment,IPD-IMGT/HLA 3.63.0,2026-02-19 18:48:49.636716
B*15:42,T,HLAtools_protein_alignment,IPD-IMGT/HLA 3.63.0,2026-02-19 18:48:49.636716
B*15:428,T,HLAtools_protein_alignment,IPD-IMGT/HLA 3.63.0,2026-02-19 18:48:49.636716
B*15:429,T,HLAtools_protein_alignment,IPD-IMGT/HLA 3.63.0,2026-02-19 18:48:49.636716
B*15:430,T,HLAtools_protein_alignment,IPD-IMGT/HLA 3.63.0,2026-02-19 18:48:49.636716
B*15:432,T,HLAtools_protein_alignment,IPD-IMGT/HLA 3.63.0,2026-02-19 18:48:49.636716
B*15:434,T,HLAtools_protein_alignment,IPD-IMGT/HLA 3.63.0,2026-02-19 18:48:49.636716
B*15:438,T,HLAtools_protein_alignment,IPD-IMGT/HLA 3.63.0,2026-02-19 18:48:49.636716
B*15:44,T,HLAtools_protein_alignment,IPD-IMGT/HLA 3.63.0,2026-02-19 18:48:49.636716
B*15:440,T,HLAtools_protein_alignment,IPD-IMGT/HLA 3.63.0,2026-02-19 18:48:49.636716
B*15:441,T,HLAtools_protein_alignment,IPD-IMGT/HLA 3.63.0,2026-02-19 18:48:49.636716
B*15:442,T,HLAtools_protein_alignment,IPD-IMGT/HLA 3.63.0,2026-02-19 18:48:49.636716
B*15:443,T,HLAtools_protein_alignment,IPD-IMGT/HLA 3.63.0,2026-02-19 18:48:49.636716
B*15:444,T,HLAtools_protein_alignment,IPD-IMGT/HLA 3.63.0,2026-02-19 18:48:49.636716
B*15:445,T,HLAtools_protein_alignment,IPD-IMGT/HLA 3.63.0,2026-02-19 18:48:49.636716
B*15:446,T,HLAtools_protein_alignment,IPD-IMGT/HLA 3.63.0,2026-02-19 18:48:49.636716
B*15:447,T,HLAtools_protein_alignment,IPD-IMGT/HLA 3.63.0,2026-02-19 18:48:49.636716
B*15:448,T,HLAtools_protein_alignment,IPD-IMGT/HLA 3.63.0,2026-02-19 18:48:49.636716
B*15:449,T,HLAtools_protein_alignment,IPD-IMGT/HLA 3.63.0,2026-02-19 18:48:49.636716
B*15:45,T,HLAtools_protein_alignment,IPD-IMGT/HLA 3.63.0,2026-02-19 18:48:49.636716
B*15:450,T,HLAtools_protein_alignment,IPD-IMGT/HLA 3.63.0,2026-02-19 18:48:49.636716
B*15:452,T,HLAtools_protein_alignment,IPD-IMGT/HLA 3.63.0,2026-02-19 18:48:49.636716
B*15:453,T,HLAtools_protein_alignment,IPD-IMGT/HLA 3.63.0,2026-02-19 18:48:49.636716
B*15:454N,T,HLAtools_protein_alignment,IPD-IMGT/HLA 3.63.0,2026-02-19 18:48:49.636716
B*15:455,T,HLAtools_protein_alignment,IPD-IMGT/HLA 3.63.0,2026-02-19 18:48:49.636716
B*15:456,T,HLAtools_protein_alignment,IPD-IMGT/HLA 3.63.0,2026-02-19 18:48:49.636716
B*15:457,T,HLAtools_protein_alignment,IPD-IMGT/HLA 3.63.0,2026-02-19 18:48:49.636716
B*15:458,T,HLAtools_protein_alignment,IPD-IMGT/HLA 3.63.0,2026-02-19 18:48:49.636716
B*15:459,T,HLAtools_protein_alignment,IPD-IMGT/HLA 3.63.0,2026-02-19 18:48:49.636716
B*15:46,T,HLAtools_protein_alignment,IPD-IMGT/HLA 3.63.0,2026-02-19 18:48:49.636716
B*15:461,T,HLAtools_protein_alignment,IPD-IMGT/HLA 3.63.0,2026-02-19 18:48:49.636716
B*15:462,T,HLAtools_protein_alignment,IPD-IMGT/HLA 3.63.0,2026-02-19 18:48:49.636716
B*15:463N,T,HLAtools_protein_alignment,IPD-IMGT/HLA 3.63.0,2026-02-19 18:48:49.636716
B*15:464,T,HLAtools_protein_alignment,IPD-IMGT/HLA 3.63.0,2026-02-19 18:48:49.636716
B*15:465,T,HLAtools_protein_alignment,IPD-IMGT/HLA 3.63.0,2026-02-19 18:48:49.636716
B*15:466,T,HLAtools_protein_alignment,IPD-IMGT/HLA 3.63.0,2026-02-19 18:48:49.636716
B*15:467,T,HLAtools_protein_alignment,IPD-IMGT/HLA 3.63.0,2026-02-19 18:48:49.636716
B*15:469,T,HLAtools_protein_alignment,IPD-IMGT/HLA 3.63.0,2026-02-19 18:48:49.636716
B*15:47,T,HLAtools_protein_alignment,IPD-IMGT/HLA 3.63.0,2026-02-19 18:48:49.636716
B*15:470,T,HLAtools_protein_alignment,IPD-IMGT/HLA 3.63.0,2026-02-19 18:48:49.636716
B*15:471,T,HLAtools_protein_alignment,IPD-IMGT/HLA 3.63.0,2026-02-19 18:48:49.636716
B*15:472,T,HLAtools_protein_alignment,IPD-IMGT/HLA 3.63.0,2026-02-19 18:48:49.636716
B*15:473,T,HLAtools_protein_alignment,IPD-IMGT/HLA 3.63.0,2026-02-19 18:48:49.636716
B*15:474,T,HLAtools_protein_alignment,IPD-IMGT/HLA 3.63.0,2026-02-19 18:48:49.636716
B*15:475,T,HLAtools_protein_alignment,IPD-IMGT/HLA 3.63.0,2026-02-19 18:48:49.636716
B*15:476,T,HLAtools_protein_alignment,IPD-IMGT/HLA 3.63.0,2026-02-19 18:48:49.636716
B*15:477,T,HLAtools_protein_alignment,IPD-IMGT/HLA 3.63.0,2026-02-19 18:48:49.636716
B*15:478,T,HLAtools_protein_alignment,IPD-IMGT/HLA 3.63.0,2026-02-19 18:48:49.636716
B*15:479,T,HLAtools_protein_alignment,IPD-IMGT/HLA 3.63.0,2026-02-19 18:48:49.636716
B*15:48,T,HLAtools_protein_alignment,IPD-IMGT/HLA 3.63.0,2026-02-19 18:48:49.636716
B*15:480,T,HLAtools_protein_alignment,IPD-IMGT/HLA 3.63.0,2026-02-19 18:48:49.636716
B*15:481,T,HLAtools_protein_alignment,IPD-IMGT/HLA 3.63.0,2026-02-19 18:48:49.636716
B*15:482,T,HLAtools_protein_alignment,IPD-IMGT/HLA 3.63.0,2026-02-19 18:48:49.636716
B*15:483N,T,HLAtools_protein_alignment,IPD-IMGT/HLA 3.63.0,2026-02-19 18:48:49.636716
B*15:484,T,HLAtools_protein_alignment,IPD-IMGT/HLA 3.63.0,2026-02-19 18:48:49.636716
B*15:487N,T,HLAtools_protein_alignment,IPD-IMGT/HLA 3.63.0,2026-02-19 18:48:49.636716
B*15:488,T,HLAtools_protein_alignment,IPD-IMGT/HLA 3.63.0,2026-02-19 18:48:49.636716
B*15:489,T,HLAtools_protein_alignment,IPD-IMGT/HLA 3.63.0,2026-02-19 18:48:49.636716
B*15:490,T,HLAtools_protein_alignment,IPD-IMGT/HLA 3.63.0,2026-02-19 18:48:49.636716
B*15:491,T,HLAtools_protein_alignment,IPD-IMGT/HLA 3.63.0,2026-02-19 18:48:49.636716
B*15:492,T,HLAtools_protein_alignment,IPD-IMGT/HLA 3.63.0,2026-02-19 18:48:49.636716
B*15:493,T,HLAtools_protein_alignment,IPD-IMGT/HLA 3.63.0,2026-02-19 18:48:49.636716
B*15:494,T,HLAtools_protein_alignment,IPD-IMGT/HLA 3.63.0,2026-02-19 18:48:49.636716
B*15:496N,T,HLAtools_protein_alignment,IPD-IMGT/HLA 3.63.0,2026-02-19 18:48:49.636716
B*15:497,T,HLAtools_protein_alignment,IPD-IMGT/HLA 3.63.0,2026-02-19 18:48:49.636716
B*15:498,T,HLAtools_protein_alignment,IPD-IMGT/HLA 3.63.0,2026-02-19 18:48:49.636716
B*15:499,T,HLAtools_protein_alignment,IPD-IMGT/HLA 3.63.0,2026-02-19 18:48:49.636716
B*15:50,T,HLAtools_protein_alignment,IPD-IMGT/HLA 3.63.0,2026-02-19 18:48:49.636716
B*15:500,T,HLAtools_protein_alignment,IPD-IMGT/HLA 3.63.0,2026-02-19 18:48:49.636716
B*15:501,T,HLAtools_protein_alignment,IPD-IMGT/HLA 3.63.0,2026-02-19 18:48:49.636716
B*15:502,T,HLAtools_protein_alignment,IPD-IMGT/HLA 3.63.0,2026-02-19 18:48:49.636716
B*15:503,T,HLAtools_protein_alignment,IPD-IMGT/HLA 3.63.0,2026-02-19 18:48:49.636716
B*15:504,T,HLAtools_protein_alignment,IPD-IMGT/HLA 3.63.0,2026-02-19 18:48:49.636716
B*15:505,T,HLAtools_protein_alignment,IPD-IMGT/HLA 3.63.0,2026-02-19 18:48:49.636716
B*15:506,T,HLAtools_protein_alignment,IPD-IMGT/HLA 3.63.0,2026-02-19 18:48:49.636716
B*15:507,T,HLAtools_protein_alignment,IPD-IMGT/HLA 3.63.0,2026-02-19 18:48:49.636716
B*15:508,T,HLAtools_protein_alignment,IPD-IMGT/HLA 3.63.0,2026-02-19 18:48:49.636716
B*15:509,T,HLAtools_protein_alignment,IPD-IMGT/HLA 3.63.0,2026-02-19 18:48:49.636716
B*15:51,T,HLAtools_protein_alignment,IPD-IMGT/HLA 3.63.0,2026-02-19 18:48:49.636716
B*15:510,T,HLAtools_protein_alignment,IPD-IMGT/HLA 3.63.0,2026-02-19 18:48:49.636716
B*15:511,T,HLAtools_protein_alignment,IPD-IMGT/HLA 3.63.0,2026-02-19 18:48:49.636716
B*15:512,T,HLAtools_protein_alignment,IPD-IMGT/HLA 3.63.0,2026-02-19 18:48:49.636716
B*15:513,T,HLAtools_protein_alignment,IPD-IMGT/HLA 3.63.0,2026-02-19 18:48:49.636716
B*15:514,T,HLAtools_protein_alignment,IPD-IMGT/HLA 3.63.0,2026-02-19 18:48:49.636716
B*15:515,T,HLAtools_protein_alignment,IPD-IMGT/HLA 3.63.0,2026-02-19 18:48:49.636716
B*15:516,T,HLAtools_protein_alignment,IPD-IMGT/HLA 3.63.0,2026-02-19 18:48:49.636716
B*15:517,T,HLAtools_protein_alignment,IPD-IMGT/HLA 3.63.0,2026-02-19 18:48:49.636716
B*15:518,T,HLAtools_protein_alignment,IPD-IMGT/HLA 3.63.0,2026-02-19 18:48:49.636716
B*15:519,T,HLAtools_protein_alignment,IPD-IMGT/HLA 3.63.0,2026-02-19 18:48:49.636716
B*15:52,T,HLAtools_protein_alignment,IPD-IMGT/HLA 3.63.0,2026-02-19 18:48:49.636716
B*15:520Q,T,HLAtools_protein_alignment,IPD-IMGT/HLA 3.63.0,2026-02-19 18:48:49.636716
B*15:521,T,HLAtools_protein_alignment,IPD-IMGT/HLA 3.63.0,2026-02-19 18:48:49.636716
B*15:522,T,HLAtools_protein_alignment,IPD-IMGT/HLA 3.63.0,2026-02-19 18:48:49.636716
B*15:523,T,HLAtools_protein_alignment,IPD-IMGT/HLA 3.63.0,2026-02-19 18:48:49.636716
B*15:524,T,HLAtools_protein_alignment,IPD-IMGT/HLA 3.63.0,2026-02-19 18:48:49.636716
B*15:525,T,HLAtools_protein_alignment,IPD-IMGT/HLA 3.63.0,2026-02-19 18:48:49.636716
B*15:526,T,HLAtools_protein_alignment,IPD-IMGT/HLA 3.63.0,2026-02-19 18:48:49.636716
B*15:527,T,HLAtools_protein_alignment,IPD-IMGT/HLA 3.63.0,2026-02-19 18:48:49.636716
B*15:528N,T,HLAtools_protein_alignment,IPD-IMGT/HLA 3.63.0,2026-02-19 18:48:49.636716
B*15:53,T,HLAtools_protein_alignment,IPD-IMGT/HLA 3.63.0,2026-02-19 18:48:49.636716
B*15:530,T,HLAtools_protein_alignment,IPD-IMGT/HLA 3.63.0,2026-02-19 18:48:49.636716
B*15:531,T,HLAtools_protein_alignment,IPD-IMGT/HLA 3.63.0,2026-02-19 18:48:49.636716
B*15:532,T,HLAtools_protein_alignment,IPD-IMGT/HLA 3.63.0,2026-02-19 18:48:49.636716
B*15:533,T,HLAtools_protein_alignment,IPD-IMGT/HLA 3.63.0,2026-02-19 18:48:49.636716
B*15:534,T,HLAtools_protein_alignment,IPD-IMGT/HLA 3.63.0,2026-02-19 18:48:49.636716
B*15:535,T,HLAtools_protein_alignment,IPD-IMGT/HLA 3.63.0,2026-02-19 18:48:49.636716
B*15:536,T,HLAtools_protein_alignment,IPD-IMGT/HLA 3.63.0,2026-02-19 18:48:49.636716
B*15:537,T,HLAtools_protein_alignment,IPD-IMGT/HLA 3.63.0,2026-02-19 18:48:49.636716
B*15:538,T,HLAtools_protein_alignment,IPD-IMGT/HLA 3.63.0,2026-02-19 18:48:49.636716
B*15:539,T,HLAtools_protein_alignment,IPD-IMGT/HLA 3.63.0,2026-02-19 18:48:49.636716
B*15:54,T,HLAtools_protein_alignment,IPD-IMGT/HLA 3.63.0,2026-02-19 18:48:49.636716
B*15:540N,T,HLAtools_protein_alignment,IPD-IMGT/HLA 3.63.0,2026-02-19 18:48:49.636716
B*15:541,T,HLAtools_protein_alignment,IPD-IMGT/HLA 3.63.0,2026-02-19 18:48:49.636716
B*15:542,T,HLAtools_protein_alignment,IPD-IMGT/HLA 3.63.0,2026-02-19 18:48:49.636716
B*15:543,T,HLAtools_protein_alignment,IPD-IMGT/HLA 3.63.0,2026-02-19 18:48:49.636716
B*15:544N,T,HLAtools_protein_alignment,IPD-IMGT/HLA 3.63.0,2026-02-19 18:48:49.636716
B*15:545,T,HLAtools_protein_alignment,IPD-IMGT/HLA 3.63.0,2026-02-19 18:48:49.636716
B*15:546Q,T,HLAtools_protein_alignment,IPD-IMGT/HLA 3.63.0,2026-02-19 18:48:49.636716
B*15:547,T,HLAtools_protein_alignment,IPD-IMGT/HLA 3.63.0,2026-02-19 18:48:49.636716
B*15:548,T,HLAtools_protein_alignment,IPD-IMGT/HLA 3.63.0,2026-02-19 18:48:49.636716
B*15:549N,T,HLAtools_protein_alignment,IPD-IMGT/HLA 3.63.0,2026-02-19 18:48:49.636716
B*15:55,T,HLAtools_protein_alignment,IPD-IMGT/HLA 3.63.0,2026-02-19 18:48:49.636716
B*15:550,T,HLAtools_protein_alignment,IPD-IMGT/HLA 3.63.0,2026-02-19 18:48:49.636716
B*15:551,T,HLAtools_protein_alignment,IPD-IMGT/HLA 3.63.0,2026-02-19 18:48:49.636716
B*15:552,T,HLAtools_protein_alignment,IPD-IMGT/HLA 3.63.0,2026-02-19 18:48:49.636716
B*15:553,T,HLAtools_protein_alignment,IPD-IMGT/HLA 3.63.0,2026-02-19 18:48:49.636716
B*15:554,T,HLAtools_protein_alignment,IPD-IMGT/HLA 3.63.0,2026-02-19 18:48:49.636716
B*15:555,T,HLAtools_protein_alignment,IPD-IMGT/HLA 3.63.0,2026-02-19 18:48:49.636716
B*15:556,T,HLAtools_protein_alignment,IPD-IMGT/HLA 3.63.0,2026-02-19 18:48:49.636716
B*15:557,T,HLAtools_protein_alignment,IPD-IMGT/HLA 3.63.0,2026-02-19 18:48:49.636716
B*15:558,T,HLAtools_protein_alignment,IPD-IMGT/HLA 3.63.0,2026-02-19 18:48:49.636716
B*15:559,T,HLAtools_protein_alignment,IPD-IMGT/HLA 3.63.0,2026-02-19 18:48:49.636716
B*15:56,T,HLAtools_protein_alignment,IPD-IMGT/HLA 3.63.0,2026-02-19 18:48:49.636716
B*15:560,T,HLAtools_protein_alignment,IPD-IMGT/HLA 3.63.0,2026-02-19 18:48:49.636716
B*15:561,T,HLAtools_protein_alignment,IPD-IMGT/HLA 3.63.0,2026-02-19 18:48:49.636716
B*15:562N,T,HLAtools_protein_alignment,IPD-IMGT/HLA 3.63.0,2026-02-19 18:48:49.636716
B*15:563,T,HLAtools_protein_alignment,IPD-IMGT/HLA 3.63.0,2026-02-19 18:48:49.636716
B*15:564,T,HLAtools_protein_alignment,IPD-IMGT/HLA 3.63.0,2026-02-19 18:48:49.636716
B*15:565,T,HLAtools_protein_alignment,IPD-IMGT/HLA 3.63.0,2026-02-19 18:48:49.636716
B*15:566,T,HLAtools_protein_alignment,IPD-IMGT/HLA 3.63.0,2026-02-19 18:48:49.636716
B*15:567,T,HLAtools_protein_alignment,IPD-IMGT/HLA 3.63.0,2026-02-19 18:48:49.636716
B*15:568,T,HLAtools_protein_alignment,IPD-IMGT/HLA 3.63.0,2026-02-19 18:48:49.636716
B*15:569,T,HLAtools_protein_alignment,IPD-IMGT/HLA 3.63.0,2026-02-19 18:48:49.636716
B*15:57,T,HLAtools_protein_alignment,IPD-IMGT/HLA 3.63.0,2026-02-19 18:48:49.636716
B*15:570,T,HLAtools_protein_alignment,IPD-IMGT/HLA 3.63.0,2026-02-19 18:48:49.636716
B*15:571,T,HLAtools_protein_alignment,IPD-IMGT/HLA 3.63.0,2026-02-19 18:48:49.636716
B*15:572,T,HLAtools_protein_alignment,IPD-IMGT/HLA 3.63.0,2026-02-19 18:48:49.636716
B*15:573,T,HLAtools_protein_alignment,IPD-IMGT/HLA 3.63.0,2026-02-19 18:48:49.636716
B*15:574,T,HLAtools_protein_alignment,IPD-IMGT/HLA 3.63.0,2026-02-19 18:48:49.636716
B*15:575N,T,HLAtools_protein_alignment,IPD-IMGT/HLA 3.63.0,2026-02-19 18:48:49.636716
B*15:576,T,HLAtools_protein_alignment,IPD-IMGT/HLA 3.63.0,2026-02-19 18:48:49.636716
B*15:577,T,HLAtools_protein_alignment,IPD-IMGT/HLA 3.63.0,2026-02-19 18:48:49.636716
B*15:578,T,HLAtools_protein_alignment,IPD-IMGT/HLA 3.63.0,2026-02-19 18:48:49.636716
B*15:579,T,HLAtools_protein_alignment,IPD-IMGT/HLA 3.63.0,2026-02-19 18:48:49.636716
B*15:58,T,HLAtools_protein_alignment,IPD-IMGT/HLA 3.63.0,2026-02-19 18:48:49.636716
B*15:580,T,HLAtools_protein_alignment,IPD-IMGT/HLA 3.63.0,2026-02-19 18:48:49.636716
B*15:581,T,HLAtools_protein_alignment,IPD-IMGT/HLA 3.63.0,2026-02-19 18:48:49.636716
B*15:582,T,HLAtools_protein_alignment,IPD-IMGT/HLA 3.63.0,2026-02-19 18:48:49.636716
B*15:583,T,HLAtools_protein_alignment,IPD-IMGT/HLA 3.63.0,2026-02-19 18:48:49.636716
B*15:584N,T,HLAtools_protein_alignment,IPD-IMGT/HLA 3.63.0,2026-02-19 18:48:49.636716
B*15:585,T,HLAtools_protein_alignment,IPD-IMGT/HLA 3.63.0,2026-02-19 18:48:49.636716
B*15:586,T,HLAtools_protein_alignment,IPD-IMGT/HLA 3.63.0,2026-02-19 18:48:49.636716
B*15:588,T,HLAtools_protein_alignment,IPD-IMGT/HLA 3.63.0,2026-02-19 18:48:49.636716
B*15:589,T,HLAtools_protein_alignment,IPD-IMGT/HLA 3.63.0,2026-02-19 18:48:49.636716
B*15:590,T,HLAtools_protein_alignment,IPD-IMGT/HLA 3.63.0,2026-02-19 18:48:49.636716
B*15:591,T,HLAtools_protein_alignment,IPD-IMGT/HLA 3.63.0,2026-02-19 18:48:49.636716
B*15:592,T,HLAtools_protein_alignment,IPD-IMGT/HLA 3.63.0,2026-02-19 18:48:49.636716
B*15:593,T,HLAtools_protein_alignment,IPD-IMGT/HLA 3.63.0,2026-02-19 18:48:49.636716
B*15:594,T,HLAtools_protein_alignment,IPD-IMGT/HLA 3.63.0,2026-02-19 18:48:49.636716
B*15:595,T,HLAtools_protein_alignment,IPD-IMGT/HLA 3.63.0,2026-02-19 18:48:49.636716
B*15:596N,T,HLAtools_protein_alignment,IPD-IMGT/HLA 3.63.0,2026-02-19 18:48:49.636716
B*15:597,T,HLAtools_protein_alignment,IPD-IMGT/HLA 3.63.0,2026-02-19 18:48:49.636716
B*15:598,T,HLAtools_protein_alignment,IPD-IMGT/HLA 3.63.0,2026-02-19 18:48:49.636716
B*15:599,T,HLAtools_protein_alignment,IPD-IMGT/HLA 3.63.0,2026-02-19 18:48:49.636716
B*15:60,T,HLAtools_protein_alignment,IPD-IMGT/HLA 3.63.0,2026-02-19 18:48:49.636716
B*15:600,T,HLAtools_protein_alignment,IPD-IMGT/HLA 3.63.0,2026-02-19 18:48:49.636716
B*15:601,T,HLAtools_protein_alignment,IPD-IMGT/HLA 3.63.0,2026-02-19 18:48:49.636716
B*15:602,T,HLAtools_protein_alignment,IPD-IMGT/HLA 3.63.0,2026-02-19 18:48:49.636716
B*15:603,T,HLAtools_protein_alignment,IPD-IMGT/HLA 3.63.0,2026-02-19 18:48:49.636716
B*15:604N,T,HLAtools_protein_alignment,IPD-IMGT/HLA 3.63.0,2026-02-19 18:48:49.636716
B*15:605,T,HLAtools_protein_alignment,IPD-IMGT/HLA 3.63.0,2026-02-19 18:48:49.636716
B*15:606,T,HLAtools_protein_alignment,IPD-IMGT/HLA 3.63.0,2026-02-19 18:48:49.636716
B*15:607,T,HLAtools_protein_alignment,IPD-IMGT/HLA 3.63.0,2026-02-19 18:48:49.636716
B*15:608,T,HLAtools_protein_alignment,IPD-IMGT/HLA 3.63.0,2026-02-19 18:48:49.636716
B*15:609,T,HLAtools_protein_alignment,IPD-IMGT/HLA 3.63.0,2026-02-19 18:48:49.636716
B*15:610,T,HLAtools_protein_alignment,IPD-IMGT/HLA 3.63.0,2026-02-19 18:48:49.636716
B*15:611,T,HLAtools_protein_alignment,IPD-IMGT/HLA 3.63.0,2026-02-19 18:48:49.636716
B*15:612,T,HLAtools_protein_alignment,IPD-IMGT/HLA 3.63.0,2026-02-19 18:48:49.636716
B*15:613,T,HLAtools_protein_alignment,IPD-IMGT/HLA 3.63.0,2026-02-19 18:48:49.636716
B*15:614,T,HLAtools_protein_alignment,IPD-IMGT/HLA 3.63.0,2026-02-19 18:48:49.636716
B*15:615,T,HLAtools_protein_alignment,IPD-IMGT/HLA 3.63.0,2026-02-19 18:48:49.636716
B*15:616Q,T,HLAtools_protein_alignment,IPD-IMGT/HLA 3.63.0,2026-02-19 18:48:49.636716
B*15:617,T,HLAtools_protein_alignment,IPD-IMGT/HLA 3.63.0,2026-02-19 18:48:49.636716
B*15:618,T,HLAtools_protein_alignment,IPD-IMGT/HLA 3.63.0,2026-02-19 18:48:49.636716
B*15:619,T,HLAtools_protein_alignment,IPD-IMGT/HLA 3.63.0,2026-02-19 18:48:49.636716
B*15:62,T,HLAtools_protein_alignment,IPD-IMGT/HLA 3.63.0,2026-02-19 18:48:49.636716
B*15:620,T,HLAtools_protein_alignment,IPD-IMGT/HLA 3.63.0,2026-02-19 18:48:49.636716
B*15:621,T,HLAtools_protein_alignment,IPD-IMGT/HLA 3.63.0,2026-02-19 18:48:49.636716
B*15:622,T,HLAtools_protein_alignment,IPD-IMGT/HLA 3.63.0,2026-02-19 18:48:49.636716
B*15:623,T,HLAtools_protein_alignment,IPD-IMGT/HLA 3.63.0,2026-02-19 18:48:49.636716
B*15:624,T,HLAtools_protein_alignment,IPD-IMGT/HLA 3.63.0,2026-02-19 18:48:49.636716
B*15:626,T,HLAtools_protein_alignment,IPD-IMGT/HLA 3.63.0,2026-02-19 18:48:49.636716
B*15:627,T,HLAtools_protein_alignment,IPD-IMGT/HLA 3.63.0,2026-02-19 18:48:49.636716
B*15:628,T,HLAtools_protein_alignment,IPD-IMGT/HLA 3.63.0,2026-02-19 18:48:49.636716
B*15:629,T,HLAtools_protein_alignment,IPD-IMGT/HLA 3.63.0,2026-02-19 18:48:49.636716
B*15:63,T,HLAtools_protein_alignment,IPD-IMGT/HLA 3.63.0,2026-02-19 18:48:49.636716
B*15:630,T,HLAtools_protein_alignment,IPD-IMGT/HLA 3.63.0,2026-02-19 18:48:49.636716
B*15:631,T,HLAtools_protein_alignment,IPD-IMGT/HLA 3.63.0,2026-02-19 18:48:49.636716
B*15:632,T,HLAtools_protein_alignment,IPD-IMGT/HLA 3.63.0,2026-02-19 18:48:49.636716
B*15:633,T,HLAtools_protein_alignment,IPD-IMGT/HLA 3.63.0,2026-02-19 18:48:49.636716
B*15:634,T,HLAtools_protein_alignment,IPD-IMGT/HLA 3.63.0,2026-02-19 18:48:49.636716
B*15:635,T,HLAtools_protein_alignment,IPD-IMGT/HLA 3.63.0,2026-02-19 18:48:49.636716
B*15:639,T,HLAtools_protein_alignment,IPD-IMGT/HLA 3.63.0,2026-02-19 18:48:49.636716
B*15:64,T,HLAtools_protein_alignment,IPD-IMGT/HLA 3.63.0,2026-02-19 18:48:49.636716
B*15:640,T,HLAtools_protein_alignment,IPD-IMGT/HLA 3.63.0,2026-02-19 18:48:49.636716
B*15:641,T,HLAtools_protein_alignment,IPD-IMGT/HLA 3.63.0,2026-02-19 18:48:49.636716
B*15:642,T,HLAtools_protein_alignment,IPD-IMGT/HLA 3.63.0,2026-02-19 18:48:49.636716
B*15:643,T,HLAtools_protein_alignment,IPD-IMGT/HLA 3.63.0,2026-02-19 18:48:49.636716
B*15:644,T,HLAtools_protein_alignment,IPD-IMGT/HLA 3.63.0,2026-02-19 18:48:49.636716
B*15:645,T,HLAtools_protein_alignment,IPD-IMGT/HLA 3.63.0,2026-02-19 18:48:49.636716
B*15:646,T,HLAtools_protein_alignment,IPD-IMGT/HLA 3.63.0,2026-02-19 18:48:49.636716
B*15:647,T,HLAtools_protein_alignment,IPD-IMGT/HLA 3.63.0,2026-02-19 18:48:49.636716
B*15:648,T,HLAtools_protein_alignment,IPD-IMGT/HLA 3.63.0,2026-02-19 18:48:49.636716
B*15:649,T,HLAtools_protein_alignment,IPD-IMGT/HLA 3.63.0,2026-02-19 18:48:49.636716
B*15:65,T,HLAtools_protein_alignment,IPD-IMGT/HLA 3.63.0,2026-02-19 18:48:49.636716
B*15:650,T,HLAtools_protein_alignment,IPD-IMGT/HLA 3.63.0,2026-02-19 18:48:49.636716
B*15:651,T,HLAtools_protein_alignment,IPD-IMGT/HLA 3.63.0,2026-02-19 18:48:49.636716
B*15:652,T,HLAtools_protein_alignment,IPD-IMGT/HLA 3.63.0,2026-02-19 18:48:49.636716
B*15:654,T,HLAtools_protein_alignment,IPD-IMGT/HLA 3.63.0,2026-02-19 18:48:49.636716
B*15:655,T,HLAtools_protein_alignment,IPD-IMGT/HLA 3.63.0,2026-02-19 18:48:49.636716
B*15:656,T,HLAtools_protein_alignment,IPD-IMGT/HLA 3.63.0,2026-02-19 18:48:49.636716
B*15:657,T,HLAtools_protein_alignment,IPD-IMGT/HLA 3.63.0,2026-02-19 18:48:49.636716
B*15:658,T,HLAtools_protein_alignment,IPD-IMGT/HLA 3.63.0,2026-02-19 18:48:49.636716
B*15:659,T,HLAtools_protein_alignment,IPD-IMGT/HLA 3.63.0,2026-02-19 18:48:49.636716
B*15:66,T,HLAtools_protein_alignment,IPD-IMGT/HLA 3.63.0,2026-02-19 18:48:49.636716
B*15:660,T,HLAtools_protein_alignment,IPD-IMGT/HLA 3.63.0,2026-02-19 18:48:49.636716
B*15:661,T,HLAtools_protein_alignment,IPD-IMGT/HLA 3.63.0,2026-02-19 18:48:49.636716
B*15:662,T,HLAtools_protein_alignment,IPD-IMGT/HLA 3.63.0,2026-02-19 18:48:49.636716
B*15:663,T,HLAtools_protein_alignment,IPD-IMGT/HLA 3.63.0,2026-02-19 18:48:49.636716
B*15:664,T,HLAtools_protein_alignment,IPD-IMGT/HLA 3.63.0,2026-02-19 18:48:49.636716
B*15:665,T,HLAtools_protein_alignment,IPD-IMGT/HLA 3.63.0,2026-02-19 18:48:49.636716
B*15:666,T,HLAtools_protein_alignment,IPD-IMGT/HLA 3.63.0,2026-02-19 18:48:49.636716
B*15:667,T,HLAtools_protein_alignment,IPD-IMGT/HLA 3.63.0,2026-02-19 18:48:49.636716
B*15:668,T,HLAtools_protein_alignment,IPD-IMGT/HLA 3.63.0,2026-02-19 18:48:49.636716
B*15:669N,T,HLAtools_protein_alignment,IPD-IMGT/HLA 3.63.0,2026-02-19 18:48:49.636716
B*15:67,T,HLAtools_protein_alignment,IPD-IMGT/HLA 3.63.0,2026-02-19 18:48:49.636716
B*15:670,T,HLAtools_protein_alignment,IPD-IMGT/HLA 3.63.0,2026-02-19 18:48:49.636716
B*15:671N,T,HLAtools_protein_alignment,IPD-IMGT/HLA 3.63.0,2026-02-19 18:48:49.636716
B*15:672,T,HLAtools_protein_alignment,IPD-IMGT/HLA 3.63.0,2026-02-19 18:48:49.636716
B*15:673,T,HLAtools_protein_alignment,IPD-IMGT/HLA 3.63.0,2026-02-19 18:48:49.636716
B*15:674,T,HLAtools_protein_alignment,IPD-IMGT/HLA 3.63.0,2026-02-19 18:48:49.636716
B*15:675,T,HLAtools_protein_alignment,IPD-IMGT/HLA 3.63.0,2026-02-19 18:48:49.636716
B*15:676,T,HLAtools_protein_alignment,IPD-IMGT/HLA 3.63.0,2026-02-19 18:48:49.636716
B*15:677,T,HLAtools_protein_alignment,IPD-IMGT/HLA 3.63.0,2026-02-19 18:48:49.636716
B*15:678,T,HLAtools_protein_alignment,IPD-IMGT/HLA 3.63.0,2026-02-19 18:48:49.636716
B*15:679,T,HLAtools_protein_alignment,IPD-IMGT/HLA 3.63.0,2026-02-19 18:48:49.636716
B*15:68,M,HLAtools_protein_alignment,IPD-IMGT/HLA 3.63.0,2026-02-19 18:48:49.636716
B*15:680,T,HLAtools_protein_alignment,IPD-IMGT/HLA 3.63.0,2026-02-19 18:48:49.636716
B*15:681,T,HLAtools_protein_alignment,IPD-IMGT/HLA 3.63.0,2026-02-19 18:48:49.636716
B*15:682,T,HLAtools_protein_alignment,IPD-IMGT/HLA 3.63.0,2026-02-19 18:48:49.636716
B*15:683,T,HLAtools_protein_alignment,IPD-IMGT/HLA 3.63.0,2026-02-19 18:48:49.636716
B*15:684,T,HLAtools_protein_alignment,IPD-IMGT/HLA 3.63.0,2026-02-19 18:48:49.636716
B*15:685,T,HLAtools_protein_alignment,IPD-IMGT/HLA 3.63.0,2026-02-19 18:48:49.636716
B*15:686,T,HLAtools_protein_alignment,IPD-IMGT/HLA 3.63.0,2026-02-19 18:48:49.636716
B*15:687,T,HLAtools_protein_alignment,IPD-IMGT/HLA 3.63.0,2026-02-19 18:48:49.636716
B*15:688,T,HLAtools_protein_alignment,IPD-IMGT/HLA 3.63.0,2026-02-19 18:48:49.636716
B*15:689,T,HLAtools_protein_alignment,IPD-IMGT/HLA 3.63.0,2026-02-19 18:48:49.636716
B*15:690,T,HLAtools_protein_alignment,IPD-IMGT/HLA 3.63.0,2026-02-19 18:48:49.636716
B*15:691,T,HLAtools_protein_alignment,IPD-IMGT/HLA 3.63.0,2026-02-19 18:48:49.636716
B*15:692,T,HLAtools_protein_alignment,IPD-IMGT/HLA 3.63.0,2026-02-19 18:48:49.636716
B*15:693,T,HLAtools_protein_alignment,IPD-IMGT/HLA 3.63.0,2026-02-19 18:48:49.636716
B*15:694,T,HLAtools_protein_alignment,IPD-IMGT/HLA 3.63.0,2026-02-19 18:48:49.636716
B*15:695,T,HLAtools_protein_alignment,IPD-IMGT/HLA 3.63.0,2026-02-19 18:48:49.636716
B*15:696,T,HLAtools_protein_alignment,IPD-IMGT/HLA 3.63.0,2026-02-19 18:48:49.636716
B*15:697,T,HLAtools_protein_alignment,IPD-IMGT/HLA 3.63.0,2026-02-19 18:48:49.636716
B*15:698,T,HLAtools_protein_alignment,IPD-IMGT/HLA 3.63.0,2026-02-19 18:48:49.636716
B*15:699,T,HLAtools_protein_alignment,IPD-IMGT/HLA 3.63.0,2026-02-19 18:48:49.636716
B*15:70,T,HLAtools_protein_alignment,IPD-IMGT/HLA 3.63.0,2026-02-19 18:48:49.636716
B*15:700,T,HLAtools_protein_alignment,IPD-IMGT/HLA 3.63.0,2026-02-19 18:48:49.636716
B*15:701,T,HLAtools_protein_alignment,IPD-IMGT/HLA 3.63.0,2026-02-19 18:48:49.636716
B*15:702,T,HLAtools_protein_alignment,IPD-IMGT/HLA 3.63.0,2026-02-19 18:48:49.636716
B*15:703,T,HLAtools_protein_alignment,IPD-IMGT/HLA 3.63.0,2026-02-19 18:48:49.636716
B*15:704,T,HLAtools_protein_alignment,IPD-IMGT/HLA 3.63.0,2026-02-19 18:48:49.636716
B*15:705,T,HLAtools_protein_alignment,IPD-IMGT/HLA 3.63.0,2026-02-19 18:48:49.636716
B*15:706,T,HLAtools_protein_alignment,IPD-IMGT/HLA 3.63.0,2026-02-19 18:48:49.636716
B*15:707,T,HLAtools_protein_alignment,IPD-IMGT/HLA 3.63.0,2026-02-19 18:48:49.636716
B*15:708,T,HLAtools_protein_alignment,IPD-IMGT/HLA 3.63.0,2026-02-19 18:48:49.636716
B*15:71,T,HLAtools_protein_alignment,IPD-IMGT/HLA 3.63.0,2026-02-19 18:48:49.636716
B*15:710,T,HLAtools_protein_alignment,IPD-IMGT/HLA 3.63.0,2026-02-19 18:48:49.636716
B*15:711,T,HLAtools_protein_alignment,IPD-IMGT/HLA 3.63.0,2026-02-19 18:48:49.636716
B*15:712,T,HLAtools_protein_alignment,IPD-IMGT/HLA 3.63.0,2026-02-19 18:48:49.636716
B*15:713,T,HLAtools_protein_alignment,IPD-IMGT/HLA 3.63.0,2026-02-19 18:48:49.636716
B*15:714,T,HLAtools_protein_alignment,IPD-IMGT/HLA 3.63.0,2026-02-19 18:48:49.636716
B*15:715,T,HLAtools_protein_alignment,IPD-IMGT/HLA 3.63.0,2026-02-19 18:48:49.636716
B*15:716,T,HLAtools_protein_alignment,IPD-IMGT/HLA 3.63.0,2026-02-19 18:48:49.636716
B*15:717,T,HLAtools_protein_alignment,IPD-IMGT/HLA 3.63.0,2026-02-19 18:48:49.636716
B*15:718,T,HLAtools_protein_alignment,IPD-IMGT/HLA 3.63.0,2026-02-19 18:48:49.636716
B*15:719,T,HLAtools_protein_alignment,IPD-IMGT/HLA 3.63.0,2026-02-19 18:48:49.636716
B*15:720,T,HLAtools_protein_alignment,IPD-IMGT/HLA 3.63.0,2026-02-19 18:48:49.636716
B*15:721,T,HLAtools_protein_alignment,IPD-IMGT/HLA 3.63.0,2026-02-19 18:48:49.636716
B*15:722,T,HLAtools_protein_alignment,IPD-IMGT/HLA 3.63.0,2026-02-19 18:48:49.636716
B*15:723,T,HLAtools_protein_alignment,IPD-IMGT/HLA 3.63.0,2026-02-19 18:48:49.636716
B*15:725,T,HLAtools_protein_alignment,IPD-IMGT/HLA 3.63.0,2026-02-19 18:48:49.636716
B*15:726,T,HLAtools_protein_alignment,IPD-IMGT/HLA 3.63.0,2026-02-19 18:48:49.636716
B*15:727,T,HLAtools_protein_alignment,IPD-IMGT/HLA 3.63.0,2026-02-19 18:48:49.636716
B*15:728,T,HLAtools_protein_alignment,IPD-IMGT/HLA 3.63.0,2026-02-19 18:48:49.636716
B*15:729,T,HLAtools_protein_alignment,IPD-IMGT/HLA 3.63.0,2026-02-19 18:48:49.636716
B*15:73,T,HLAtools_protein_alignment,IPD-IMGT/HLA 3.63.0,2026-02-19 18:48:49.636716
B*15:731,T,HLAtools_protein_alignment,IPD-IMGT/HLA 3.63.0,2026-02-19 18:48:49.636716
B*15:733,T,HLAtools_protein_alignment,IPD-IMGT/HLA 3.63.0,2026-02-19 18:48:49.636716
B*15:734,T,HLAtools_protein_alignment,IPD-IMGT/HLA 3.63.0,2026-02-19 18:48:49.636716
B*15:735,T,HLAtools_protein_alignment,IPD-IMGT/HLA 3.63.0,2026-02-19 18:48:49.636716
B*15:736,T,HLAtools_protein_alignment,IPD-IMGT/HLA 3.63.0,2026-02-19 18:48:49.636716
B*15:737N,T,HLAtools_protein_alignment,IPD-IMGT/HLA 3.63.0,2026-02-19 18:48:49.636716
B*15:738,T,HLAtools_protein_alignment,IPD-IMGT/HLA 3.63.0,2026-02-19 18:48:49.636716
B*15:739N,T,HLAtools_protein_alignment,IPD-IMGT/HLA 3.63.0,2026-02-19 18:48:49.636716
B*15:740,T,HLAtools_protein_alignment,IPD-IMGT/HLA 3.63.0,2026-02-19 18:48:49.636716
B*15:741,T,HLAtools_protein_alignment,IPD-IMGT/HLA 3.63.0,2026-02-19 18:48:49.636716
B*15:742,T,HLAtools_protein_alignment,IPD-IMGT/HLA 3.63.0,2026-02-19 18:48:49.636716
B*15:743,T,HLAtools_protein_alignment,IPD-IMGT/HLA 3.63.0,2026-02-19 18:48:49.636716
B*15:744,T,HLAtools_protein_alignment,IPD-IMGT/HLA 3.63.0,2026-02-19 18:48:49.636716
B*15:745,T,HLAtools_protein_alignment,IPD-IMGT/HLA 3.63.0,2026-02-19 18:48:49.636716
B*15:746,T,HLAtools_protein_alignment,IPD-IMGT/HLA 3.63.0,2026-02-19 18:48:49.636716
B*15:747,T,HLAtools_protein_alignment,IPD-IMGT/HLA 3.63.0,2026-02-19 18:48:49.636716
B*15:748,T,HLAtools_protein_alignment,IPD-IMGT/HLA 3.63.0,2026-02-19 18:48:49.636716
B*15:749,T,HLAtools_protein_alignment,IPD-IMGT/HLA 3.63.0,2026-02-19 18:48:49.636716
B*15:75,T,HLAtools_protein_alignment,IPD-IMGT/HLA 3.63.0,2026-02-19 18:48:49.636716
B*15:750,T,HLAtools_protein_alignment,IPD-IMGT/HLA 3.63.0,2026-02-19 18:48:49.636716
B*15:751,T,HLAtools_protein_alignment,IPD-IMGT/HLA 3.63.0,2026-02-19 18:48:49.636716
B*15:752,T,HLAtools_protein_alignment,IPD-IMGT/HLA 3.63.0,2026-02-19 18:48:49.636716
B*15:753,T,HLAtools_protein_alignment,IPD-IMGT/HLA 3.63.0,2026-02-19 18:48:49.636716
B*15:754,T,HLAtools_protein_alignment,IPD-IMGT/HLA 3.63.0,2026-02-19 18:48:49.636716
B*15:755,T,HLAtools_protein_alignment,IPD-IMGT/HLA 3.63.0,2026-02-19 18:48:49.636716
B*15:756,T,HLAtools_protein_alignment,IPD-IMGT/HLA 3.63.0,2026-02-19 18:48:49.636716
B*15:757,T,HLAtools_protein_alignment,IPD-IMGT/HLA 3.63.0,2026-02-19 18:48:49.636716
B*15:758,T,HLAtools_protein_alignment,IPD-IMGT/HLA 3.63.0,2026-02-19 18:48:49.636716
B*15:759,T,HLAtools_protein_alignment,IPD-IMGT/HLA 3.63.0,2026-02-19 18:48:49.636716
B*15:760,T,HLAtools_protein_alignment,IPD-IMGT/HLA 3.63.0,2026-02-19 18:48:49.636716
B*15:77,T,HLAtools_protein_alignment,IPD-IMGT/HLA 3.63.0,2026-02-19 18:48:49.636716
B*15:78,T,HLAtools_protein_alignment,IPD-IMGT/HLA 3.63.0,2026-02-19 18:48:49.636716
B*15:79N,T,HLAtools_protein_alignment,IPD-IMGT/HLA 3.63.0,2026-02-19 18:48:49.636716
B*15:81,T,HLAtools_protein_alignment,IPD-IMGT/HLA 3.63.0,2026-02-19 18:48:49.636716
B*15:82,T,HLAtools_protein_alignment,IPD-IMGT/HLA 3.63.0,2026-02-19 18:48:49.636716
B*15:83,T,HLAtools_protein_alignment,IPD-IMGT/HLA 3.63.0,2026-02-19 18:48:49.636716
B*15:88,T,HLAtools_protein_alignment,IPD-IMGT/HLA 3.63.0,2026-02-19 18:48:49.636716
B*15:89,T,HLAtools_protein_alignment,IPD-IMGT/HLA 3.63.0,2026-02-19 18:48:49.636716
B*15:93,T,HLAtools_protein_alignment,IPD-IMGT/HLA 3.63.0,2026-02-19 18:48:49.636716
B*15:98,T,HLAtools_protein_alignment,IPD-IMGT/HLA 3.63.0,2026-02-19 18:48:49.636716
B*15:99,T,HLAtools_protein_alignment,IPD-IMGT/HLA 3.63.0,2026-02-19 18:48:49.636716
B*18:01,T,HLAtools_protein_alignment,IPD-IMGT/HLA 3.63.0,2026-02-19 18:48:49.636716
B*18:01Q,T,HLAtools_protein_alignment,IPD-IMGT/HLA 3.63.0,2026-02-19 18:48:49.636716
B*18:02,T,HLAtools_protein_alignment,IPD-IMGT/HLA 3.63.0,2026-02-19 18:48:49.636716
B*18:03,T,HLAtools_protein_alignment,IPD-IMGT/HLA 3.63.0,2026-02-19 18:48:49.636716
B*18:04,T,HLAtools_protein_alignment,IPD-IMGT/HLA 3.63.0,2026-02-19 18:48:49.636716
B*18:05,T,HLAtools_protein_alignment,IPD-IMGT/HLA 3.63.0,2026-02-19 18:48:49.636716
B*18:06,T,HLAtools_protein_alignment,IPD-IMGT/HLA 3.63.0,2026-02-19 18:48:49.636716
B*18:07,T,HLAtools_protein_alignment,IPD-IMGT/HLA 3.63.0,2026-02-19 18:48:49.636716
B*18:08,T,HLAtools_protein_alignment,IPD-IMGT/HLA 3.63.0,2026-02-19 18:48:49.636716
B*18:09,T,HLAtools_protein_alignment,IPD-IMGT/HLA 3.63.0,2026-02-19 18:48:49.636716
B*18:105,T,HLAtools_protein_alignment,IPD-IMGT/HLA 3.63.0,2026-02-19 18:48:49.636716
B*18:107,T,HLAtools_protein_alignment,IPD-IMGT/HLA 3.63.0,2026-02-19 18:48:49.636716
B*18:108,T,HLAtools_protein_alignment,IPD-IMGT/HLA 3.63.0,2026-02-19 18:48:49.636716
B*18:11,T,HLAtools_protein_alignment,IPD-IMGT/HLA 3.63.0,2026-02-19 18:48:49.636716
B*18:110,T,HLAtools_protein_alignment,IPD-IMGT/HLA 3.63.0,2026-02-19 18:48:49.636716
B*18:113,T,HLAtools_protein_alignment,IPD-IMGT/HLA 3.63.0,2026-02-19 18:48:49.636716
B*18:115,T,HLAtools_protein_alignment,IPD-IMGT/HLA 3.63.0,2026-02-19 18:48:49.636716
B*18:119,T,HLAtools_protein_alignment,IPD-IMGT/HLA 3.63.0,2026-02-19 18:48:49.636716
B*18:12,T,HLAtools_protein_alignment,IPD-IMGT/HLA 3.63.0,2026-02-19 18:48:49.636716
B*18:121,T,HLAtools_protein_alignment,IPD-IMGT/HLA 3.63.0,2026-02-19 18:48:49.636716
B*18:122,T,HLAtools_protein_alignment,IPD-IMGT/HLA 3.63.0,2026-02-19 18:48:49.636716
B*18:124,T,HLAtools_protein_alignment,IPD-IMGT/HLA 3.63.0,2026-02-19 18:48:49.636716
B*18:13,T,HLAtools_protein_alignment,IPD-IMGT/HLA 3.63.0,2026-02-19 18:48:49.636716
B*18:131,T,HLAtools_protein_alignment,IPD-IMGT/HLA 3.63.0,2026-02-19 18:48:49.636716
B*18:135,T,HLAtools_protein_alignment,IPD-IMGT/HLA 3.63.0,2026-02-19 18:48:49.636716
B*18:137,T,HLAtools_protein_alignment,IPD-IMGT/HLA 3.63.0,2026-02-19 18:48:49.636716
B*18:138N,T,HLAtools_protein_alignment,IPD-IMGT/HLA 3.63.0,2026-02-19 18:48:49.636716
B*18:14,T,HLAtools_protein_alignment,IPD-IMGT/HLA 3.63.0,2026-02-19 18:48:49.636716
B*18:140,T,HLAtools_protein_alignment,IPD-IMGT/HLA 3.63.0,2026-02-19 18:48:49.636716
B*18:141,T,HLAtools_protein_alignment,IPD-IMGT/HLA 3.63.0,2026-02-19 18:48:49.636716
B*18:142,T,HLAtools_protein_alignment,IPD-IMGT/HLA 3.63.0,2026-02-19 18:48:49.636716
B*18:143,T,HLAtools_protein_alignment,IPD-IMGT/HLA 3.63.0,2026-02-19 18:48:49.636716
B*18:144,T,HLAtools_protein_alignment,IPD-IMGT/HLA 3.63.0,2026-02-19 18:48:49.636716
B*18:145,T,HLAtools_protein_alignment,IPD-IMGT/HLA 3.63.0,2026-02-19 18:48:49.636716
B*18:146,T,HLAtools_protein_alignment,IPD-IMGT/HLA 3.63.0,2026-02-19 18:48:49.636716
B*18:147,T,HLAtools_protein_alignment,IPD-IMGT/HLA 3.63.0,2026-02-19 18:48:49.636716
B*18:148,T,HLAtools_protein_alignment,IPD-IMGT/HLA 3.63.0,2026-02-19 18:48:49.636716
B*18:149,T,HLAtools_protein_alignment,IPD-IMGT/HLA 3.63.0,2026-02-19 18:48:49.636716
B*18:150,T,HLAtools_protein_alignment,IPD-IMGT/HLA 3.63.0,2026-02-19 18:48:49.636716
B*18:151,T,HLAtools_protein_alignment,IPD-IMGT/HLA 3.63.0,2026-02-19 18:48:49.636716
B*18:152,T,HLAtools_protein_alignment,IPD-IMGT/HLA 3.63.0,2026-02-19 18:48:49.636716
B*18:153,T,HLAtools_protein_alignment,IPD-IMGT/HLA 3.63.0,2026-02-19 18:48:49.636716
B*18:154N,T,HLAtools_protein_alignment,IPD-IMGT/HLA 3.63.0,2026-02-19 18:48:49.636716
B*18:155,T,HLAtools_protein_alignment,IPD-IMGT/HLA 3.63.0,2026-02-19 18:48:49.636716
B*18:156,T,HLAtools_protein_alignment,IPD-IMGT/HLA 3.63.0,2026-02-19 18:48:49.636716
B*18:157,T,HLAtools_protein_alignment,IPD-IMGT/HLA 3.63.0,2026-02-19 18:48:49.636716
B*18:158,T,HLAtools_protein_alignment,IPD-IMGT/HLA 3.63.0,2026-02-19 18:48:49.636716
B*18:159,T,HLAtools_protein_alignment,IPD-IMGT/HLA 3.63.0,2026-02-19 18:48:49.636716
B*18:160,T,HLAtools_protein_alignment,IPD-IMGT/HLA 3.63.0,2026-02-19 18:48:49.636716
B*18:162,T,HLAtools_protein_alignment,IPD-IMGT/HLA 3.63.0,2026-02-19 18:48:49.636716
B*18:163,T,HLAtools_protein_alignment,IPD-IMGT/HLA 3.63.0,2026-02-19 18:48:49.636716
B*18:164,T,HLAtools_protein_alignment,IPD-IMGT/HLA 3.63.0,2026-02-19 18:48:49.636716
B*18:165,T,HLAtools_protein_alignment,IPD-IMGT/HLA 3.63.0,2026-02-19 18:48:49.636716
B*18:166,T,HLAtools_protein_alignment,IPD-IMGT/HLA 3.63.0,2026-02-19 18:48:49.636716
B*18:167,T,HLAtools_protein_alignment,IPD-IMGT/HLA 3.63.0,2026-02-19 18:48:49.636716
B*18:168,T,HLAtools_protein_alignment,IPD-IMGT/HLA 3.63.0,2026-02-19 18:48:49.636716
B*18:169,T,HLAtools_protein_alignment,IPD-IMGT/HLA 3.63.0,2026-02-19 18:48:49.636716
B*18:170,T,HLAtools_protein_alignment,IPD-IMGT/HLA 3.63.0,2026-02-19 18:48:49.636716
B*18:171,T,HLAtools_protein_alignment,IPD-IMGT/HLA 3.63.0,2026-02-19 18:48:49.636716
B*18:172,T,HLAtools_protein_alignment,IPD-IMGT/HLA 3.63.0,2026-02-19 18:48:49.636716
B*18:173,T,HLAtools_protein_alignment,IPD-IMGT/HLA 3.63.0,2026-02-19 18:48:49.636716
B*18:174,T,HLAtools_protein_alignment,IPD-IMGT/HLA 3.63.0,2026-02-19 18:48:49.636716
B*18:175,T,HLAtools_protein_alignment,IPD-IMGT/HLA 3.63.0,2026-02-19 18:48:49.636716
B*18:176,T,HLAtools_protein_alignment,IPD-IMGT/HLA 3.63.0,2026-02-19 18:48:49.636716
B*18:177,T,HLAtools_protein_alignment,IPD-IMGT/HLA 3.63.0,2026-02-19 18:48:49.636716
B*18:178,T,HLAtools_protein_alignment,IPD-IMGT/HLA 3.63.0,2026-02-19 18:48:49.636716
B*18:179,T,HLAtools_protein_alignment,IPD-IMGT/HLA 3.63.0,2026-02-19 18:48:49.636716
B*18:17N,T,HLAtools_protein_alignment,IPD-IMGT/HLA 3.63.0,2026-02-19 18:48:49.636716
B*18:18,T,HLAtools_protein_alignment,IPD-IMGT/HLA 3.63.0,2026-02-19 18:48:49.636716
B*18:180,T,HLAtools_protein_alignment,IPD-IMGT/HLA 3.63.0,2026-02-19 18:48:49.636716
B*18:181,T,HLAtools_protein_alignment,IPD-IMGT/HLA 3.63.0,2026-02-19 18:48:49.636716
B*18:183,T,HLAtools_protein_alignment,IPD-IMGT/HLA 3.63.0,2026-02-19 18:48:49.636716
B*18:184,T,HLAtools_protein_alignment,IPD-IMGT/HLA 3.63.0,2026-02-19 18:48:49.636716
B*18:185,T,HLAtools_protein_alignment,IPD-IMGT/HLA 3.63.0,2026-02-19 18:48:49.636716
B*18:186,T,HLAtools_protein_alignment,IPD-IMGT/HLA 3.63.0,2026-02-19 18:48:49.636716
B*18:187,T,HLAtools_protein_alignment,IPD-IMGT/HLA 3.63.0,2026-02-19 18:48:49.636716
B*18:188,T,HLAtools_protein_alignment,IPD-IMGT/HLA 3.63.0,2026-02-19 18:48:49.636716
B*18:189,T,HLAtools_protein_alignment,IPD-IMGT/HLA 3.63.0,2026-02-19 18:48:49.636716
B*18:19,T,HLAtools_protein_alignment,IPD-IMGT/HLA 3.63.0,2026-02-19 18:48:49.636716
B*18:190,T,HLAtools_protein_alignment,IPD-IMGT/HLA 3.63.0,2026-02-19 18:48:49.636716
B*18:191,T,HLAtools_protein_alignment,IPD-IMGT/HLA 3.63.0,2026-02-19 18:48:49.636716
B*18:192,T,HLAtools_protein_alignment,IPD-IMGT/HLA 3.63.0,2026-02-19 18:48:49.636716
B*18:193,T,HLAtools_protein_alignment,IPD-IMGT/HLA 3.63.0,2026-02-19 18:48:49.636716
B*18:194,T,HLAtools_protein_alignment,IPD-IMGT/HLA 3.63.0,2026-02-19 18:48:49.636716
B*18:195,T,HLAtools_protein_alignment,IPD-IMGT/HLA 3.63.0,2026-02-19 18:48:49.636716
B*18:196,T,HLAtools_protein_alignment,IPD-IMGT/HLA 3.63.0,2026-02-19 18:48:49.636716
B*18:197,T,HLAtools_protein_alignment,IPD-IMGT/HLA 3.63.0,2026-02-19 18:48:49.636716
B*18:198,T,HLAtools_protein_alignment,IPD-IMGT/HLA 3.63.0,2026-02-19 18:48:49.636716
B*18:199,T,HLAtools_protein_alignment,IPD-IMGT/HLA 3.63.0,2026-02-19 18:48:49.636716
B*18:20,T,HLAtools_protein_alignment,IPD-IMGT/HLA 3.63.0,2026-02-19 18:48:49.636716
B*18:200,T,HLAtools_protein_alignment,IPD-IMGT/HLA 3.63.0,2026-02-19 18:48:49.636716
B*18:202,T,HLAtools_protein_alignment,IPD-IMGT/HLA 3.63.0,2026-02-19 18:48:49.636716
B*18:204,T,HLAtools_protein_alignment,IPD-IMGT/HLA 3.63.0,2026-02-19 18:48:49.636716
B*18:205,T,HLAtools_protein_alignment,IPD-IMGT/HLA 3.63.0,2026-02-19 18:48:49.636716
B*18:206,M,HLAtools_protein_alignment,IPD-IMGT/HLA 3.63.0,2026-02-19 18:48:49.636716
B*18:207,T,HLAtools_protein_alignment,IPD-IMGT/HLA 3.63.0,2026-02-19 18:48:49.636716
B*18:208,T,HLAtools_protein_alignment,IPD-IMGT/HLA 3.63.0,2026-02-19 18:48:49.636716
B*18:209,T,HLAtools_protein_alignment,IPD-IMGT/HLA 3.63.0,2026-02-19 18:48:49.636716
B*18:210,T,HLAtools_protein_alignment,IPD-IMGT/HLA 3.63.0,2026-02-19 18:48:49.636716
B*18:211,T,HLAtools_protein_alignment,IPD-IMGT/HLA 3.63.0,2026-02-19 18:48:49.636716
B*18:212,T,HLAtools_protein_alignment,IPD-IMGT/HLA 3.63.0,2026-02-19 18:48:49.636716
B*18:213,T,HLAtools_protein_alignment,IPD-IMGT/HLA 3.63.0,2026-02-19 18:48:49.636716
B*18:214,T,HLAtools_protein_alignment,IPD-IMGT/HLA 3.63.0,2026-02-19 18:48:49.636716
B*18:215,T,HLAtools_protein_alignment,IPD-IMGT/HLA 3.63.0,2026-02-19 18:48:49.636716
B*18:216,T,HLAtools_protein_alignment,IPD-IMGT/HLA 3.63.0,2026-02-19 18:48:49.636716
B*18:217,T,HLAtools_protein_alignment,IPD-IMGT/HLA 3.63.0,2026-02-19 18:48:49.636716
B*18:218,T,HLAtools_protein_alignment,IPD-IMGT/HLA 3.63.0,2026-02-19 18:48:49.636716
B*18:220,T,HLAtools_protein_alignment,IPD-IMGT/HLA 3.63.0,2026-02-19 18:48:49.636716
B*18:221,T,HLAtools_protein_alignment,IPD-IMGT/HLA 3.63.0,2026-02-19 18:48:49.636716
B*18:222,T,HLAtools_protein_alignment,IPD-IMGT/HLA 3.63.0,2026-02-19 18:48:49.636716
B*18:223,T,HLAtools_protein_alignment,IPD-IMGT/HLA 3.63.0,2026-02-19 18:48:49.636716
B*18:224,T,HLAtools_protein_alignment,IPD-IMGT/HLA 3.63.0,2026-02-19 18:48:49.636716
B*18:225,T,HLAtools_protein_alignment,IPD-IMGT/HLA 3.63.0,2026-02-19 18:48:49.636716
B*18:226,T,HLAtools_protein_alignment,IPD-IMGT/HLA 3.63.0,2026-02-19 18:48:49.636716
B*18:227,T,HLAtools_protein_alignment,IPD-IMGT/HLA 3.63.0,2026-02-19 18:48:49.636716
B*18:228,T,HLAtools_protein_alignment,IPD-IMGT/HLA 3.63.0,2026-02-19 18:48:49.636716
B*18:229,T,HLAtools_protein_alignment,IPD-IMGT/HLA 3.63.0,2026-02-19 18:48:49.636716
B*18:230,T,HLAtools_protein_alignment,IPD-IMGT/HLA 3.63.0,2026-02-19 18:48:49.636716
B*18:231Q,T,HLAtools_protein_alignment,IPD-IMGT/HLA 3.63.0,2026-02-19 18:48:49.636716
B*18:232,T,HLAtools_protein_alignment,IPD-IMGT/HLA 3.63.0,2026-02-19 18:48:49.636716
B*18:233,T,HLAtools_protein_alignment,IPD-IMGT/HLA 3.63.0,2026-02-19 18:48:49.636716
B*18:234,T,HLAtools_protein_alignment,IPD-IMGT/HLA 3.63.0,2026-02-19 18:48:49.636716
B*18:235,T,HLAtools_protein_alignment,IPD-IMGT/HLA 3.63.0,2026-02-19 18:48:49.636716
B*18:236,T,HLAtools_protein_alignment,IPD-IMGT/HLA 3.63.0,2026-02-19 18:48:49.636716
B*18:237,T,HLAtools_protein_alignment,IPD-IMGT/HLA 3.63.0,2026-02-19 18:48:49.636716
B*18:238,T,HLAtools_protein_alignment,IPD-IMGT/HLA 3.63.0,2026-02-19 18:48:49.636716
B*18:239,T,HLAtools_protein_alignment,IPD-IMGT/HLA 3.63.0,2026-02-19 18:48:49.636716
B*18:240,T,HLAtools_protein_alignment,IPD-IMGT/HLA 3.63.0,2026-02-19 18:48:49.636716
B*18:241,T,HLAtools_protein_alignment,IPD-IMGT/HLA 3.63.0,2026-02-19 18:48:49.636716
B*18:242,T,HLAtools_protein_alignment,IPD-IMGT/HLA 3.63.0,2026-02-19 18:48:49.636716
B*18:243,T,HLAtools_protein_alignment,IPD-IMGT/HLA 3.63.0,2026-02-19 18:48:49.636716
B*18:244,T,HLAtools_protein_alignment,IPD-IMGT/HLA 3.63.0,2026-02-19 18:48:49.636716
B*18:246,T,HLAtools_protein_alignment,IPD-IMGT/HLA 3.63.0,2026-02-19 18:48:49.636716
B*18:247,T,HLAtools_protein_alignment,IPD-IMGT/HLA 3.63.0,2026-02-19 18:48:49.636716
B*18:249,T,HLAtools_protein_alignment,IPD-IMGT/HLA 3.63.0,2026-02-19 18:48:49.636716
B*18:25,T,HLAtools_protein_alignment,IPD-IMGT/HLA 3.63.0,2026-02-19 18:48:49.636716
B*18:250,T,HLAtools_protein_alignment,IPD-IMGT/HLA 3.63.0,2026-02-19 18:48:49.636716
B*18:251,T,HLAtools_protein_alignment,IPD-IMGT/HLA 3.63.0,2026-02-19 18:48:49.636716
B*18:252,T,HLAtools_protein_alignment,IPD-IMGT/HLA 3.63.0,2026-02-19 18:48:49.636716
B*18:253,T,HLAtools_protein_alignment,IPD-IMGT/HLA 3.63.0,2026-02-19 18:48:49.636716
B*18:254,T,HLAtools_protein_alignment,IPD-IMGT/HLA 3.63.0,2026-02-19 18:48:49.636716
B*18:255,T,HLAtools_protein_alignment,IPD-IMGT/HLA 3.63.0,2026-02-19 18:48:49.636716
B*18:256,T,HLAtools_protein_alignment,IPD-IMGT/HLA 3.63.0,2026-02-19 18:48:49.636716
B*18:257,T,HLAtools_protein_alignment,IPD-IMGT/HLA 3.63.0,2026-02-19 18:48:49.636716
B*18:258N,T,HLAtools_protein_alignment,IPD-IMGT/HLA 3.63.0,2026-02-19 18:48:49.636716
B*18:259,T,HLAtools_protein_alignment,IPD-IMGT/HLA 3.63.0,2026-02-19 18:48:49.636716
B*18:26,T,HLAtools_protein_alignment,IPD-IMGT/HLA 3.63.0,2026-02-19 18:48:49.636716
B*18:260,T,HLAtools_protein_alignment,IPD-IMGT/HLA 3.63.0,2026-02-19 18:48:49.636716
B*18:261,T,HLAtools_protein_alignment,IPD-IMGT/HLA 3.63.0,2026-02-19 18:48:49.636716
B*18:262,T,HLAtools_protein_alignment,IPD-IMGT/HLA 3.63.0,2026-02-19 18:48:49.636716
B*18:263,T,HLAtools_protein_alignment,IPD-IMGT/HLA 3.63.0,2026-02-19 18:48:49.636716
B*18:264,T,HLAtools_protein_alignment,IPD-IMGT/HLA 3.63.0,2026-02-19 18:48:49.636716
B*18:265,T,HLAtools_protein_alignment,IPD-IMGT/HLA 3.63.0,2026-02-19 18:48:49.636716
B*18:266,T,HLAtools_protein_alignment,IPD-IMGT/HLA 3.63.0,2026-02-19 18:48:49.636716
B*18:267,T,HLAtools_protein_alignment,IPD-IMGT/HLA 3.63.0,2026-02-19 18:48:49.636716
B*18:268,T,HLAtools_protein_alignment,IPD-IMGT/HLA 3.63.0,2026-02-19 18:48:49.636716
B*18:269N,T,HLAtools_protein_alignment,IPD-IMGT/HLA 3.63.0,2026-02-19 18:48:49.636716
B*18:28,T,HLAtools_protein_alignment,IPD-IMGT/HLA 3.63.0,2026-02-19 18:48:49.636716
B*18:31,T,HLAtools_protein_alignment,IPD-IMGT/HLA 3.63.0,2026-02-19 18:48:49.636716
B*18:33,T,HLAtools_protein_alignment,IPD-IMGT/HLA 3.63.0,2026-02-19 18:48:49.636716
B*18:34,T,HLAtools_protein_alignment,IPD-IMGT/HLA 3.63.0,2026-02-19 18:48:49.636716
B*18:36,T,HLAtools_protein_alignment,IPD-IMGT/HLA 3.63.0,2026-02-19 18:48:49.636716
B*18:37,T,HLAtools_protein_alignment,IPD-IMGT/HLA 3.63.0,2026-02-19 18:48:49.636716
B*18:40,T,HLAtools_protein_alignment,IPD-IMGT/HLA 3.63.0,2026-02-19 18:48:49.636716
B*18:57,T,HLAtools_protein_alignment,IPD-IMGT/HLA 3.63.0,2026-02-19 18:48:49.636716
B*18:68,T,HLAtools_protein_alignment,IPD-IMGT/HLA 3.63.0,2026-02-19 18:48:49.636716
B*18:69,T,HLAtools_protein_alignment,IPD-IMGT/HLA 3.63.0,2026-02-19 18:48:49.636716
B*18:72,T,HLAtools_protein_alignment,IPD-IMGT/HLA 3.63.0,2026-02-19 18:48:49.636716
B*18:73,T,HLAtools_protein_alignment,IPD-IMGT/HLA 3.63.0,2026-02-19 18:48:49.636716
B*18:94N,T,HLAtools_protein_alignment,IPD-IMGT/HLA 3.63.0,2026-02-19 18:48:49.636716
B*18:96,T,HLAtools_protein_alignment,IPD-IMGT/HLA 3.63.0,2026-02-19 18:48:49.636716
B*18:98,T,HLAtools_protein_alignment,IPD-IMGT/HLA 3.63.0,2026-02-19 18:48:49.636716
B*27:01,T,HLAtools_protein_alignment,IPD-IMGT/HLA 3.63.0,2026-02-19 18:48:49.636716
B*27:02,T,HLAtools_protein_alignment,IPD-IMGT/HLA 3.63.0,2026-02-19 18:48:49.636716
B*27:03,T,HLAtools_protein_alignment,IPD-IMGT/HLA 3.63.0,2026-02-19 18:48:49.636716
B*27:04,T,HLAtools_protein_alignment,IPD-IMGT/HLA 3.63.0,2026-02-19 18:48:49.636716
B*27:05,T,HLAtools_protein_alignment,IPD-IMGT/HLA 3.63.0,2026-02-19 18:48:49.636716
B*27:05Q,T,HLAtools_protein_alignment,IPD-IMGT/HLA 3.63.0,2026-02-19 18:48:49.636716
B*27:06,T,HLAtools_protein_alignment,IPD-IMGT/HLA 3.63.0,2026-02-19 18:48:49.636716
B*27:07,T,HLAtools_protein_alignment,IPD-IMGT/HLA 3.63.0,2026-02-19 18:48:49.636716
B*27:07Q,T,HLAtools_protein_alignment,IPD-IMGT/HLA 3.63.0,2026-02-19 18:48:49.636716
B*27:08,T,HLAtools_protein_alignment,IPD-IMGT/HLA 3.63.0,2026-02-19 18:48:49.636716
B*27:09,T,HLAtools_protein_alignment,IPD-IMGT/HLA 3.63.0,2026-02-19 18:48:49.636716
B*27:10,T,HLAtools_protein_alignment,IPD-IMGT/HLA 3.63.0,2026-02-19 18:48:49.636716
B*27:101,T,HLAtools_protein_alignment,IPD-IMGT/HLA 3.63.0,2026-02-19 18:48:49.636716
B*27:102,T,HLAtools_protein_alignment,IPD-IMGT/HLA 3.63.0,2026-02-19 18:48:49.636716
B*27:109,T,HLAtools_protein_alignment,IPD-IMGT/HLA 3.63.0,2026-02-19 18:48:49.636716
B*27:11,T,HLAtools_protein_alignment,IPD-IMGT/HLA 3.63.0,2026-02-19 18:48:49.636716
B*27:110,T,HLAtools_protein_alignment,IPD-IMGT/HLA 3.63.0,2026-02-19 18:48:49.636716
B*27:111,T,HLAtools_protein_alignment,IPD-IMGT/HLA 3.63.0,2026-02-19 18:48:49.636716
B*27:112,T,HLAtools_protein_alignment,IPD-IMGT/HLA 3.63.0,2026-02-19 18:48:49.636716
B*27:113,T,HLAtools_protein_alignment,IPD-IMGT/HLA 3.63.0,2026-02-19 18:48:49.636716
B*27:114,T,HLAtools_protein_alignment,IPD-IMGT/HLA 3.63.0,2026-02-19 18:48:49.636716
B*27:115,T,HLAtools_protein_alignment,IPD-IMGT/HLA 3.63.0,2026-02-19 18:48:49.636716
B*27:116,T,HLAtools_protein_alignment,IPD-IMGT/HLA 3.63.0,2026-02-19 18:48:49.636716
B*27:117,T,HLAtools_protein_alignment,IPD-IMGT/HLA 3.63.0,2026-02-19 18:48:49.636716
B*27:118,T,HLAtools_protein_alignment,IPD-IMGT/HLA 3.63.0,2026-02-19 18:48:49.636716
B*27:12,T,HLAtools_protein_alignment,IPD-IMGT/HLA 3.63.0,2026-02-19 18:48:49.636716
B*27:123,T,HLAtools_protein_alignment,IPD-IMGT/HLA 3.63.0,2026-02-19 18:48:49.636716
B*27:125,T,HLAtools_protein_alignment,IPD-IMGT/HLA 3.63.0,2026-02-19 18:48:49.636716
B*27:128,T,HLAtools_protein_alignment,IPD-IMGT/HLA 3.63.0,2026-02-19 18:48:49.636716
B*27:13,T,HLAtools_protein_alignment,IPD-IMGT/HLA 3.63.0,2026-02-19 18:48:49.636716
B*27:131,T,HLAtools_protein_alignment,IPD-IMGT/HLA 3.63.0,2026-02-19 18:48:49.636716
B*27:137,T,HLAtools_protein_alignment,IPD-IMGT/HLA 3.63.0,2026-02-19 18:48:49.636716
B*27:14,T,HLAtools_protein_alignment,IPD-IMGT/HLA 3.63.0,2026-02-19 18:48:49.636716
B*27:142,T,HLAtools_protein_alignment,IPD-IMGT/HLA 3.63.0,2026-02-19 18:48:49.636716
B*27:144,T,HLAtools_protein_alignment,IPD-IMGT/HLA 3.63.0,2026-02-19 18:48:49.636716
B*27:146,T,HLAtools_protein_alignment,IPD-IMGT/HLA 3.63.0,2026-02-19 18:48:49.636716
B*27:148,T,HLAtools_protein_alignment,IPD-IMGT/HLA 3.63.0,2026-02-19 18:48:49.636716
B*27:15,T,HLAtools_protein_alignment,IPD-IMGT/HLA 3.63.0,2026-02-19 18:48:49.636716
B*27:150,T,HLAtools_protein_alignment,IPD-IMGT/HLA 3.63.0,2026-02-19 18:48:49.636716
B*27:157,T,HLAtools_protein_alignment,IPD-IMGT/HLA 3.63.0,2026-02-19 18:48:49.636716
B*27:158,T,HLAtools_protein_alignment,IPD-IMGT/HLA 3.63.0,2026-02-19 18:48:49.636716
B*27:162,T,HLAtools_protein_alignment,IPD-IMGT/HLA 3.63.0,2026-02-19 18:48:49.636716
B*27:163,T,HLAtools_protein_alignment,IPD-IMGT/HLA 3.63.0,2026-02-19 18:48:49.636716
B*27:165,T,HLAtools_protein_alignment,IPD-IMGT/HLA 3.63.0,2026-02-19 18:48:49.636716
B*27:169,T,HLAtools_protein_alignment,IPD-IMGT/HLA 3.63.0,2026-02-19 18:48:49.636716
B*27:17,T,HLAtools_protein_alignment,IPD-IMGT/HLA 3.63.0,2026-02-19 18:48:49.636716
B*27:170,T,HLAtools_protein_alignment,IPD-IMGT/HLA 3.63.0,2026-02-19 18:48:49.636716
B*27:173,T,HLAtools_protein_alignment,IPD-IMGT/HLA 3.63.0,2026-02-19 18:48:49.636716
B*27:174,T,HLAtools_protein_alignment,IPD-IMGT/HLA 3.63.0,2026-02-19 18:48:49.636716
B*27:175,T,HLAtools_protein_alignment,IPD-IMGT/HLA 3.63.0,2026-02-19 18:48:49.636716
B*27:176N,T,HLAtools_protein_alignment,IPD-IMGT/HLA 3.63.0,2026-02-19 18:48:49.636716
B*27:177,T,HLAtools_protein_alignment,IPD-IMGT/HLA 3.63.0,2026-02-19 18:48:49.636716
B*27:178,T,HLAtools_protein_alignment,IPD-IMGT/HLA 3.63.0,2026-02-19 18:48:49.636716
B*27:179,T,HLAtools_protein_alignment,IPD-IMGT/HLA 3.63.0,2026-02-19 18:48:49.636716
B*27:18,T,HLAtools_protein_alignment,IPD-IMGT/HLA 3.63.0,2026-02-19 18:48:49.636716
B*27:180,T,HLAtools_protein_alignment,IPD-IMGT/HLA 3.63.0,2026-02-19 18:48:49.636716
B*27:181,T,HLAtools_protein_alignment,IPD-IMGT/HLA 3.63.0,2026-02-19 18:48:49.636716
B*27:182,T,HLAtools_protein_alignment,IPD-IMGT/HLA 3.63.0,2026-02-19 18:48:49.636716
B*27:183,T,HLAtools_protein_alignment,IPD-IMGT/HLA 3.63.0,2026-02-19 18:48:49.636716
B*27:184,T,HLAtools_protein_alignment,IPD-IMGT/HLA 3.63.0,2026-02-19 18:48:49.636716
B*27:185Q,T,HLAtools_protein_alignment,IPD-IMGT/HLA 3.63.0,2026-02-19 18:48:49.636716
B*27:186,T,HLAtools_protein_alignment,IPD-IMGT/HLA 3.63.0,2026-02-19 18:48:49.636716
B*27:187,T,HLAtools_protein_alignment,IPD-IMGT/HLA 3.63.0,2026-02-19 18:48:49.636716
B*27:188,T,HLAtools_protein_alignment,IPD-IMGT/HLA 3.63.0,2026-02-19 18:48:49.636716
B*27:189,T,HLAtools_protein_alignment,IPD-IMGT/HLA 3.63.0,2026-02-19 18:48:49.636716
B*27:19,T,HLAtools_protein_alignment,IPD-IMGT/HLA 3.63.0,2026-02-19 18:48:49.636716
B*27:190,T,HLAtools_protein_alignment,IPD-IMGT/HLA 3.63.0,2026-02-19 18:48:49.636716
B*27:191,T,HLAtools_protein_alignment,IPD-IMGT/HLA 3.63.0,2026-02-19 18:48:49.636716
B*27:192,T,HLAtools_protein_alignment,IPD-IMGT/HLA 3.63.0,2026-02-19 18:48:49.636716
B*27:193,T,HLAtools_protein_alignment,IPD-IMGT/HLA 3.63.0,2026-02-19 18:48:49.636716
B*27:194,T,HLAtools_protein_alignment,IPD-IMGT/HLA 3.63.0,2026-02-19 18:48:49.636716
B*27:195,T,HLAtools_protein_alignment,IPD-IMGT/HLA 3.63.0,2026-02-19 18:48:49.636716
B*27:196,T,HLAtools_protein_alignment,IPD-IMGT/HLA 3.63.0,2026-02-19 18:48:49.636716
B*27:197,T,HLAtools_protein_alignment,IPD-IMGT/HLA 3.63.0,2026-02-19 18:48:49.636716
B*27:198,T,HLAtools_protein_alignment,IPD-IMGT/HLA 3.63.0,2026-02-19 18:48:49.636716
B*27:199,T,HLAtools_protein_alignment,IPD-IMGT/HLA 3.63.0,2026-02-19 18:48:49.636716
B*27:20,T,HLAtools_protein_alignment,IPD-IMGT/HLA 3.63.0,2026-02-19 18:48:49.636716
B*27:200,T,HLAtools_protein_alignment,IPD-IMGT/HLA 3.63.0,2026-02-19 18:48:49.636716
B*27:201,T,HLAtools_protein_alignment,IPD-IMGT/HLA 3.63.0,2026-02-19 18:48:49.636716
B*27:202,T,HLAtools_protein_alignment,IPD-IMGT/HLA 3.63.0,2026-02-19 18:48:49.636716
B*27:203,T,HLAtools_protein_alignment,IPD-IMGT/HLA 3.63.0,2026-02-19 18:48:49.636716
B*27:204,T,HLAtools_protein_alignment,IPD-IMGT/HLA 3.63.0,2026-02-19 18:48:49.636716
B*27:205,T,HLAtools_protein_alignment,IPD-IMGT/HLA 3.63.0,2026-02-19 18:48:49.636716
B*27:206,T,HLAtools_protein_alignment,IPD-IMGT/HLA 3.63.0,2026-02-19 18:48:49.636716
B*27:207,T,HLAtools_protein_alignment,IPD-IMGT/HLA 3.63.0,2026-02-19 18:48:49.636716
B*27:208,T,HLAtools_protein_alignment,IPD-IMGT/HLA 3.63.0,2026-02-19 18:48:49.636716
B*27:209,T,HLAtools_protein_alignment,IPD-IMGT/HLA 3.63.0,2026-02-19 18:48:49.636716
B*27:21,T,HLAtools_protein_alignment,IPD-IMGT/HLA 3.63.0,2026-02-19 18:48:49.636716
B*27:210,T,HLAtools_protein_alignment,IPD-IMGT/HLA 3.63.0,2026-02-19 18:48:49.636716
B*27:211,T,HLAtools_protein_alignment,IPD-IMGT/HLA 3.63.0,2026-02-19 18:48:49.636716
B*27:212N,T,HLAtools_protein_alignment,IPD-IMGT/HLA 3.63.0,2026-02-19 18:48:49.636716
B*27:213,T,HLAtools_protein_alignment,IPD-IMGT/HLA 3.63.0,2026-02-19 18:48:49.636716
B*27:214,T,HLAtools_protein_alignment,IPD-IMGT/HLA 3.63.0,2026-02-19 18:48:49.636716
B*27:216,T,HLAtools_protein_alignment,IPD-IMGT/HLA 3.63.0,2026-02-19 18:48:49.636716
B*27:217,T,HLAtools_protein_alignment,IPD-IMGT/HLA 3.63.0,2026-02-19 18:48:49.636716
B*27:218,T,HLAtools_protein_alignment,IPD-IMGT/HLA 3.63.0,2026-02-19 18:48:49.636716
B*27:219,T,HLAtools_protein_alignment,IPD-IMGT/HLA 3.63.0,2026-02-19 18:48:49.636716
B*27:220,T,HLAtools_protein_alignment,IPD-IMGT/HLA 3.63.0,2026-02-19 18:48:49.636716
B*27:221,T,HLAtools_protein_alignment,IPD-IMGT/HLA 3.63.0,2026-02-19 18:48:49.636716
B*27:222,T,HLAtools_protein_alignment,IPD-IMGT/HLA 3.63.0,2026-02-19 18:48:49.636716
B*27:223N,T,HLAtools_protein_alignment,IPD-IMGT/HLA 3.63.0,2026-02-19 18:48:49.636716
B*27:224,T,HLAtools_protein_alignment,IPD-IMGT/HLA 3.63.0,2026-02-19 18:48:49.636716
B*27:225N,T,HLAtools_protein_alignment,IPD-IMGT/HLA 3.63.0,2026-02-19 18:48:49.636716
B*27:227,T,HLAtools_protein_alignment,IPD-IMGT/HLA 3.63.0,2026-02-19 18:48:49.636716
B*27:229,T,HLAtools_protein_alignment,IPD-IMGT/HLA 3.63.0,2026-02-19 18:48:49.636716
B*27:23,T,HLAtools_protein_alignment,IPD-IMGT/HLA 3.63.0,2026-02-19 18:48:49.636716
B*27:230,T,HLAtools_protein_alignment,IPD-IMGT/HLA 3.63.0,2026-02-19 18:48:49.636716
B*27:231,T,HLAtools_protein_alignment,IPD-IMGT/HLA 3.63.0,2026-02-19 18:48:49.636716
B*27:232,T,HLAtools_protein_alignment,IPD-IMGT/HLA 3.63.0,2026-02-19 18:48:49.636716
B*27:233,T,HLAtools_protein_alignment,IPD-IMGT/HLA 3.63.0,2026-02-19 18:48:49.636716
B*27:234,T,HLAtools_protein_alignment,IPD-IMGT/HLA 3.63.0,2026-02-19 18:48:49.636716
B*27:235,T,HLAtools_protein_alignment,IPD-IMGT/HLA 3.63.0,2026-02-19 18:48:49.636716
B*27:236,T,HLAtools_protein_alignment,IPD-IMGT/HLA 3.63.0,2026-02-19 18:48:49.636716
B*27:237,T,HLAtools_protein_alignment,IPD-IMGT/HLA 3.63.0,2026-02-19 18:48:49.636716
B*27:238,T,HLAtools_protein_alignment,IPD-IMGT/HLA 3.63.0,2026-02-19 18:48:49.636716
B*27:239,T,HLAtools_protein_alignment,IPD-IMGT/HLA 3.63.0,2026-02-19 18:48:49.636716
B*27:24,T,HLAtools_protein_alignment,IPD-IMGT/HLA 3.63.0,2026-02-19 18:48:49.636716
B*27:240,T,HLAtools_protein_alignment,IPD-IMGT/HLA 3.63.0,2026-02-19 18:48:49.636716
B*27:241,T,HLAtools_protein_alignment,IPD-IMGT/HLA 3.63.0,2026-02-19 18:48:49.636716
B*27:242,T,HLAtools_protein_alignment,IPD-IMGT/HLA 3.63.0,2026-02-19 18:48:49.636716
B*27:243N,T,HLAtools_protein_alignment,IPD-IMGT/HLA 3.63.0,2026-02-19 18:48:49.636716
B*27:244,T,HLAtools_protein_alignment,IPD-IMGT/HLA 3.63.0,2026-02-19 18:48:49.636716
B*27:245,T,HLAtools_protein_alignment,IPD-IMGT/HLA 3.63.0,2026-02-19 18:48:49.636716
B*27:246N,T,HLAtools_protein_alignment,IPD-IMGT/HLA 3.63.0,2026-02-19 18:48:49.636716
B*27:247,T,HLAtools_protein_alignment,IPD-IMGT/HLA 3.63.0,2026-02-19 18:48:49.636716
B*27:248,T,HLAtools_protein_alignment,IPD-IMGT/HLA 3.63.0,2026-02-19 18:48:49.636716
B*27:249,T,HLAtools_protein_alignment,IPD-IMGT/HLA 3.63.0,2026-02-19 18:48:49.636716
B*27:25,T,HLAtools_protein_alignment,IPD-IMGT/HLA 3.63.0,2026-02-19 18:48:49.636716
B*27:250,T,HLAtools_protein_alignment,IPD-IMGT/HLA 3.63.0,2026-02-19 18:48:49.636716
B*27:251,T,HLAtools_protein_alignment,IPD-IMGT/HLA 3.63.0,2026-02-19 18:48:49.636716
B*27:252,T,HLAtools_protein_alignment,IPD-IMGT/HLA 3.63.0,2026-02-19 18:48:49.636716
B*27:253Q,T,HLAtools_protein_alignment,IPD-IMGT/HLA 3.63.0,2026-02-19 18:48:49.636716
B*27:254N,T,HLAtools_protein_alignment,IPD-IMGT/HLA 3.63.0,2026-02-19 18:48:49.636716
B*27:255,T,HLAtools_protein_alignment,IPD-IMGT/HLA 3.63.0,2026-02-19 18:48:49.636716
B*27:256,T,HLAtools_protein_alignment,IPD-IMGT/HLA 3.63.0,2026-02-19 18:48:49.636716
B*27:257,T,HLAtools_protein_alignment,IPD-IMGT/HLA 3.63.0,2026-02-19 18:48:49.636716
B*27:258,T,HLAtools_protein_alignment,IPD-IMGT/HLA 3.63.0,2026-02-19 18:48:49.636716
B*27:259,T,HLAtools_protein_alignment,IPD-IMGT/HLA 3.63.0,2026-02-19 18:48:49.636716
B*27:260,T,HLAtools_protein_alignment,IPD-IMGT/HLA 3.63.0,2026-02-19 18:48:49.636716
B*27:261N,T,HLAtools_protein_alignment,IPD-IMGT/HLA 3.63.0,2026-02-19 18:48:49.636716
B*27:262,T,HLAtools_protein_alignment,IPD-IMGT/HLA 3.63.0,2026-02-19 18:48:49.636716
B*27:263N,T,HLAtools_protein_alignment,IPD-IMGT/HLA 3.63.0,2026-02-19 18:48:49.636716
B*27:265,T,HLAtools_protein_alignment,IPD-IMGT/HLA 3.63.0,2026-02-19 18:48:49.636716
B*27:266,T,HLAtools_protein_alignment,IPD-IMGT/HLA 3.63.0,2026-02-19 18:48:49.636716
B*27:267,T,HLAtools_protein_alignment,IPD-IMGT/HLA 3.63.0,2026-02-19 18:48:49.636716
B*27:268,T,HLAtools_protein_alignment,IPD-IMGT/HLA 3.63.0,2026-02-19 18:48:49.636716
B*27:269,T,HLAtools_protein_alignment,IPD-IMGT/HLA 3.63.0,2026-02-19 18:48:49.636716
B*27:27,T,HLAtools_protein_alignment,IPD-IMGT/HLA 3.63.0,2026-02-19 18:48:49.636716
B*27:270,T,HLAtools_protein_alignment,IPD-IMGT/HLA 3.63.0,2026-02-19 18:48:49.636716
B*27:271,T,HLAtools_protein_alignment,IPD-IMGT/HLA 3.63.0,2026-02-19 18:48:49.636716
B*27:272,T,HLAtools_protein_alignment,IPD-IMGT/HLA 3.63.0,2026-02-19 18:48:49.636716
B*27:273,T,HLAtools_protein_alignment,IPD-IMGT/HLA 3.63.0,2026-02-19 18:48:49.636716
B*27:274,T,HLAtools_protein_alignment,IPD-IMGT/HLA 3.63.0,2026-02-19 18:48:49.636716
B*27:275,T,HLAtools_protein_alignment,IPD-IMGT/HLA 3.63.0,2026-02-19 18:48:49.636716
B*27:276,T,HLAtools_protein_alignment,IPD-IMGT/HLA 3.63.0,2026-02-19 18:48:49.636716
B*27:277,T,HLAtools_protein_alignment,IPD-IMGT/HLA 3.63.0,2026-02-19 18:48:49.636716
B*27:278,T,HLAtools_protein_alignment,IPD-IMGT/HLA 3.63.0,2026-02-19 18:48:49.636716
B*27:279,T,HLAtools_protein_alignment,IPD-IMGT/HLA 3.63.0,2026-02-19 18:48:49.636716
B*27:28,T,HLAtools_protein_alignment,IPD-IMGT/HLA 3.63.0,2026-02-19 18:48:49.636716
B*27:280,T,HLAtools_protein_alignment,IPD-IMGT/HLA 3.63.0,2026-02-19 18:48:49.636716
B*27:281,T,HLAtools_protein_alignment,IPD-IMGT/HLA 3.63.0,2026-02-19 18:48:49.636716
B*27:282,T,HLAtools_protein_alignment,IPD-IMGT/HLA 3.63.0,2026-02-19 18:48:49.636716
B*27:283,T,HLAtools_protein_alignment,IPD-IMGT/HLA 3.63.0,2026-02-19 18:48:49.636716
B*27:284,T,HLAtools_protein_alignment,IPD-IMGT/HLA 3.63.0,2026-02-19 18:48:49.636716
B*27:285,T,HLAtools_protein_alignment,IPD-IMGT/HLA 3.63.0,2026-02-19 18:48:49.636716
B*27:286,T,HLAtools_protein_alignment,IPD-IMGT/HLA 3.63.0,2026-02-19 18:48:49.636716
B*27:287N,T,HLAtools_protein_alignment,IPD-IMGT/HLA 3.63.0,2026-02-19 18:48:49.636716
B*27:288,T,HLAtools_protein_alignment,IPD-IMGT/HLA 3.63.0,2026-02-19 18:48:49.636716
B*27:289,T,HLAtools_protein_alignment,IPD-IMGT/HLA 3.63.0,2026-02-19 18:48:49.636716
B*27:290,T,HLAtools_protein_alignment,IPD-IMGT/HLA 3.63.0,2026-02-19 18:48:49.636716
B*27:291,T,HLAtools_protein_alignment,IPD-IMGT/HLA 3.63.0,2026-02-19 18:48:49.636716
B*27:292,T,HLAtools_protein_alignment,IPD-IMGT/HLA 3.63.0,2026-02-19 18:48:49.636716
B*27:293,T,HLAtools_protein_alignment,IPD-IMGT/HLA 3.63.0,2026-02-19 18:48:49.636716
B*27:294,T,HLAtools_protein_alignment,IPD-IMGT/HLA 3.63.0,2026-02-19 18:48:49.636716
B*27:295,T,HLAtools_protein_alignment,IPD-IMGT/HLA 3.63.0,2026-02-19 18:48:49.636716
B*27:296,T,HLAtools_protein_alignment,IPD-IMGT/HLA 3.63.0,2026-02-19 18:48:49.636716
B*27:297,T,HLAtools_protein_alignment,IPD-IMGT/HLA 3.63.0,2026-02-19 18:48:49.636716
B*27:298,T,HLAtools_protein_alignment,IPD-IMGT/HLA 3.63.0,2026-02-19 18:48:49.636716
B*27:299,T,HLAtools_protein_alignment,IPD-IMGT/HLA 3.63.0,2026-02-19 18:48:49.636716
B*27:30,T,HLAtools_protein_alignment,IPD-IMGT/HLA 3.63.0,2026-02-19 18:48:49.636716
B*27:300,T,HLAtools_protein_alignment,IPD-IMGT/HLA 3.63.0,2026-02-19 18:48:49.636716
B*27:301,T,HLAtools_protein_alignment,IPD-IMGT/HLA 3.63.0,2026-02-19 18:48:49.636716
B*27:302,T,HLAtools_protein_alignment,IPD-IMGT/HLA 3.63.0,2026-02-19 18:48:49.636716
B*27:303,T,HLAtools_protein_alignment,IPD-IMGT/HLA 3.63.0,2026-02-19 18:48:49.636716
B*27:32,T,HLAtools_protein_alignment,IPD-IMGT/HLA 3.63.0,2026-02-19 18:48:49.636716
B*27:35,T,HLAtools_protein_alignment,IPD-IMGT/HLA 3.63.0,2026-02-19 18:48:49.636716
B*27:37,T,HLAtools_protein_alignment,IPD-IMGT/HLA 3.63.0,2026-02-19 18:48:49.636716
B*27:47,T,HLAtools_protein_alignment,IPD-IMGT/HLA 3.63.0,2026-02-19 18:48:49.636716
B*27:52,T,HLAtools_protein_alignment,IPD-IMGT/HLA 3.63.0,2026-02-19 18:48:49.636716
B*27:66N,T,HLAtools_protein_alignment,IPD-IMGT/HLA 3.63.0,2026-02-19 18:48:49.636716
B*27:68,T,HLAtools_protein_alignment,IPD-IMGT/HLA 3.63.0,2026-02-19 18:48:49.636716
B*27:69,T,HLAtools_protein_alignment,IPD-IMGT/HLA 3.63.0,2026-02-19 18:48:49.636716
B*27:70,T,HLAtools_protein_alignment,IPD-IMGT/HLA 3.63.0,2026-02-19 18:48:49.636716
B*27:90,T,HLAtools_protein_alignment,IPD-IMGT/HLA 3.63.0,2026-02-19 18:48:49.636716
B*27:91,T,HLAtools_protein_alignment,IPD-IMGT/HLA 3.63.0,2026-02-19 18:48:49.636716
B*27:96,T,HLAtools_protein_alignment,IPD-IMGT/HLA 3.63.0,2026-02-19 18:48:49.636716
B*27:98,T,HLAtools_protein_alignment,IPD-IMGT/HLA 3.63.0,2026-02-19 18:48:49.636716
B*35:01,T,HLAtools_protein_alignment,IPD-IMGT/HLA 3.63.0,2026-02-19 18:48:49.636716
B*35:02,T,HLAtools_protein_alignment,IPD-IMGT/HLA 3.63.0,2026-02-19 18:48:49.636716
B*35:03,T,HLAtools_protein_alignment,IPD-IMGT/HLA 3.63.0,2026-02-19 18:48:49.636716
B*35:04,T,HLAtools_protein_alignment,IPD-IMGT/HLA 3.63.0,2026-02-19 18:48:49.636716
B*35:05,T,HLAtools_protein_alignment,IPD-IMGT/HLA 3.63.0,2026-02-19 18:48:49.636716
B*35:06,T,HLAtools_protein_alignment,IPD-IMGT/HLA 3.63.0,2026-02-19 18:48:49.636716
B*35:07,T,HLAtools_protein_alignment,IPD-IMGT/HLA 3.63.0,2026-02-19 18:48:49.636716
B*35:08,T,HLAtools_protein_alignment,IPD-IMGT/HLA 3.63.0,2026-02-19 18:48:49.636716
B*35:09,T,HLAtools_protein_alignment,IPD-IMGT/HLA 3.63.0,2026-02-19 18:48:49.636716
B*35:10,T,HLAtools_protein_alignment,IPD-IMGT/HLA 3.63.0,2026-02-19 18:48:49.636716
B*35:103,T,HLAtools_protein_alignment,IPD-IMGT/HLA 3.63.0,2026-02-19 18:48:49.636716
B*35:108,T,HLAtools_protein_alignment,IPD-IMGT/HLA 3.63.0,2026-02-19 18:48:49.636716
B*35:11,T,HLAtools_protein_alignment,IPD-IMGT/HLA 3.63.0,2026-02-19 18:48:49.636716
B*35:112,T,HLAtools_protein_alignment,IPD-IMGT/HLA 3.63.0,2026-02-19 18:48:49.636716
B*35:113,T,HLAtools_protein_alignment,IPD-IMGT/HLA 3.63.0,2026-02-19 18:48:49.636716
B*35:116,T,HLAtools_protein_alignment,IPD-IMGT/HLA 3.63.0,2026-02-19 18:48:49.636716
B*35:12,T,HLAtools_protein_alignment,IPD-IMGT/HLA 3.63.0,2026-02-19 18:48:49.636716
B*35:123,T,HLAtools_protein_alignment,IPD-IMGT/HLA 3.63.0,2026-02-19 18:48:49.636716
B*35:13,T,HLAtools_protein_alignment,IPD-IMGT/HLA 3.63.0,2026-02-19 18:48:49.636716
B*35:131,T,HLAtools_protein_alignment,IPD-IMGT/HLA 3.63.0,2026-02-19 18:48:49.636716
B*35:135,T,HLAtools_protein_alignment,IPD-IMGT/HLA 3.63.0,2026-02-19 18:48:49.636716
B*35:136,T,HLAtools_protein_alignment,IPD-IMGT/HLA 3.63.0,2026-02-19 18:48:49.636716
B*35:137,T,HLAtools_protein_alignment,IPD-IMGT/HLA 3.63.0,2026-02-19 18:48:49.636716
B*35:138,T,HLAtools_protein_alignment,IPD-IMGT/HLA 3.63.0,2026-02-19 18:48:49.636716
B*35:14,T,HLAtools_protein_alignment,IPD-IMGT/HLA 3.63.0,2026-02-19 18:48:49.636716
B*35:141,T,HLAtools_protein_alignment,IPD-IMGT/HLA 3.63.0,2026-02-19 18:48:49.636716
B*35:147,T,HLAtools_protein_alignment,IPD-IMGT/HLA 3.63.0,2026-02-19 18:48:49.636716
B*35:148,T,HLAtools_protein_alignment,IPD-IMGT/HLA 3.63.0,2026-02-19 18:48:49.636716
B*35:15,T,HLAtools_protein_alignment,IPD-IMGT/HLA 3.63.0,2026-02-19 18:48:49.636716
B*35:151,T,HLAtools_protein_alignment,IPD-IMGT/HLA 3.63.0,2026-02-19 18:48:49.636716
B*35:16,T,HLAtools_protein_alignment,IPD-IMGT/HLA 3.63.0,2026-02-19 18:48:49.636716
B*35:17,T,HLAtools_protein_alignment,IPD-IMGT/HLA 3.63.0,2026-02-19 18:48:49.636716
B*35:178,T,HLAtools_protein_alignment,IPD-IMGT/HLA 3.63.0,2026-02-19 18:48:49.636716
B*35:185,T,HLAtools_protein_alignment,IPD-IMGT/HLA 3.63.0,2026-02-19 18:48:49.636716
B*35:19,T,HLAtools_protein_alignment,IPD-IMGT/HLA 3.63.0,2026-02-19 18:48:49.636716
B*35:20,T,HLAtools_protein_alignment,IPD-IMGT/HLA 3.63.0,2026-02-19 18:48:49.636716
B*35:205,T,HLAtools_protein_alignment,IPD-IMGT/HLA 3.63.0,2026-02-19 18:48:49.636716
B*35:208,T,HLAtools_protein_alignment,IPD-IMGT/HLA 3.63.0,2026-02-19 18:48:49.636716
B*35:21,T,HLAtools_protein_alignment,IPD-IMGT/HLA 3.63.0,2026-02-19 18:48:49.636716
B*35:215,T,HLAtools_protein_alignment,IPD-IMGT/HLA 3.63.0,2026-02-19 18:48:49.636716
B*35:22,T,HLAtools_protein_alignment,IPD-IMGT/HLA 3.63.0,2026-02-19 18:48:49.636716
B*35:228,T,HLAtools_protein_alignment,IPD-IMGT/HLA 3.63.0,2026-02-19 18:48:49.636716
B*35:23,T,HLAtools_protein_alignment,IPD-IMGT/HLA 3.63.0,2026-02-19 18:48:49.636716
B*35:230,T,HLAtools_protein_alignment,IPD-IMGT/HLA 3.63.0,2026-02-19 18:48:49.636716
B*35:231,T,HLAtools_protein_alignment,IPD-IMGT/HLA 3.63.0,2026-02-19 18:48:49.636716
B*35:235,T,HLAtools_protein_alignment,IPD-IMGT/HLA 3.63.0,2026-02-19 18:48:49.636716
B*35:236,T,HLAtools_protein_alignment,IPD-IMGT/HLA 3.63.0,2026-02-19 18:48:49.636716
B*35:24,T,HLAtools_protein_alignment,IPD-IMGT/HLA 3.63.0,2026-02-19 18:48:49.636716
B*35:240,T,HLAtools_protein_alignment,IPD-IMGT/HLA 3.63.0,2026-02-19 18:48:49.636716
B*35:241,T,HLAtools_protein_alignment,IPD-IMGT/HLA 3.63.0,2026-02-19 18:48:49.636716
B*35:242,T,HLAtools_protein_alignment,IPD-IMGT/HLA 3.63.0,2026-02-19 18:48:49.636716
B*35:244,T,HLAtools_protein_alignment,IPD-IMGT/HLA 3.63.0,2026-02-19 18:48:49.636716
B*35:245,T,HLAtools_protein_alignment,IPD-IMGT/HLA 3.63.0,2026-02-19 18:48:49.636716
B*35:246,T,HLAtools_protein_alignment,IPD-IMGT/HLA 3.63.0,2026-02-19 18:48:49.636716
B*35:247,T,HLAtools_protein_alignment,IPD-IMGT/HLA 3.63.0,2026-02-19 18:48:49.636716
B*35:248,T,HLAtools_protein_alignment,IPD-IMGT/HLA 3.63.0,2026-02-19 18:48:49.636716
B*35:249,T,HLAtools_protein_alignment,IPD-IMGT/HLA 3.63.0,2026-02-19 18:48:49.636716
B*35:25,T,HLAtools_protein_alignment,IPD-IMGT/HLA 3.63.0,2026-02-19 18:48:49.636716
B*35:250,T,HLAtools_protein_alignment,IPD-IMGT/HLA 3.63.0,2026-02-19 18:48:49.636716
B*35:259,T,HLAtools_protein_alignment,IPD-IMGT/HLA 3.63.0,2026-02-19 18:48:49.636716
B*35:26,T,HLAtools_protein_alignment,IPD-IMGT/HLA 3.63.0,2026-02-19 18:48:49.636716
B*35:263,T,HLAtools_protein_alignment,IPD-IMGT/HLA 3.63.0,2026-02-19 18:48:49.636716
B*35:27,T,HLAtools_protein_alignment,IPD-IMGT/HLA 3.63.0,2026-02-19 18:48:49.636716
B*35:270,T,HLAtools_protein_alignment,IPD-IMGT/HLA 3.63.0,2026-02-19 18:48:49.636716
B*35:271,T,HLAtools_protein_alignment,IPD-IMGT/HLA 3.63.0,2026-02-19 18:48:49.636716
B*35:273,T,HLAtools_protein_alignment,IPD-IMGT/HLA 3.63.0,2026-02-19 18:48:49.636716
B*35:279,T,HLAtools_protein_alignment,IPD-IMGT/HLA 3.63.0,2026-02-19 18:48:49.636716
B*35:28,T,HLAtools_protein_alignment,IPD-IMGT/HLA 3.63.0,2026-02-19 18:48:49.636716
B*35:281,T,HLAtools_protein_alignment,IPD-IMGT/HLA 3.63.0,2026-02-19 18:48:49.636716
B*35:285,T,HLAtools_protein_alignment,IPD-IMGT/HLA 3.63.0,2026-02-19 18:48:49.636716
B*35:286,T,HLAtools_protein_alignment,IPD-IMGT/HLA 3.63.0,2026-02-19 18:48:49.636716
B*35:288,T,HLAtools_protein_alignment,IPD-IMGT/HLA 3.63.0,2026-02-19 18:48:49.636716
B*35:29,T,HLAtools_protein_alignment,IPD-IMGT/HLA 3.63.0,2026-02-19 18:48:49.636716
B*35:291,T,HLAtools_protein_alignment,IPD-IMGT/HLA 3.63.0,2026-02-19 18:48:49.636716
B*35:294,T,HLAtools_protein_alignment,IPD-IMGT/HLA 3.63.0,2026-02-19 18:48:49.636716
B*35:296,T,HLAtools_protein_alignment,IPD-IMGT/HLA 3.63.0,2026-02-19 18:48:49.636716
B*35:298,T,HLAtools_protein_alignment,IPD-IMGT/HLA 3.63.0,2026-02-19 18:48:49.636716
B*35:30,T,HLAtools_protein_alignment,IPD-IMGT/HLA 3.63.0,2026-02-19 18:48:49.636716
B*35:300,T,HLAtools_protein_alignment,IPD-IMGT/HLA 3.63.0,2026-02-19 18:48:49.636716
B*35:309,T,HLAtools_protein_alignment,IPD-IMGT/HLA 3.63.0,2026-02-19 18:48:49.636716
B*35:31,T,HLAtools_protein_alignment,IPD-IMGT/HLA 3.63.0,2026-02-19 18:48:49.636716
B*35:313,T,HLAtools_protein_alignment,IPD-IMGT/HLA 3.63.0,2026-02-19 18:48:49.636716
B*35:32,T,HLAtools_protein_alignment,IPD-IMGT/HLA 3.63.0,2026-02-19 18:48:49.636716
B*35:320,T,HLAtools_protein_alignment,IPD-IMGT/HLA 3.63.0,2026-02-19 18:48:49.636716
B*35:325,T,HLAtools_protein_alignment,IPD-IMGT/HLA 3.63.0,2026-02-19 18:48:49.636716
B*35:33,T,HLAtools_protein_alignment,IPD-IMGT/HLA 3.63.0,2026-02-19 18:48:49.636716
B*35:330,T,HLAtools_protein_alignment,IPD-IMGT/HLA 3.63.0,2026-02-19 18:48:49.636716
B*35:331,T,HLAtools_protein_alignment,IPD-IMGT/HLA 3.63.0,2026-02-19 18:48:49.636716
B*35:332,T,HLAtools_protein_alignment,IPD-IMGT/HLA 3.63.0,2026-02-19 18:48:49.636716
B*35:336,T,HLAtools_protein_alignment,IPD-IMGT/HLA 3.63.0,2026-02-19 18:48:49.636716
B*35:337,T,HLAtools_protein_alignment,IPD-IMGT/HLA 3.63.0,2026-02-19 18:48:49.636716
B*35:338,T,HLAtools_protein_alignment,IPD-IMGT/HLA 3.63.0,2026-02-19 18:48:49.636716
B*35:34,T,HLAtools_protein_alignment,IPD-IMGT/HLA 3.63.0,2026-02-19 18:48:49.636716
B*35:344,T,HLAtools_protein_alignment,IPD-IMGT/HLA 3.63.0,2026-02-19 18:48:49.636716
B*35:346,T,HLAtools_protein_alignment,IPD-IMGT/HLA 3.63.0,2026-02-19 18:48:49.636716
B*35:347,T,HLAtools_protein_alignment,IPD-IMGT/HLA 3.63.0,2026-02-19 18:48:49.636716
B*35:35,T,HLAtools_protein_alignment,IPD-IMGT/HLA 3.63.0,2026-02-19 18:48:49.636716
B*35:350,T,HLAtools_protein_alignment,IPD-IMGT/HLA 3.63.0,2026-02-19 18:48:49.636716
B*35:351,T,HLAtools_protein_alignment,IPD-IMGT/HLA 3.63.0,2026-02-19 18:48:49.636716
B*35:352,T,HLAtools_protein_alignment,IPD-IMGT/HLA 3.63.0,2026-02-19 18:48:49.636716
B*35:357,T,HLAtools_protein_alignment,IPD-IMGT/HLA 3.63.0,2026-02-19 18:48:49.636716
B*35:36,T,HLAtools_protein_alignment,IPD-IMGT/HLA 3.63.0,2026-02-19 18:48:49.636716
B*35:360,T,HLAtools_protein_alignment,IPD-IMGT/HLA 3.63.0,2026-02-19 18:48:49.636716
B*35:361,T,HLAtools_protein_alignment,IPD-IMGT/HLA 3.63.0,2026-02-19 18:48:49.636716
B*35:364,T,HLAtools_protein_alignment,IPD-IMGT/HLA 3.63.0,2026-02-19 18:48:49.636716
B*35:365,T,HLAtools_protein_alignment,IPD-IMGT/HLA 3.63.0,2026-02-19 18:48:49.636716
B*35:366,T,HLAtools_protein_alignment,IPD-IMGT/HLA 3.63.0,2026-02-19 18:48:49.636716
B*35:367,T,HLAtools_protein_alignment,IPD-IMGT/HLA 3.63.0,2026-02-19 18:48:49.636716
B*35:368,T,HLAtools_protein_alignment,IPD-IMGT/HLA 3.63.0,2026-02-19 18:48:49.636716
B*35:369,T,HLAtools_protein_alignment,IPD-IMGT/HLA 3.63.0,2026-02-19 18:48:49.636716
B*35:370,T,HLAtools_protein_alignment,IPD-IMGT/HLA 3.63.0,2026-02-19 18:48:49.636716
B*35:371,T,HLAtools_protein_alignment,IPD-IMGT/HLA 3.63.0,2026-02-19 18:48:49.636716
B*35:372,T,HLAtools_protein_alignment,IPD-IMGT/HLA 3.63.0,2026-02-19 18:48:49.636716
B*35:373,T,HLAtools_protein_alignment,IPD-IMGT/HLA 3.63.0,2026-02-19 18:48:49.636716
B*35:374,T,HLAtools_protein_alignment,IPD-IMGT/HLA 3.63.0,2026-02-19 18:48:49.636716
B*35:375,T,HLAtools_protein_alignment,IPD-IMGT/HLA 3.63.0,2026-02-19 18:48:49.636716
B*35:376,T,HLAtools_protein_alignment,IPD-IMGT/HLA 3.63.0,2026-02-19 18:48:49.636716
B*35:377,T,HLAtools_protein_alignment,IPD-IMGT/HLA 3.63.0,2026-02-19 18:48:49.636716
B*35:378,T,HLAtools_protein_alignment,IPD-IMGT/HLA 3.63.0,2026-02-19 18:48:49.636716
B*35:379,T,HLAtools_protein_alignment,IPD-IMGT/HLA 3.63.0,2026-02-19 18:48:49.636716
B*35:38,T,HLAtools_protein_alignment,IPD-IMGT/HLA 3.63.0,2026-02-19 18:48:49.636716
B*35:380,T,HLAtools_protein_alignment,IPD-IMGT/HLA 3.63.0,2026-02-19 18:48:49.636716
B*35:381N,T,HLAtools_protein_alignment,IPD-IMGT/HLA 3.63.0,2026-02-19 18:48:49.636716
B*35:382,T,HLAtools_protein_alignment,IPD-IMGT/HLA 3.63.0,2026-02-19 18:48:49.636716
B*35:383,T,HLAtools_protein_alignment,IPD-IMGT/HLA 3.63.0,2026-02-19 18:48:49.636716
B*35:384,T,HLAtools_protein_alignment,IPD-IMGT/HLA 3.63.0,2026-02-19 18:48:49.636716
B*35:385,T,HLAtools_protein_alignment,IPD-IMGT/HLA 3.63.0,2026-02-19 18:48:49.636716
B*35:386,T,HLAtools_protein_alignment,IPD-IMGT/HLA 3.63.0,2026-02-19 18:48:49.636716
B*35:387,T,HLAtools_protein_alignment,IPD-IMGT/HLA 3.63.0,2026-02-19 18:48:49.636716
B*35:388,T,HLAtools_protein_alignment,IPD-IMGT/HLA 3.63.0,2026-02-19 18:48:49.636716
B*35:389,T,HLAtools_protein_alignment,IPD-IMGT/HLA 3.63.0,2026-02-19 18:48:49.636716
B*35:39,T,HLAtools_protein_alignment,IPD-IMGT/HLA 3.63.0,2026-02-19 18:48:49.636716
B*35:390N,T,HLAtools_protein_alignment,IPD-IMGT/HLA 3.63.0,2026-02-19 18:48:49.636716
B*35:391,T,HLAtools_protein_alignment,IPD-IMGT/HLA 3.63.0,2026-02-19 18:48:49.636716
B*35:392,T,HLAtools_protein_alignment,IPD-IMGT/HLA 3.63.0,2026-02-19 18:48:49.636716
B*35:393,T,HLAtools_protein_alignment,IPD-IMGT/HLA 3.63.0,2026-02-19 18:48:49.636716
B*35:394,T,HLAtools_protein_alignment,IPD-IMGT/HLA 3.63.0,2026-02-19 18:48:49.636716
B*35:395,T,HLAtools_protein_alignment,IPD-IMGT/HLA 3.63.0,2026-02-19 18:48:49.636716
B*35:396,T,HLAtools_protein_alignment,IPD-IMGT/HLA 3.63.0,2026-02-19 18:48:49.636716
B*35:397,T,HLAtools_protein_alignment,IPD-IMGT/HLA 3.63.0,2026-02-19 18:48:49.636716
B*35:398,T,HLAtools_protein_alignment,IPD-IMGT/HLA 3.63.0,2026-02-19 18:48:49.636716
B*35:399,T,HLAtools_protein_alignment,IPD-IMGT/HLA 3.63.0,2026-02-19 18:48:49.636716
B*35:400,T,HLAtools_protein_alignment,IPD-IMGT/HLA 3.63.0,2026-02-19 18:48:49.636716
B*35:401,T,HLAtools_protein_alignment,IPD-IMGT/HLA 3.63.0,2026-02-19 18:48:49.636716
B*35:402,T,HLAtools_protein_alignment,IPD-IMGT/HLA 3.63.0,2026-02-19 18:48:49.636716
B*35:403,T,HLAtools_protein_alignment,IPD-IMGT/HLA 3.63.0,2026-02-19 18:48:49.636716
B*35:406,T,HLAtools_protein_alignment,IPD-IMGT/HLA 3.63.0,2026-02-19 18:48:49.636716
B*35:407,T,HLAtools_protein_alignment,IPD-IMGT/HLA 3.63.0,2026-02-19 18:48:49.636716
B*35:408,T,HLAtools_protein_alignment,IPD-IMGT/HLA 3.63.0,2026-02-19 18:48:49.636716
B*35:409,T,HLAtools_protein_alignment,IPD-IMGT/HLA 3.63.0,2026-02-19 18:48:49.636716
B*35:40N,T,HLAtools_protein_alignment,IPD-IMGT/HLA 3.63.0,2026-02-19 18:48:49.636716
B*35:41,T,HLAtools_protein_alignment,IPD-IMGT/HLA 3.63.0,2026-02-19 18:48:49.636716
B*35:410,T,HLAtools_protein_alignment,IPD-IMGT/HLA 3.63.0,2026-02-19 18:48:49.636716
B*35:411,T,HLAtools_protein_alignment,IPD-IMGT/HLA 3.63.0,2026-02-19 18:48:49.636716
B*35:412,T,HLAtools_protein_alignment,IPD-IMGT/HLA 3.63.0,2026-02-19 18:48:49.636716
B*35:413,T,HLAtools_protein_alignment,IPD-IMGT/HLA 3.63.0,2026-02-19 18:48:49.636716
B*35:415,T,HLAtools_protein_alignment,IPD-IMGT/HLA 3.63.0,2026-02-19 18:48:49.636716
B*35:416,T,HLAtools_protein_alignment,IPD-IMGT/HLA 3.63.0,2026-02-19 18:48:49.636716
B*35:417,T,HLAtools_protein_alignment,IPD-IMGT/HLA 3.63.0,2026-02-19 18:48:49.636716
B*35:418,T,HLAtools_protein_alignment,IPD-IMGT/HLA 3.63.0,2026-02-19 18:48:49.636716
B*35:419,T,HLAtools_protein_alignment,IPD-IMGT/HLA 3.63.0,2026-02-19 18:48:49.636716
B*35:42,T,HLAtools_protein_alignment,IPD-IMGT/HLA 3.63.0,2026-02-19 18:48:49.636716
B*35:420,T,HLAtools_protein_alignment,IPD-IMGT/HLA 3.63.0,2026-02-19 18:48:49.636716
B*35:421,T,HLAtools_protein_alignment,IPD-IMGT/HLA 3.63.0,2026-02-19 18:48:49.636716
B*35:422,T,HLAtools_protein_alignment,IPD-IMGT/HLA 3.63.0,2026-02-19 18:48:49.636716
B*35:423,T,HLAtools_protein_alignment,IPD-IMGT/HLA 3.63.0,2026-02-19 18:48:49.636716
B*35:424,T,HLAtools_protein_alignment,IPD-IMGT/HLA 3.63.0,2026-02-19 18:48:49.636716
B*35:425,T,HLAtools_protein_alignment,IPD-IMGT/HLA 3.63.0,2026-02-19 18:48:49.636716
B*35:427N,T,HLAtools_protein_alignment,IPD-IMGT/HLA 3.63.0,2026-02-19 18:48:49.636716
B*35:428Q,T,HLAtools_protein_alignment,IPD-IMGT/HLA 3.63.0,2026-02-19 18:48:49.636716
B*35:429,T,HLAtools_protein_alignment,IPD-IMGT/HLA 3.63.0,2026-02-19 18:48:49.636716
B*35:43,T,HLAtools_protein_alignment,IPD-IMGT/HLA 3.63.0,2026-02-19 18:48:49.636716
B*35:430N,T,HLAtools_protein_alignment,IPD-IMGT/HLA 3.63.0,2026-02-19 18:48:49.636716
B*35:431,T,HLAtools_protein_alignment,IPD-IMGT/HLA 3.63.0,2026-02-19 18:48:49.636716
B*35:432,T,HLAtools_protein_alignment,IPD-IMGT/HLA 3.63.0,2026-02-19 18:48:49.636716
B*35:433,T,HLAtools_protein_alignment,IPD-IMGT/HLA 3.63.0,2026-02-19 18:48:49.636716
B*35:434,T,HLAtools_protein_alignment,IPD-IMGT/HLA 3.63.0,2026-02-19 18:48:49.636716
B*35:435,T,HLAtools_protein_alignment,IPD-IMGT/HLA 3.63.0,2026-02-19 18:48:49.636716
B*35:436,T,HLAtools_protein_alignment,IPD-IMGT/HLA 3.63.0,2026-02-19 18:48:49.636716
B*35:437,T,HLAtools_protein_alignment,IPD-IMGT/HLA 3.63.0,2026-02-19 18:48:49.636716
B*35:438,T,HLAtools_protein_alignment,IPD-IMGT/HLA 3.63.0,2026-02-19 18:48:49.636716
B*35:439,T,HLAtools_protein_alignment,IPD-IMGT/HLA 3.63.0,2026-02-19 18:48:49.636716
B*35:44,T,HLAtools_protein_alignment,IPD-IMGT/HLA 3.63.0,2026-02-19 18:48:49.636716
B*35:440,T,HLAtools_protein_alignment,IPD-IMGT/HLA 3.63.0,2026-02-19 18:48:49.636716
B*35:441,T,HLAtools_protein_alignment,IPD-IMGT/HLA 3.63.0,2026-02-19 18:48:49.636716
B*35:442,T,HLAtools_protein_alignment,IPD-IMGT/HLA 3.63.0,2026-02-19 18:48:49.636716
B*35:443,T,HLAtools_protein_alignment,IPD-IMGT/HLA 3.63.0,2026-02-19 18:48:49.636716
B*35:445,T,HLAtools_protein_alignment,IPD-IMGT/HLA 3.63.0,2026-02-19 18:48:49.636716
B*35:447,T,HLAtools_protein_alignment,IPD-IMGT/HLA 3.63.0,2026-02-19 18:48:49.636716
B*35:448N,T,HLAtools_protein_alignment,IPD-IMGT/HLA 3.63.0,2026-02-19 18:48:49.636716
B*35:449,T,HLAtools_protein_alignment,IPD-IMGT/HLA 3.63.0,2026-02-19 18:48:49.636716
B*35:451,T,HLAtools_protein_alignment,IPD-IMGT/HLA 3.63.0,2026-02-19 18:48:49.636716
B*35:452,T,HLAtools_protein_alignment,IPD-IMGT/HLA 3.63.0,2026-02-19 18:48:49.636716
B*35:453N,T,HLAtools_protein_alignment,IPD-IMGT/HLA 3.63.0,2026-02-19 18:48:49.636716
B*35:454,T,HLAtools_protein_alignment,IPD-IMGT/HLA 3.63.0,2026-02-19 18:48:49.636716
B*35:455,T,HLAtools_protein_alignment,IPD-IMGT/HLA 3.63.0,2026-02-19 18:48:49.636716
B*35:456N,T,HLAtools_protein_alignment,IPD-IMGT/HLA 3.63.0,2026-02-19 18:48:49.636716
B*35:457,T,HLAtools_protein_alignment,IPD-IMGT/HLA 3.63.0,2026-02-19 18:48:49.636716
B*35:458,T,HLAtools_protein_alignment,IPD-IMGT/HLA 3.63.0,2026-02-19 18:48:49.636716
B*35:459N,T,HLAtools_protein_alignment,IPD-IMGT/HLA 3.63.0,2026-02-19 18:48:49.636716
B*35:46,T,HLAtools_protein_alignment,IPD-IMGT/HLA 3.63.0,2026-02-19 18:48:49.636716
B*35:460Q,T,HLAtools_protein_alignment,IPD-IMGT/HLA 3.63.0,2026-02-19 18:48:49.636716
B*35:461N,T,HLAtools_protein_alignment,IPD-IMGT/HLA 3.63.0,2026-02-19 18:48:49.636716
B*35:462,T,HLAtools_protein_alignment,IPD-IMGT/HLA 3.63.0,2026-02-19 18:48:49.636716
B*35:463,T,HLAtools_protein_alignment,IPD-IMGT/HLA 3.63.0,2026-02-19 18:48:49.636716
B*35:464,T,HLAtools_protein_alignment,IPD-IMGT/HLA 3.63.0,2026-02-19 18:48:49.636716
B*35:465,T,HLAtools_protein_alignment,IPD-IMGT/HLA 3.63.0,2026-02-19 18:48:49.636716
B*35:466,T,HLAtools_protein_alignment,IPD-IMGT/HLA 3.63.0,2026-02-19 18:48:49.636716
B*35:467,T,HLAtools_protein_alignment,IPD-IMGT/HLA 3.63.0,2026-02-19 18:48:49.636716
B*35:468,T,HLAtools_protein_alignment,IPD-IMGT/HLA 3.63.0,2026-02-19 18:48:49.636716
B*35:47,T,HLAtools_protein_alignment,IPD-IMGT/HLA 3.63.0,2026-02-19 18:48:49.636716
B*35:470,T,HLAtools_protein_alignment,IPD-IMGT/HLA 3.63.0,2026-02-19 18:48:49.636716
B*35:471,T,HLAtools_protein_alignment,IPD-IMGT/HLA 3.63.0,2026-02-19 18:48:49.636716
B*35:472,T,HLAtools_protein_alignment,IPD-IMGT/HLA 3.63.0,2026-02-19 18:48:49.636716
B*35:473,T,HLAtools_protein_alignment,IPD-IMGT/HLA 3.63.0,2026-02-19 18:48:49.636716
B*35:474,T,HLAtools_protein_alignment,IPD-IMGT/HLA 3.63.0,2026-02-19 18:48:49.636716
B*35:475,T,HLAtools_protein_alignment,IPD-IMGT/HLA 3.63.0,2026-02-19 18:48:49.636716
B*35:476,T,HLAtools_protein_alignment,IPD-IMGT/HLA 3.63.0,2026-02-19 18:48:49.636716
B*35:477,T,HLAtools_protein_alignment,IPD-IMGT/HLA 3.63.0,2026-02-19 18:48:49.636716
B*35:478,T,HLAtools_protein_alignment,IPD-IMGT/HLA 3.63.0,2026-02-19 18:48:49.636716
B*35:479,T,HLAtools_protein_alignment,IPD-IMGT/HLA 3.63.0,2026-02-19 18:48:49.636716
B*35:48,T,HLAtools_protein_alignment,IPD-IMGT/HLA 3.63.0,2026-02-19 18:48:49.636716
B*35:480,T,HLAtools_protein_alignment,IPD-IMGT/HLA 3.63.0,2026-02-19 18:48:49.636716
B*35:481,T,HLAtools_protein_alignment,IPD-IMGT/HLA 3.63.0,2026-02-19 18:48:49.636716
B*35:482,T,HLAtools_protein_alignment,IPD-IMGT/HLA 3.63.0,2026-02-19 18:48:49.636716
B*35:483,T,HLAtools_protein_alignment,IPD-IMGT/HLA 3.63.0,2026-02-19 18:48:49.636716
B*35:484,T,HLAtools_protein_alignment,IPD-IMGT/HLA 3.63.0,2026-02-19 18:48:49.636716
B*35:485,T,HLAtools_protein_alignment,IPD-IMGT/HLA 3.63.0,2026-02-19 18:48:49.636716
B*35:486,T,HLAtools_protein_alignment,IPD-IMGT/HLA 3.63.0,2026-02-19 18:48:49.636716
B*35:487,T,HLAtools_protein_alignment,IPD-IMGT/HLA 3.63.0,2026-02-19 18:48:49.636716
B*35:489,T,HLAtools_protein_alignment,IPD-IMGT/HLA 3.63.0,2026-02-19 18:48:49.636716
B*35:49,T,HLAtools_protein_alignment,IPD-IMGT/HLA 3.63.0,2026-02-19 18:48:49.636716
B*35:490,T,HLAtools_protein_alignment,IPD-IMGT/HLA 3.63.0,2026-02-19 18:48:49.636716
B*35:491,T,HLAtools_protein_alignment,IPD-IMGT/HLA 3.63.0,2026-02-19 18:48:49.636716
B*35:492,T,HLAtools_protein_alignment,IPD-IMGT/HLA 3.63.0,2026-02-19 18:48:49.636716
B*35:493,T,HLAtools_protein_alignment,IPD-IMGT/HLA 3.63.0,2026-02-19 18:48:49.636716
B*35:494,T,HLAtools_protein_alignment,IPD-IMGT/HLA 3.63.0,2026-02-19 18:48:49.636716
B*35:495,T,HLAtools_protein_alignment,IPD-IMGT/HLA 3.63.0,2026-02-19 18:48:49.636716
B*35:496,T,HLAtools_protein_alignment,IPD-IMGT/HLA 3.63.0,2026-02-19 18:48:49.636716
B*35:497,T,HLAtools_protein_alignment,IPD-IMGT/HLA 3.63.0,2026-02-19 18:48:49.636716
B*35:498,T,HLAtools_protein_alignment,IPD-IMGT/HLA 3.63.0,2026-02-19 18:48:49.636716
B*35:499,T,HLAtools_protein_alignment,IPD-IMGT/HLA 3.63.0,2026-02-19 18:48:49.636716
B*35:500,T,HLAtools_protein_alignment,IPD-IMGT/HLA 3.63.0,2026-02-19 18:48:49.636716
B*35:502,T,HLAtools_protein_alignment,IPD-IMGT/HLA 3.63.0,2026-02-19 18:48:49.636716
B*35:503,T,HLAtools_protein_alignment,IPD-IMGT/HLA 3.63.0,2026-02-19 18:48:49.636716
B*35:504,T,HLAtools_protein_alignment,IPD-IMGT/HLA 3.63.0,2026-02-19 18:48:49.636716
B*35:505,T,HLAtools_protein_alignment,IPD-IMGT/HLA 3.63.0,2026-02-19 18:48:49.636716
B*35:506,T,HLAtools_protein_alignment,IPD-IMGT/HLA 3.63.0,2026-02-19 18:48:49.636716
B*35:508N,T,HLAtools_protein_alignment,IPD-IMGT/HLA 3.63.0,2026-02-19 18:48:49.636716
B*35:509,T,HLAtools_protein_alignment,IPD-IMGT/HLA 3.63.0,2026-02-19 18:48:49.636716
B*35:51,T,HLAtools_protein_alignment,IPD-IMGT/HLA 3.63.0,2026-02-19 18:48:49.636716
B*35:510,T,HLAtools_protein_alignment,IPD-IMGT/HLA 3.63.0,2026-02-19 18:48:49.636716
B*35:511,T,HLAtools_protein_alignment,IPD-IMGT/HLA 3.63.0,2026-02-19 18:48:49.636716
B*35:512,T,HLAtools_protein_alignment,IPD-IMGT/HLA 3.63.0,2026-02-19 18:48:49.636716
B*35:513N,T,HLAtools_protein_alignment,IPD-IMGT/HLA 3.63.0,2026-02-19 18:48:49.636716
B*35:514,T,HLAtools_protein_alignment,IPD-IMGT/HLA 3.63.0,2026-02-19 18:48:49.636716
B*35:515,T,HLAtools_protein_alignment,IPD-IMGT/HLA 3.63.0,2026-02-19 18:48:49.636716
B*35:516,M,HLAtools_protein_alignment,IPD-IMGT/HLA 3.63.0,2026-02-19 18:48:49.636716
B*35:517,T,HLAtools_protein_alignment,IPD-IMGT/HLA 3.63.0,2026-02-19 18:48:49.636716
B*35:519,T,HLAtools_protein_alignment,IPD-IMGT/HLA 3.63.0,2026-02-19 18:48:49.636716
B*35:52,T,HLAtools_protein_alignment,IPD-IMGT/HLA 3.63.0,2026-02-19 18:48:49.636716
B*35:520,M,HLAtools_protein_alignment,IPD-IMGT/HLA 3.63.0,2026-02-19 18:48:49.636716
B*35:521,T,HLAtools_protein_alignment,IPD-IMGT/HLA 3.63.0,2026-02-19 18:48:49.636716
B*35:522,T,HLAtools_protein_alignment,IPD-IMGT/HLA 3.63.0,2026-02-19 18:48:49.636716
B*35:524,T,HLAtools_protein_alignment,IPD-IMGT/HLA 3.63.0,2026-02-19 18:48:49.636716
B*35:525,T,HLAtools_protein_alignment,IPD-IMGT/HLA 3.63.0,2026-02-19 18:48:49.636716
B*35:526,T,HLAtools_protein_alignment,IPD-IMGT/HLA 3.63.0,2026-02-19 18:48:49.636716
B*35:527,T,HLAtools_protein_alignment,IPD-IMGT/HLA 3.63.0,2026-02-19 18:48:49.636716
B*35:528,T,HLAtools_protein_alignment,IPD-IMGT/HLA 3.63.0,2026-02-19 18:48:49.636716
B*35:529,T,HLAtools_protein_alignment,IPD-IMGT/HLA 3.63.0,2026-02-19 18:48:49.636716
B*35:530,T,HLAtools_protein_alignment,IPD-IMGT/HLA 3.63.0,2026-02-19 18:48:49.636716
B*35:531,T,HLAtools_protein_alignment,IPD-IMGT/HLA 3.63.0,2026-02-19 18:48:49.636716
B*35:532,T,HLAtools_protein_alignment,IPD-IMGT/HLA 3.63.0,2026-02-19 18:48:49.636716
B*35:533,T,HLAtools_protein_alignment,IPD-IMGT/HLA 3.63.0,2026-02-19 18:48:49.636716
B*35:534,T,HLAtools_protein_alignment,IPD-IMGT/HLA 3.63.0,2026-02-19 18:48:49.636716
B*35:535,T,HLAtools_protein_alignment,IPD-IMGT/HLA 3.63.0,2026-02-19 18:48:49.636716
B*35:536,T,HLAtools_protein_alignment,IPD-IMGT/HLA 3.63.0,2026-02-19 18:48:49.636716
B*35:537,T,HLAtools_protein_alignment,IPD-IMGT/HLA 3.63.0,2026-02-19 18:48:49.636716
B*35:538,T,HLAtools_protein_alignment,IPD-IMGT/HLA 3.63.0,2026-02-19 18:48:49.636716
B*35:539,T,HLAtools_protein_alignment,IPD-IMGT/HLA 3.63.0,2026-02-19 18:48:49.636716
B*35:53N,T,HLAtools_protein_alignment,IPD-IMGT/HLA 3.63.0,2026-02-19 18:48:49.636716
B*35:540,T,HLAtools_protein_alignment,IPD-IMGT/HLA 3.63.0,2026-02-19 18:48:49.636716
B*35:541,T,HLAtools_protein_alignment,IPD-IMGT/HLA 3.63.0,2026-02-19 18:48:49.636716
B*35:542N,T,HLAtools_protein_alignment,IPD-IMGT/HLA 3.63.0,2026-02-19 18:48:49.636716
B*35:543,T,HLAtools_protein_alignment,IPD-IMGT/HLA 3.63.0,2026-02-19 18:48:49.636716
B*35:544,T,HLAtools_protein_alignment,IPD-IMGT/HLA 3.63.0,2026-02-19 18:48:49.636716
B*35:545,T,HLAtools_protein_alignment,IPD-IMGT/HLA 3.63.0,2026-02-19 18:48:49.636716
B*35:546,T,HLAtools_protein_alignment,IPD-IMGT/HLA 3.63.0,2026-02-19 18:48:49.636716
B*35:547,T,HLAtools_protein_alignment,IPD-IMGT/HLA 3.63.0,2026-02-19 18:48:49.636716
B*35:548,T,HLAtools_protein_alignment,IPD-IMGT/HLA 3.63.0,2026-02-19 18:48:49.636716
B*35:549,T,HLAtools_protein_alignment,IPD-IMGT/HLA 3.63.0,2026-02-19 18:48:49.636716
B*35:55,T,HLAtools_protein_alignment,IPD-IMGT/HLA 3.63.0,2026-02-19 18:48:49.636716
B*35:551N,T,HLAtools_protein_alignment,IPD-IMGT/HLA 3.63.0,2026-02-19 18:48:49.636716
B*35:552,T,HLAtools_protein_alignment,IPD-IMGT/HLA 3.63.0,2026-02-19 18:48:49.636716
B*35:553,T,HLAtools_protein_alignment,IPD-IMGT/HLA 3.63.0,2026-02-19 18:48:49.636716
B*35:554,T,HLAtools_protein_alignment,IPD-IMGT/HLA 3.63.0,2026-02-19 18:48:49.636716
B*35:555,T,HLAtools_protein_alignment,IPD-IMGT/HLA 3.63.0,2026-02-19 18:48:49.636716
B*35:556Q,T,HLAtools_protein_alignment,IPD-IMGT/HLA 3.63.0,2026-02-19 18:48:49.636716
B*35:557,T,HLAtools_protein_alignment,IPD-IMGT/HLA 3.63.0,2026-02-19 18:48:49.636716
B*35:558,T,HLAtools_protein_alignment,IPD-IMGT/HLA 3.63.0,2026-02-19 18:48:49.636716
B*35:559,T,HLAtools_protein_alignment,IPD-IMGT/HLA 3.63.0,2026-02-19 18:48:49.636716
B*35:560,T,HLAtools_protein_alignment,IPD-IMGT/HLA 3.63.0,2026-02-19 18:48:49.636716
B*35:561,T,HLAtools_protein_alignment,IPD-IMGT/HLA 3.63.0,2026-02-19 18:48:49.636716
B*35:562,T,HLAtools_protein_alignment,IPD-IMGT/HLA 3.63.0,2026-02-19 18:48:49.636716
B*35:563,T,HLAtools_protein_alignment,IPD-IMGT/HLA 3.63.0,2026-02-19 18:48:49.636716
B*35:564,T,HLAtools_protein_alignment,IPD-IMGT/HLA 3.63.0,2026-02-19 18:48:49.636716
B*35:565,T,HLAtools_protein_alignment,IPD-IMGT/HLA 3.63.0,2026-02-19 18:48:49.636716
B*35:566,T,HLAtools_protein_alignment,IPD-IMGT/HLA 3.63.0,2026-02-19 18:48:49.636716
B*35:567,T,HLAtools_protein_alignment,IPD-IMGT/HLA 3.63.0,2026-02-19 18:48:49.636716
B*35:568,T,HLAtools_protein_alignment,IPD-IMGT/HLA 3.63.0,2026-02-19 18:48:49.636716
B*35:569,T,HLAtools_protein_alignment,IPD-IMGT/HLA 3.63.0,2026-02-19 18:48:49.636716
B*35:57,T,HLAtools_protein_alignment,IPD-IMGT/HLA 3.63.0,2026-02-19 18:48:49.636716
B*35:570,T,HLAtools_protein_alignment,IPD-IMGT/HLA 3.63.0,2026-02-19 18:48:49.636716
B*35:571,T,HLAtools_protein_alignment,IPD-IMGT/HLA 3.63.0,2026-02-19 18:48:49.636716
B*35:572,T,HLAtools_protein_alignment,IPD-IMGT/HLA 3.63.0,2026-02-19 18:48:49.636716
B*35:573,T,HLAtools_protein_alignment,IPD-IMGT/HLA 3.63.0,2026-02-19 18:48:49.636716
B*35:575,T,HLAtools_protein_alignment,IPD-IMGT/HLA 3.63.0,2026-02-19 18:48:49.636716
B*35:576,T,HLAtools_protein_alignment,IPD-IMGT/HLA 3.63.0,2026-02-19 18:48:49.636716
B*35:577,T,HLAtools_protein_alignment,IPD-IMGT/HLA 3.63.0,2026-02-19 18:48:49.636716
B*35:578,T,HLAtools_protein_alignment,IPD-IMGT/HLA 3.63.0,2026-02-19 18:48:49.636716
B*35:579,T,HLAtools_protein_alignment,IPD-IMGT/HLA 3.63.0,2026-02-19 18:48:49.636716
B*35:58,T,HLAtools_protein_alignment,IPD-IMGT/HLA 3.63.0,2026-02-19 18:48:49.636716
B*35:580,T,HLAtools_protein_alignment,IPD-IMGT/HLA 3.63.0,2026-02-19 18:48:49.636716
B*35:581,T,HLAtools_protein_alignment,IPD-IMGT/HLA 3.63.0,2026-02-19 18:48:49.636716
B*35:582,T,HLAtools_protein_alignment,IPD-IMGT/HLA 3.63.0,2026-02-19 18:48:49.636716
B*35:583,T,HLAtools_protein_alignment,IPD-IMGT/HLA 3.63.0,2026-02-19 18:48:49.636716
B*35:584,T,HLAtools_protein_alignment,IPD-IMGT/HLA 3.63.0,2026-02-19 18:48:49.636716
B*35:585,T,HLAtools_protein_alignment,IPD-IMGT/HLA 3.63.0,2026-02-19 18:48:49.636716
B*35:586,T,HLAtools_protein_alignment,IPD-IMGT/HLA 3.63.0,2026-02-19 18:48:49.636716
B*35:587,T,HLAtools_protein_alignment,IPD-IMGT/HLA 3.63.0,2026-02-19 18:48:49.636716
B*35:588,T,HLAtools_protein_alignment,IPD-IMGT/HLA 3.63.0,2026-02-19 18:48:49.636716
B*35:589,T,HLAtools_protein_alignment,IPD-IMGT/HLA 3.63.0,2026-02-19 18:48:49.636716
B*35:59,T,HLAtools_protein_alignment,IPD-IMGT/HLA 3.63.0,2026-02-19 18:48:49.636716
B*35:590,T,HLAtools_protein_alignment,IPD-IMGT/HLA 3.63.0,2026-02-19 18:48:49.636716
B*35:591,T,HLAtools_protein_alignment,IPD-IMGT/HLA 3.63.0,2026-02-19 18:48:49.636716
B*35:592,T,HLAtools_protein_alignment,IPD-IMGT/HLA 3.63.0,2026-02-19 18:48:49.636716
B*35:593,T,HLAtools_protein_alignment,IPD-IMGT/HLA 3.63.0,2026-02-19 18:48:49.636716
B*35:594,T,HLAtools_protein_alignment,IPD-IMGT/HLA 3.63.0,2026-02-19 18:48:49.636716
B*35:595,T,HLAtools_protein_alignment,IPD-IMGT/HLA 3.63.0,2026-02-19 18:48:49.636716
B*35:596,T,HLAtools_protein_alignment,IPD-IMGT/HLA 3.63.0,2026-02-19 18:48:49.636716
B*35:597N,T,HLAtools_protein_alignment,IPD-IMGT/HLA 3.63.0,2026-02-19 18:48:49.636716
B*35:598,T,HLAtools_protein_alignment,IPD-IMGT/HLA 3.63.0,2026-02-19 18:48:49.636716
B*35:60,T,HLAtools_protein_alignment,IPD-IMGT/HLA 3.63.0,2026-02-19 18:48:49.636716
B*35:600,T,HLAtools_protein_alignment,IPD-IMGT/HLA 3.63.0,2026-02-19 18:48:49.636716
B*35:601N,T,HLAtools_protein_alignment,IPD-IMGT/HLA 3.63.0,2026-02-19 18:48:49.636716
B*35:602,T,HLAtools_protein_alignment,IPD-IMGT/HLA 3.63.0,2026-02-19 18:48:49.636716
B*35:603,T,HLAtools_protein_alignment,IPD-IMGT/HLA 3.63.0,2026-02-19 18:48:49.636716
B*35:604,T,HLAtools_protein_alignment,IPD-IMGT/HLA 3.63.0,2026-02-19 18:48:49.636716
B*35:605,T,HLAtools_protein_alignment,IPD-IMGT/HLA 3.63.0,2026-02-19 18:48:49.636716
B*35:606,T,HLAtools_protein_alignment,IPD-IMGT/HLA 3.63.0,2026-02-19 18:48:49.636716
B*35:607,T,HLAtools_protein_alignment,IPD-IMGT/HLA 3.63.0,2026-02-19 18:48:49.636716
B*35:608,T,HLAtools_protein_alignment,IPD-IMGT/HLA 3.63.0,2026-02-19 18:48:49.636716
B*35:609N,T,HLAtools_protein_alignment,IPD-IMGT/HLA 3.63.0,2026-02-19 18:48:49.636716
B*35:610,T,HLAtools_protein_alignment,IPD-IMGT/HLA 3.63.0,2026-02-19 18:48:49.636716
B*35:611,T,HLAtools_protein_alignment,IPD-IMGT/HLA 3.63.0,2026-02-19 18:48:49.636716
B*35:612,T,HLAtools_protein_alignment,IPD-IMGT/HLA 3.63.0,2026-02-19 18:48:49.636716
B*35:613,T,HLAtools_protein_alignment,IPD-IMGT/HLA 3.63.0,2026-02-19 18:48:49.636716
B*35:614,T,HLAtools_protein_alignment,IPD-IMGT/HLA 3.63.0,2026-02-19 18:48:49.636716
B*35:615,T,HLAtools_protein_alignment,IPD-IMGT/HLA 3.63.0,2026-02-19 18:48:49.636716
B*35:616,T,HLAtools_protein_alignment,IPD-IMGT/HLA 3.63.0,2026-02-19 18:48:49.636716
B*35:617,T,HLAtools_protein_alignment,IPD-IMGT/HLA 3.63.0,2026-02-19 18:48:49.636716
B*35:618,T,HLAtools_protein_alignment,IPD-IMGT/HLA 3.63.0,2026-02-19 18:48:49.636716
B*35:619,T,HLAtools_protein_alignment,IPD-IMGT/HLA 3.63.0,2026-02-19 18:48:49.636716
B*35:62,T,HLAtools_protein_alignment,IPD-IMGT/HLA 3.63.0,2026-02-19 18:48:49.636716
B*35:620,T,HLAtools_protein_alignment,IPD-IMGT/HLA 3.63.0,2026-02-19 18:48:49.636716
B*35:621,T,HLAtools_protein_alignment,IPD-IMGT/HLA 3.63.0,2026-02-19 18:48:49.636716
B*35:622,T,HLAtools_protein_alignment,IPD-IMGT/HLA 3.63.0,2026-02-19 18:48:49.636716
B*35:623,T,HLAtools_protein_alignment,IPD-IMGT/HLA 3.63.0,2026-02-19 18:48:49.636716
B*35:624,T,HLAtools_protein_alignment,IPD-IMGT/HLA 3.63.0,2026-02-19 18:48:49.636716
B*35:625,T,HLAtools_protein_alignment,IPD-IMGT/HLA 3.63.0,2026-02-19 18:48:49.636716
B*35:626,T,HLAtools_protein_alignment,IPD-IMGT/HLA 3.63.0,2026-02-19 18:48:49.636716
B*35:627,T,HLAtools_protein_alignment,IPD-IMGT/HLA 3.63.0,2026-02-19 18:48:49.636716
B*35:628,T,HLAtools_protein_alignment,IPD-IMGT/HLA 3.63.0,2026-02-19 18:48:49.636716
B*35:629N,T,HLAtools_protein_alignment,IPD-IMGT/HLA 3.63.0,2026-02-19 18:48:49.636716
B*35:63,T,HLAtools_protein_alignment,IPD-IMGT/HLA 3.63.0,2026-02-19 18:48:49.636716
B*35:630,T,HLAtools_protein_alignment,IPD-IMGT/HLA 3.63.0,2026-02-19 18:48:49.636716
B*35:631,T,HLAtools_protein_alignment,IPD-IMGT/HLA 3.63.0,2026-02-19 18:48:49.636716
B*35:632,T,HLAtools_protein_alignment,IPD-IMGT/HLA 3.63.0,2026-02-19 18:48:49.636716
B*35:633,T,HLAtools_protein_alignment,IPD-IMGT/HLA 3.63.0,2026-02-19 18:48:49.636716
B*35:634,T,HLAtools_protein_alignment,IPD-IMGT/HLA 3.63.0,2026-02-19 18:48:49.636716
B*35:635,T,HLAtools_protein_alignment,IPD-IMGT/HLA 3.63.0,2026-02-19 18:48:49.636716
B*35:636N,T,HLAtools_protein_alignment,IPD-IMGT/HLA 3.63.0,2026-02-19 18:48:49.636716
B*35:637,T,HLAtools_protein_alignment,IPD-IMGT/HLA 3.63.0,2026-02-19 18:48:49.636716
B*35:639,T,HLAtools_protein_alignment,IPD-IMGT/HLA 3.63.0,2026-02-19 18:48:49.636716
B*35:64,T,HLAtools_protein_alignment,IPD-IMGT/HLA 3.63.0,2026-02-19 18:48:49.636716
B*35:640,T,HLAtools_protein_alignment,IPD-IMGT/HLA 3.63.0,2026-02-19 18:48:49.636716
B*35:641,T,HLAtools_protein_alignment,IPD-IMGT/HLA 3.63.0,2026-02-19 18:48:49.636716
B*35:642,T,HLAtools_protein_alignment,IPD-IMGT/HLA 3.63.0,2026-02-19 18:48:49.636716
B*35:643,T,HLAtools_protein_alignment,IPD-IMGT/HLA 3.63.0,2026-02-19 18:48:49.636716
B*35:644,T,HLAtools_protein_alignment,IPD-IMGT/HLA 3.63.0,2026-02-19 18:48:49.636716
B*35:645,T,HLAtools_protein_alignment,IPD-IMGT/HLA 3.63.0,2026-02-19 18:48:49.636716
B*35:646,T,HLAtools_protein_alignment,IPD-IMGT/HLA 3.63.0,2026-02-19 18:48:49.636716
B*35:647,T,HLAtools_protein_alignment,IPD-IMGT/HLA 3.63.0,2026-02-19 18:48:49.636716
B*35:648,T,HLAtools_protein_alignment,IPD-IMGT/HLA 3.63.0,2026-02-19 18:48:49.636716
B*35:649,T,HLAtools_protein_alignment,IPD-IMGT/HLA 3.63.0,2026-02-19 18:48:49.636716
B*35:650,T,HLAtools_protein_alignment,IPD-IMGT/HLA 3.63.0,2026-02-19 18:48:49.636716
B*35:651,T,HLAtools_protein_alignment,IPD-IMGT/HLA 3.63.0,2026-02-19 18:48:49.636716
B*35:653,T,HLAtools_protein_alignment,IPD-IMGT/HLA 3.63.0,2026-02-19 18:48:49.636716
B*35:654,T,HLAtools_protein_alignment,IPD-IMGT/HLA 3.63.0,2026-02-19 18:48:49.636716
B*35:655,T,HLAtools_protein_alignment,IPD-IMGT/HLA 3.63.0,2026-02-19 18:48:49.636716
B*35:656,T,HLAtools_protein_alignment,IPD-IMGT/HLA 3.63.0,2026-02-19 18:48:49.636716
B*35:657,T,HLAtools_protein_alignment,IPD-IMGT/HLA 3.63.0,2026-02-19 18:48:49.636716
B*35:658,T,HLAtools_protein_alignment,IPD-IMGT/HLA 3.63.0,2026-02-19 18:48:49.636716
B*35:659,T,HLAtools_protein_alignment,IPD-IMGT/HLA 3.63.0,2026-02-19 18:48:49.636716
B*35:660N,T,HLAtools_protein_alignment,IPD-IMGT/HLA 3.63.0,2026-02-19 18:48:49.636716
B*35:661N,T,HLAtools_protein_alignment,IPD-IMGT/HLA 3.63.0,2026-02-19 18:48:49.636716
B*35:662,T,HLAtools_protein_alignment,IPD-IMGT/HLA 3.63.0,2026-02-19 18:48:49.636716
B*35:68,T,HLAtools_protein_alignment,IPD-IMGT/HLA 3.63.0,2026-02-19 18:48:49.636716
B*35:70,T,HLAtools_protein_alignment,IPD-IMGT/HLA 3.63.0,2026-02-19 18:48:49.636716
B*35:74,T,HLAtools_protein_alignment,IPD-IMGT/HLA 3.63.0,2026-02-19 18:48:49.636716
B*35:76,T,HLAtools_protein_alignment,IPD-IMGT/HLA 3.63.0,2026-02-19 18:48:49.636716
B*35:77,T,HLAtools_protein_alignment,IPD-IMGT/HLA 3.63.0,2026-02-19 18:48:49.636716
B*35:79,T,HLAtools_protein_alignment,IPD-IMGT/HLA 3.63.0,2026-02-19 18:48:49.636716
B*35:82,T,HLAtools_protein_alignment,IPD-IMGT/HLA 3.63.0,2026-02-19 18:48:49.636716
B*35:84,T,HLAtools_protein_alignment,IPD-IMGT/HLA 3.63.0,2026-02-19 18:48:49.636716
B*35:86,T,HLAtools_protein_alignment,IPD-IMGT/HLA 3.63.0,2026-02-19 18:48:49.636716
B*35:87,T,HLAtools_protein_alignment,IPD-IMGT/HLA 3.63.0,2026-02-19 18:48:49.636716
B*35:90,T,HLAtools_protein_alignment,IPD-IMGT/HLA 3.63.0,2026-02-19 18:48:49.636716
B*35:92,T,HLAtools_protein_alignment,IPD-IMGT/HLA 3.63.0,2026-02-19 18:48:49.636716
B*35:95,T,HLAtools_protein_alignment,IPD-IMGT/HLA 3.63.0,2026-02-19 18:48:49.636716
B*37:01,T,HLAtools_protein_alignment,IPD-IMGT/HLA 3.63.0,2026-02-19 18:48:49.636716
B*37:02,T,HLAtools_protein_alignment,IPD-IMGT/HLA 3.63.0,2026-02-19 18:48:49.636716
B*37:03N,T,HLAtools_protein_alignment,IPD-IMGT/HLA 3.63.0,2026-02-19 18:48:49.636716
B*37:04,T,HLAtools_protein_alignment,IPD-IMGT/HLA 3.63.0,2026-02-19 18:48:49.636716
B*37:05,T,HLAtools_protein_alignment,IPD-IMGT/HLA 3.63.0,2026-02-19 18:48:49.636716
B*37:07,T,HLAtools_protein_alignment,IPD-IMGT/HLA 3.63.0,2026-02-19 18:48:49.636716
B*37:08,T,HLAtools_protein_alignment,IPD-IMGT/HLA 3.63.0,2026-02-19 18:48:49.636716
B*37:10,T,HLAtools_protein_alignment,IPD-IMGT/HLA 3.63.0,2026-02-19 18:48:49.636716
B*37:100,T,HLAtools_protein_alignment,IPD-IMGT/HLA 3.63.0,2026-02-19 18:48:49.636716
B*37:101,T,HLAtools_protein_alignment,IPD-IMGT/HLA 3.63.0,2026-02-19 18:48:49.636716
B*37:102,T,HLAtools_protein_alignment,IPD-IMGT/HLA 3.63.0,2026-02-19 18:48:49.636716
B*37:103,T,HLAtools_protein_alignment,IPD-IMGT/HLA 3.63.0,2026-02-19 18:48:49.636716
B*37:104,T,HLAtools_protein_alignment,IPD-IMGT/HLA 3.63.0,2026-02-19 18:48:49.636716
B*37:105,T,HLAtools_protein_alignment,IPD-IMGT/HLA 3.63.0,2026-02-19 18:48:49.636716
B*37:106,T,HLAtools_protein_alignment,IPD-IMGT/HLA 3.63.0,2026-02-19 18:48:49.636716
B*37:108,T,HLAtools_protein_alignment,IPD-IMGT/HLA 3.63.0,2026-02-19 18:48:49.636716
B*37:109N,T,HLAtools_protein_alignment,IPD-IMGT/HLA 3.63.0,2026-02-19 18:48:49.636716
B*37:11,T,HLAtools_protein_alignment,IPD-IMGT/HLA 3.63.0,2026-02-19 18:48:49.636716
B*37:110,T,HLAtools_protein_alignment,IPD-IMGT/HLA 3.63.0,2026-02-19 18:48:49.636716
B*37:111,T,HLAtools_protein_alignment,IPD-IMGT/HLA 3.63.0,2026-02-19 18:48:49.636716
B*37:112N,T,HLAtools_protein_alignment,IPD-IMGT/HLA 3.63.0,2026-02-19 18:48:49.636716
B*37:113,T,HLAtools_protein_alignment,IPD-IMGT/HLA 3.63.0,2026-02-19 18:48:49.636716
B*37:114,T,HLAtools_protein_alignment,IPD-IMGT/HLA 3.63.0,2026-02-19 18:48:49.636716
B*37:115,T,HLAtools_protein_alignment,IPD-IMGT/HLA 3.63.0,2026-02-19 18:48:49.636716
B*37:116,T,HLAtools_protein_alignment,IPD-IMGT/HLA 3.63.0,2026-02-19 18:48:49.636716
B*37:117,T,HLAtools_protein_alignment,IPD-IMGT/HLA 3.63.0,2026-02-19 18:48:49.636716
B*37:118,T,HLAtools_protein_alignment,IPD-IMGT/HLA 3.63.0,2026-02-19 18:48:49.636716
B*37:119,T,HLAtools_protein_alignment,IPD-IMGT/HLA 3.63.0,2026-02-19 18:48:49.636716
B*37:120N,T,HLAtools_protein_alignment,IPD-IMGT/HLA 3.63.0,2026-02-19 18:48:49.636716
B*37:121,T,HLAtools_protein_alignment,IPD-IMGT/HLA 3.63.0,2026-02-19 18:48:49.636716
B*37:22,T,HLAtools_protein_alignment,IPD-IMGT/HLA 3.63.0,2026-02-19 18:48:49.636716
B*37:34,T,HLAtools_protein_alignment,IPD-IMGT/HLA 3.63.0,2026-02-19 18:48:49.636716
B*37:35,T,HLAtools_protein_alignment,IPD-IMGT/HLA 3.63.0,2026-02-19 18:48:49.636716
B*37:42N,T,HLAtools_protein_alignment,IPD-IMGT/HLA 3.63.0,2026-02-19 18:48:49.636716
B*37:43,T,HLAtools_protein_alignment,IPD-IMGT/HLA 3.63.0,2026-02-19 18:48:49.636716
B*37:45,T,HLAtools_protein_alignment,IPD-IMGT/HLA 3.63.0,2026-02-19 18:48:49.636716
B*37:46,T,HLAtools_protein_alignment,IPD-IMGT/HLA 3.63.0,2026-02-19 18:48:49.636716
B*37:47,T,HLAtools_protein_alignment,IPD-IMGT/HLA 3.63.0,2026-02-19 18:48:49.636716
B*37:51,T,HLAtools_protein_alignment,IPD-IMGT/HLA 3.63.0,2026-02-19 18:48:49.636716
B*37:52,T,HLAtools_protein_alignment,IPD-IMGT/HLA 3.63.0,2026-02-19 18:48:49.636716
B*37:58,T,HLAtools_protein_alignment,IPD-IMGT/HLA 3.63.0,2026-02-19 18:48:49.636716
B*37:62,T,HLAtools_protein_alignment,IPD-IMGT/HLA 3.63.0,2026-02-19 18:48:49.636716
B*37:63,T,HLAtools_protein_alignment,IPD-IMGT/HLA 3.63.0,2026-02-19 18:48:49.636716
B*37:64,T,HLAtools_protein_alignment,IPD-IMGT/HLA 3.63.0,2026-02-19 18:48:49.636716
B*37:68,T,HLAtools_protein_alignment,IPD-IMGT/HLA 3.63.0,2026-02-19 18:48:49.636716
B*37:69,T,HLAtools_protein_alignment,IPD-IMGT/HLA 3.63.0,2026-02-19 18:48:49.636716
B*37:70,T,HLAtools_protein_alignment,IPD-IMGT/HLA 3.63.0,2026-02-19 18:48:49.636716
B*37:71,T,HLAtools_protein_alignment,IPD-IMGT/HLA 3.63.0,2026-02-19 18:48:49.636716
B*37:72,T,HLAtools_protein_alignment,IPD-IMGT/HLA 3.63.0,2026-02-19 18:48:49.636716
B*37:73,T,HLAtools_protein_alignment,IPD-IMGT/HLA 3.63.0,2026-02-19 18:48:49.636716
B*37:74,T,HLAtools_protein_alignment,IPD-IMGT/HLA 3.63.0,2026-02-19 18:48:49.636716
B*37:75,T,HLAtools_protein_alignment,IPD-IMGT/HLA 3.63.0,2026-02-19 18:48:49.636716
B*37:76,T,HLAtools_protein_alignment,IPD-IMGT/HLA 3.63.0,2026-02-19 18:48:49.636716
B*37:77,T,HLAtools_protein_alignment,IPD-IMGT/HLA 3.63.0,2026-02-19 18:48:49.636716
B*37:78,T,HLAtools_protein_alignment,IPD-IMGT/HLA 3.63.0,2026-02-19 18:48:49.636716
B*37:79N,T,HLAtools_protein_alignment,IPD-IMGT/HLA 3.63.0,2026-02-19 18:48:49.636716
B*37:80,T,HLAtools_protein_alignment,IPD-IMGT/HLA 3.63.0,2026-02-19 18:48:49.636716
B*37:81,T,HLAtools_protein_alignment,IPD-IMGT/HLA 3.63.0,2026-02-19 18:48:49.636716
B*37:83,T,HLAtools_protein_alignment,IPD-IMGT/HLA 3.63.0,2026-02-19 18:48:49.636716
B*37:84,T,HLAtools_protein_alignment,IPD-IMGT/HLA 3.63.0,2026-02-19 18:48:49.636716
B*37:85,T,HLAtools_protein_alignment,IPD-IMGT/HLA 3.63.0,2026-02-19 18:48:49.636716
B*37:86N,T,HLAtools_protein_alignment,IPD-IMGT/HLA 3.63.0,2026-02-19 18:48:49.636716
B*37:87,T,HLAtools_protein_alignment,IPD-IMGT/HLA 3.63.0,2026-02-19 18:48:49.636716
B*37:89,T,HLAtools_protein_alignment,IPD-IMGT/HLA 3.63.0,2026-02-19 18:48:49.636716
B*37:90,T,HLAtools_protein_alignment,IPD-IMGT/HLA 3.63.0,2026-02-19 18:48:49.636716
B*37:91,T,HLAtools_protein_alignment,IPD-IMGT/HLA 3.63.0,2026-02-19 18:48:49.636716
B*37:92N,T,HLAtools_protein_alignment,IPD-IMGT/HLA 3.63.0,2026-02-19 18:48:49.636716
B*37:93,T,HLAtools_protein_alignment,IPD-IMGT/HLA 3.63.0,2026-02-19 18:48:49.636716
B*37:94,T,HLAtools_protein_alignment,IPD-IMGT/HLA 3.63.0,2026-02-19 18:48:49.636716
B*37:95,T,HLAtools_protein_alignment,IPD-IMGT/HLA 3.63.0,2026-02-19 18:48:49.636716
B*37:96,T,HLAtools_protein_alignment,IPD-IMGT/HLA 3.63.0,2026-02-19 18:48:49.636716
B*37:97,T,HLAtools_protein_alignment,IPD-IMGT/HLA 3.63.0,2026-02-19 18:48:49.636716
B*37:98,T,HLAtools_protein_alignment,IPD-IMGT/HLA 3.63.0,2026-02-19 18:48:49.636716
B*37:99,T,HLAtools_protein_alignment,IPD-IMGT/HLA 3.63.0,2026-02-19 18:48:49.636716
B*38:01,M,HLAtools_protein_alignment,IPD-IMGT/HLA 3.63.0,2026-02-19 18:48:49.636716
B*38:01Q,M,HLAtools_protein_alignment,IPD-IMGT/HLA 3.63.0,2026-02-19 18:48:49.636716
B*38:02,M,HLAtools_protein_alignment,IPD-IMGT/HLA 3.63.0,2026-02-19 18:48:49.636716
B*38:06,M,HLAtools_protein_alignment,IPD-IMGT/HLA 3.63.0,2026-02-19 18:48:49.636716
B*38:09,M,HLAtools_protein_alignment,IPD-IMGT/HLA 3.63.0,2026-02-19 18:48:49.636716
B*38:100,M,HLAtools_protein_alignment,IPD-IMGT/HLA 3.63.0,2026-02-19 18:48:49.636716
B*38:101,M,HLAtools_protein_alignment,IPD-IMGT/HLA 3.63.0,2026-02-19 18:48:49.636716
B*38:102,M,HLAtools_protein_alignment,IPD-IMGT/HLA 3.63.0,2026-02-19 18:48:49.636716
B*38:103N,M,HLAtools_protein_alignment,IPD-IMGT/HLA 3.63.0,2026-02-19 18:48:49.636716
B*38:104,M,HLAtools_protein_alignment,IPD-IMGT/HLA 3.63.0,2026-02-19 18:48:49.636716
B*38:105,M,HLAtools_protein_alignment,IPD-IMGT/HLA 3.63.0,2026-02-19 18:48:49.636716
B*38:107,M,HLAtools_protein_alignment,IPD-IMGT/HLA 3.63.0,2026-02-19 18:48:49.636716
B*38:108,M,HLAtools_protein_alignment,IPD-IMGT/HLA 3.63.0,2026-02-19 18:48:49.636716
B*38:109,M,HLAtools_protein_alignment,IPD-IMGT/HLA 3.63.0,2026-02-19 18:48:49.636716
B*38:11,M,HLAtools_protein_alignment,IPD-IMGT/HLA 3.63.0,2026-02-19 18:48:49.636716
B*38:110,M,HLAtools_protein_alignment,IPD-IMGT/HLA 3.63.0,2026-02-19 18:48:49.636716
B*38:111,M,HLAtools_protein_alignment,IPD-IMGT/HLA 3.63.0,2026-02-19 18:48:49.636716
B*38:112,M,HLAtools_protein_alignment,IPD-IMGT/HLA 3.63.0,2026-02-19 18:48:49.636716
B*38:113N,M,HLAtools_protein_alignment,IPD-IMGT/HLA 3.63.0,2026-02-19 18:48:49.636716
B*38:115,M,HLAtools_protein_alignment,IPD-IMGT/HLA 3.63.0,2026-02-19 18:48:49.636716
B*38:116,M,HLAtools_protein_alignment,IPD-IMGT/HLA 3.63.0,2026-02-19 18:48:49.636716
B*38:117,M,HLAtools_protein_alignment,IPD-IMGT/HLA 3.63.0,2026-02-19 18:48:49.636716
B*38:118,M,HLAtools_protein_alignment,IPD-IMGT/HLA 3.63.0,2026-02-19 18:48:49.636716
B*38:119,M,HLAtools_protein_alignment,IPD-IMGT/HLA 3.63.0,2026-02-19 18:48:49.636716
B*38:120,M,HLAtools_protein_alignment,IPD-IMGT/HLA 3.63.0,2026-02-19 18:48:49.636716
B*38:121,M,HLAtools_protein_alignment,IPD-IMGT/HLA 3.63.0,2026-02-19 18:48:49.636716
B*38:122,M,HLAtools_protein_alignment,IPD-IMGT/HLA 3.63.0,2026-02-19 18:48:49.636716
B*38:123,M,HLAtools_protein_alignment,IPD-IMGT/HLA 3.63.0,2026-02-19 18:48:49.636716
B*38:124,M,HLAtools_protein_alignment,IPD-IMGT/HLA 3.63.0,2026-02-19 18:48:49.636716
B*38:125,M,HLAtools_protein_alignment,IPD-IMGT/HLA 3.63.0,2026-02-19 18:48:49.636716
B*38:127,M,HLAtools_protein_alignment,IPD-IMGT/HLA 3.63.0,2026-02-19 18:48:49.636716
B*38:128,M,HLAtools_protein_alignment,IPD-IMGT/HLA 3.63.0,2026-02-19 18:48:49.636716
B*38:129,M,HLAtools_protein_alignment,IPD-IMGT/HLA 3.63.0,2026-02-19 18:48:49.636716
B*38:13,M,HLAtools_protein_alignment,IPD-IMGT/HLA 3.63.0,2026-02-19 18:48:49.636716
B*38:130,M,HLAtools_protein_alignment,IPD-IMGT/HLA 3.63.0,2026-02-19 18:48:49.636716
B*38:131,M,HLAtools_protein_alignment,IPD-IMGT/HLA 3.63.0,2026-02-19 18:48:49.636716
B*38:14,M,HLAtools_protein_alignment,IPD-IMGT/HLA 3.63.0,2026-02-19 18:48:49.636716
B*38:16,M,HLAtools_protein_alignment,IPD-IMGT/HLA 3.63.0,2026-02-19 18:48:49.636716
B*38:160,M,HLAtools_protein_alignment,IPD-IMGT/HLA 3.63.0,2026-02-19 18:48:49.636716
B*38:161,M,HLAtools_protein_alignment,IPD-IMGT/HLA 3.63.0,2026-02-19 18:48:49.636716
B*38:162,M,HLAtools_protein_alignment,IPD-IMGT/HLA 3.63.0,2026-02-19 18:48:49.636716
B*38:163,M,HLAtools_protein_alignment,IPD-IMGT/HLA 3.63.0,2026-02-19 18:48:49.636716
B*38:165N,M,HLAtools_protein_alignment,IPD-IMGT/HLA 3.63.0,2026-02-19 18:48:49.636716
B*38:166,M,HLAtools_protein_alignment,IPD-IMGT/HLA 3.63.0,2026-02-19 18:48:49.636716
B*38:167,M,HLAtools_protein_alignment,IPD-IMGT/HLA 3.63.0,2026-02-19 18:48:49.636716
B*38:168,M,HLAtools_protein_alignment,IPD-IMGT/HLA 3.63.0,2026-02-19 18:48:49.636716
B*38:169,M,HLAtools_protein_alignment,IPD-IMGT/HLA 3.63.0,2026-02-19 18:48:49.636716
B*38:17,M,HLAtools_protein_alignment,IPD-IMGT/HLA 3.63.0,2026-02-19 18:48:49.636716
B*38:170,M,HLAtools_protein_alignment,IPD-IMGT/HLA 3.63.0,2026-02-19 18:48:49.636716
B*38:171,M,HLAtools_protein_alignment,IPD-IMGT/HLA 3.63.0,2026-02-19 18:48:49.636716
B*38:172,M,HLAtools_protein_alignment,IPD-IMGT/HLA 3.63.0,2026-02-19 18:48:49.636716
B*38:18,M,HLAtools_protein_alignment,IPD-IMGT/HLA 3.63.0,2026-02-19 18:48:49.636716
B*38:20,M,HLAtools_protein_alignment,IPD-IMGT/HLA 3.63.0,2026-02-19 18:48:49.636716
B*38:24,M,HLAtools_protein_alignment,IPD-IMGT/HLA 3.63.0,2026-02-19 18:48:49.636716
B*38:28,M,HLAtools_protein_alignment,IPD-IMGT/HLA 3.63.0,2026-02-19 18:48:49.636716
B*38:35,M,HLAtools_protein_alignment,IPD-IMGT/HLA 3.63.0,2026-02-19 18:48:49.636716
B*38:46,M,HLAtools_protein_alignment,IPD-IMGT/HLA 3.63.0,2026-02-19 18:48:49.636716
B*38:47,M,HLAtools_protein_alignment,IPD-IMGT/HLA 3.63.0,2026-02-19 18:48:49.636716
B*38:49,M,HLAtools_protein_alignment,IPD-IMGT/HLA 3.63.0,2026-02-19 18:48:49.636716
B*38:50,M,HLAtools_protein_alignment,IPD-IMGT/HLA 3.63.0,2026-02-19 18:48:49.636716
B*38:58,M,HLAtools_protein_alignment,IPD-IMGT/HLA 3.63.0,2026-02-19 18:48:49.636716
B*38:60,M,HLAtools_protein_alignment,IPD-IMGT/HLA 3.63.0,2026-02-19 18:48:49.636716
B*38:68L,M,HLAtools_protein_alignment,IPD-IMGT/HLA 3.63.0,2026-02-19 18:48:49.636716
B*38:69,M,HLAtools_protein_alignment,IPD-IMGT/HLA 3.63.0,2026-02-19 18:48:49.636716
B*38:70,M,HLAtools_protein_alignment,IPD-IMGT/HLA 3.63.0,2026-02-19 18:48:49.636716
B*38:71,M,HLAtools_protein_alignment,IPD-IMGT/HLA 3.63.0,2026-02-19 18:48:49.636716
B*38:72,M,HLAtools_protein_alignment,IPD-IMGT/HLA 3.63.0,2026-02-19 18:48:49.636716
B*38:73,M,HLAtools_protein_alignment,IPD-IMGT/HLA 3.63.0,2026-02-19 18:48:49.636716
B*38:74,M,HLAtools_protein_alignment,IPD-IMGT/HLA 3.63.0,2026-02-19 18:48:49.636716
B*38:77,M,HLAtools_protein_alignment,IPD-IMGT/HLA 3.63.0,2026-02-19 18:48:49.636716
B*38:78,M,HLAtools_protein_alignment,IPD-IMGT/HLA 3.63.0,2026-02-19 18:48:49.636716
B*38:79,M,HLAtools_protein_alignment,IPD-IMGT/HLA 3.63.0,2026-02-19 18:48:49.636716
B*38:80N,M,HLAtools_protein_alignment,IPD-IMGT/HLA 3.63.0,2026-02-19 18:48:49.636716
B*38:81,M,HLAtools_protein_alignment,IPD-IMGT/HLA 3.63.0,2026-02-19 18:48:49.636716
B*38:82,M,HLAtools_protein_alignment,IPD-IMGT/HLA 3.63.0,2026-02-19 18:48:49.636716
B*38:83N,M,HLAtools_protein_alignment,IPD-IMGT/HLA 3.63.0,2026-02-19 18:48:49.636716
B*38:84,M,HLAtools_protein_alignment,IPD-IMGT/HLA 3.63.0,2026-02-19 18:48:49.636716
B*38:85,M,HLAtools_protein_alignment,IPD-IMGT/HLA 3.63.0,2026-02-19 18:48:49.636716
B*38:86,M,HLAtools_protein_alignment,IPD-IMGT/HLA 3.63.0,2026-02-19 18:48:49.636716
B*38:87,M,HLAtools_protein_alignment,IPD-IMGT/HLA 3.63.0,2026-02-19 18:48:49.636716
B*38:88,M,HLAtools_protein_alignment,IPD-IMGT/HLA 3.63.0,2026-02-19 18:48:49.636716
B*38:89,M,HLAtools_protein_alignment,IPD-IMGT/HLA 3.63.0,2026-02-19 18:48:49.636716
B*38:90,M,HLAtools_protein_alignment,IPD-IMGT/HLA 3.63.0,2026-02-19 18:48:49.636716
B*38:91,M,HLAtools_protein_alignment,IPD-IMGT/HLA 3.63.0,2026-02-19 18:48:49.636716
B*38:92,M,HLAtools_protein_alignment,IPD-IMGT/HLA 3.63.0,2026-02-19 18:48:49.636716
B*38:93,M,HLAtools_protein_alignment,IPD-IMGT/HLA 3.63.0,2026-02-19 18:48:49.636716
B*38:94,M,HLAtools_protein_alignment,IPD-IMGT/HLA 3.63.0,2026-02-19 18:48:49.636716
B*38:95,M,HLAtools_protein_alignment,IPD-IMGT/HLA 3.63.0,2026-02-19 18:48:49.636716
B*38:96,M,HLAtools_protein_alignment,IPD-IMGT/HLA 3.63.0,2026-02-19 18:48:49.636716
B*38:97,M,HLAtools_protein_alignment,IPD-IMGT/HLA 3.63.0,2026-02-19 18:48:49.636716
B*38:99,M,HLAtools_protein_alignment,IPD-IMGT/HLA 3.63.0,2026-02-19 18:48:49.636716
B*39:01,M,HLAtools_protein_alignment,IPD-IMGT/HLA 3.63.0,2026-02-19 18:48:49.636716
B*39:01L,M,HLAtools_protein_alignment,IPD-IMGT/HLA 3.63.0,2026-02-19 18:48:49.636716
B*39:02,M,HLAtools_protein_alignment,IPD-IMGT/HLA 3.63.0,2026-02-19 18:48:49.636716
B*39:03,M,HLAtools_protein_alignment,IPD-IMGT/HLA 3.63.0,2026-02-19 18:48:49.636716
B*39:04,M,HLAtools_protein_alignment,IPD-IMGT/HLA 3.63.0,2026-02-19 18:48:49.636716
B*39:05,M,HLAtools_protein_alignment,IPD-IMGT/HLA 3.63.0,2026-02-19 18:48:49.636716
B*39:06,M,HLAtools_protein_alignment,IPD-IMGT/HLA 3.63.0,2026-02-19 18:48:49.636716
B*39:07,M,HLAtools_protein_alignment,IPD-IMGT/HLA 3.63.0,2026-02-19 18:48:49.636716
B*39:08,M,HLAtools_protein_alignment,IPD-IMGT/HLA 3.63.0,2026-02-19 18:48:49.636716
B*39:09,M,HLAtools_protein_alignment,IPD-IMGT/HLA 3.63.0,2026-02-19 18:48:49.636716
B*39:10,M,HLAtools_protein_alignment,IPD-IMGT/HLA 3.63.0,2026-02-19 18:48:49.636716
B*39:104,M,HLAtools_protein_alignment,IPD-IMGT/HLA 3.63.0,2026-02-19 18:48:49.636716
B*39:107,M,HLAtools_protein_alignment,IPD-IMGT/HLA 3.63.0,2026-02-19 18:48:49.636716
B*39:11,M,HLAtools_protein_alignment,IPD-IMGT/HLA 3.63.0,2026-02-19 18:48:49.636716
B*39:12,M,HLAtools_protein_alignment,IPD-IMGT/HLA 3.63.0,2026-02-19 18:48:49.636716
B*39:122,M,HLAtools_protein_alignment,IPD-IMGT/HLA 3.63.0,2026-02-19 18:48:49.636716
B*39:123,M,HLAtools_protein_alignment,IPD-IMGT/HLA 3.63.0,2026-02-19 18:48:49.636716
B*39:129,M,HLAtools_protein_alignment,IPD-IMGT/HLA 3.63.0,2026-02-19 18:48:49.636716
B*39:13,M,HLAtools_protein_alignment,IPD-IMGT/HLA 3.63.0,2026-02-19 18:48:49.636716
B*39:130,M,HLAtools_protein_alignment,IPD-IMGT/HLA 3.63.0,2026-02-19 18:48:49.636716
B*39:131,M,HLAtools_protein_alignment,IPD-IMGT/HLA 3.63.0,2026-02-19 18:48:49.636716
B*39:132,M,HLAtools_protein_alignment,IPD-IMGT/HLA 3.63.0,2026-02-19 18:48:49.636716
B*39:135,M,HLAtools_protein_alignment,IPD-IMGT/HLA 3.63.0,2026-02-19 18:48:49.636716
B*39:136,M,HLAtools_protein_alignment,IPD-IMGT/HLA 3.63.0,2026-02-19 18:48:49.636716
B*39:137,M,HLAtools_protein_alignment,IPD-IMGT/HLA 3.63.0,2026-02-19 18:48:49.636716
B*39:138,M,HLAtools_protein_alignment,IPD-IMGT/HLA 3.63.0,2026-02-19 18:48:49.636716
B*39:139N,M,HLAtools_protein_alignment,IPD-IMGT/HLA 3.63.0,2026-02-19 18:48:49.636716
B*39:14,M,HLAtools_protein_alignment,IPD-IMGT/HLA 3.63.0,2026-02-19 18:48:49.636716
B*39:140,M,HLAtools_protein_alignment,IPD-IMGT/HLA 3.63.0,2026-02-19 18:48:49.636716
B*39:141,M,HLAtools_protein_alignment,IPD-IMGT/HLA 3.63.0,2026-02-19 18:48:49.636716
B*39:142N,M,HLAtools_protein_alignment,IPD-IMGT/HLA 3.63.0,2026-02-19 18:48:49.636716
B*39:143,M,HLAtools_protein_alignment,IPD-IMGT/HLA 3.63.0,2026-02-19 18:48:49.636716
B*39:144,M,HLAtools_protein_alignment,IPD-IMGT/HLA 3.63.0,2026-02-19 18:48:49.636716
B*39:145,M,HLAtools_protein_alignment,IPD-IMGT/HLA 3.63.0,2026-02-19 18:48:49.636716
B*39:146N,M,HLAtools_protein_alignment,IPD-IMGT/HLA 3.63.0,2026-02-19 18:48:49.636716
B*39:147N,M,HLAtools_protein_alignment,IPD-IMGT/HLA 3.63.0,2026-02-19 18:48:49.636716
B*39:148,M,HLAtools_protein_alignment,IPD-IMGT/HLA 3.63.0,2026-02-19 18:48:49.636716
B*39:149,M,HLAtools_protein_alignment,IPD-IMGT/HLA 3.63.0,2026-02-19 18:48:49.636716
B*39:15,M,HLAtools_protein_alignment,IPD-IMGT/HLA 3.63.0,2026-02-19 18:48:49.636716
B*39:150Q,M,HLAtools_protein_alignment,IPD-IMGT/HLA 3.63.0,2026-02-19 18:48:49.636716
B*39:151,M,HLAtools_protein_alignment,IPD-IMGT/HLA 3.63.0,2026-02-19 18:48:49.636716
B*39:152,M,HLAtools_protein_alignment,IPD-IMGT/HLA 3.63.0,2026-02-19 18:48:49.636716
B*39:153,M,HLAtools_protein_alignment,IPD-IMGT/HLA 3.63.0,2026-02-19 18:48:49.636716
B*39:154,M,HLAtools_protein_alignment,IPD-IMGT/HLA 3.63.0,2026-02-19 18:48:49.636716
B*39:155,M,HLAtools_protein_alignment,IPD-IMGT/HLA 3.63.0,2026-02-19 18:48:49.636716
B*39:156,M,HLAtools_protein_alignment,IPD-IMGT/HLA 3.63.0,2026-02-19 18:48:49.636716
B*39:157N,M,HLAtools_protein_alignment,IPD-IMGT/HLA 3.63.0,2026-02-19 18:48:49.636716
B*39:158,M,HLAtools_protein_alignment,IPD-IMGT/HLA 3.63.0,2026-02-19 18:48:49.636716
B*39:159,M,HLAtools_protein_alignment,IPD-IMGT/HLA 3.63.0,2026-02-19 18:48:49.636716
B*39:160,M,HLAtools_protein_alignment,IPD-IMGT/HLA 3.63.0,2026-02-19 18:48:49.636716
B*39:161N,M,HLAtools_protein_alignment,IPD-IMGT/HLA 3.63.0,2026-02-19 18:48:49.636716
B*39:162,M,HLAtools_protein_alignment,IPD-IMGT/HLA 3.63.0,2026-02-19 18:48:49.636716
B*39:163,M,HLAtools_protein_alignment,IPD-IMGT/HLA 3.63.0,2026-02-19 18:48:49.636716
B*39:164,M,HLAtools_protein_alignment,IPD-IMGT/HLA 3.63.0,2026-02-19 18:48:49.636716
B*39:165,M,HLAtools_protein_alignment,IPD-IMGT/HLA 3.63.0,2026-02-19 18:48:49.636716
B*39:166,M,HLAtools_protein_alignment,IPD-IMGT/HLA 3.63.0,2026-02-19 18:48:49.636716
B*39:167,M,HLAtools_protein_alignment,IPD-IMGT/HLA 3.63.0,2026-02-19 18:48:49.636716
B*39:168,M,HLAtools_protein_alignment,IPD-IMGT/HLA 3.63.0,2026-02-19 18:48:49.636716
B*39:169,M,HLAtools_protein_alignment,IPD-IMGT/HLA 3.63.0,2026-02-19 18:48:49.636716
B*39:17,M,HLAtools_protein_alignment,IPD-IMGT/HLA 3.63.0,2026-02-19 18:48:49.636716
B*39:170,M,HLAtools_protein_alignment,IPD-IMGT/HLA 3.63.0,2026-02-19 18:48:49.636716
B*39:172,M,HLAtools_protein_alignment,IPD-IMGT/HLA 3.63.0,2026-02-19 18:48:49.636716
B*39:173,M,HLAtools_protein_alignment,IPD-IMGT/HLA 3.63.0,2026-02-19 18:48:49.636716
B*39:174,M,HLAtools_protein_alignment,IPD-IMGT/HLA 3.63.0,2026-02-19 18:48:49.636716
B*39:175N,M,HLAtools_protein_alignment,IPD-IMGT/HLA 3.63.0,2026-02-19 18:48:49.636716
B*39:176,M,HLAtools_protein_alignment,IPD-IMGT/HLA 3.63.0,2026-02-19 18:48:49.636716
B*39:177,M,HLAtools_protein_alignment,IPD-IMGT/HLA 3.63.0,2026-02-19 18:48:49.636716
B*39:178,M,HLAtools_protein_alignment,IPD-IMGT/HLA 3.63.0,2026-02-19 18:48:49.636716
B*39:179,M,HLAtools_protein_alignment,IPD-IMGT/HLA 3.63.0,2026-02-19 18:48:49.636716
B*39:180,M,HLAtools_protein_alignment,IPD-IMGT/HLA 3.63.0,2026-02-19 18:48:49.636716
B*39:181,M,HLAtools_protein_alignment,IPD-IMGT/HLA 3.63.0,2026-02-19 18:48:49.636716
B*39:182,M,HLAtools_protein_alignment,IPD-IMGT/HLA 3.63.0,2026-02-19 18:48:49.636716
B*39:183,M,HLAtools_protein_alignment,IPD-IMGT/HLA 3.63.0,2026-02-19 18:48:49.636716
B*39:184,M,HLAtools_protein_alignment,IPD-IMGT/HLA 3.63.0,2026-02-19 18:48:49.636716
B*39:185,M,HLAtools_protein_alignment,IPD-IMGT/HLA 3.63.0,2026-02-19 18:48:49.636716
B*39:186,M,HLAtools_protein_alignment,IPD-IMGT/HLA 3.63.0,2026-02-19 18:48:49.636716
B*39:187,M,HLAtools_protein_alignment,IPD-IMGT/HLA 3.63.0,2026-02-19 18:48:49.636716
B*39:188,M,HLAtools_protein_alignment,IPD-IMGT/HLA 3.63.0,2026-02-19 18:48:49.636716
B*39:189,M,HLAtools_protein_alignment,IPD-IMGT/HLA 3.63.0,2026-02-19 18:48:49.636716
B*39:19,M,HLAtools_protein_alignment,IPD-IMGT/HLA 3.63.0,2026-02-19 18:48:49.636716
B*39:190,M,HLAtools_protein_alignment,IPD-IMGT/HLA 3.63.0,2026-02-19 18:48:49.636716
B*39:191,M,HLAtools_protein_alignment,IPD-IMGT/HLA 3.63.0,2026-02-19 18:48:49.636716
B*39:192,M,HLAtools_protein_alignment,IPD-IMGT/HLA 3.63.0,2026-02-19 18:48:49.636716
B*39:194Q,M,HLAtools_protein_alignment,IPD-IMGT/HLA 3.63.0,2026-02-19 18:48:49.636716
B*39:196,M,HLAtools_protein_alignment,IPD-IMGT/HLA 3.63.0,2026-02-19 18:48:49.636716
B*39:197,M,HLAtools_protein_alignment,IPD-IMGT/HLA 3.63.0,2026-02-19 18:48:49.636716
B*39:198,M,HLAtools_protein_alignment,IPD-IMGT/HLA 3.63.0,2026-02-19 18:48:49.636716
B*39:199,M,HLAtools_protein_alignment,IPD-IMGT/HLA 3.63.0,2026-02-19 18:48:49.636716
B*39:20,M,HLAtools_protein_alignment,IPD-IMGT/HLA 3.63.0,2026-02-19 18:48:49.636716
B*39:200,M,HLAtools_protein_alignment,IPD-IMGT/HLA 3.63.0,2026-02-19 18:48:49.636716
B*39:201,M,HLAtools_protein_alignment,IPD-IMGT/HLA 3.63.0,2026-02-19 18:48:49.636716
B*39:202,M,HLAtools_protein_alignment,IPD-IMGT/HLA 3.63.0,2026-02-19 18:48:49.636716
B*39:203Q,M,HLAtools_protein_alignment,IPD-IMGT/HLA 3.63.0,2026-02-19 18:48:49.636716
B*39:204,M,HLAtools_protein_alignment,IPD-IMGT/HLA 3.63.0,2026-02-19 18:48:49.636716
B*39:205,M,HLAtools_protein_alignment,IPD-IMGT/HLA 3.63.0,2026-02-19 18:48:49.636716
B*39:206,M,HLAtools_protein_alignment,IPD-IMGT/HLA 3.63.0,2026-02-19 18:48:49.636716
B*39:207N,M,HLAtools_protein_alignment,IPD-IMGT/HLA 3.63.0,2026-02-19 18:48:49.636716
B*39:208,M,HLAtools_protein_alignment,IPD-IMGT/HLA 3.63.0,2026-02-19 18:48:49.636716
B*39:209,M,HLAtools_protein_alignment,IPD-IMGT/HLA 3.63.0,2026-02-19 18:48:49.636716
B*39:210,M,HLAtools_protein_alignment,IPD-IMGT/HLA 3.63.0,2026-02-19 18:48:49.636716
B*39:211,M,HLAtools_protein_alignment,IPD-IMGT/HLA 3.63.0,2026-02-19 18:48:49.636716
B*39:212,M,HLAtools_protein_alignment,IPD-IMGT/HLA 3.63.0,2026-02-19 18:48:49.636716
B*39:213,M,HLAtools_protein_alignment,IPD-IMGT/HLA 3.63.0,2026-02-19 18:48:49.636716
B*39:214N,M,HLAtools_protein_alignment,IPD-IMGT/HLA 3.63.0,2026-02-19 18:48:49.636716
B*39:215,M,HLAtools_protein_alignment,IPD-IMGT/HLA 3.63.0,2026-02-19 18:48:49.636716
B*39:216,M,HLAtools_protein_alignment,IPD-IMGT/HLA 3.63.0,2026-02-19 18:48:49.636716
B*39:217,M,HLAtools_protein_alignment,IPD-IMGT/HLA 3.63.0,2026-02-19 18:48:49.636716
B*39:218,M,HLAtools_protein_alignment,IPD-IMGT/HLA 3.63.0,2026-02-19 18:48:49.636716
B*39:219,M,HLAtools_protein_alignment,IPD-IMGT/HLA 3.63.0,2026-02-19 18:48:49.636716
B*39:22,M,HLAtools_protein_alignment,IPD-IMGT/HLA 3.63.0,2026-02-19 18:48:49.636716
B*39:220,M,HLAtools_protein_alignment,IPD-IMGT/HLA 3.63.0,2026-02-19 18:48:49.636716
B*39:221,M,HLAtools_protein_alignment,IPD-IMGT/HLA 3.63.0,2026-02-19 18:48:49.636716
B*39:222,M,HLAtools_protein_alignment,IPD-IMGT/HLA 3.63.0,2026-02-19 18:48:49.636716
B*39:223,M,HLAtools_protein_alignment,IPD-IMGT/HLA 3.63.0,2026-02-19 18:48:49.636716
B*39:224,M,HLAtools_protein_alignment,IPD-IMGT/HLA 3.63.0,2026-02-19 18:48:49.636716
B*39:225,M,HLAtools_protein_alignment,IPD-IMGT/HLA 3.63.0,2026-02-19 18:48:49.636716
B*39:226,M,HLAtools_protein_alignment,IPD-IMGT/HLA 3.63.0,2026-02-19 18:48:49.636716
B*39:227,M,HLAtools_protein_alignment,IPD-IMGT/HLA 3.63.0,2026-02-19 18:48:49.636716
B*39:228,M,HLAtools_protein_alignment,IPD-IMGT/HLA 3.63.0,2026-02-19 18:48:49.636716
B*39:229,M,HLAtools_protein_alignment,IPD-IMGT/HLA 3.63.0,2026-02-19 18:48:49.636716
B*39:23,M,HLAtools_protein_alignment,IPD-IMGT/HLA 3.63.0,2026-02-19 18:48:49.636716
B*39:230,M,HLAtools_protein_alignment,IPD-IMGT/HLA 3.63.0,2026-02-19 18:48:49.636716
B*39:231,M,HLAtools_protein_alignment,IPD-IMGT/HLA 3.63.0,2026-02-19 18:48:49.636716
B*39:232,M,HLAtools_protein_alignment,IPD-IMGT/HLA 3.63.0,2026-02-19 18:48:49.636716
B*39:233,M,HLAtools_protein_alignment,IPD-IMGT/HLA 3.63.0,2026-02-19 18:48:49.636716
B*39:234,M,HLAtools_protein_alignment,IPD-IMGT/HLA 3.63.0,2026-02-19 18:48:49.636716
B*39:235,M,HLAtools_protein_alignment,IPD-IMGT/HLA 3.63.0,2026-02-19 18:48:49.636716
B*39:236N,M,HLAtools_protein_alignment,IPD-IMGT/HLA 3.63.0,2026-02-19 18:48:49.636716
B*39:237,M,HLAtools_protein_alignment,IPD-IMGT/HLA 3.63.0,2026-02-19 18:48:49.636716
B*39:238,M,HLAtools_protein_alignment,IPD-IMGT/HLA 3.63.0,2026-02-19 18:48:49.636716
B*39:239N,M,HLAtools_protein_alignment,IPD-IMGT/HLA 3.63.0,2026-02-19 18:48:49.636716
B*39:24,M,HLAtools_protein_alignment,IPD-IMGT/HLA 3.63.0,2026-02-19 18:48:49.636716
B*39:25N,M,HLAtools_protein_alignment,IPD-IMGT/HLA 3.63.0,2026-02-19 18:48:49.636716
B*39:26,M,HLAtools_protein_alignment,IPD-IMGT/HLA 3.63.0,2026-02-19 18:48:49.636716
B*39:28,M,HLAtools_protein_alignment,IPD-IMGT/HLA 3.63.0,2026-02-19 18:48:49.636716
B*39:31,M,HLAtools_protein_alignment,IPD-IMGT/HLA 3.63.0,2026-02-19 18:48:49.636716
B*39:33,M,HLAtools_protein_alignment,IPD-IMGT/HLA 3.63.0,2026-02-19 18:48:49.636716
B*39:34,M,HLAtools_protein_alignment,IPD-IMGT/HLA 3.63.0,2026-02-19 18:48:49.636716
B*39:37,M,HLAtools_protein_alignment,IPD-IMGT/HLA 3.63.0,2026-02-19 18:48:49.636716
B*39:38Q,M,HLAtools_protein_alignment,IPD-IMGT/HLA 3.63.0,2026-02-19 18:48:49.636716
B*39:39,M,HLAtools_protein_alignment,IPD-IMGT/HLA 3.63.0,2026-02-19 18:48:49.636716
B*39:40N,M,HLAtools_protein_alignment,IPD-IMGT/HLA 3.63.0,2026-02-19 18:48:49.636716
B*39:47,M,HLAtools_protein_alignment,IPD-IMGT/HLA 3.63.0,2026-02-19 18:48:49.636716
B*39:49,M,HLAtools_protein_alignment,IPD-IMGT/HLA 3.63.0,2026-02-19 18:48:49.636716
B*39:50,M,HLAtools_protein_alignment,IPD-IMGT/HLA 3.63.0,2026-02-19 18:48:49.636716
B*39:58,M,HLAtools_protein_alignment,IPD-IMGT/HLA 3.63.0,2026-02-19 18:48:49.636716
B*39:59,M,HLAtools_protein_alignment,IPD-IMGT/HLA 3.63.0,2026-02-19 18:48:49.636716
B*39:60,M,HLAtools_protein_alignment,IPD-IMGT/HLA 3.63.0,2026-02-19 18:48:49.636716
B*39:63,M,HLAtools_protein_alignment,IPD-IMGT/HLA 3.63.0,2026-02-19 18:48:49.636716
B*39:64,M,HLAtools_protein_alignment,IPD-IMGT/HLA 3.63.0,2026-02-19 18:48:49.636716
B*39:79,M,HLAtools_protein_alignment,IPD-IMGT/HLA 3.63.0,2026-02-19 18:48:49.636716
B*39:83,M,HLAtools_protein_alignment,IPD-IMGT/HLA 3.63.0,2026-02-19 18:48:49.636716
B*39:84,M,HLAtools_protein_alignment,IPD-IMGT/HLA 3.63.0,2026-02-19 18:48:49.636716
B*39:85,M,HLAtools_protein_alignment,IPD-IMGT/HLA 3.63.0,2026-02-19 18:48:49.636716
B*39:86,M,HLAtools_protein_alignment,IPD-IMGT/HLA 3.63.0,2026-02-19 18:48:49.636716
B*39:87N,M,HLAtools_protein_alignment,IPD-IMGT/HLA 3.63.0,2026-02-19 18:48:49.636716
B*39:88,M,HLAtools_protein_alignment,IPD-IMGT/HLA 3.63.0,2026-02-19 18:48:49.636716
B*39:91,M,HLAtools_protein_alignment,IPD-IMGT/HLA 3.63.0,2026-02-19 18:48:49.636716
B*39:92,M,HLAtools_protein_alignment,IPD-IMGT/HLA 3.63.0,2026-02-19 18:48:49.636716
B*39:98,M,HLAtools_protein_alignment,IPD-IMGT/HLA 3.63.0,2026-02-19 18:48:49.636716
B*40:01,T,HLAtools_protein_alignment,IPD-IMGT/HLA 3.63.0,2026-02-19 18:48:49.636716
B*40:01Q,T,HLAtools_protein_alignment,IPD-IMGT/HLA 3.63.0,2026-02-19 18:48:49.636716
B*40:02,T,HLAtools_protein_alignment,IPD-IMGT/HLA 3.63.0,2026-02-19 18:48:49.636716
B*40:02Q,T,HLAtools_protein_alignment,IPD-IMGT/HLA 3.63.0,2026-02-19 18:48:49.636716
B*40:03,T,HLAtools_protein_alignment,IPD-IMGT/HLA 3.63.0,2026-02-19 18:48:49.636716
B*40:04,T,HLAtools_protein_alignment,IPD-IMGT/HLA 3.63.0,2026-02-19 18:48:49.636716
B*40:05,T,HLAtools_protein_alignment,IPD-IMGT/HLA 3.63.0,2026-02-19 18:48:49.636716
B*40:06,T,HLAtools_protein_alignment,IPD-IMGT/HLA 3.63.0,2026-02-19 18:48:49.636716
B*40:07,T,HLAtools_protein_alignment,IPD-IMGT/HLA 3.63.0,2026-02-19 18:48:49.636716
B*40:08,T,HLAtools_protein_alignment,IPD-IMGT/HLA 3.63.0,2026-02-19 18:48:49.636716
B*40:09,T,HLAtools_protein_alignment,IPD-IMGT/HLA 3.63.0,2026-02-19 18:48:49.636716
B*40:10,T,HLAtools_protein_alignment,IPD-IMGT/HLA 3.63.0,2026-02-19 18:48:49.636716
B*40:102,T,HLAtools_protein_alignment,IPD-IMGT/HLA 3.63.0,2026-02-19 18:48:49.636716
B*40:105,T,HLAtools_protein_alignment,IPD-IMGT/HLA 3.63.0,2026-02-19 18:48:49.636716
B*40:11,T,HLAtools_protein_alignment,IPD-IMGT/HLA 3.63.0,2026-02-19 18:48:49.636716
B*40:110,T,HLAtools_protein_alignment,IPD-IMGT/HLA 3.63.0,2026-02-19 18:48:49.636716
B*40:111,T,HLAtools_protein_alignment,IPD-IMGT/HLA 3.63.0,2026-02-19 18:48:49.636716
B*40:113,T,HLAtools_protein_alignment,IPD-IMGT/HLA 3.63.0,2026-02-19 18:48:49.636716
B*40:114,T,HLAtools_protein_alignment,IPD-IMGT/HLA 3.63.0,2026-02-19 18:48:49.636716
B*40:117,T,HLAtools_protein_alignment,IPD-IMGT/HLA 3.63.0,2026-02-19 18:48:49.636716
B*40:119,T,HLAtools_protein_alignment,IPD-IMGT/HLA 3.63.0,2026-02-19 18:48:49.636716
B*40:12,T,HLAtools_protein_alignment,IPD-IMGT/HLA 3.63.0,2026-02-19 18:48:49.636716
B*40:120,T,HLAtools_protein_alignment,IPD-IMGT/HLA 3.63.0,2026-02-19 18:48:49.636716
B*40:122,T,HLAtools_protein_alignment,IPD-IMGT/HLA 3.63.0,2026-02-19 18:48:49.636716
B*40:124,T,HLAtools_protein_alignment,IPD-IMGT/HLA 3.63.0,2026-02-19 18:48:49.636716
B*40:125,T,HLAtools_protein_alignment,IPD-IMGT/HLA 3.63.0,2026-02-19 18:48:49.636716
B*40:126,T,HLAtools_protein_alignment,IPD-IMGT/HLA 3.63.0,2026-02-19 18:48:49.636716
B*40:128,T,HLAtools_protein_alignment,IPD-IMGT/HLA 3.63.0,2026-02-19 18:48:49.636716
B*40:129,T,HLAtools_protein_alignment,IPD-IMGT/HLA 3.63.0,2026-02-19 18:48:49.636716
B*40:13,T,HLAtools_protein_alignment,IPD-IMGT/HLA 3.63.0,2026-02-19 18:48:49.636716
B*40:130,T,HLAtools_protein_alignment,IPD-IMGT/HLA 3.63.0,2026-02-19 18:48:49.636716
B*40:135,T,HLAtools_protein_alignment,IPD-IMGT/HLA 3.63.0,2026-02-19 18:48:49.636716
B*40:138,T,HLAtools_protein_alignment,IPD-IMGT/HLA 3.63.0,2026-02-19 18:48:49.636716
B*40:139,T,HLAtools_protein_alignment,IPD-IMGT/HLA 3.63.0,2026-02-19 18:48:49.636716
B*40:14,T,HLAtools_protein_alignment,IPD-IMGT/HLA 3.63.0,2026-02-19 18:48:49.636716
B*40:140,T,HLAtools_protein_alignment,IPD-IMGT/HLA 3.63.0,2026-02-19 18:48:49.636716
B*40:142N,T,HLAtools_protein_alignment,IPD-IMGT/HLA 3.63.0,2026-02-19 18:48:49.636716
B*40:143,T,HLAtools_protein_alignment,IPD-IMGT/HLA 3.63.0,2026-02-19 18:48:49.636716
B*40:144N,T,HLAtools_protein_alignment,IPD-IMGT/HLA 3.63.0,2026-02-19 18:48:49.636716
B*40:145,T,HLAtools_protein_alignment,IPD-IMGT/HLA 3.63.0,2026-02-19 18:48:49.636716
B*40:146,T,HLAtools_protein_alignment,IPD-IMGT/HLA 3.63.0,2026-02-19 18:48:49.636716
B*40:147,T,HLAtools_protein_alignment,IPD-IMGT/HLA 3.63.0,2026-02-19 18:48:49.636716
B*40:148,T,HLAtools_protein_alignment,IPD-IMGT/HLA 3.63.0,2026-02-19 18:48:49.636716
B*40:150,T,HLAtools_protein_alignment,IPD-IMGT/HLA 3.63.0,2026-02-19 18:48:49.636716
B*40:152,T,HLAtools_protein_alignment,IPD-IMGT/HLA 3.63.0,2026-02-19 18:48:49.636716
B*40:153,T,HLAtools_protein_alignment,IPD-IMGT/HLA 3.63.0,2026-02-19 18:48:49.636716
B*40:155N,T,HLAtools_protein_alignment,IPD-IMGT/HLA 3.63.0,2026-02-19 18:48:49.636716
B*40:16,T,HLAtools_protein_alignment,IPD-IMGT/HLA 3.63.0,2026-02-19 18:48:49.636716
B*40:160,T,HLAtools_protein_alignment,IPD-IMGT/HLA 3.63.0,2026-02-19 18:48:49.636716
B*40:168,T,HLAtools_protein_alignment,IPD-IMGT/HLA 3.63.0,2026-02-19 18:48:49.636716
B*40:170,T,HLAtools_protein_alignment,IPD-IMGT/HLA 3.63.0,2026-02-19 18:48:49.636716
B*40:171,T,HLAtools_protein_alignment,IPD-IMGT/HLA 3.63.0,2026-02-19 18:48:49.636716
B*40:172,T,HLAtools_protein_alignment,IPD-IMGT/HLA 3.63.0,2026-02-19 18:48:49.636716
B*40:173,T,HLAtools_protein_alignment,IPD-IMGT/HLA 3.63.0,2026-02-19 18:48:49.636716
B*40:175,T,HLAtools_protein_alignment,IPD-IMGT/HLA 3.63.0,2026-02-19 18:48:49.636716
B*40:181,T,HLAtools_protein_alignment,IPD-IMGT/HLA 3.63.0,2026-02-19 18:48:49.636716
B*40:183,T,HLAtools_protein_alignment,IPD-IMGT/HLA 3.63.0,2026-02-19 18:48:49.636716
B*40:186,T,HLAtools_protein_alignment,IPD-IMGT/HLA 3.63.0,2026-02-19 18:48:49.636716
B*40:19,T,HLAtools_protein_alignment,IPD-IMGT/HLA 3.63.0,2026-02-19 18:48:49.636716
B*40:191,T,HLAtools_protein_alignment,IPD-IMGT/HLA 3.63.0,2026-02-19 18:48:49.636716
B*40:20,T,HLAtools_protein_alignment,IPD-IMGT/HLA 3.63.0,2026-02-19 18:48:49.636716
B*40:202,T,HLAtools_protein_alignment,IPD-IMGT/HLA 3.63.0,2026-02-19 18:48:49.636716
B*40:21,T,HLAtools_protein_alignment,IPD-IMGT/HLA 3.63.0,2026-02-19 18:48:49.636716
B*40:214,T,HLAtools_protein_alignment,IPD-IMGT/HLA 3.63.0,2026-02-19 18:48:49.636716
B*40:225,T,HLAtools_protein_alignment,IPD-IMGT/HLA 3.63.0,2026-02-19 18:48:49.636716
B*40:229,T,HLAtools_protein_alignment,IPD-IMGT/HLA 3.63.0,2026-02-19 18:48:49.636716
B*40:22N,T,HLAtools_protein_alignment,IPD-IMGT/HLA 3.63.0,2026-02-19 18:48:49.636716
B*40:23,T,HLAtools_protein_alignment,IPD-IMGT/HLA 3.63.0,2026-02-19 18:48:49.636716
B*40:237,T,HLAtools_protein_alignment,IPD-IMGT/HLA 3.63.0,2026-02-19 18:48:49.636716
B*40:245,T,HLAtools_protein_alignment,IPD-IMGT/HLA 3.63.0,2026-02-19 18:48:49.636716
B*40:249,T,HLAtools_protein_alignment,IPD-IMGT/HLA 3.63.0,2026-02-19 18:48:49.636716
B*40:250,T,HLAtools_protein_alignment,IPD-IMGT/HLA 3.63.0,2026-02-19 18:48:49.636716
B*40:251,T,HLAtools_protein_alignment,IPD-IMGT/HLA 3.63.0,2026-02-19 18:48:49.636716
B*40:252,T,HLAtools_protein_alignment,IPD-IMGT/HLA 3.63.0,2026-02-19 18:48:49.636716
B*40:253,T,HLAtools_protein_alignment,IPD-IMGT/HLA 3.63.0,2026-02-19 18:48:49.636716
B*40:254,T,HLAtools_protein_alignment,IPD-IMGT/HLA 3.63.0,2026-02-19 18:48:49.636716
B*40:255,T,HLAtools_protein_alignment,IPD-IMGT/HLA 3.63.0,2026-02-19 18:48:49.636716
B*40:258,T,HLAtools_protein_alignment,IPD-IMGT/HLA 3.63.0,2026-02-19 18:48:49.636716
B*40:259,T,HLAtools_protein_alignment,IPD-IMGT/HLA 3.63.0,2026-02-19 18:48:49.636716
B*40:26,T,HLAtools_protein_alignment,IPD-IMGT/HLA 3.63.0,2026-02-19 18:48:49.636716
B*40:260,T,HLAtools_protein_alignment,IPD-IMGT/HLA 3.63.0,2026-02-19 18:48:49.636716
B*40:261,T,HLAtools_protein_alignment,IPD-IMGT/HLA 3.63.0,2026-02-19 18:48:49.636716
B*40:262,T,HLAtools_protein_alignment,IPD-IMGT/HLA 3.63.0,2026-02-19 18:48:49.636716
B*40:263N,T,HLAtools_protein_alignment,IPD-IMGT/HLA 3.63.0,2026-02-19 18:48:49.636716
B*40:264,T,HLAtools_protein_alignment,IPD-IMGT/HLA 3.63.0,2026-02-19 18:48:49.636716
B*40:265N,T,HLAtools_protein_alignment,IPD-IMGT/HLA 3.63.0,2026-02-19 18:48:49.636716
B*40:266,T,HLAtools_protein_alignment,IPD-IMGT/HLA 3.63.0,2026-02-19 18:48:49.636716
B*40:267,T,HLAtools_protein_alignment,IPD-IMGT/HLA 3.63.0,2026-02-19 18:48:49.636716
B*40:268,T,HLAtools_protein_alignment,IPD-IMGT/HLA 3.63.0,2026-02-19 18:48:49.636716
B*40:269,T,HLAtools_protein_alignment,IPD-IMGT/HLA 3.63.0,2026-02-19 18:48:49.636716
B*40:27,T,HLAtools_protein_alignment,IPD-IMGT/HLA 3.63.0,2026-02-19 18:48:49.636716
B*40:270,T,HLAtools_protein_alignment,IPD-IMGT/HLA 3.63.0,2026-02-19 18:48:49.636716
B*40:271,T,HLAtools_protein_alignment,IPD-IMGT/HLA 3.63.0,2026-02-19 18:48:49.636716
B*40:272,T,HLAtools_protein_alignment,IPD-IMGT/HLA 3.63.0,2026-02-19 18:48:49.636716
B*40:273,T,HLAtools_protein_alignment,IPD-IMGT/HLA 3.63.0,2026-02-19 18:48:49.636716
B*40:277,T,HLAtools_protein_alignment,IPD-IMGT/HLA 3.63.0,2026-02-19 18:48:49.636716
B*40:278,T,HLAtools_protein_alignment,IPD-IMGT/HLA 3.63.0,2026-02-19 18:48:49.636716
B*40:284,T,HLAtools_protein_alignment,IPD-IMGT/HLA 3.63.0,2026-02-19 18:48:49.636716
B*40:285,T,HLAtools_protein_alignment,IPD-IMGT/HLA 3.63.0,2026-02-19 18:48:49.636716
B*40:286N,T,HLAtools_protein_alignment,IPD-IMGT/HLA 3.63.0,2026-02-19 18:48:49.636716
B*40:289,T,HLAtools_protein_alignment,IPD-IMGT/HLA 3.63.0,2026-02-19 18:48:49.636716
B*40:290,T,HLAtools_protein_alignment,IPD-IMGT/HLA 3.63.0,2026-02-19 18:48:49.636716
B*40:296,T,HLAtools_protein_alignment,IPD-IMGT/HLA 3.63.0,2026-02-19 18:48:49.636716
B*40:298,T,HLAtools_protein_alignment,IPD-IMGT/HLA 3.63.0,2026-02-19 18:48:49.636716
B*40:30,T,HLAtools_protein_alignment,IPD-IMGT/HLA 3.63.0,2026-02-19 18:48:49.636716
B*40:301,T,HLAtools_protein_alignment,IPD-IMGT/HLA 3.63.0,2026-02-19 18:48:49.636716
B*40:302,T,HLAtools_protein_alignment,IPD-IMGT/HLA 3.63.0,2026-02-19 18:48:49.636716
B*40:303,T,HLAtools_protein_alignment,IPD-IMGT/HLA 3.63.0,2026-02-19 18:48:49.636716
B*40:304,T,HLAtools_protein_alignment,IPD-IMGT/HLA 3.63.0,2026-02-19 18:48:49.636716
B*40:305,T,HLAtools_protein_alignment,IPD-IMGT/HLA 3.63.0,2026-02-19 18:48:49.636716
B*40:307,T,HLAtools_protein_alignment,IPD-IMGT/HLA 3.63.0,2026-02-19 18:48:49.636716
B*40:309,T,HLAtools_protein_alignment,IPD-IMGT/HLA 3.63.0,2026-02-19 18:48:49.636716
B*40:31,T,HLAtools_protein_alignment,IPD-IMGT/HLA 3.63.0,2026-02-19 18:48:49.636716
B*40:310,T,HLAtools_protein_alignment,IPD-IMGT/HLA 3.63.0,2026-02-19 18:48:49.636716
B*40:314,T,HLAtools_protein_alignment,IPD-IMGT/HLA 3.63.0,2026-02-19 18:48:49.636716
B*40:316,T,HLAtools_protein_alignment,IPD-IMGT/HLA 3.63.0,2026-02-19 18:48:49.636716
B*40:32,T,HLAtools_protein_alignment,IPD-IMGT/HLA 3.63.0,2026-02-19 18:48:49.636716
B*40:320,T,HLAtools_protein_alignment,IPD-IMGT/HLA 3.63.0,2026-02-19 18:48:49.636716
B*40:321,T,HLAtools_protein_alignment,IPD-IMGT/HLA 3.63.0,2026-02-19 18:48:49.636716
B*40:323,T,HLAtools_protein_alignment,IPD-IMGT/HLA 3.63.0,2026-02-19 18:48:49.636716
B*40:325,T,HLAtools_protein_alignment,IPD-IMGT/HLA 3.63.0,2026-02-19 18:48:49.636716
B*40:33,T,HLAtools_protein_alignment,IPD-IMGT/HLA 3.63.0,2026-02-19 18:48:49.636716
B*40:331,T,HLAtools_protein_alignment,IPD-IMGT/HLA 3.63.0,2026-02-19 18:48:49.636716
B*40:332,T,HLAtools_protein_alignment,IPD-IMGT/HLA 3.63.0,2026-02-19 18:48:49.636716
B*40:334,T,HLAtools_protein_alignment,IPD-IMGT/HLA 3.63.0,2026-02-19 18:48:49.636716
B*40:337N,T,HLAtools_protein_alignment,IPD-IMGT/HLA 3.63.0,2026-02-19 18:48:49.636716
B*40:345N,T,HLAtools_protein_alignment,IPD-IMGT/HLA 3.63.0,2026-02-19 18:48:49.636716
B*40:346,T,HLAtools_protein_alignment,IPD-IMGT/HLA 3.63.0,2026-02-19 18:48:49.636716
B*40:347,T,HLAtools_protein_alignment,IPD-IMGT/HLA 3.63.0,2026-02-19 18:48:49.636716
B*40:35,T,HLAtools_protein_alignment,IPD-IMGT/HLA 3.63.0,2026-02-19 18:48:49.636716
B*40:353,T,HLAtools_protein_alignment,IPD-IMGT/HLA 3.63.0,2026-02-19 18:48:49.636716
B*40:355,T,HLAtools_protein_alignment,IPD-IMGT/HLA 3.63.0,2026-02-19 18:48:49.636716
B*40:356,T,HLAtools_protein_alignment,IPD-IMGT/HLA 3.63.0,2026-02-19 18:48:49.636716
B*40:362,T,HLAtools_protein_alignment,IPD-IMGT/HLA 3.63.0,2026-02-19 18:48:49.636716
B*40:365,T,HLAtools_protein_alignment,IPD-IMGT/HLA 3.63.0,2026-02-19 18:48:49.636716
B*40:367,T,HLAtools_protein_alignment,IPD-IMGT/HLA 3.63.0,2026-02-19 18:48:49.636716
B*40:368,T,HLAtools_protein_alignment,IPD-IMGT/HLA 3.63.0,2026-02-19 18:48:49.636716
B*40:369,T,HLAtools_protein_alignment,IPD-IMGT/HLA 3.63.0,2026-02-19 18:48:49.636716
B*40:37,T,HLAtools_protein_alignment,IPD-IMGT/HLA 3.63.0,2026-02-19 18:48:49.636716
B*40:370,T,HLAtools_protein_alignment,IPD-IMGT/HLA 3.63.0,2026-02-19 18:48:49.636716
B*40:371,T,HLAtools_protein_alignment,IPD-IMGT/HLA 3.63.0,2026-02-19 18:48:49.636716
B*40:372N,T,HLAtools_protein_alignment,IPD-IMGT/HLA 3.63.0,2026-02-19 18:48:49.636716
B*40:373,T,HLAtools_protein_alignment,IPD-IMGT/HLA 3.63.0,2026-02-19 18:48:49.636716
B*40:375,T,HLAtools_protein_alignment,IPD-IMGT/HLA 3.63.0,2026-02-19 18:48:49.636716
B*40:377,T,HLAtools_protein_alignment,IPD-IMGT/HLA 3.63.0,2026-02-19 18:48:49.636716
B*40:378,T,HLAtools_protein_alignment,IPD-IMGT/HLA 3.63.0,2026-02-19 18:48:49.636716
B*40:379,T,HLAtools_protein_alignment,IPD-IMGT/HLA 3.63.0,2026-02-19 18:48:49.636716
B*40:38,T,HLAtools_protein_alignment,IPD-IMGT/HLA 3.63.0,2026-02-19 18:48:49.636716
B*40:380,T,HLAtools_protein_alignment,IPD-IMGT/HLA 3.63.0,2026-02-19 18:48:49.636716
B*40:381,T,HLAtools_protein_alignment,IPD-IMGT/HLA 3.63.0,2026-02-19 18:48:49.636716
B*40:382,T,HLAtools_protein_alignment,IPD-IMGT/HLA 3.63.0,2026-02-19 18:48:49.636716
B*40:383,T,HLAtools_protein_alignment,IPD-IMGT/HLA 3.63.0,2026-02-19 18:48:49.636716
B*40:384,T,HLAtools_protein_alignment,IPD-IMGT/HLA 3.63.0,2026-02-19 18:48:49.636716
B*40:385,T,HLAtools_protein_alignment,IPD-IMGT/HLA 3.63.0,2026-02-19 18:48:49.636716
B*40:386,T,HLAtools_protein_alignment,IPD-IMGT/HLA 3.63.0,2026-02-19 18:48:49.636716
B*40:387,T,HLAtools_protein_alignment,IPD-IMGT/HLA 3.63.0,2026-02-19 18:48:49.636716
B*40:389,T,HLAtools_protein_alignment,IPD-IMGT/HLA 3.63.0,2026-02-19 18:48:49.636716
B*40:390,T,HLAtools_protein_alignment,IPD-IMGT/HLA 3.63.0,2026-02-19 18:48:49.636716
B*40:391,T,HLAtools_protein_alignment,IPD-IMGT/HLA 3.63.0,2026-02-19 18:48:49.636716
B*40:392,T,HLAtools_protein_alignment,IPD-IMGT/HLA 3.63.0,2026-02-19 18:48:49.636716
B*40:393,T,HLAtools_protein_alignment,IPD-IMGT/HLA 3.63.0,2026-02-19 18:48:49.636716
B*40:394,T,HLAtools_protein_alignment,IPD-IMGT/HLA 3.63.0,2026-02-19 18:48:49.636716
B*40:395,T,HLAtools_protein_alignment,IPD-IMGT/HLA 3.63.0,2026-02-19 18:48:49.636716
B*40:397,T,HLAtools_protein_alignment,IPD-IMGT/HLA 3.63.0,2026-02-19 18:48:49.636716
B*40:398,T,HLAtools_protein_alignment,IPD-IMGT/HLA 3.63.0,2026-02-19 18:48:49.636716
B*40:399N,T,HLAtools_protein_alignment,IPD-IMGT/HLA 3.63.0,2026-02-19 18:48:49.636716
B*40:40,T,HLAtools_protein_alignment,IPD-IMGT/HLA 3.63.0,2026-02-19 18:48:49.636716
B*40:400,T,HLAtools_protein_alignment,IPD-IMGT/HLA 3.63.0,2026-02-19 18:48:49.636716
B*40:401,T,HLAtools_protein_alignment,IPD-IMGT/HLA 3.63.0,2026-02-19 18:48:49.636716
B*40:402,T,HLAtools_protein_alignment,IPD-IMGT/HLA 3.63.0,2026-02-19 18:48:49.636716
B*40:403,T,HLAtools_protein_alignment,IPD-IMGT/HLA 3.63.0,2026-02-19 18:48:49.636716
B*40:404,T,HLAtools_protein_alignment,IPD-IMGT/HLA 3.63.0,2026-02-19 18:48:49.636716
B*40:405,T,HLAtools_protein_alignment,IPD-IMGT/HLA 3.63.0,2026-02-19 18:48:49.636716
B*40:406,T,HLAtools_protein_alignment,IPD-IMGT/HLA 3.63.0,2026-02-19 18:48:49.636716
B*40:407,T,HLAtools_protein_alignment,IPD-IMGT/HLA 3.63.0,2026-02-19 18:48:49.636716
B*40:408,T,HLAtools_protein_alignment,IPD-IMGT/HLA 3.63.0,2026-02-19 18:48:49.636716
B*40:409,T,HLAtools_protein_alignment,IPD-IMGT/HLA 3.63.0,2026-02-19 18:48:49.636716
B*40:410,T,HLAtools_protein_alignment,IPD-IMGT/HLA 3.63.0,2026-02-19 18:48:49.636716
B*40:411,T,HLAtools_protein_alignment,IPD-IMGT/HLA 3.63.0,2026-02-19 18:48:49.636716
B*40:412,T,HLAtools_protein_alignment,IPD-IMGT/HLA 3.63.0,2026-02-19 18:48:49.636716
B*40:413,T,HLAtools_protein_alignment,IPD-IMGT/HLA 3.63.0,2026-02-19 18:48:49.636716
B*40:414,T,HLAtools_protein_alignment,IPD-IMGT/HLA 3.63.0,2026-02-19 18:48:49.636716
B*40:415,T,HLAtools_protein_alignment,IPD-IMGT/HLA 3.63.0,2026-02-19 18:48:49.636716
B*40:416,M,HLAtools_protein_alignment,IPD-IMGT/HLA 3.63.0,2026-02-19 18:48:49.636716
B*40:417,T,HLAtools_protein_alignment,IPD-IMGT/HLA 3.63.0,2026-02-19 18:48:49.636716
B*40:418,T,HLAtools_protein_alignment,IPD-IMGT/HLA 3.63.0,2026-02-19 18:48:49.636716
B*40:419,T,HLAtools_protein_alignment,IPD-IMGT/HLA 3.63.0,2026-02-19 18:48:49.636716
B*40:42,T,HLAtools_protein_alignment,IPD-IMGT/HLA 3.63.0,2026-02-19 18:48:49.636716
B*40:420,T,HLAtools_protein_alignment,IPD-IMGT/HLA 3.63.0,2026-02-19 18:48:49.636716
B*40:421Q,T,HLAtools_protein_alignment,IPD-IMGT/HLA 3.63.0,2026-02-19 18:48:49.636716
B*40:422,T,HLAtools_protein_alignment,IPD-IMGT/HLA 3.63.0,2026-02-19 18:48:49.636716
B*40:423,T,HLAtools_protein_alignment,IPD-IMGT/HLA 3.63.0,2026-02-19 18:48:49.636716
B*40:424,T,HLAtools_protein_alignment,IPD-IMGT/HLA 3.63.0,2026-02-19 18:48:49.636716
B*40:425,T,HLAtools_protein_alignment,IPD-IMGT/HLA 3.63.0,2026-02-19 18:48:49.636716
B*40:426N,T,HLAtools_protein_alignment,IPD-IMGT/HLA 3.63.0,2026-02-19 18:48:49.636716
B*40:427,T,HLAtools_protein_alignment,IPD-IMGT/HLA 3.63.0,2026-02-19 18:48:49.636716
B*40:428N,T,HLAtools_protein_alignment,IPD-IMGT/HLA 3.63.0,2026-02-19 18:48:49.636716
B*40:429,T,HLAtools_protein_alignment,IPD-IMGT/HLA 3.63.0,2026-02-19 18:48:49.636716
B*40:43,T,HLAtools_protein_alignment,IPD-IMGT/HLA 3.63.0,2026-02-19 18:48:49.636716
B*40:430,T,HLAtools_protein_alignment,IPD-IMGT/HLA 3.63.0,2026-02-19 18:48:49.636716
B*40:431,T,HLAtools_protein_alignment,IPD-IMGT/HLA 3.63.0,2026-02-19 18:48:49.636716
B*40:432,T,HLAtools_protein_alignment,IPD-IMGT/HLA 3.63.0,2026-02-19 18:48:49.636716
B*40:433,T,HLAtools_protein_alignment,IPD-IMGT/HLA 3.63.0,2026-02-19 18:48:49.636716
B*40:434,T,HLAtools_protein_alignment,IPD-IMGT/HLA 3.63.0,2026-02-19 18:48:49.636716
B*40:435,T,HLAtools_protein_alignment,IPD-IMGT/HLA 3.63.0,2026-02-19 18:48:49.636716
B*40:436,T,HLAtools_protein_alignment,IPD-IMGT/HLA 3.63.0,2026-02-19 18:48:49.636716
B*40:437,T,HLAtools_protein_alignment,IPD-IMGT/HLA 3.63.0,2026-02-19 18:48:49.636716
B*40:438N,T,HLAtools_protein_alignment,IPD-IMGT/HLA 3.63.0,2026-02-19 18:48:49.636716
B*40:439,T,HLAtools_protein_alignment,IPD-IMGT/HLA 3.63.0,2026-02-19 18:48:49.636716
B*40:440,T,HLAtools_protein_alignment,IPD-IMGT/HLA 3.63.0,2026-02-19 18:48:49.636716
B*40:441,T,HLAtools_protein_alignment,IPD-IMGT/HLA 3.63.0,2026-02-19 18:48:49.636716
B*40:442,T,HLAtools_protein_alignment,IPD-IMGT/HLA 3.63.0,2026-02-19 18:48:49.636716
B*40:443,T,HLAtools_protein_alignment,IPD-IMGT/HLA 3.63.0,2026-02-19 18:48:49.636716
B*40:444,T,HLAtools_protein_alignment,IPD-IMGT/HLA 3.63.0,2026-02-19 18:48:49.636716
B*40:445,T,HLAtools_protein_alignment,IPD-IMGT/HLA 3.63.0,2026-02-19 18:48:49.636716
B*40:446,T,HLAtools_protein_alignment,IPD-IMGT/HLA 3.63.0,2026-02-19 18:48:49.636716
B*40:447,T,HLAtools_protein_alignment,IPD-IMGT/HLA 3.63.0,2026-02-19 18:48:49.636716
B*40:448,T,HLAtools_protein_alignment,IPD-IMGT/HLA 3.63.0,2026-02-19 18:48:49.636716
B*40:449,T,HLAtools_protein_alignment,IPD-IMGT/HLA 3.63.0,2026-02-19 18:48:49.636716
B*40:450,T,HLAtools_protein_alignment,IPD-IMGT/HLA 3.63.0,2026-02-19 18:48:49.636716
B*40:451,T,HLAtools_protein_alignment,IPD-IMGT/HLA 3.63.0,2026-02-19 18:48:49.636716
B*40:452,T,HLAtools_protein_alignment,IPD-IMGT/HLA 3.63.0,2026-02-19 18:48:49.636716
B*40:453,T,HLAtools_protein_alignment,IPD-IMGT/HLA 3.63.0,2026-02-19 18:48:49.636716
B*40:454,T,HLAtools_protein_alignment,IPD-IMGT/HLA 3.63.0,2026-02-19 18:48:49.636716
B*40:455,T,HLAtools_protein_alignment,IPD-IMGT/HLA 3.63.0,2026-02-19 18:48:49.636716
B*40:456,T,HLAtools_protein_alignment,IPD-IMGT/HLA 3.63.0,2026-02-19 18:48:49.636716
B*40:457,T,HLAtools_protein_alignment,IPD-IMGT/HLA 3.63.0,2026-02-19 18:48:49.636716
B*40:458,T,HLAtools_protein_alignment,IPD-IMGT/HLA 3.63.0,2026-02-19 18:48:49.636716
B*40:459,T,HLAtools_protein_alignment,IPD-IMGT/HLA 3.63.0,2026-02-19 18:48:49.636716
B*40:460,T,HLAtools_protein_alignment,IPD-IMGT/HLA 3.63.0,2026-02-19 18:48:49.636716
B*40:461,T,HLAtools_protein_alignment,IPD-IMGT/HLA 3.63.0,2026-02-19 18:48:49.636716
B*40:462,T,HLAtools_protein_alignment,IPD-IMGT/HLA 3.63.0,2026-02-19 18:48:49.636716
B*40:463,T,HLAtools_protein_alignment,IPD-IMGT/HLA 3.63.0,2026-02-19 18:48:49.636716
B*40:464,T,HLAtools_protein_alignment,IPD-IMGT/HLA 3.63.0,2026-02-19 18:48:49.636716
B*40:465,T,HLAtools_protein_alignment,IPD-IMGT/HLA 3.63.0,2026-02-19 18:48:49.636716
B*40:466,T,HLAtools_protein_alignment,IPD-IMGT/HLA 3.63.0,2026-02-19 18:48:49.636716
B*40:467,T,HLAtools_protein_alignment,IPD-IMGT/HLA 3.63.0,2026-02-19 18:48:49.636716
B*40:468,T,HLAtools_protein_alignment,IPD-IMGT/HLA 3.63.0,2026-02-19 18:48:49.636716
B*40:469,T,HLAtools_protein_alignment,IPD-IMGT/HLA 3.63.0,2026-02-19 18:48:49.636716
B*40:470,T,HLAtools_protein_alignment,IPD-IMGT/HLA 3.63.0,2026-02-19 18:48:49.636716
B*40:471,T,HLAtools_protein_alignment,IPD-IMGT/HLA 3.63.0,2026-02-19 18:48:49.636716
B*40:472,T,HLAtools_protein_alignment,IPD-IMGT/HLA 3.63.0,2026-02-19 18:48:49.636716
B*40:473,T,HLAtools_protein_alignment,IPD-IMGT/HLA 3.63.0,2026-02-19 18:48:49.636716
B*40:474,T,HLAtools_protein_alignment,IPD-IMGT/HLA 3.63.0,2026-02-19 18:48:49.636716
B*40:475,T,HLAtools_protein_alignment,IPD-IMGT/HLA 3.63.0,2026-02-19 18:48:49.636716
B*40:476,T,HLAtools_protein_alignment,IPD-IMGT/HLA 3.63.0,2026-02-19 18:48:49.636716
B*40:477,T,HLAtools_protein_alignment,IPD-IMGT/HLA 3.63.0,2026-02-19 18:48:49.636716
B*40:478,T,HLAtools_protein_alignment,IPD-IMGT/HLA 3.63.0,2026-02-19 18:48:49.636716
B*40:479,T,HLAtools_protein_alignment,IPD-IMGT/HLA 3.63.0,2026-02-19 18:48:49.636716
B*40:48,T,HLAtools_protein_alignment,IPD-IMGT/HLA 3.63.0,2026-02-19 18:48:49.636716
B*40:480,T,HLAtools_protein_alignment,IPD-IMGT/HLA 3.63.0,2026-02-19 18:48:49.636716
B*40:481N,T,HLAtools_protein_alignment,IPD-IMGT/HLA 3.63.0,2026-02-19 18:48:49.636716
B*40:483N,T,HLAtools_protein_alignment,IPD-IMGT/HLA 3.63.0,2026-02-19 18:48:49.636716
B*40:484,T,HLAtools_protein_alignment,IPD-IMGT/HLA 3.63.0,2026-02-19 18:48:49.636716
B*40:485,T,HLAtools_protein_alignment,IPD-IMGT/HLA 3.63.0,2026-02-19 18:48:49.636716
B*40:486,T,HLAtools_protein_alignment,IPD-IMGT/HLA 3.63.0,2026-02-19 18:48:49.636716
B*40:487N,T,HLAtools_protein_alignment,IPD-IMGT/HLA 3.63.0,2026-02-19 18:48:49.636716
B*40:488N,T,HLAtools_protein_alignment,IPD-IMGT/HLA 3.63.0,2026-02-19 18:48:49.636716
B*40:489,T,HLAtools_protein_alignment,IPD-IMGT/HLA 3.63.0,2026-02-19 18:48:49.636716
B*40:49,T,HLAtools_protein_alignment,IPD-IMGT/HLA 3.63.0,2026-02-19 18:48:49.636716
B*40:490,T,HLAtools_protein_alignment,IPD-IMGT/HLA 3.63.0,2026-02-19 18:48:49.636716
B*40:491,T,HLAtools_protein_alignment,IPD-IMGT/HLA 3.63.0,2026-02-19 18:48:49.636716
B*40:492,T,HLAtools_protein_alignment,IPD-IMGT/HLA 3.63.0,2026-02-19 18:48:49.636716
B*40:493,T,HLAtools_protein_alignment,IPD-IMGT/HLA 3.63.0,2026-02-19 18:48:49.636716
B*40:494,T,HLAtools_protein_alignment,IPD-IMGT/HLA 3.63.0,2026-02-19 18:48:49.636716
B*40:495,T,HLAtools_protein_alignment,IPD-IMGT/HLA 3.63.0,2026-02-19 18:48:49.636716
B*40:496,T,HLAtools_protein_alignment,IPD-IMGT/HLA 3.63.0,2026-02-19 18:48:49.636716
B*40:497,T,HLAtools_protein_alignment,IPD-IMGT/HLA 3.63.0,2026-02-19 18:48:49.636716
B*40:498,T,HLAtools_protein_alignment,IPD-IMGT/HLA 3.63.0,2026-02-19 18:48:49.636716
B*40:499,T,HLAtools_protein_alignment,IPD-IMGT/HLA 3.63.0,2026-02-19 18:48:49.636716
B*40:50,T,HLAtools_protein_alignment,IPD-IMGT/HLA 3.63.0,2026-02-19 18:48:49.636716
B*40:500,T,HLAtools_protein_alignment,IPD-IMGT/HLA 3.63.0,2026-02-19 18:48:49.636716
B*40:501,T,HLAtools_protein_alignment,IPD-IMGT/HLA 3.63.0,2026-02-19 18:48:49.636716
B*40:502,T,HLAtools_protein_alignment,IPD-IMGT/HLA 3.63.0,2026-02-19 18:48:49.636716
B*40:503,T,HLAtools_protein_alignment,IPD-IMGT/HLA 3.63.0,2026-02-19 18:48:49.636716
B*40:504,T,HLAtools_protein_alignment,IPD-IMGT/HLA 3.63.0,2026-02-19 18:48:49.636716
B*40:505,T,HLAtools_protein_alignment,IPD-IMGT/HLA 3.63.0,2026-02-19 18:48:49.636716
B*40:506N,T,HLAtools_protein_alignment,IPD-IMGT/HLA 3.63.0,2026-02-19 18:48:49.636716
B*40:507N,T,HLAtools_protein_alignment,IPD-IMGT/HLA 3.63.0,2026-02-19 18:48:49.636716
B*40:508N,T,HLAtools_protein_alignment,IPD-IMGT/HLA 3.63.0,2026-02-19 18:48:49.636716
B*40:509Q,T,HLAtools_protein_alignment,IPD-IMGT/HLA 3.63.0,2026-02-19 18:48:49.636716
B*40:51,T,HLAtools_protein_alignment,IPD-IMGT/HLA 3.63.0,2026-02-19 18:48:49.636716
B*40:511N,T,HLAtools_protein_alignment,IPD-IMGT/HLA 3.63.0,2026-02-19 18:48:49.636716
B*40:512,T,HLAtools_protein_alignment,IPD-IMGT/HLA 3.63.0,2026-02-19 18:48:49.636716
B*40:513,T,HLAtools_protein_alignment,IPD-IMGT/HLA 3.63.0,2026-02-19 18:48:49.636716
B*40:514N,T,HLAtools_protein_alignment,IPD-IMGT/HLA 3.63.0,2026-02-19 18:48:49.636716
B*40:515,T,HLAtools_protein_alignment,IPD-IMGT/HLA 3.63.0,2026-02-19 18:48:49.636716
B*40:516,T,HLAtools_protein_alignment,IPD-IMGT/HLA 3.63.0,2026-02-19 18:48:49.636716
B*40:517,T,HLAtools_protein_alignment,IPD-IMGT/HLA 3.63.0,2026-02-19 18:48:49.636716
B*40:518,T,HLAtools_protein_alignment,IPD-IMGT/HLA 3.63.0,2026-02-19 18:48:49.636716
B*40:519,T,HLAtools_protein_alignment,IPD-IMGT/HLA 3.63.0,2026-02-19 18:48:49.636716
B*40:52,T,HLAtools_protein_alignment,IPD-IMGT/HLA 3.63.0,2026-02-19 18:48:49.636716
B*40:520,T,HLAtools_protein_alignment,IPD-IMGT/HLA 3.63.0,2026-02-19 18:48:49.636716
B*40:521,T,HLAtools_protein_alignment,IPD-IMGT/HLA 3.63.0,2026-02-19 18:48:49.636716
B*40:522,T,HLAtools_protein_alignment,IPD-IMGT/HLA 3.63.0,2026-02-19 18:48:49.636716
B*40:524,T,HLAtools_protein_alignment,IPD-IMGT/HLA 3.63.0,2026-02-19 18:48:49.636716
B*40:525,T,HLAtools_protein_alignment,IPD-IMGT/HLA 3.63.0,2026-02-19 18:48:49.636716
B*40:527,T,HLAtools_protein_alignment,IPD-IMGT/HLA 3.63.0,2026-02-19 18:48:49.636716
B*40:528,T,HLAtools_protein_alignment,IPD-IMGT/HLA 3.63.0,2026-02-19 18:48:49.636716
B*40:529,T,HLAtools_protein_alignment,IPD-IMGT/HLA 3.63.0,2026-02-19 18:48:49.636716
B*40:53,T,HLAtools_protein_alignment,IPD-IMGT/HLA 3.63.0,2026-02-19 18:48:49.636716
B*40:530,T,HLAtools_protein_alignment,IPD-IMGT/HLA 3.63.0,2026-02-19 18:48:49.636716
B*40:531,T,HLAtools_protein_alignment,IPD-IMGT/HLA 3.63.0,2026-02-19 18:48:49.636716
B*40:532,T,HLAtools_protein_alignment,IPD-IMGT/HLA 3.63.0,2026-02-19 18:48:49.636716
B*40:533,T,HLAtools_protein_alignment,IPD-IMGT/HLA 3.63.0,2026-02-19 18:48:49.636716
B*40:534,T,HLAtools_protein_alignment,IPD-IMGT/HLA 3.63.0,2026-02-19 18:48:49.636716
B*40:535,T,HLAtools_protein_alignment,IPD-IMGT/HLA 3.63.0,2026-02-19 18:48:49.636716
B*40:536N,T,HLAtools_protein_alignment,IPD-IMGT/HLA 3.63.0,2026-02-19 18:48:49.636716
B*40:537,T,HLAtools_protein_alignment,IPD-IMGT/HLA 3.63.0,2026-02-19 18:48:49.636716
B*40:538,T,HLAtools_protein_alignment,IPD-IMGT/HLA 3.63.0,2026-02-19 18:48:49.636716
B*40:54,T,HLAtools_protein_alignment,IPD-IMGT/HLA 3.63.0,2026-02-19 18:48:49.636716
B*40:540N,T,HLAtools_protein_alignment,IPD-IMGT/HLA 3.63.0,2026-02-19 18:48:49.636716
B*40:541,T,HLAtools_protein_alignment,IPD-IMGT/HLA 3.63.0,2026-02-19 18:48:49.636716
B*40:542,T,HLAtools_protein_alignment,IPD-IMGT/HLA 3.63.0,2026-02-19 18:48:49.636716
B*40:543,T,HLAtools_protein_alignment,IPD-IMGT/HLA 3.63.0,2026-02-19 18:48:49.636716
B*40:544,T,HLAtools_protein_alignment,IPD-IMGT/HLA 3.63.0,2026-02-19 18:48:49.636716
B*40:545N,T,HLAtools_protein_alignment,IPD-IMGT/HLA 3.63.0,2026-02-19 18:48:49.636716
B*40:546,T,HLAtools_protein_alignment,IPD-IMGT/HLA 3.63.0,2026-02-19 18:48:49.636716
B*40:547,T,HLAtools_protein_alignment,IPD-IMGT/HLA 3.63.0,2026-02-19 18:48:49.636716
B*40:548,T,HLAtools_protein_alignment,IPD-IMGT/HLA 3.63.0,2026-02-19 18:48:49.636716
B*40:549,T,HLAtools_protein_alignment,IPD-IMGT/HLA 3.63.0,2026-02-19 18:48:49.636716
B*40:55,T,HLAtools_protein_alignment,IPD-IMGT/HLA 3.63.0,2026-02-19 18:48:49.636716
B*40:550,T,HLAtools_protein_alignment,IPD-IMGT/HLA 3.63.0,2026-02-19 18:48:49.636716
B*40:551,T,HLAtools_protein_alignment,IPD-IMGT/HLA 3.63.0,2026-02-19 18:48:49.636716
B*40:552,T,HLAtools_protein_alignment,IPD-IMGT/HLA 3.63.0,2026-02-19 18:48:49.636716
B*40:553,T,HLAtools_protein_alignment,IPD-IMGT/HLA 3.63.0,2026-02-19 18:48:49.636716
B*40:554,T,HLAtools_protein_alignment,IPD-IMGT/HLA 3.63.0,2026-02-19 18:48:49.636716
B*40:555,T,HLAtools_protein_alignment,IPD-IMGT/HLA 3.63.0,2026-02-19 18:48:49.636716
B*40:556,T,HLAtools_protein_alignment,IPD-IMGT/HLA 3.63.0,2026-02-19 18:48:49.636716
B*40:558,T,HLAtools_protein_alignment,IPD-IMGT/HLA 3.63.0,2026-02-19 18:48:49.636716
B*40:559,T,HLAtools_protein_alignment,IPD-IMGT/HLA 3.63.0,2026-02-19 18:48:49.636716
B*40:560,T,HLAtools_protein_alignment,IPD-IMGT/HLA 3.63.0,2026-02-19 18:48:49.636716
B*40:561,T,HLAtools_protein_alignment,IPD-IMGT/HLA 3.63.0,2026-02-19 18:48:49.636716
B*40:562,T,HLAtools_protein_alignment,IPD-IMGT/HLA 3.63.0,2026-02-19 18:48:49.636716
B*40:563N,T,HLAtools_protein_alignment,IPD-IMGT/HLA 3.63.0,2026-02-19 18:48:49.636716
B*40:564,T,HLAtools_protein_alignment,IPD-IMGT/HLA 3.63.0,2026-02-19 18:48:49.636716
B*40:565,T,HLAtools_protein_alignment,IPD-IMGT/HLA 3.63.0,2026-02-19 18:48:49.636716
B*40:566,T,HLAtools_protein_alignment,IPD-IMGT/HLA 3.63.0,2026-02-19 18:48:49.636716
B*40:567,T,HLAtools_protein_alignment,IPD-IMGT/HLA 3.63.0,2026-02-19 18:48:49.636716
B*40:568,T,HLAtools_protein_alignment,IPD-IMGT/HLA 3.63.0,2026-02-19 18:48:49.636716
B*40:569,T,HLAtools_protein_alignment,IPD-IMGT/HLA 3.63.0,2026-02-19 18:48:49.636716
B*40:570,T,HLAtools_protein_alignment,IPD-IMGT/HLA 3.63.0,2026-02-19 18:48:49.636716
B*40:571N,T,HLAtools_protein_alignment,IPD-IMGT/HLA 3.63.0,2026-02-19 18:48:49.636716
B*40:572,T,HLAtools_protein_alignment,IPD-IMGT/HLA 3.63.0,2026-02-19 18:48:49.636716
B*40:573,T,HLAtools_protein_alignment,IPD-IMGT/HLA 3.63.0,2026-02-19 18:48:49.636716
B*40:574,T,HLAtools_protein_alignment,IPD-IMGT/HLA 3.63.0,2026-02-19 18:48:49.636716
B*40:575,T,HLAtools_protein_alignment,IPD-IMGT/HLA 3.63.0,2026-02-19 18:48:49.636716
B*40:576,T,HLAtools_protein_alignment,IPD-IMGT/HLA 3.63.0,2026-02-19 18:48:49.636716
B*40:577,T,HLAtools_protein_alignment,IPD-IMGT/HLA 3.63.0,2026-02-19 18:48:49.636716
B*40:578,T,HLAtools_protein_alignment,IPD-IMGT/HLA 3.63.0,2026-02-19 18:48:49.636716
B*40:579,T,HLAtools_protein_alignment,IPD-IMGT/HLA 3.63.0,2026-02-19 18:48:49.636716
B*40:580,T,HLAtools_protein_alignment,IPD-IMGT/HLA 3.63.0,2026-02-19 18:48:49.636716
B*40:581N,T,HLAtools_protein_alignment,IPD-IMGT/HLA 3.63.0,2026-02-19 18:48:49.636716
B*40:582,T,HLAtools_protein_alignment,IPD-IMGT/HLA 3.63.0,2026-02-19 18:48:49.636716
B*40:583,T,HLAtools_protein_alignment,IPD-IMGT/HLA 3.63.0,2026-02-19 18:48:49.636716
B*40:584,T,HLAtools_protein_alignment,IPD-IMGT/HLA 3.63.0,2026-02-19 18:48:49.636716
B*40:586,T,HLAtools_protein_alignment,IPD-IMGT/HLA 3.63.0,2026-02-19 18:48:49.636716
B*40:587,T,HLAtools_protein_alignment,IPD-IMGT/HLA 3.63.0,2026-02-19 18:48:49.636716
B*40:588,T,HLAtools_protein_alignment,IPD-IMGT/HLA 3.63.0,2026-02-19 18:48:49.636716
B*40:589,T,HLAtools_protein_alignment,IPD-IMGT/HLA 3.63.0,2026-02-19 18:48:49.636716
B*40:59,T,HLAtools_protein_alignment,IPD-IMGT/HLA 3.63.0,2026-02-19 18:48:49.636716
B*40:590N,T,HLAtools_protein_alignment,IPD-IMGT/HLA 3.63.0,2026-02-19 18:48:49.636716
B*40:591,T,HLAtools_protein_alignment,IPD-IMGT/HLA 3.63.0,2026-02-19 18:48:49.636716
B*40:592,T,HLAtools_protein_alignment,IPD-IMGT/HLA 3.63.0,2026-02-19 18:48:49.636716
B*40:593,T,HLAtools_protein_alignment,IPD-IMGT/HLA 3.63.0,2026-02-19 18:48:49.636716
B*40:594N,T,HLAtools_protein_alignment,IPD-IMGT/HLA 3.63.0,2026-02-19 18:48:49.636716
B*40:595,T,HLAtools_protein_alignment,IPD-IMGT/HLA 3.63.0,2026-02-19 18:48:49.636716
B*40:596,T,HLAtools_protein_alignment,IPD-IMGT/HLA 3.63.0,2026-02-19 18:48:49.636716
B*40:597,T,HLAtools_protein_alignment,IPD-IMGT/HLA 3.63.0,2026-02-19 18:48:49.636716
B*40:598,T,HLAtools_protein_alignment,IPD-IMGT/HLA 3.63.0,2026-02-19 18:48:49.636716
B*40:599,T,HLAtools_protein_alignment,IPD-IMGT/HLA 3.63.0,2026-02-19 18:48:49.636716
B*40:60,T,HLAtools_protein_alignment,IPD-IMGT/HLA 3.63.0,2026-02-19 18:48:49.636716
B*40:600Q,T,HLAtools_protein_alignment,IPD-IMGT/HLA 3.63.0,2026-02-19 18:48:49.636716
B*40:601,T,HLAtools_protein_alignment,IPD-IMGT/HLA 3.63.0,2026-02-19 18:48:49.636716
B*40:602,T,HLAtools_protein_alignment,IPD-IMGT/HLA 3.63.0,2026-02-19 18:48:49.636716
B*40:603,T,HLAtools_protein_alignment,IPD-IMGT/HLA 3.63.0,2026-02-19 18:48:49.636716
B*40:604,T,HLAtools_protein_alignment,IPD-IMGT/HLA 3.63.0,2026-02-19 18:48:49.636716
B*40:606N,T,HLAtools_protein_alignment,IPD-IMGT/HLA 3.63.0,2026-02-19 18:48:49.636716
B*40:607,T,HLAtools_protein_alignment,IPD-IMGT/HLA 3.63.0,2026-02-19 18:48:49.636716
B*40:608,T,HLAtools_protein_alignment,IPD-IMGT/HLA 3.63.0,2026-02-19 18:48:49.636716
B*40:609,T,HLAtools_protein_alignment,IPD-IMGT/HLA 3.63.0,2026-02-19 18:48:49.636716
B*40:610,T,HLAtools_protein_alignment,IPD-IMGT/HLA 3.63.0,2026-02-19 18:48:49.636716
B*40:611N,T,HLAtools_protein_alignment,IPD-IMGT/HLA 3.63.0,2026-02-19 18:48:49.636716
B*40:612,T,HLAtools_protein_alignment,IPD-IMGT/HLA 3.63.0,2026-02-19 18:48:49.636716
B*40:613,T,HLAtools_protein_alignment,IPD-IMGT/HLA 3.63.0,2026-02-19 18:48:49.636716
B*40:615,T,HLAtools_protein_alignment,IPD-IMGT/HLA 3.63.0,2026-02-19 18:48:49.636716
B*40:616,T,HLAtools_protein_alignment,IPD-IMGT/HLA 3.63.0,2026-02-19 18:48:49.636716
B*40:618,T,HLAtools_protein_alignment,IPD-IMGT/HLA 3.63.0,2026-02-19 18:48:49.636716
B*40:620,T,HLAtools_protein_alignment,IPD-IMGT/HLA 3.63.0,2026-02-19 18:48:49.636716
B*40:621,T,HLAtools_protein_alignment,IPD-IMGT/HLA 3.63.0,2026-02-19 18:48:49.636716
B*40:622,T,HLAtools_protein_alignment,IPD-IMGT/HLA 3.63.0,2026-02-19 18:48:49.636716
B*40:623,T,HLAtools_protein_alignment,IPD-IMGT/HLA 3.63.0,2026-02-19 18:48:49.636716
B*40:624,T,HLAtools_protein_alignment,IPD-IMGT/HLA 3.63.0,2026-02-19 18:48:49.636716
B*40:625,T,HLAtools_protein_alignment,IPD-IMGT/HLA 3.63.0,2026-02-19 18:48:49.636716
B*40:626,T,HLAtools_protein_alignment,IPD-IMGT/HLA 3.63.0,2026-02-19 18:48:49.636716
B*40:64,T,HLAtools_protein_alignment,IPD-IMGT/HLA 3.63.0,2026-02-19 18:48:49.636716
B*40:67,T,HLAtools_protein_alignment,IPD-IMGT/HLA 3.63.0,2026-02-19 18:48:49.636716
B*40:70,T,HLAtools_protein_alignment,IPD-IMGT/HLA 3.63.0,2026-02-19 18:48:49.636716
B*40:72,T,HLAtools_protein_alignment,IPD-IMGT/HLA 3.63.0,2026-02-19 18:48:49.636716
B*40:73,T,HLAtools_protein_alignment,IPD-IMGT/HLA 3.63.0,2026-02-19 18:48:49.636716
B*40:74,T,HLAtools_protein_alignment,IPD-IMGT/HLA 3.63.0,2026-02-19 18:48:49.636716
B*40:76,T,HLAtools_protein_alignment,IPD-IMGT/HLA 3.63.0,2026-02-19 18:48:49.636716
B*40:77,T,HLAtools_protein_alignment,IPD-IMGT/HLA 3.63.0,2026-02-19 18:48:49.636716
B*40:78,T,HLAtools_protein_alignment,IPD-IMGT/HLA 3.63.0,2026-02-19 18:48:49.636716
B*40:79,T,HLAtools_protein_alignment,IPD-IMGT/HLA 3.63.0,2026-02-19 18:48:49.636716
B*40:80,T,HLAtools_protein_alignment,IPD-IMGT/HLA 3.63.0,2026-02-19 18:48:49.636716
B*40:86,T,HLAtools_protein_alignment,IPD-IMGT/HLA 3.63.0,2026-02-19 18:48:49.636716
B*40:90,T,HLAtools_protein_alignment,IPD-IMGT/HLA 3.63.0,2026-02-19 18:48:49.636716
B*40:94,T,HLAtools_protein_alignment,IPD-IMGT/HLA 3.63.0,2026-02-19 18:48:49.636716
B*40:96,T,HLAtools_protein_alignment,IPD-IMGT/HLA 3.63.0,2026-02-19 18:48:49.636716
B*40:97,T,HLAtools_protein_alignment,IPD-IMGT/HLA 3.63.0,2026-02-19 18:48:49.636716
B*40:99,T,HLAtools_protein_alignment,IPD-IMGT/HLA 3.63.0,2026-02-19 18:48:49.636716
B*41:01,T,HLAtools_protein_alignment,IPD-IMGT/HLA 3.63.0,2026-02-19 18:48:49.636716
B*41:02,T,HLAtools_protein_alignment,IPD-IMGT/HLA 3.63.0,2026-02-19 18:48:49.636716
B*41:03,T,HLAtools_protein_alignment,IPD-IMGT/HLA 3.63.0,2026-02-19 18:48:49.636716
B*41:04,T,HLAtools_protein_alignment,IPD-IMGT/HLA 3.63.0,2026-02-19 18:48:49.636716
B*41:06,T,HLAtools_protein_alignment,IPD-IMGT/HLA 3.63.0,2026-02-19 18:48:49.636716
B*41:07,T,HLAtools_protein_alignment,IPD-IMGT/HLA 3.63.0,2026-02-19 18:48:49.636716
B*41:16,T,HLAtools_protein_alignment,IPD-IMGT/HLA 3.63.0,2026-02-19 18:48:49.636716
B*41:21,T,HLAtools_protein_alignment,IPD-IMGT/HLA 3.63.0,2026-02-19 18:48:49.636716
B*41:27,T,HLAtools_protein_alignment,IPD-IMGT/HLA 3.63.0,2026-02-19 18:48:49.636716
B*41:29,T,HLAtools_protein_alignment,IPD-IMGT/HLA 3.63.0,2026-02-19 18:48:49.636716
B*41:33,T,HLAtools_protein_alignment,IPD-IMGT/HLA 3.63.0,2026-02-19 18:48:49.636716
B*41:35,T,HLAtools_protein_alignment,IPD-IMGT/HLA 3.63.0,2026-02-19 18:48:49.636716
B*41:37,T,HLAtools_protein_alignment,IPD-IMGT/HLA 3.63.0,2026-02-19 18:48:49.636716
B*41:40,T,HLAtools_protein_alignment,IPD-IMGT/HLA 3.63.0,2026-02-19 18:48:49.636716
B*41:41,T,HLAtools_protein_alignment,IPD-IMGT/HLA 3.63.0,2026-02-19 18:48:49.636716
B*41:42,T,HLAtools_protein_alignment,IPD-IMGT/HLA 3.63.0,2026-02-19 18:48:49.636716
B*41:43,T,HLAtools_protein_alignment,IPD-IMGT/HLA 3.63.0,2026-02-19 18:48:49.636716
B*41:44,T,HLAtools_protein_alignment,IPD-IMGT/HLA 3.63.0,2026-02-19 18:48:49.636716
B*41:45N,T,HLAtools_protein_alignment,IPD-IMGT/HLA 3.63.0,2026-02-19 18:48:49.636716
B*41:49,T,HLAtools_protein_alignment,IPD-IMGT/HLA 3.63.0,2026-02-19 18:48:49.636716
B*41:50,T,HLAtools_protein_alignment,IPD-IMGT/HLA 3.63.0,2026-02-19 18:48:49.636716
B*41:51,T,HLAtools_protein_alignment,IPD-IMGT/HLA 3.63.0,2026-02-19 18:48:49.636716
B*41:54,T,HLAtools_protein_alignment,IPD-IMGT/HLA 3.63.0,2026-02-19 18:48:49.636716
B*41:55,T,HLAtools_protein_alignment,IPD-IMGT/HLA 3.63.0,2026-02-19 18:48:49.636716
B*41:56Q,T,HLAtools_protein_alignment,IPD-IMGT/HLA 3.63.0,2026-02-19 18:48:49.636716
B*41:57,T,HLAtools_protein_alignment,IPD-IMGT/HLA 3.63.0,2026-02-19 18:48:49.636716
B*41:58,T,HLAtools_protein_alignment,IPD-IMGT/HLA 3.63.0,2026-02-19 18:48:49.636716
B*41:59,T,HLAtools_protein_alignment,IPD-IMGT/HLA 3.63.0,2026-02-19 18:48:49.636716
B*41:60,T,HLAtools_protein_alignment,IPD-IMGT/HLA 3.63.0,2026-02-19 18:48:49.636716
B*41:61,T,HLAtools_protein_alignment,IPD-IMGT/HLA 3.63.0,2026-02-19 18:48:49.636716
B*41:62,T,HLAtools_protein_alignment,IPD-IMGT/HLA 3.63.0,2026-02-19 18:48:49.636716
B*41:63,T,HLAtools_protein_alignment,IPD-IMGT/HLA 3.63.0,2026-02-19 18:48:49.636716
B*41:64,T,HLAtools_protein_alignment,IPD-IMGT/HLA 3.63.0,2026-02-19 18:48:49.636716
B*41:65,T,HLAtools_protein_alignment,IPD-IMGT/HLA 3.63.0,2026-02-19 18:48:49.636716
B*41:66,T,HLAtools_protein_alignment,IPD-IMGT/HLA 3.63.0,2026-02-19 18:48:49.636716
B*41:67,T,HLAtools_protein_alignment,IPD-IMGT/HLA 3.63.0,2026-02-19 18:48:49.636716
B*41:68,T,HLAtools_protein_alignment,IPD-IMGT/HLA 3.63.0,2026-02-19 18:48:49.636716
B*41:69,T,HLAtools_protein_alignment,IPD-IMGT/HLA 3.63.0,2026-02-19 18:48:49.636716
B*41:70,T,HLAtools_protein_alignment,IPD-IMGT/HLA 3.63.0,2026-02-19 18:48:49.636716
B*41:71,T,HLAtools_protein_alignment,IPD-IMGT/HLA 3.63.0,2026-02-19 18:48:49.636716
B*41:72,T,HLAtools_protein_alignment,IPD-IMGT/HLA 3.63.0,2026-02-19 18:48:49.636716
B*41:73,T,HLAtools_protein_alignment,IPD-IMGT/HLA 3.63.0,2026-02-19 18:48:49.636716
B*41:74,T,HLAtools_protein_alignment,IPD-IMGT/HLA 3.63.0,2026-02-19 18:48:49.636716
B*41:75,T,HLAtools_protein_alignment,IPD-IMGT/HLA 3.63.0,2026-02-19 18:48:49.636716
B*41:76,T,HLAtools_protein_alignment,IPD-IMGT/HLA 3.63.0,2026-02-19 18:48:49.636716
B*41:77,T,HLAtools_protein_alignment,IPD-IMGT/HLA 3.63.0,2026-02-19 18:48:49.636716
B*41:78,T,HLAtools_protein_alignment,IPD-IMGT/HLA 3.63.0,2026-02-19 18:48:49.636716
B*41:79,T,HLAtools_protein_alignment,IPD-IMGT/HLA 3.63.0,2026-02-19 18:48:49.636716
B*41:80,T,HLAtools_protein_alignment,IPD-IMGT/HLA 3.63.0,2026-02-19 18:48:49.636716
B*41:81,T,HLAtools_protein_alignment,IPD-IMGT/HLA 3.63.0,2026-02-19 18:48:49.636716
B*41:82,T,HLAtools_protein_alignment,IPD-IMGT/HLA 3.63.0,2026-02-19 18:48:49.636716
B*41:83,T,HLAtools_protein_alignment,IPD-IMGT/HLA 3.63.0,2026-02-19 18:48:49.636716
B*41:84,T,HLAtools_protein_alignment,IPD-IMGT/HLA 3.63.0,2026-02-19 18:48:49.636716
B*41:85,T,HLAtools_protein_alignment,IPD-IMGT/HLA 3.63.0,2026-02-19 18:48:49.636716
B*41:86,T,HLAtools_protein_alignment,IPD-IMGT/HLA 3.63.0,2026-02-19 18:48:49.636716
B*41:87,T,HLAtools_protein_alignment,IPD-IMGT/HLA 3.63.0,2026-02-19 18:48:49.636716
B*41:88,T,HLAtools_protein_alignment,IPD-IMGT/HLA 3.63.0,2026-02-19 18:48:49.636716
B*41:89,T,HLAtools_protein_alignment,IPD-IMGT/HLA 3.63.0,2026-02-19 18:48:49.636716
B*41:90,T,HLAtools_protein_alignment,IPD-IMGT/HLA 3.63.0,2026-02-19 18:48:49.636716
B*41:91,T,HLAtools_protein_alignment,IPD-IMGT/HLA 3.63.0,2026-02-19 18:48:49.636716
B*41:92,T,HLAtools_protein_alignment,IPD-IMGT/HLA 3.63.0,2026-02-19 18:48:49.636716
B*41:93,T,HLAtools_protein_alignment,IPD-IMGT/HLA 3.63.0,2026-02-19 18:48:49.636716
B*41:94,T,HLAtools_protein_alignment,IPD-IMGT/HLA 3.63.0,2026-02-19 18:48:49.636716
B*41:95,T,HLAtools_protein_alignment,IPD-IMGT/HLA 3.63.0,2026-02-19 18:48:49.636716
B*41:96,T,HLAtools_protein_alignment,IPD-IMGT/HLA 3.63.0,2026-02-19 18:48:49.636716
B*41:97,T,HLAtools_protein_alignment,IPD-IMGT/HLA 3.63.0,2026-02-19 18:48:49.636716
B*42:01,M,HLAtools_protein_alignment,IPD-IMGT/HLA 3.63.0,2026-02-19 18:48:49.636716
B*42:02,M,HLAtools_protein_alignment,IPD-IMGT/HLA 3.63.0,2026-02-19 18:48:49.636716
B*42:05,M,HLAtools_protein_alignment,IPD-IMGT/HLA 3.63.0,2026-02-19 18:48:49.636716
B*42:08,M,HLAtools_protein_alignment,IPD-IMGT/HLA 3.63.0,2026-02-19 18:48:49.636716
B*42:16,M,HLAtools_protein_alignment,IPD-IMGT/HLA 3.63.0,2026-02-19 18:48:49.636716
B*42:25,M,HLAtools_protein_alignment,IPD-IMGT/HLA 3.63.0,2026-02-19 18:48:49.636716
B*42:26,M,HLAtools_protein_alignment,IPD-IMGT/HLA 3.63.0,2026-02-19 18:48:49.636716
B*42:27,M,HLAtools_protein_alignment,IPD-IMGT/HLA 3.63.0,2026-02-19 18:48:49.636716
B*42:28,M,HLAtools_protein_alignment,IPD-IMGT/HLA 3.63.0,2026-02-19 18:48:49.636716
B*42:29,M,HLAtools_protein_alignment,IPD-IMGT/HLA 3.63.0,2026-02-19 18:48:49.636716
B*42:30,M,HLAtools_protein_alignment,IPD-IMGT/HLA 3.63.0,2026-02-19 18:48:49.636716
B*42:31,M,HLAtools_protein_alignment,IPD-IMGT/HLA 3.63.0,2026-02-19 18:48:49.636716
B*42:32,M,HLAtools_protein_alignment,IPD-IMGT/HLA 3.63.0,2026-02-19 18:48:49.636716
B*42:33,M,HLAtools_protein_alignment,IPD-IMGT/HLA 3.63.0,2026-02-19 18:48:49.636716
B*42:34,M,HLAtools_protein_alignment,IPD-IMGT/HLA 3.63.0,2026-02-19 18:48:49.636716
B*42:35,M,HLAtools_protein_alignment,IPD-IMGT/HLA 3.63.0,2026-02-19 18:48:49.636716
B*42:36,M,HLAtools_protein_alignment,IPD-IMGT/HLA 3.63.0,2026-02-19 18:48:49.636716
B*42:37,M,HLAtools_protein_alignment,IPD-IMGT/HLA 3.63.0,2026-02-19 18:48:49.636716
B*42:38,M,HLAtools_protein_alignment,IPD-IMGT/HLA 3.63.0,2026-02-19 18:48:49.636716
B*42:39,M,HLAtools_protein_alignment,IPD-IMGT/HLA 3.63.0,2026-02-19 18:48:49.636716
B*42:40,M,HLAtools_protein_alignment,IPD-IMGT/HLA 3.63.0,2026-02-19 18:48:49.636716
B*44:02,T,HLAtools_protein_alignment,IPD-IMGT/HLA 3.63.0,2026-02-19 18:48:49.636716
B*44:02Q,T,HLAtools_protein_alignment,IPD-IMGT/HLA 3.63.0,2026-02-19 18:48:49.636716
B*44:02S,T,HLAtools_protein_alignment,IPD-IMGT/HLA 3.63.0,2026-02-19 18:48:49.636716
B*44:03,T,HLAtools_protein_alignment,IPD-IMGT/HLA 3.63.0,2026-02-19 18:48:49.636716
B*44:04,T,HLAtools_protein_alignment,IPD-IMGT/HLA 3.63.0,2026-02-19 18:48:49.636716
B*44:05,T,HLAtools_protein_alignment,IPD-IMGT/HLA 3.63.0,2026-02-19 18:48:49.636716
B*44:06,T,HLAtools_protein_alignment,IPD-IMGT/HLA 3.63.0,2026-02-19 18:48:49.636716
B*44:07,T,HLAtools_protein_alignment,IPD-IMGT/HLA 3.63.0,2026-02-19 18:48:49.636716
B*44:08,T,HLAtools_protein_alignment,IPD-IMGT/HLA 3.63.0,2026-02-19 18:48:49.636716
B*44:09,T,HLAtools_protein_alignment,IPD-IMGT/HLA 3.63.0,2026-02-19 18:48:49.636716
B*44:10,T,HLAtools_protein_alignment,IPD-IMGT/HLA 3.63.0,2026-02-19 18:48:49.636716
B*44:105,T,HLAtools_protein_alignment,IPD-IMGT/HLA 3.63.0,2026-02-19 18:48:49.636716
B*44:115,T,HLAtools_protein_alignment,IPD-IMGT/HLA 3.63.0,2026-02-19 18:48:49.636716
B*44:12,T,HLAtools_protein_alignment,IPD-IMGT/HLA 3.63.0,2026-02-19 18:48:49.636716
B*44:127,T,HLAtools_protein_alignment,IPD-IMGT/HLA 3.63.0,2026-02-19 18:48:49.636716
B*44:128,T,HLAtools_protein_alignment,IPD-IMGT/HLA 3.63.0,2026-02-19 18:48:49.636716
B*44:13,T,HLAtools_protein_alignment,IPD-IMGT/HLA 3.63.0,2026-02-19 18:48:49.636716
B*44:130,T,HLAtools_protein_alignment,IPD-IMGT/HLA 3.63.0,2026-02-19 18:48:49.636716
B*44:137,T,HLAtools_protein_alignment,IPD-IMGT/HLA 3.63.0,2026-02-19 18:48:49.636716
B*44:138Q,T,HLAtools_protein_alignment,IPD-IMGT/HLA 3.63.0,2026-02-19 18:48:49.636716
B*44:14,T,HLAtools_protein_alignment,IPD-IMGT/HLA 3.63.0,2026-02-19 18:48:49.636716
B*44:146,T,HLAtools_protein_alignment,IPD-IMGT/HLA 3.63.0,2026-02-19 18:48:49.636716
B*44:15,T,HLAtools_protein_alignment,IPD-IMGT/HLA 3.63.0,2026-02-19 18:48:49.636716
B*44:150,T,HLAtools_protein_alignment,IPD-IMGT/HLA 3.63.0,2026-02-19 18:48:49.636716
B*44:152,T,HLAtools_protein_alignment,IPD-IMGT/HLA 3.63.0,2026-02-19 18:48:49.636716
B*44:163,T,HLAtools_protein_alignment,IPD-IMGT/HLA 3.63.0,2026-02-19 18:48:49.636716
B*44:167,T,HLAtools_protein_alignment,IPD-IMGT/HLA 3.63.0,2026-02-19 18:48:49.636716
B*44:17,T,HLAtools_protein_alignment,IPD-IMGT/HLA 3.63.0,2026-02-19 18:48:49.636716
B*44:173,T,HLAtools_protein_alignment,IPD-IMGT/HLA 3.63.0,2026-02-19 18:48:49.636716
B*44:18,T,HLAtools_protein_alignment,IPD-IMGT/HLA 3.63.0,2026-02-19 18:48:49.636716
B*44:184,T,HLAtools_protein_alignment,IPD-IMGT/HLA 3.63.0,2026-02-19 18:48:49.636716
B*44:186,T,HLAtools_protein_alignment,IPD-IMGT/HLA 3.63.0,2026-02-19 18:48:49.636716
B*44:192,T,HLAtools_protein_alignment,IPD-IMGT/HLA 3.63.0,2026-02-19 18:48:49.636716
B*44:194,T,HLAtools_protein_alignment,IPD-IMGT/HLA 3.63.0,2026-02-19 18:48:49.636716
B*44:20,T,HLAtools_protein_alignment,IPD-IMGT/HLA 3.63.0,2026-02-19 18:48:49.636716
B*44:203,T,HLAtools_protein_alignment,IPD-IMGT/HLA 3.63.0,2026-02-19 18:48:49.636716
B*44:204,T,HLAtools_protein_alignment,IPD-IMGT/HLA 3.63.0,2026-02-19 18:48:49.636716
B*44:21,T,HLAtools_protein_alignment,IPD-IMGT/HLA 3.63.0,2026-02-19 18:48:49.636716
B*44:210,T,HLAtools_protein_alignment,IPD-IMGT/HLA 3.63.0,2026-02-19 18:48:49.636716
B*44:211,T,HLAtools_protein_alignment,IPD-IMGT/HLA 3.63.0,2026-02-19 18:48:49.636716
B*44:212,T,HLAtools_protein_alignment,IPD-IMGT/HLA 3.63.0,2026-02-19 18:48:49.636716
B*44:218,T,HLAtools_protein_alignment,IPD-IMGT/HLA 3.63.0,2026-02-19 18:48:49.636716
B*44:22,T,HLAtools_protein_alignment,IPD-IMGT/HLA 3.63.0,2026-02-19 18:48:49.636716
B*44:220,T,HLAtools_protein_alignment,IPD-IMGT/HLA 3.63.0,2026-02-19 18:48:49.636716
B*44:221,T,HLAtools_protein_alignment,IPD-IMGT/HLA 3.63.0,2026-02-19 18:48:49.636716
B*44:224,T,HLAtools_protein_alignment,IPD-IMGT/HLA 3.63.0,2026-02-19 18:48:49.636716
B*44:225,T,HLAtools_protein_alignment,IPD-IMGT/HLA 3.63.0,2026-02-19 18:48:49.636716
B*44:229,T,HLAtools_protein_alignment,IPD-IMGT/HLA 3.63.0,2026-02-19 18:48:49.636716
B*44:230,T,HLAtools_protein_alignment,IPD-IMGT/HLA 3.63.0,2026-02-19 18:48:49.636716
B*44:239,T,HLAtools_protein_alignment,IPD-IMGT/HLA 3.63.0,2026-02-19 18:48:49.636716
B*44:23N,T,HLAtools_protein_alignment,IPD-IMGT/HLA 3.63.0,2026-02-19 18:48:49.636716
B*44:24,T,HLAtools_protein_alignment,IPD-IMGT/HLA 3.63.0,2026-02-19 18:48:49.636716
B*44:240,T,HLAtools_protein_alignment,IPD-IMGT/HLA 3.63.0,2026-02-19 18:48:49.636716
B*44:245,T,HLAtools_protein_alignment,IPD-IMGT/HLA 3.63.0,2026-02-19 18:48:49.636716
B*44:248,T,HLAtools_protein_alignment,IPD-IMGT/HLA 3.63.0,2026-02-19 18:48:49.636716
B*44:254,T,HLAtools_protein_alignment,IPD-IMGT/HLA 3.63.0,2026-02-19 18:48:49.636716
B*44:255,T,HLAtools_protein_alignment,IPD-IMGT/HLA 3.63.0,2026-02-19 18:48:49.636716
B*44:256,T,HLAtools_protein_alignment,IPD-IMGT/HLA 3.63.0,2026-02-19 18:48:49.636716
B*44:259,T,HLAtools_protein_alignment,IPD-IMGT/HLA 3.63.0,2026-02-19 18:48:49.636716
B*44:26,T,HLAtools_protein_alignment,IPD-IMGT/HLA 3.63.0,2026-02-19 18:48:49.636716
B*44:260,T,HLAtools_protein_alignment,IPD-IMGT/HLA 3.63.0,2026-02-19 18:48:49.636716
B*44:261,T,HLAtools_protein_alignment,IPD-IMGT/HLA 3.63.0,2026-02-19 18:48:49.636716
B*44:265,T,HLAtools_protein_alignment,IPD-IMGT/HLA 3.63.0,2026-02-19 18:48:49.636716
B*44:266,T,HLAtools_protein_alignment,IPD-IMGT/HLA 3.63.0,2026-02-19 18:48:49.636716
B*44:267N,T,HLAtools_protein_alignment,IPD-IMGT/HLA 3.63.0,2026-02-19 18:48:49.636716
B*44:268,T,HLAtools_protein_alignment,IPD-IMGT/HLA 3.63.0,2026-02-19 18:48:49.636716
B*44:269,T,HLAtools_protein_alignment,IPD-IMGT/HLA 3.63.0,2026-02-19 18:48:49.636716
B*44:27,T,HLAtools_protein_alignment,IPD-IMGT/HLA 3.63.0,2026-02-19 18:48:49.636716
B*44:270,T,HLAtools_protein_alignment,IPD-IMGT/HLA 3.63.0,2026-02-19 18:48:49.636716
B*44:277,T,HLAtools_protein_alignment,IPD-IMGT/HLA 3.63.0,2026-02-19 18:48:49.636716
B*44:278,T,HLAtools_protein_alignment,IPD-IMGT/HLA 3.63.0,2026-02-19 18:48:49.636716
B*44:279,T,HLAtools_protein_alignment,IPD-IMGT/HLA 3.63.0,2026-02-19 18:48:49.636716
B*44:280,T,HLAtools_protein_alignment,IPD-IMGT/HLA 3.63.0,2026-02-19 18:48:49.636716
B*44:281,T,HLAtools_protein_alignment,IPD-IMGT/HLA 3.63.0,2026-02-19 18:48:49.636716
B*44:282,T,HLAtools_protein_alignment,IPD-IMGT/HLA 3.63.0,2026-02-19 18:48:49.636716
B*44:285,T,HLAtools_protein_alignment,IPD-IMGT/HLA 3.63.0,2026-02-19 18:48:49.636716
B*44:286,T,HLAtools_protein_alignment,IPD-IMGT/HLA 3.63.0,2026-02-19 18:48:49.636716
B*44:287,T,HLAtools_protein_alignment,IPD-IMGT/HLA 3.63.0,2026-02-19 18:48:49.636716
B*44:288,T,HLAtools_protein_alignment,IPD-IMGT/HLA 3.63.0,2026-02-19 18:48:49.636716
B*44:289,T,HLAtools_protein_alignment,IPD-IMGT/HLA 3.63.0,2026-02-19 18:48:49.636716
B*44:29,T,HLAtools_protein_alignment,IPD-IMGT/HLA 3.63.0,2026-02-19 18:48:49.636716
B*44:290,T,HLAtools_protein_alignment,IPD-IMGT/HLA 3.63.0,2026-02-19 18:48:49.636716
B*44:291,T,HLAtools_protein_alignment,IPD-IMGT/HLA 3.63.0,2026-02-19 18:48:49.636716
B*44:292,T,HLAtools_protein_alignment,IPD-IMGT/HLA 3.63.0,2026-02-19 18:48:49.636716
B*44:293,T,HLAtools_protein_alignment,IPD-IMGT/HLA 3.63.0,2026-02-19 18:48:49.636716
B*44:294,T,HLAtools_protein_alignment,IPD-IMGT/HLA 3.63.0,2026-02-19 18:48:49.636716
B*44:295,T,HLAtools_protein_alignment,IPD-IMGT/HLA 3.63.0,2026-02-19 18:48:49.636716
B*44:296,T,HLAtools_protein_alignment,IPD-IMGT/HLA 3.63.0,2026-02-19 18:48:49.636716
B*44:298,T,HLAtools_protein_alignment,IPD-IMGT/HLA 3.63.0,2026-02-19 18:48:49.636716
B*44:299,T,HLAtools_protein_alignment,IPD-IMGT/HLA 3.63.0,2026-02-19 18:48:49.636716
B*44:30,T,HLAtools_protein_alignment,IPD-IMGT/HLA 3.63.0,2026-02-19 18:48:49.636716
B*44:301,T,HLAtools_protein_alignment,IPD-IMGT/HLA 3.63.0,2026-02-19 18:48:49.636716
B*44:302,T,HLAtools_protein_alignment,IPD-IMGT/HLA 3.63.0,2026-02-19 18:48:49.636716
B*44:303N,T,HLAtools_protein_alignment,IPD-IMGT/HLA 3.63.0,2026-02-19 18:48:49.636716
B*44:304,T,HLAtools_protein_alignment,IPD-IMGT/HLA 3.63.0,2026-02-19 18:48:49.636716
B*44:305,T,HLAtools_protein_alignment,IPD-IMGT/HLA 3.63.0,2026-02-19 18:48:49.636716
B*44:306N,T,HLAtools_protein_alignment,IPD-IMGT/HLA 3.63.0,2026-02-19 18:48:49.636716
B*44:307,T,HLAtools_protein_alignment,IPD-IMGT/HLA 3.63.0,2026-02-19 18:48:49.636716
B*44:308,T,HLAtools_protein_alignment,IPD-IMGT/HLA 3.63.0,2026-02-19 18:48:49.636716
B*44:309N,T,HLAtools_protein_alignment,IPD-IMGT/HLA 3.63.0,2026-02-19 18:48:49.636716
B*44:31,T,HLAtools_protein_alignment,IPD-IMGT/HLA 3.63.0,2026-02-19 18:48:49.636716
B*44:310N,T,HLAtools_protein_alignment,IPD-IMGT/HLA 3.63.0,2026-02-19 18:48:49.636716
B*44:311,T,HLAtools_protein_alignment,IPD-IMGT/HLA 3.63.0,2026-02-19 18:48:49.636716
B*44:312,T,HLAtools_protein_alignment,IPD-IMGT/HLA 3.63.0,2026-02-19 18:48:49.636716
B*44:313,T,HLAtools_protein_alignment,IPD-IMGT/HLA 3.63.0,2026-02-19 18:48:49.636716
B*44:315,T,HLAtools_protein_alignment,IPD-IMGT/HLA 3.63.0,2026-02-19 18:48:49.636716
B*44:316,T,HLAtools_protein_alignment,IPD-IMGT/HLA 3.63.0,2026-02-19 18:48:49.636716
B*44:317,T,HLAtools_protein_alignment,IPD-IMGT/HLA 3.63.0,2026-02-19 18:48:49.636716
B*44:318,T,HLAtools_protein_alignment,IPD-IMGT/HLA 3.63.0,2026-02-19 18:48:49.636716
B*44:319,T,HLAtools_protein_alignment,IPD-IMGT/HLA 3.63.0,2026-02-19 18:48:49.636716
B*44:32,T,HLAtools_protein_alignment,IPD-IMGT/HLA 3.63.0,2026-02-19 18:48:49.636716
B*44:320,T,HLAtools_protein_alignment,IPD-IMGT/HLA 3.63.0,2026-02-19 18:48:49.636716
B*44:321,T,HLAtools_protein_alignment,IPD-IMGT/HLA 3.63.0,2026-02-19 18:48:49.636716
B*44:322,T,HLAtools_protein_alignment,IPD-IMGT/HLA 3.63.0,2026-02-19 18:48:49.636716
B*44:323,T,HLAtools_protein_alignment,IPD-IMGT/HLA 3.63.0,2026-02-19 18:48:49.636716
B*44:324,T,HLAtools_protein_alignment,IPD-IMGT/HLA 3.63.0,2026-02-19 18:48:49.636716
B*44:325,T,HLAtools_protein_alignment,IPD-IMGT/HLA 3.63.0,2026-02-19 18:48:49.636716
B*44:326,T,HLAtools_protein_alignment,IPD-IMGT/HLA 3.63.0,2026-02-19 18:48:49.636716
B*44:327,T,HLAtools_protein_alignment,IPD-IMGT/HLA 3.63.0,2026-02-19 18:48:49.636716
B*44:328N,T,HLAtools_protein_alignment,IPD-IMGT/HLA 3.63.0,2026-02-19 18:48:49.636716
B*44:329,T,HLAtools_protein_alignment,IPD-IMGT/HLA 3.63.0,2026-02-19 18:48:49.636716
B*44:330,T,HLAtools_protein_alignment,IPD-IMGT/HLA 3.63.0,2026-02-19 18:48:49.636716
B*44:331,T,HLAtools_protein_alignment,IPD-IMGT/HLA 3.63.0,2026-02-19 18:48:49.636716
B*44:332,T,HLAtools_protein_alignment,IPD-IMGT/HLA 3.63.0,2026-02-19 18:48:49.636716
B*44:333N,T,HLAtools_protein_alignment,IPD-IMGT/HLA 3.63.0,2026-02-19 18:48:49.636716
B*44:334N,T,HLAtools_protein_alignment,IPD-IMGT/HLA 3.63.0,2026-02-19 18:48:49.636716
B*44:335,T,HLAtools_protein_alignment,IPD-IMGT/HLA 3.63.0,2026-02-19 18:48:49.636716
B*44:336,T,HLAtools_protein_alignment,IPD-IMGT/HLA 3.63.0,2026-02-19 18:48:49.636716
B*44:337,T,HLAtools_protein_alignment,IPD-IMGT/HLA 3.63.0,2026-02-19 18:48:49.636716
B*44:338,T,HLAtools_protein_alignment,IPD-IMGT/HLA 3.63.0,2026-02-19 18:48:49.636716
B*44:340,T,HLAtools_protein_alignment,IPD-IMGT/HLA 3.63.0,2026-02-19 18:48:49.636716
B*44:341N,T,HLAtools_protein_alignment,IPD-IMGT/HLA 3.63.0,2026-02-19 18:48:49.636716
B*44:342,T,HLAtools_protein_alignment,IPD-IMGT/HLA 3.63.0,2026-02-19 18:48:49.636716
B*44:343,T,HLAtools_protein_alignment,IPD-IMGT/HLA 3.63.0,2026-02-19 18:48:49.636716
B*44:344,T,HLAtools_protein_alignment,IPD-IMGT/HLA 3.63.0,2026-02-19 18:48:49.636716
B*44:345N,T,HLAtools_protein_alignment,IPD-IMGT/HLA 3.63.0,2026-02-19 18:48:49.636716
B*44:346,T,HLAtools_protein_alignment,IPD-IMGT/HLA 3.63.0,2026-02-19 18:48:49.636716
B*44:347,T,HLAtools_protein_alignment,IPD-IMGT/HLA 3.63.0,2026-02-19 18:48:49.636716
B*44:348,T,HLAtools_protein_alignment,IPD-IMGT/HLA 3.63.0,2026-02-19 18:48:49.636716
B*44:349,T,HLAtools_protein_alignment,IPD-IMGT/HLA 3.63.0,2026-02-19 18:48:49.636716
B*44:350,T,HLAtools_protein_alignment,IPD-IMGT/HLA 3.63.0,2026-02-19 18:48:49.636716
B*44:351,T,HLAtools_protein_alignment,IPD-IMGT/HLA 3.63.0,2026-02-19 18:48:49.636716
B*44:352,T,HLAtools_protein_alignment,IPD-IMGT/HLA 3.63.0,2026-02-19 18:48:49.636716
B*44:353,T,HLAtools_protein_alignment,IPD-IMGT/HLA 3.63.0,2026-02-19 18:48:49.636716
B*44:354N,T,HLAtools_protein_alignment,IPD-IMGT/HLA 3.63.0,2026-02-19 18:48:49.636716
B*44:355,T,HLAtools_protein_alignment,IPD-IMGT/HLA 3.63.0,2026-02-19 18:48:49.636716
B*44:356,T,HLAtools_protein_alignment,IPD-IMGT/HLA 3.63.0,2026-02-19 18:48:49.636716
B*44:357,T,HLAtools_protein_alignment,IPD-IMGT/HLA 3.63.0,2026-02-19 18:48:49.636716
B*44:358,T,HLAtools_protein_alignment,IPD-IMGT/HLA 3.63.0,2026-02-19 18:48:49.636716
B*44:359,T,HLAtools_protein_alignment,IPD-IMGT/HLA 3.63.0,2026-02-19 18:48:49.636716
B*44:360,T,HLAtools_protein_alignment,IPD-IMGT/HLA 3.63.0,2026-02-19 18:48:49.636716
B*44:361,T,HLAtools_protein_alignment,IPD-IMGT/HLA 3.63.0,2026-02-19 18:48:49.636716
B*44:362,T,HLAtools_protein_alignment,IPD-IMGT/HLA 3.63.0,2026-02-19 18:48:49.636716
B*44:363,T,HLAtools_protein_alignment,IPD-IMGT/HLA 3.63.0,2026-02-19 18:48:49.636716
B*44:364,T,HLAtools_protein_alignment,IPD-IMGT/HLA 3.63.0,2026-02-19 18:48:49.636716
B*44:365,T,HLAtools_protein_alignment,IPD-IMGT/HLA 3.63.0,2026-02-19 18:48:49.636716
B*44:366N,T,HLAtools_protein_alignment,IPD-IMGT/HLA 3.63.0,2026-02-19 18:48:49.636716
B*44:367,T,HLAtools_protein_alignment,IPD-IMGT/HLA 3.63.0,2026-02-19 18:48:49.636716
B*44:368,T,HLAtools_protein_alignment,IPD-IMGT/HLA 3.63.0,2026-02-19 18:48:49.636716
B*44:369,T,HLAtools_protein_alignment,IPD-IMGT/HLA 3.63.0,2026-02-19 18:48:49.636716
B*44:37,T,HLAtools_protein_alignment,IPD-IMGT/HLA 3.63.0,2026-02-19 18:48:49.636716
B*44:370N,T,HLAtools_protein_alignment,IPD-IMGT/HLA 3.63.0,2026-02-19 18:48:49.636716
B*44:371,T,HLAtools_protein_alignment,IPD-IMGT/HLA 3.63.0,2026-02-19 18:48:49.636716
B*44:372,T,HLAtools_protein_alignment,IPD-IMGT/HLA 3.63.0,2026-02-19 18:48:49.636716
B*44:373,T,HLAtools_protein_alignment,IPD-IMGT/HLA 3.63.0,2026-02-19 18:48:49.636716
B*44:374,T,HLAtools_protein_alignment,IPD-IMGT/HLA 3.63.0,2026-02-19 18:48:49.636716
B*44:375,T,HLAtools_protein_alignment,IPD-IMGT/HLA 3.63.0,2026-02-19 18:48:49.636716
B*44:376,T,HLAtools_protein_alignment,IPD-IMGT/HLA 3.63.0,2026-02-19 18:48:49.636716
B*44:377,T,HLAtools_protein_alignment,IPD-IMGT/HLA 3.63.0,2026-02-19 18:48:49.636716
B*44:378,T,HLAtools_protein_alignment,IPD-IMGT/HLA 3.63.0,2026-02-19 18:48:49.636716
B*44:379,T,HLAtools_protein_alignment,IPD-IMGT/HLA 3.63.0,2026-02-19 18:48:49.636716
B*44:380,T,HLAtools_protein_alignment,IPD-IMGT/HLA 3.63.0,2026-02-19 18:48:49.636716
B*44:381,T,HLAtools_protein_alignment,IPD-IMGT/HLA 3.63.0,2026-02-19 18:48:49.636716
B*44:382,T,HLAtools_protein_alignment,IPD-IMGT/HLA 3.63.0,2026-02-19 18:48:49.636716
B*44:383,T,HLAtools_protein_alignment,IPD-IMGT/HLA 3.63.0,2026-02-19 18:48:49.636716
B*44:384,T,HLAtools_protein_alignment,IPD-IMGT/HLA 3.63.0,2026-02-19 18:48:49.636716
B*44:385,T,HLAtools_protein_alignment,IPD-IMGT/HLA 3.63.0,2026-02-19 18:48:49.636716
B*44:386,T,HLAtools_protein_alignment,IPD-IMGT/HLA 3.63.0,2026-02-19 18:48:49.636716
B*44:387,M,HLAtools_protein_alignment,IPD-IMGT/HLA 3.63.0,2026-02-19 18:48:49.636716
B*44:388,T,HLAtools_protein_alignment,IPD-IMGT/HLA 3.63.0,2026-02-19 18:48:49.636716
B*44:389,T,HLAtools_protein_alignment,IPD-IMGT/HLA 3.63.0,2026-02-19 18:48:49.636716
B*44:39,T,HLAtools_protein_alignment,IPD-IMGT/HLA 3.63.0,2026-02-19 18:48:49.636716
B*44:390,T,HLAtools_protein_alignment,IPD-IMGT/HLA 3.63.0,2026-02-19 18:48:49.636716
B*44:391,T,HLAtools_protein_alignment,IPD-IMGT/HLA 3.63.0,2026-02-19 18:48:49.636716
B*44:392,T,HLAtools_protein_alignment,IPD-IMGT/HLA 3.63.0,2026-02-19 18:48:49.636716
B*44:393,T,HLAtools_protein_alignment,IPD-IMGT/HLA 3.63.0,2026-02-19 18:48:49.636716
B*44:394,T,HLAtools_protein_alignment,IPD-IMGT/HLA 3.63.0,2026-02-19 18:48:49.636716
B*44:395,T,HLAtools_protein_alignment,IPD-IMGT/HLA 3.63.0,2026-02-19 18:48:49.636716
B*44:396,T,HLAtools_protein_alignment,IPD-IMGT/HLA 3.63.0,2026-02-19 18:48:49.636716
B*44:397,T,HLAtools_protein_alignment,IPD-IMGT/HLA 3.63.0,2026-02-19 18:48:49.636716
B*44:398,T,HLAtools_protein_alignment,IPD-IMGT/HLA 3.63.0,2026-02-19 18:48:49.636716
B*44:399,T,HLAtools_protein_alignment,IPD-IMGT/HLA 3.63.0,2026-02-19 18:48:49.636716
B*44:400,T,HLAtools_protein_alignment,IPD-IMGT/HLA 3.63.0,2026-02-19 18:48:49.636716
B*44:401,T,HLAtools_protein_alignment,IPD-IMGT/HLA 3.63.0,2026-02-19 18:48:49.636716
B*44:402,T,HLAtools_protein_alignment,IPD-IMGT/HLA 3.63.0,2026-02-19 18:48:49.636716
B*44:403,T,HLAtools_protein_alignment,IPD-IMGT/HLA 3.63.0,2026-02-19 18:48:49.636716
B*44:404,T,HLAtools_protein_alignment,IPD-IMGT/HLA 3.63.0,2026-02-19 18:48:49.636716
B*44:405,T,HLAtools_protein_alignment,IPD-IMGT/HLA 3.63.0,2026-02-19 18:48:49.636716
B*44:406,T,HLAtools_protein_alignment,IPD-IMGT/HLA 3.63.0,2026-02-19 18:48:49.636716
B*44:407,T,HLAtools_protein_alignment,IPD-IMGT/HLA 3.63.0,2026-02-19 18:48:49.636716
B*44:408,T,HLAtools_protein_alignment,IPD-IMGT/HLA 3.63.0,2026-02-19 18:48:49.636716
B*44:409,T,HLAtools_protein_alignment,IPD-IMGT/HLA 3.63.0,2026-02-19 18:48:49.636716
B*44:41,T,HLAtools_protein_alignment,IPD-IMGT/HLA 3.63.0,2026-02-19 18:48:49.636716
B*44:410,T,HLAtools_protein_alignment,IPD-IMGT/HLA 3.63.0,2026-02-19 18:48:49.636716
B*44:411,T,HLAtools_protein_alignment,IPD-IMGT/HLA 3.63.0,2026-02-19 18:48:49.636716
B*44:412,T,HLAtools_protein_alignment,IPD-IMGT/HLA 3.63.0,2026-02-19 18:48:49.636716
B*44:413,T,HLAtools_protein_alignment,IPD-IMGT/HLA 3.63.0,2026-02-19 18:48:49.636716
B*44:414,T,HLAtools_protein_alignment,IPD-IMGT/HLA 3.63.0,2026-02-19 18:48:49.636716
B*44:415,T,HLAtools_protein_alignment,IPD-IMGT/HLA 3.63.0,2026-02-19 18:48:49.636716
B*44:416,T,HLAtools_protein_alignment,IPD-IMGT/HLA 3.63.0,2026-02-19 18:48:49.636716
B*44:417,T,HLAtools_protein_alignment,IPD-IMGT/HLA 3.63.0,2026-02-19 18:48:49.636716
B*44:418,T,HLAtools_protein_alignment,IPD-IMGT/HLA 3.63.0,2026-02-19 18:48:49.636716
B*44:419,T,HLAtools_protein_alignment,IPD-IMGT/HLA 3.63.0,2026-02-19 18:48:49.636716
B*44:42,T,HLAtools_protein_alignment,IPD-IMGT/HLA 3.63.0,2026-02-19 18:48:49.636716
B*44:420,T,HLAtools_protein_alignment,IPD-IMGT/HLA 3.63.0,2026-02-19 18:48:49.636716
B*44:421,T,HLAtools_protein_alignment,IPD-IMGT/HLA 3.63.0,2026-02-19 18:48:49.636716
B*44:422,T,HLAtools_protein_alignment,IPD-IMGT/HLA 3.63.0,2026-02-19 18:48:49.636716
B*44:423,T,HLAtools_protein_alignment,IPD-IMGT/HLA 3.63.0,2026-02-19 18:48:49.636716
B*44:424,T,HLAtools_protein_alignment,IPD-IMGT/HLA 3.63.0,2026-02-19 18:48:49.636716
B*44:425,T,HLAtools_protein_alignment,IPD-IMGT/HLA 3.63.0,2026-02-19 18:48:49.636716
B*44:426,T,HLAtools_protein_alignment,IPD-IMGT/HLA 3.63.0,2026-02-19 18:48:49.636716
B*44:427Q,T,HLAtools_protein_alignment,IPD-IMGT/HLA 3.63.0,2026-02-19 18:48:49.636716
B*44:428,T,HLAtools_protein_alignment,IPD-IMGT/HLA 3.63.0,2026-02-19 18:48:49.636716
B*44:429N,T,HLAtools_protein_alignment,IPD-IMGT/HLA 3.63.0,2026-02-19 18:48:49.636716
B*44:43,T,HLAtools_protein_alignment,IPD-IMGT/HLA 3.63.0,2026-02-19 18:48:49.636716
B*44:430,T,HLAtools_protein_alignment,IPD-IMGT/HLA 3.63.0,2026-02-19 18:48:49.636716
B*44:431Q,T,HLAtools_protein_alignment,IPD-IMGT/HLA 3.63.0,2026-02-19 18:48:49.636716
B*44:432Q,T,HLAtools_protein_alignment,IPD-IMGT/HLA 3.63.0,2026-02-19 18:48:49.636716
B*44:433,T,HLAtools_protein_alignment,IPD-IMGT/HLA 3.63.0,2026-02-19 18:48:49.636716
B*44:434,M,HLAtools_protein_alignment,IPD-IMGT/HLA 3.63.0,2026-02-19 18:48:49.636716
B*44:435,T,HLAtools_protein_alignment,IPD-IMGT/HLA 3.63.0,2026-02-19 18:48:49.636716
B*44:436,T,HLAtools_protein_alignment,IPD-IMGT/HLA 3.63.0,2026-02-19 18:48:49.636716
B*44:437,T,HLAtools_protein_alignment,IPD-IMGT/HLA 3.63.0,2026-02-19 18:48:49.636716
B*44:438N,T,HLAtools_protein_alignment,IPD-IMGT/HLA 3.63.0,2026-02-19 18:48:49.636716
B*44:439,T,HLAtools_protein_alignment,IPD-IMGT/HLA 3.63.0,2026-02-19 18:48:49.636716
B*44:44,T,HLAtools_protein_alignment,IPD-IMGT/HLA 3.63.0,2026-02-19 18:48:49.636716
B*44:440,T,HLAtools_protein_alignment,IPD-IMGT/HLA 3.63.0,2026-02-19 18:48:49.636716
B*44:441,T,HLAtools_protein_alignment,IPD-IMGT/HLA 3.63.0,2026-02-19 18:48:49.636716
B*44:442,T,HLAtools_protein_alignment,IPD-IMGT/HLA 3.63.0,2026-02-19 18:48:49.636716
B*44:443,T,HLAtools_protein_alignment,IPD-IMGT/HLA 3.63.0,2026-02-19 18:48:49.636716
B*44:444,T,HLAtools_protein_alignment,IPD-IMGT/HLA 3.63.0,2026-02-19 18:48:49.636716
B*44:445,T,HLAtools_protein_alignment,IPD-IMGT/HLA 3.63.0,2026-02-19 18:48:49.636716
B*44:446,T,HLAtools_protein_alignment,IPD-IMGT/HLA 3.63.0,2026-02-19 18:48:49.636716
B*44:447,T,HLAtools_protein_alignment,IPD-IMGT/HLA 3.63.0,2026-02-19 18:48:49.636716
B*44:448N,T,HLAtools_protein_alignment,IPD-IMGT/HLA 3.63.0,2026-02-19 18:48:49.636716
B*44:449N,T,HLAtools_protein_alignment,IPD-IMGT/HLA 3.63.0,2026-02-19 18:48:49.636716
B*44:450,T,HLAtools_protein_alignment,IPD-IMGT/HLA 3.63.0,2026-02-19 18:48:49.636716
B*44:451,T,HLAtools_protein_alignment,IPD-IMGT/HLA 3.63.0,2026-02-19 18:48:49.636716
B*44:452,T,HLAtools_protein_alignment,IPD-IMGT/HLA 3.63.0,2026-02-19 18:48:49.636716
B*44:453,T,HLAtools_protein_alignment,IPD-IMGT/HLA 3.63.0,2026-02-19 18:48:49.636716
B*44:455,T,HLAtools_protein_alignment,IPD-IMGT/HLA 3.63.0,2026-02-19 18:48:49.636716
B*44:456,T,HLAtools_protein_alignment,IPD-IMGT/HLA 3.63.0,2026-02-19 18:48:49.636716
B*44:457,T,HLAtools_protein_alignment,IPD-IMGT/HLA 3.63.0,2026-02-19 18:48:49.636716
B*44:458,T,HLAtools_protein_alignment,IPD-IMGT/HLA 3.63.0,2026-02-19 18:48:49.636716
B*44:46,T,HLAtools_protein_alignment,IPD-IMGT/HLA 3.63.0,2026-02-19 18:48:49.636716
B*44:460,T,HLAtools_protein_alignment,IPD-IMGT/HLA 3.63.0,2026-02-19 18:48:49.636716
B*44:461,T,HLAtools_protein_alignment,IPD-IMGT/HLA 3.63.0,2026-02-19 18:48:49.636716
B*44:462,T,HLAtools_protein_alignment,IPD-IMGT/HLA 3.63.0,2026-02-19 18:48:49.636716
B*44:463,T,HLAtools_protein_alignment,IPD-IMGT/HLA 3.63.0,2026-02-19 18:48:49.636716
B*44:464,T,HLAtools_protein_alignment,IPD-IMGT/HLA 3.63.0,2026-02-19 18:48:49.636716
B*44:465,T,HLAtools_protein_alignment,IPD-IMGT/HLA 3.63.0,2026-02-19 18:48:49.636716
B*44:467,T,HLAtools_protein_alignment,IPD-IMGT/HLA 3.63.0,2026-02-19 18:48:49.636716
B*44:468,T,HLAtools_protein_alignment,IPD-IMGT/HLA 3.63.0,2026-02-19 18:48:49.636716
B*44:469,T,HLAtools_protein_alignment,IPD-IMGT/HLA 3.63.0,2026-02-19 18:48:49.636716
B*44:470,T,HLAtools_protein_alignment,IPD-IMGT/HLA 3.63.0,2026-02-19 18:48:49.636716
B*44:471,T,HLAtools_protein_alignment,IPD-IMGT/HLA 3.63.0,2026-02-19 18:48:49.636716
B*44:472,T,HLAtools_protein_alignment,IPD-IMGT/HLA 3.63.0,2026-02-19 18:48:49.636716
B*44:473,T,HLAtools_protein_alignment,IPD-IMGT/HLA 3.63.0,2026-02-19 18:48:49.636716
B*44:474,T,HLAtools_protein_alignment,IPD-IMGT/HLA 3.63.0,2026-02-19 18:48:49.636716
B*44:475,T,HLAtools_protein_alignment,IPD-IMGT/HLA 3.63.0,2026-02-19 18:48:49.636716
B*44:476,T,HLAtools_protein_alignment,IPD-IMGT/HLA 3.63.0,2026-02-19 18:48:49.636716
B*44:477,T,HLAtools_protein_alignment,IPD-IMGT/HLA 3.63.0,2026-02-19 18:48:49.636716
B*44:478,T,HLAtools_protein_alignment,IPD-IMGT/HLA 3.63.0,2026-02-19 18:48:49.636716
B*44:479,T,HLAtools_protein_alignment,IPD-IMGT/HLA 3.63.0,2026-02-19 18:48:49.636716
B*44:48,T,HLAtools_protein_alignment,IPD-IMGT/HLA 3.63.0,2026-02-19 18:48:49.636716
B*44:480Q,T,HLAtools_protein_alignment,IPD-IMGT/HLA 3.63.0,2026-02-19 18:48:49.636716
B*44:481,T,HLAtools_protein_alignment,IPD-IMGT/HLA 3.63.0,2026-02-19 18:48:49.636716
B*44:482,T,HLAtools_protein_alignment,IPD-IMGT/HLA 3.63.0,2026-02-19 18:48:49.636716
B*44:483,T,HLAtools_protein_alignment,IPD-IMGT/HLA 3.63.0,2026-02-19 18:48:49.636716
B*44:484,T,HLAtools_protein_alignment,IPD-IMGT/HLA 3.63.0,2026-02-19 18:48:49.636716
B*44:485,T,HLAtools_protein_alignment,IPD-IMGT/HLA 3.63.0,2026-02-19 18:48:49.636716
B*44:486,T,HLAtools_protein_alignment,IPD-IMGT/HLA 3.63.0,2026-02-19 18:48:49.636716
B*44:487,T,HLAtools_protein_alignment,IPD-IMGT/HLA 3.63.0,2026-02-19 18:48:49.636716
B*44:488,T,HLAtools_protein_alignment,IPD-IMGT/HLA 3.63.0,2026-02-19 18:48:49.636716
B*44:489,T,HLAtools_protein_alignment,IPD-IMGT/HLA 3.63.0,2026-02-19 18:48:49.636716
B*44:49,T,HLAtools_protein_alignment,IPD-IMGT/HLA 3.63.0,2026-02-19 18:48:49.636716
B*44:490,T,HLAtools_protein_alignment,IPD-IMGT/HLA 3.63.0,2026-02-19 18:48:49.636716
B*44:491,T,HLAtools_protein_alignment,IPD-IMGT/HLA 3.63.0,2026-02-19 18:48:49.636716
B*44:492,T,HLAtools_protein_alignment,IPD-IMGT/HLA 3.63.0,2026-02-19 18:48:49.636716
B*44:493,T,HLAtools_protein_alignment,IPD-IMGT/HLA 3.63.0,2026-02-19 18:48:49.636716
B*44:494,T,HLAtools_protein_alignment,IPD-IMGT/HLA 3.63.0,2026-02-19 18:48:49.636716
B*44:495,T,HLAtools_protein_alignment,IPD-IMGT/HLA 3.63.0,2026-02-19 18:48:49.636716
B*44:496,T,HLAtools_protein_alignment,IPD-IMGT/HLA 3.63.0,2026-02-19 18:48:49.636716
B*44:497,T,HLAtools_protein_alignment,IPD-IMGT/HLA 3.63.0,2026-02-19 18:48:49.636716
B*44:498,T,HLAtools_protein_alignment,IPD-IMGT/HLA 3.63.0,2026-02-19 18:48:49.636716
B*44:499,T,HLAtools_protein_alignment,IPD-IMGT/HLA 3.63.0,2026-02-19 18:48:49.636716
B*44:50,T,HLAtools_protein_alignment,IPD-IMGT/HLA 3.63.0,2026-02-19 18:48:49.636716
B*44:500,T,HLAtools_protein_alignment,IPD-IMGT/HLA 3.63.0,2026-02-19 18:48:49.636716
B*44:501,T,HLAtools_protein_alignment,IPD-IMGT/HLA 3.63.0,2026-02-19 18:48:49.636716
B*44:502,T,HLAtools_protein_alignment,IPD-IMGT/HLA 3.63.0,2026-02-19 18:48:49.636716
B*44:503,T,HLAtools_protein_alignment,IPD-IMGT/HLA 3.63.0,2026-02-19 18:48:49.636716
B*44:504,T,HLAtools_protein_alignment,IPD-IMGT/HLA 3.63.0,2026-02-19 18:48:49.636716
B*44:505,T,HLAtools_protein_alignment,IPD-IMGT/HLA 3.63.0,2026-02-19 18:48:49.636716
B*44:506,T,HLAtools_protein_alignment,IPD-IMGT/HLA 3.63.0,2026-02-19 18:48:49.636716
B*44:507,T,HLAtools_protein_alignment,IPD-IMGT/HLA 3.63.0,2026-02-19 18:48:49.636716
B*44:508,T,HLAtools_protein_alignment,IPD-IMGT/HLA 3.63.0,2026-02-19 18:48:49.636716
B*44:509,T,HLAtools_protein_alignment,IPD-IMGT/HLA 3.63.0,2026-02-19 18:48:49.636716
B*44:510,T,HLAtools_protein_alignment,IPD-IMGT/HLA 3.63.0,2026-02-19 18:48:49.636716
B*44:511,T,HLAtools_protein_alignment,IPD-IMGT/HLA 3.63.0,2026-02-19 18:48:49.636716
B*44:512N,T,HLAtools_protein_alignment,IPD-IMGT/HLA 3.63.0,2026-02-19 18:48:49.636716
B*44:513,T,HLAtools_protein_alignment,IPD-IMGT/HLA 3.63.0,2026-02-19 18:48:49.636716
B*44:514,T,HLAtools_protein_alignment,IPD-IMGT/HLA 3.63.0,2026-02-19 18:48:49.636716
B*44:515,T,HLAtools_protein_alignment,IPD-IMGT/HLA 3.63.0,2026-02-19 18:48:49.636716
B*44:516,T,HLAtools_protein_alignment,IPD-IMGT/HLA 3.63.0,2026-02-19 18:48:49.636716
B*44:517,T,HLAtools_protein_alignment,IPD-IMGT/HLA 3.63.0,2026-02-19 18:48:49.636716
B*44:518,T,HLAtools_protein_alignment,IPD-IMGT/HLA 3.63.0,2026-02-19 18:48:49.636716
B*44:519,T,HLAtools_protein_alignment,IPD-IMGT/HLA 3.63.0,2026-02-19 18:48:49.636716
B*44:520,T,HLAtools_protein_alignment,IPD-IMGT/HLA 3.63.0,2026-02-19 18:48:49.636716
B*44:521,T,HLAtools_protein_alignment,IPD-IMGT/HLA 3.63.0,2026-02-19 18:48:49.636716
B*44:522,T,HLAtools_protein_alignment,IPD-IMGT/HLA 3.63.0,2026-02-19 18:48:49.636716
B*44:523N,T,HLAtools_protein_alignment,IPD-IMGT/HLA 3.63.0,2026-02-19 18:48:49.636716
B*44:524,T,HLAtools_protein_alignment,IPD-IMGT/HLA 3.63.0,2026-02-19 18:48:49.636716
B*44:526,T,HLAtools_protein_alignment,IPD-IMGT/HLA 3.63.0,2026-02-19 18:48:49.636716
B*44:527,T,HLAtools_protein_alignment,IPD-IMGT/HLA 3.63.0,2026-02-19 18:48:49.636716
B*44:528,T,HLAtools_protein_alignment,IPD-IMGT/HLA 3.63.0,2026-02-19 18:48:49.636716
B*44:529,T,HLAtools_protein_alignment,IPD-IMGT/HLA 3.63.0,2026-02-19 18:48:49.636716
B*44:530,T,HLAtools_protein_alignment,IPD-IMGT/HLA 3.63.0,2026-02-19 18:48:49.636716
B*44:531,T,HLAtools_protein_alignment,IPD-IMGT/HLA 3.63.0,2026-02-19 18:48:49.636716
B*44:532,T,HLAtools_protein_alignment,IPD-IMGT/HLA 3.63.0,2026-02-19 18:48:49.636716
B*44:533,T,HLAtools_protein_alignment,IPD-IMGT/HLA 3.63.0,2026-02-19 18:48:49.636716
B*44:534,T,HLAtools_protein_alignment,IPD-IMGT/HLA 3.63.0,2026-02-19 18:48:49.636716
B*44:535,T,HLAtools_protein_alignment,IPD-IMGT/HLA 3.63.0,2026-02-19 18:48:49.636716
B*44:536,T,HLAtools_protein_alignment,IPD-IMGT/HLA 3.63.0,2026-02-19 18:48:49.636716
B*44:537,T,HLAtools_protein_alignment,IPD-IMGT/HLA 3.63.0,2026-02-19 18:48:49.636716
B*44:538,T,HLAtools_protein_alignment,IPD-IMGT/HLA 3.63.0,2026-02-19 18:48:49.636716
B*44:539,T,HLAtools_protein_alignment,IPD-IMGT/HLA 3.63.0,2026-02-19 18:48:49.636716
B*44:54,T,HLAtools_protein_alignment,IPD-IMGT/HLA 3.63.0,2026-02-19 18:48:49.636716
B*44:540,T,HLAtools_protein_alignment,IPD-IMGT/HLA 3.63.0,2026-02-19 18:48:49.636716
B*44:541,T,HLAtools_protein_alignment,IPD-IMGT/HLA 3.63.0,2026-02-19 18:48:49.636716
B*44:543,T,HLAtools_protein_alignment,IPD-IMGT/HLA 3.63.0,2026-02-19 18:48:49.636716
B*44:544N,T,HLAtools_protein_alignment,IPD-IMGT/HLA 3.63.0,2026-02-19 18:48:49.636716
B*44:545,T,HLAtools_protein_alignment,IPD-IMGT/HLA 3.63.0,2026-02-19 18:48:49.636716
B*44:546,T,HLAtools_protein_alignment,IPD-IMGT/HLA 3.63.0,2026-02-19 18:48:49.636716
B*44:547,T,HLAtools_protein_alignment,IPD-IMGT/HLA 3.63.0,2026-02-19 18:48:49.636716
B*44:548,T,HLAtools_protein_alignment,IPD-IMGT/HLA 3.63.0,2026-02-19 18:48:49.636716
B*44:549,T,HLAtools_protein_alignment,IPD-IMGT/HLA 3.63.0,2026-02-19 18:48:49.636716
B*44:55,T,HLAtools_protein_alignment,IPD-IMGT/HLA 3.63.0,2026-02-19 18:48:49.636716
B*44:550,T,HLAtools_protein_alignment,IPD-IMGT/HLA 3.63.0,2026-02-19 18:48:49.636716
B*44:551,T,HLAtools_protein_alignment,IPD-IMGT/HLA 3.63.0,2026-02-19 18:48:49.636716
B*44:552,T,HLAtools_protein_alignment,IPD-IMGT/HLA 3.63.0,2026-02-19 18:48:49.636716
B*44:553,T,HLAtools_protein_alignment,IPD-IMGT/HLA 3.63.0,2026-02-19 18:48:49.636716
B*44:554,T,HLAtools_protein_alignment,IPD-IMGT/HLA 3.63.0,2026-02-19 18:48:49.636716
B*44:555N,T,HLAtools_protein_alignment,IPD-IMGT/HLA 3.63.0,2026-02-19 18:48:49.636716
B*44:556,T,HLAtools_protein_alignment,IPD-IMGT/HLA 3.63.0,2026-02-19 18:48:49.636716
B*44:557,T,HLAtools_protein_alignment,IPD-IMGT/HLA 3.63.0,2026-02-19 18:48:49.636716
B*44:558,T,HLAtools_protein_alignment,IPD-IMGT/HLA 3.63.0,2026-02-19 18:48:49.636716
B*44:559,T,HLAtools_protein_alignment,IPD-IMGT/HLA 3.63.0,2026-02-19 18:48:49.636716
B*44:560N,T,HLAtools_protein_alignment,IPD-IMGT/HLA 3.63.0,2026-02-19 18:48:49.636716
B*44:56N,T,HLAtools_protein_alignment,IPD-IMGT/HLA 3.63.0,2026-02-19 18:48:49.636716
B*44:59,T,HLAtools_protein_alignment,IPD-IMGT/HLA 3.63.0,2026-02-19 18:48:49.636716
B*44:64,T,HLAtools_protein_alignment,IPD-IMGT/HLA 3.63.0,2026-02-19 18:48:49.636716
B*44:68,T,HLAtools_protein_alignment,IPD-IMGT/HLA 3.63.0,2026-02-19 18:48:49.636716
B*44:85,T,HLAtools_protein_alignment,IPD-IMGT/HLA 3.63.0,2026-02-19 18:48:49.636716
B*44:86,T,HLAtools_protein_alignment,IPD-IMGT/HLA 3.63.0,2026-02-19 18:48:49.636716
B*44:90,T,HLAtools_protein_alignment,IPD-IMGT/HLA 3.63.0,2026-02-19 18:48:49.636716
B*45:01,T,HLAtools_protein_alignment,IPD-IMGT/HLA 3.63.0,2026-02-19 18:48:49.636716
B*45:02,T,HLAtools_protein_alignment,IPD-IMGT/HLA 3.63.0,2026-02-19 18:48:49.636716
B*45:04,T,HLAtools_protein_alignment,IPD-IMGT/HLA 3.63.0,2026-02-19 18:48:49.636716
B*45:07,T,HLAtools_protein_alignment,IPD-IMGT/HLA 3.63.0,2026-02-19 18:48:49.636716
B*45:09,T,HLAtools_protein_alignment,IPD-IMGT/HLA 3.63.0,2026-02-19 18:48:49.636716
B*45:12,T,HLAtools_protein_alignment,IPD-IMGT/HLA 3.63.0,2026-02-19 18:48:49.636716
B*45:16,T,HLAtools_protein_alignment,IPD-IMGT/HLA 3.63.0,2026-02-19 18:48:49.636716
B*45:19,T,HLAtools_protein_alignment,IPD-IMGT/HLA 3.63.0,2026-02-19 18:48:49.636716
B*45:21,T,HLAtools_protein_alignment,IPD-IMGT/HLA 3.63.0,2026-02-19 18:48:49.636716
B*45:22,T,HLAtools_protein_alignment,IPD-IMGT/HLA 3.63.0,2026-02-19 18:48:49.636716
B*45:23,T,HLAtools_protein_alignment,IPD-IMGT/HLA 3.63.0,2026-02-19 18:48:49.636716
B*45:24,T,HLAtools_protein_alignment,IPD-IMGT/HLA 3.63.0,2026-02-19 18:48:49.636716
B*45:25,T,HLAtools_protein_alignment,IPD-IMGT/HLA 3.63.0,2026-02-19 18:48:49.636716
B*45:27,T,HLAtools_protein_alignment,IPD-IMGT/HLA 3.63.0,2026-02-19 18:48:49.636716
B*45:28N,T,HLAtools_protein_alignment,IPD-IMGT/HLA 3.63.0,2026-02-19 18:48:49.636716
B*45:29,T,HLAtools_protein_alignment,IPD-IMGT/HLA 3.63.0,2026-02-19 18:48:49.636716
B*45:30,T,HLAtools_protein_alignment,IPD-IMGT/HLA 3.63.0,2026-02-19 18:48:49.636716
B*45:31,T,HLAtools_protein_alignment,IPD-IMGT/HLA 3.63.0,2026-02-19 18:48:49.636716
B*45:32,T,HLAtools_protein_alignment,IPD-IMGT/HLA 3.63.0,2026-02-19 18:48:49.636716
B*45:33,T,HLAtools_protein_alignment,IPD-IMGT/HLA 3.63.0,2026-02-19 18:48:49.636716
B*45:34,T,HLAtools_protein_alignment,IPD-IMGT/HLA 3.63.0,2026-02-19 18:48:49.636716
B*45:35,T,HLAtools_protein_alignment,IPD-IMGT/HLA 3.63.0,2026-02-19 18:48:49.636716
B*45:36,T,HLAtools_protein_alignment,IPD-IMGT/HLA 3.63.0,2026-02-19 18:48:49.636716
B*45:37,T,HLAtools_protein_alignment,IPD-IMGT/HLA 3.63.0,2026-02-19 18:48:49.636716
B*45:38,T,HLAtools_protein_alignment,IPD-IMGT/HLA 3.63.0,2026-02-19 18:48:49.636716
B*45:39,T,HLAtools_protein_alignment,IPD-IMGT/HLA 3.63.0,2026-02-19 18:48:49.636716
B*46:01,T,HLAtools_protein_alignment,IPD-IMGT/HLA 3.63.0,2026-02-19 18:48:49.636716
B*46:10,T,HLAtools_protein_alignment,IPD-IMGT/HLA 3.63.0,2026-02-19 18:48:49.636716
B*46:100,T,HLAtools_protein_alignment,IPD-IMGT/HLA 3.63.0,2026-02-19 18:48:49.636716
B*46:101,T,HLAtools_protein_alignment,IPD-IMGT/HLA 3.63.0,2026-02-19 18:48:49.636716
B*46:102,T,HLAtools_protein_alignment,IPD-IMGT/HLA 3.63.0,2026-02-19 18:48:49.636716
B*46:103,T,HLAtools_protein_alignment,IPD-IMGT/HLA 3.63.0,2026-02-19 18:48:49.636716
B*46:107,T,HLAtools_protein_alignment,IPD-IMGT/HLA 3.63.0,2026-02-19 18:48:49.636716
B*46:108,T,HLAtools_protein_alignment,IPD-IMGT/HLA 3.63.0,2026-02-19 18:48:49.636716
B*46:11,T,HLAtools_protein_alignment,IPD-IMGT/HLA 3.63.0,2026-02-19 18:48:49.636716
B*46:23,T,HLAtools_protein_alignment,IPD-IMGT/HLA 3.63.0,2026-02-19 18:48:49.636716
B*46:24,T,HLAtools_protein_alignment,IPD-IMGT/HLA 3.63.0,2026-02-19 18:48:49.636716
B*46:25,T,HLAtools_protein_alignment,IPD-IMGT/HLA 3.63.0,2026-02-19 18:48:49.636716
B*46:26,T,HLAtools_protein_alignment,IPD-IMGT/HLA 3.63.0,2026-02-19 18:48:49.636716
B*46:32,T,HLAtools_protein_alignment,IPD-IMGT/HLA 3.63.0,2026-02-19 18:48:49.636716
B*46:35,T,HLAtools_protein_alignment,IPD-IMGT/HLA 3.63.0,2026-02-19 18:48:49.636716
B*46:39,T,HLAtools_protein_alignment,IPD-IMGT/HLA 3.63.0,2026-02-19 18:48:49.636716
B*46:44,T,HLAtools_protein_alignment,IPD-IMGT/HLA 3.63.0,2026-02-19 18:48:49.636716
B*46:45,T,HLAtools_protein_alignment,IPD-IMGT/HLA 3.63.0,2026-02-19 18:48:49.636716
B*46:46,T,HLAtools_protein_alignment,IPD-IMGT/HLA 3.63.0,2026-02-19 18:48:49.636716
B*46:47,T,HLAtools_protein_alignment,IPD-IMGT/HLA 3.63.0,2026-02-19 18:48:49.636716
B*46:48,T,HLAtools_protein_alignment,IPD-IMGT/HLA 3.63.0,2026-02-19 18:48:49.636716
B*46:49,T,HLAtools_protein_alignment,IPD-IMGT/HLA 3.63.0,2026-02-19 18:48:49.636716
B*46:50,T,HLAtools_protein_alignment,IPD-IMGT/HLA 3.63.0,2026-02-19 18:48:49.636716
B*46:51Q,T,HLAtools_protein_alignment,IPD-IMGT/HLA 3.63.0,2026-02-19 18:48:49.636716
B*46:52,T,HLAtools_protein_alignment,IPD-IMGT/HLA 3.63.0,2026-02-19 18:48:49.636716
B*46:53,T,HLAtools_protein_alignment,IPD-IMGT/HLA 3.63.0,2026-02-19 18:48:49.636716
B*46:54,T,HLAtools_protein_alignment,IPD-IMGT/HLA 3.63.0,2026-02-19 18:48:49.636716
B*46:55N,T,HLAtools_protein_alignment,IPD-IMGT/HLA 3.63.0,2026-02-19 18:48:49.636716
B*46:56,T,HLAtools_protein_alignment,IPD-IMGT/HLA 3.63.0,2026-02-19 18:48:49.636716
B*46:57,T,HLAtools_protein_alignment,IPD-IMGT/HLA 3.63.0,2026-02-19 18:48:49.636716
B*46:58,T,HLAtools_protein_alignment,IPD-IMGT/HLA 3.63.0,2026-02-19 18:48:49.636716
B*46:66,T,HLAtools_protein_alignment,IPD-IMGT/HLA 3.63.0,2026-02-19 18:48:49.636716
B*46:76,T,HLAtools_protein_alignment,IPD-IMGT/HLA 3.63.0,2026-02-19 18:48:49.636716
B*46:77,T,HLAtools_protein_alignment,IPD-IMGT/HLA 3.63.0,2026-02-19 18:48:49.636716
B*46:79N,T,HLAtools_protein_alignment,IPD-IMGT/HLA 3.63.0,2026-02-19 18:48:49.636716
B*46:80,T,HLAtools_protein_alignment,IPD-IMGT/HLA 3.63.0,2026-02-19 18:48:49.636716
B*46:81,T,HLAtools_protein_alignment,IPD-IMGT/HLA 3.63.0,2026-02-19 18:48:49.636716
B*46:82,T,HLAtools_protein_alignment,IPD-IMGT/HLA 3.63.0,2026-02-19 18:48:49.636716
B*46:84,T,HLAtools_protein_alignment,IPD-IMGT/HLA 3.63.0,2026-02-19 18:48:49.636716
B*46:86,T,HLAtools_protein_alignment,IPD-IMGT/HLA 3.63.0,2026-02-19 18:48:49.636716
B*46:87,T,HLAtools_protein_alignment,IPD-IMGT/HLA 3.63.0,2026-02-19 18:48:49.636716
B*46:88,T,HLAtools_protein_alignment,IPD-IMGT/HLA 3.63.0,2026-02-19 18:48:49.636716
B*46:89,T,HLAtools_protein_alignment,IPD-IMGT/HLA 3.63.0,2026-02-19 18:48:49.636716
B*46:90,T,HLAtools_protein_alignment,IPD-IMGT/HLA 3.63.0,2026-02-19 18:48:49.636716
B*46:91,T,HLAtools_protein_alignment,IPD-IMGT/HLA 3.63.0,2026-02-19 18:48:49.636716
B*46:92,T,HLAtools_protein_alignment,IPD-IMGT/HLA 3.63.0,2026-02-19 18:48:49.636716
B*46:93,T,HLAtools_protein_alignment,IPD-IMGT/HLA 3.63.0,2026-02-19 18:48:49.636716
B*46:94,T,HLAtools_protein_alignment,IPD-IMGT/HLA 3.63.0,2026-02-19 18:48:49.636716
B*46:96,T,HLAtools_protein_alignment,IPD-IMGT/HLA 3.63.0,2026-02-19 18:48:49.636716
B*46:98N,T,HLAtools_protein_alignment,IPD-IMGT/HLA 3.63.0,2026-02-19 18:48:49.636716
B*46:99,T,HLAtools_protein_alignment,IPD-IMGT/HLA 3.63.0,2026-02-19 18:48:49.636716
B*47:01,T,HLAtools_protein_alignment,IPD-IMGT/HLA 3.63.0,2026-02-19 18:48:49.636716
B*47:02,T,HLAtools_protein_alignment,IPD-IMGT/HLA 3.63.0,2026-02-19 18:48:49.636716
B*47:03,T,HLAtools_protein_alignment,IPD-IMGT/HLA 3.63.0,2026-02-19 18:48:49.636716
B*47:04,T,HLAtools_protein_alignment,IPD-IMGT/HLA 3.63.0,2026-02-19 18:48:49.636716
B*47:09,T,HLAtools_protein_alignment,IPD-IMGT/HLA 3.63.0,2026-02-19 18:48:49.636716
B*47:11,T,HLAtools_protein_alignment,IPD-IMGT/HLA 3.63.0,2026-02-19 18:48:49.636716
B*47:12,T,HLAtools_protein_alignment,IPD-IMGT/HLA 3.63.0,2026-02-19 18:48:49.636716
B*47:13,T,HLAtools_protein_alignment,IPD-IMGT/HLA 3.63.0,2026-02-19 18:48:49.636716
B*47:14,T,HLAtools_protein_alignment,IPD-IMGT/HLA 3.63.0,2026-02-19 18:48:49.636716
B*48:01,M,HLAtools_protein_alignment,IPD-IMGT/HLA 3.63.0,2026-02-19 18:48:49.636716
B*48:02,M,HLAtools_protein_alignment,IPD-IMGT/HLA 3.63.0,2026-02-19 18:48:49.636716
B*48:03,M,HLAtools_protein_alignment,IPD-IMGT/HLA 3.63.0,2026-02-19 18:48:49.636716
B*48:04,M,HLAtools_protein_alignment,IPD-IMGT/HLA 3.63.0,2026-02-19 18:48:49.636716
B*48:05,M,HLAtools_protein_alignment,IPD-IMGT/HLA 3.63.0,2026-02-19 18:48:49.636716
B*48:06,M,HLAtools_protein_alignment,IPD-IMGT/HLA 3.63.0,2026-02-19 18:48:49.636716
B*48:07,M,HLAtools_protein_alignment,IPD-IMGT/HLA 3.63.0,2026-02-19 18:48:49.636716
B*48:08,M,HLAtools_protein_alignment,IPD-IMGT/HLA 3.63.0,2026-02-19 18:48:49.636716
B*48:09,M,HLAtools_protein_alignment,IPD-IMGT/HLA 3.63.0,2026-02-19 18:48:49.636716
B*48:12,M,HLAtools_protein_alignment,IPD-IMGT/HLA 3.63.0,2026-02-19 18:48:49.636716
B*48:13,M,HLAtools_protein_alignment,IPD-IMGT/HLA 3.63.0,2026-02-19 18:48:49.636716
B*48:15,M,HLAtools_protein_alignment,IPD-IMGT/HLA 3.63.0,2026-02-19 18:48:49.636716
B*48:22,M,HLAtools_protein_alignment,IPD-IMGT/HLA 3.63.0,2026-02-19 18:48:49.636716
B*48:23,M,HLAtools_protein_alignment,IPD-IMGT/HLA 3.63.0,2026-02-19 18:48:49.636716
B*48:31,M,HLAtools_protein_alignment,IPD-IMGT/HLA 3.63.0,2026-02-19 18:48:49.636716
B*48:34,M,HLAtools_protein_alignment,IPD-IMGT/HLA 3.63.0,2026-02-19 18:48:49.636716
B*48:39,M,HLAtools_protein_alignment,IPD-IMGT/HLA 3.63.0,2026-02-19 18:48:49.636716
B*48:41,M,HLAtools_protein_alignment,IPD-IMGT/HLA 3.63.0,2026-02-19 18:48:49.636716
B*48:42,M,HLAtools_protein_alignment,IPD-IMGT/HLA 3.63.0,2026-02-19 18:48:49.636716
B*48:43,M,HLAtools_protein_alignment,IPD-IMGT/HLA 3.63.0,2026-02-19 18:48:49.636716
B*48:44,M,HLAtools_protein_alignment,IPD-IMGT/HLA 3.63.0,2026-02-19 18:48:49.636716
B*48:45,M,HLAtools_protein_alignment,IPD-IMGT/HLA 3.63.0,2026-02-19 18:48:49.636716
B*48:47,M,HLAtools_protein_alignment,IPD-IMGT/HLA 3.63.0,2026-02-19 18:48:49.636716
B*48:49,M,HLAtools_protein_alignment,IPD-IMGT/HLA 3.63.0,2026-02-19 18:48:49.636716
B*48:51,M,HLAtools_protein_alignment,IPD-IMGT/HLA 3.63.0,2026-02-19 18:48:49.636716
B*48:52,M,HLAtools_protein_alignment,IPD-IMGT/HLA 3.63.0,2026-02-19 18:48:49.636716
B*48:53,M,HLAtools_protein_alignment,IPD-IMGT/HLA 3.63.0,2026-02-19 18:48:49.636716
B*48:54,M,HLAtools_protein_alignment,IPD-IMGT/HLA 3.63.0,2026-02-19 18:48:49.636716
B*48:55,M,HLAtools_protein_alignment,IPD-IMGT/HLA 3.63.0,2026-02-19 18:48:49.636716
B*48:56,M,HLAtools_protein_alignment,IPD-IMGT/HLA 3.63.0,2026-02-19 18:48:49.636716
B*48:57,M,HLAtools_protein_alignment,IPD-IMGT/HLA 3.63.0,2026-02-19 18:48:49.636716
B*48:59N,M,HLAtools_protein_alignment,IPD-IMGT/HLA 3.63.0,2026-02-19 18:48:49.636716
B*48:60,M,HLAtools_protein_alignment,IPD-IMGT/HLA 3.63.0,2026-02-19 18:48:49.636716
B*48:61,M,HLAtools_protein_alignment,IPD-IMGT/HLA 3.63.0,2026-02-19 18:48:49.636716
B*48:62,M,HLAtools_protein_alignment,IPD-IMGT/HLA 3.63.0,2026-02-19 18:48:49.636716
B*48:63,M,HLAtools_protein_alignment,IPD-IMGT/HLA 3.63.0,2026-02-19 18:48:49.636716
B*48:64,M,HLAtools_protein_alignment,IPD-IMGT/HLA 3.63.0,2026-02-19 18:48:49.636716
B*48:65,M,HLAtools_protein_alignment,IPD-IMGT/HLA 3.63.0,2026-02-19 18:48:49.636716
B*48:66,M,HLAtools_protein_alignment,IPD-IMGT/HLA 3.63.0,2026-02-19 18:48:49.636716
B*48:67,M,HLAtools_protein_alignment,IPD-IMGT/HLA 3.63.0,2026-02-19 18:48:49.636716
B*48:68,M,HLAtools_protein_alignment,IPD-IMGT/HLA 3.63.0,2026-02-19 18:48:49.636716
B*49:01,T,HLAtools_protein_alignment,IPD-IMGT/HLA 3.63.0,2026-02-19 18:48:49.636716
B*49:01Q,T,HLAtools_protein_alignment,IPD-IMGT/HLA 3.63.0,2026-02-19 18:48:49.636716
B*49:05,T,HLAtools_protein_alignment,IPD-IMGT/HLA 3.63.0,2026-02-19 18:48:49.636716
B*49:07,T,HLAtools_protein_alignment,IPD-IMGT/HLA 3.63.0,2026-02-19 18:48:49.636716
B*49:09,T,HLAtools_protein_alignment,IPD-IMGT/HLA 3.63.0,2026-02-19 18:48:49.636716
B*49:11,T,HLAtools_protein_alignment,IPD-IMGT/HLA 3.63.0,2026-02-19 18:48:49.636716
B*49:24,T,HLAtools_protein_alignment,IPD-IMGT/HLA 3.63.0,2026-02-19 18:48:49.636716
B*49:28,T,HLAtools_protein_alignment,IPD-IMGT/HLA 3.63.0,2026-02-19 18:48:49.636716
B*49:32,T,HLAtools_protein_alignment,IPD-IMGT/HLA 3.63.0,2026-02-19 18:48:49.636716
B*49:34,T,HLAtools_protein_alignment,IPD-IMGT/HLA 3.63.0,2026-02-19 18:48:49.636716
B*49:38,T,HLAtools_protein_alignment,IPD-IMGT/HLA 3.63.0,2026-02-19 18:48:49.636716
B*49:45,T,HLAtools_protein_alignment,IPD-IMGT/HLA 3.63.0,2026-02-19 18:48:49.636716
B*49:47,T,HLAtools_protein_alignment,IPD-IMGT/HLA 3.63.0,2026-02-19 18:48:49.636716
B*49:49,T,HLAtools_protein_alignment,IPD-IMGT/HLA 3.63.0,2026-02-19 18:48:49.636716
B*49:50,T,HLAtools_protein_alignment,IPD-IMGT/HLA 3.63.0,2026-02-19 18:48:49.636716
B*49:51,T,HLAtools_protein_alignment,IPD-IMGT/HLA 3.63.0,2026-02-19 18:48:49.636716
B*49:52,T,HLAtools_protein_alignment,IPD-IMGT/HLA 3.63.0,2026-02-19 18:48:49.636716
B*49:53,T,HLAtools_protein_alignment,IPD-IMGT/HLA 3.63.0,2026-02-19 18:48:49.636716
B*49:54,T,HLAtools_protein_alignment,IPD-IMGT/HLA 3.63.0,2026-02-19 18:48:49.636716
B*49:55,T,HLAtools_protein_alignment,IPD-IMGT/HLA 3.63.0,2026-02-19 18:48:49.636716
B*49:56,T,HLAtools_protein_alignment,IPD-IMGT/HLA 3.63.0,2026-02-19 18:48:49.636716
B*49:57,T,HLAtools_protein_alignment,IPD-IMGT/HLA 3.63.0,2026-02-19 18:48:49.636716
B*49:58,T,HLAtools_protein_alignment,IPD-IMGT/HLA 3.63.0,2026-02-19 18:48:49.636716
B*49:59,T,HLAtools_protein_alignment,IPD-IMGT/HLA 3.63.0,2026-02-19 18:48:49.636716
B*49:60N,T,HLAtools_protein_alignment,IPD-IMGT/HLA 3.63.0,2026-02-19 18:48:49.636716
B*49:61,T,HLAtools_protein_alignment,IPD-IMGT/HLA 3.63.0,2026-02-19 18:48:49.636716
B*49:62,T,HLAtools_protein_alignment,IPD-IMGT/HLA 3.63.0,2026-02-19 18:48:49.636716
B*49:63,T,HLAtools_protein_alignment,IPD-IMGT/HLA 3.63.0,2026-02-19 18:48:49.636716
B*49:64,T,HLAtools_protein_alignment,IPD-IMGT/HLA 3.63.0,2026-02-19 18:48:49.636716
B*49:65,T,HLAtools_protein_alignment,IPD-IMGT/HLA 3.63.0,2026-02-19 18:48:49.636716
B*49:66,T,HLAtools_protein_alignment,IPD-IMGT/HLA 3.63.0,2026-02-19 18:48:49.636716
B*49:67,T,HLAtools_protein_alignment,IPD-IMGT/HLA 3.63.0,2026-02-19 18:48:49.636716
B*49:68,T,HLAtools_protein_alignment,IPD-IMGT/HLA 3.63.0,2026-02-19 18:48:49.636716
B*49:71,T,HLAtools_protein_alignment,IPD-IMGT/HLA 3.63.0,2026-02-19 18:48:49.636716
B*49:72,T,HLAtools_protein_alignment,IPD-IMGT/HLA 3.63.0,2026-02-19 18:48:49.636716
B*49:73,T,HLAtools_protein_alignment,IPD-IMGT/HLA 3.63.0,2026-02-19 18:48:49.636716
B*49:74,T,HLAtools_protein_alignment,IPD-IMGT/HLA 3.63.0,2026-02-19 18:48:49.636716
B*49:75,T,HLAtools_protein_alignment,IPD-IMGT/HLA 3.63.0,2026-02-19 18:48:49.636716
B*49:76,T,HLAtools_protein_alignment,IPD-IMGT/HLA 3.63.0,2026-02-19 18:48:49.636716
B*49:78,M,HLAtools_protein_alignment,IPD-IMGT/HLA 3.63.0,2026-02-19 18:48:49.636716
B*49:79,T,HLAtools_protein_alignment,IPD-IMGT/HLA 3.63.0,2026-02-19 18:48:49.636716
B*49:80,T,HLAtools_protein_alignment,IPD-IMGT/HLA 3.63.0,2026-02-19 18:48:49.636716
B*49:81,T,HLAtools_protein_alignment,IPD-IMGT/HLA 3.63.0,2026-02-19 18:48:49.636716
B*49:82,T,HLAtools_protein_alignment,IPD-IMGT/HLA 3.63.0,2026-02-19 18:48:49.636716
B*49:83,T,HLAtools_protein_alignment,IPD-IMGT/HLA 3.63.0,2026-02-19 18:48:49.636716
B*49:84,T,HLAtools_protein_alignment,IPD-IMGT/HLA 3.63.0,2026-02-19 18:48:49.636716
B*49:85,T,HLAtools_protein_alignment,IPD-IMGT/HLA 3.63.0,2026-02-19 18:48:49.636716
B*49:86,T,HLAtools_protein_alignment,IPD-IMGT/HLA 3.63.0,2026-02-19 18:48:49.636716
B*49:87,T,HLAtools_protein_alignment,IPD-IMGT/HLA 3.63.0,2026-02-19 18:48:49.636716
B*49:88,T,HLAtools_protein_alignment,IPD-IMGT/HLA 3.63.0,2026-02-19 18:48:49.636716
B*49:89N,T,HLAtools_protein_alignment,IPD-IMGT/HLA 3.63.0,2026-02-19 18:48:49.636716
B*49:90,T,HLAtools_protein_alignment,IPD-IMGT/HLA 3.63.0,2026-02-19 18:48:49.636716
B*49:91,T,HLAtools_protein_alignment,IPD-IMGT/HLA 3.63.0,2026-02-19 18:48:49.636716
B*49:92,T,HLAtools_protein_alignment,IPD-IMGT/HLA 3.63.0,2026-02-19 18:48:49.636716
B*49:93,T,HLAtools_protein_alignment,IPD-IMGT/HLA 3.63.0,2026-02-19 18:48:49.636716
B*49:94,T,HLAtools_protein_alignment,IPD-IMGT/HLA 3.63.0,2026-02-19 18:48:49.636716
B*49:95,T,HLAtools_protein_alignment,IPD-IMGT/HLA 3.63.0,2026-02-19 18:48:49.636716
B*49:96,T,HLAtools_protein_alignment,IPD-IMGT/HLA 3.63.0,2026-02-19 18:48:49.636716
B*50:01,T,HLAtools_protein_alignment,IPD-IMGT/HLA 3.63.0,2026-02-19 18:48:49.636716
B*50:02,T,HLAtools_protein_alignment,IPD-IMGT/HLA 3.63.0,2026-02-19 18:48:49.636716
B*50:04,T,HLAtools_protein_alignment,IPD-IMGT/HLA 3.63.0,2026-02-19 18:48:49.636716
B*50:21,M,HLAtools_protein_alignment,IPD-IMGT/HLA 3.63.0,2026-02-19 18:48:49.636716
B*50:22,T,HLAtools_protein_alignment,IPD-IMGT/HLA 3.63.0,2026-02-19 18:48:49.636716
B*50:23,T,HLAtools_protein_alignment,IPD-IMGT/HLA 3.63.0,2026-02-19 18:48:49.636716
B*50:24,T,HLAtools_protein_alignment,IPD-IMGT/HLA 3.63.0,2026-02-19 18:48:49.636716
B*50:25,T,HLAtools_protein_alignment,IPD-IMGT/HLA 3.63.0,2026-02-19 18:48:49.636716
B*50:26,T,HLAtools_protein_alignment,IPD-IMGT/HLA 3.63.0,2026-02-19 18:48:49.636716
B*50:27N,T,HLAtools_protein_alignment,IPD-IMGT/HLA 3.63.0,2026-02-19 18:48:49.636716
B*50:28,T,HLAtools_protein_alignment,IPD-IMGT/HLA 3.63.0,2026-02-19 18:48:49.636716
B*50:29,T,HLAtools_protein_alignment,IPD-IMGT/HLA 3.63.0,2026-02-19 18:48:49.636716
B*50:30,T,HLAtools_protein_alignment,IPD-IMGT/HLA 3.63.0,2026-02-19 18:48:49.636716
B*50:31,T,HLAtools_protein_alignment,IPD-IMGT/HLA 3.63.0,2026-02-19 18:48:49.636716
B*50:37,T,HLAtools_protein_alignment,IPD-IMGT/HLA 3.63.0,2026-02-19 18:48:49.636716
B*50:38,T,HLAtools_protein_alignment,IPD-IMGT/HLA 3.63.0,2026-02-19 18:48:49.636716
B*50:44,T,HLAtools_protein_alignment,IPD-IMGT/HLA 3.63.0,2026-02-19 18:48:49.636716
B*50:51,T,HLAtools_protein_alignment,IPD-IMGT/HLA 3.63.0,2026-02-19 18:48:49.636716
B*50:52,T,HLAtools_protein_alignment,IPD-IMGT/HLA 3.63.0,2026-02-19 18:48:49.636716
B*50:54,T,HLAtools_protein_alignment,IPD-IMGT/HLA 3.63.0,2026-02-19 18:48:49.636716
B*50:55,T,HLAtools_protein_alignment,IPD-IMGT/HLA 3.63.0,2026-02-19 18:48:49.636716
B*50:56,T,HLAtools_protein_alignment,IPD-IMGT/HLA 3.63.0,2026-02-19 18:48:49.636716
B*50:57,T,HLAtools_protein_alignment,IPD-IMGT/HLA 3.63.0,2026-02-19 18:48:49.636716
B*50:58,T,HLAtools_protein_alignment,IPD-IMGT/HLA 3.63.0,2026-02-19 18:48:49.636716
B*50:59,T,HLAtools_protein_alignment,IPD-IMGT/HLA 3.63.0,2026-02-19 18:48:49.636716
B*50:60,T,HLAtools_protein_alignment,IPD-IMGT/HLA 3.63.0,2026-02-19 18:48:49.636716
B*50:61,T,HLAtools_protein_alignment,IPD-IMGT/HLA 3.63.0,2026-02-19 18:48:49.636716
B*50:62,T,HLAtools_protein_alignment,IPD-IMGT/HLA 3.63.0,2026-02-19 18:48:49.636716
B*50:63,T,HLAtools_protein_alignment,IPD-IMGT/HLA 3.63.0,2026-02-19 18:48:49.636716
B*50:64,T,HLAtools_protein_alignment,IPD-IMGT/HLA 3.63.0,2026-02-19 18:48:49.636716
B*50:65,T,HLAtools_protein_alignment,IPD-IMGT/HLA 3.63.0,2026-02-19 18:48:49.636716
B*50:66,T,HLAtools_protein_alignment,IPD-IMGT/HLA 3.63.0,2026-02-19 18:48:49.636716
B*50:67,T,HLAtools_protein_alignment,IPD-IMGT/HLA 3.63.0,2026-02-19 18:48:49.636716
B*50:68,T,HLAtools_protein_alignment,IPD-IMGT/HLA 3.63.0,2026-02-19 18:48:49.636716
B*50:69,T,HLAtools_protein_alignment,IPD-IMGT/HLA 3.63.0,2026-02-19 18:48:49.636716
B*50:70,T,HLAtools_protein_alignment,IPD-IMGT/HLA 3.63.0,2026-02-19 18:48:49.636716
B*50:71,T,HLAtools_protein_alignment,IPD-IMGT/HLA 3.63.0,2026-02-19 18:48:49.636716
B*50:72N,T,HLAtools_protein_alignment,IPD-IMGT/HLA 3.63.0,2026-02-19 18:48:49.636716
B*50:73,T,HLAtools_protein_alignment,IPD-IMGT/HLA 3.63.0,2026-02-19 18:48:49.636716
B*50:74,T,HLAtools_protein_alignment,IPD-IMGT/HLA 3.63.0,2026-02-19 18:48:49.636716
B*50:75,T,HLAtools_protein_alignment,IPD-IMGT/HLA 3.63.0,2026-02-19 18:48:49.636716
B*50:76,T,HLAtools_protein_alignment,IPD-IMGT/HLA 3.63.0,2026-02-19 18:48:49.636716
B*50:77,T,HLAtools_protein_alignment,IPD-IMGT/HLA 3.63.0,2026-02-19 18:48:49.636716
B*50:78,T,HLAtools_protein_alignment,IPD-IMGT/HLA 3.63.0,2026-02-19 18:48:49.636716
B*50:79,T,HLAtools_protein_alignment,IPD-IMGT/HLA 3.63.0,2026-02-19 18:48:49.636716
B*50:80Q,T,HLAtools_protein_alignment,IPD-IMGT/HLA 3.63.0,2026-02-19 18:48:49.636716
B*50:81N,T,HLAtools_protein_alignment,IPD-IMGT/HLA 3.63.0,2026-02-19 18:48:49.636716
B*50:82N,T,HLAtools_protein_alignment,IPD-IMGT/HLA 3.63.0,2026-02-19 18:48:49.636716
B*51:01,T,HLAtools_protein_alignment,IPD-IMGT/HLA 3.63.0,2026-02-19 18:48:49.636716
B*51:01Q,T,HLAtools_protein_alignment,IPD-IMGT/HLA 3.63.0,2026-02-19 18:48:49.636716
B*51:02,T,HLAtools_protein_alignment,IPD-IMGT/HLA 3.63.0,2026-02-19 18:48:49.636716
B*51:03,T,HLAtools_protein_alignment,IPD-IMGT/HLA 3.63.0,2026-02-19 18:48:49.636716
B*51:04,T,HLAtools_protein_alignment,IPD-IMGT/HLA 3.63.0,2026-02-19 18:48:49.636716
B*51:05,T,HLAtools_protein_alignment,IPD-IMGT/HLA 3.63.0,2026-02-19 18:48:49.636716
B*51:06,T,HLAtools_protein_alignment,IPD-IMGT/HLA 3.63.0,2026-02-19 18:48:49.636716
B*51:07,T,HLAtools_protein_alignment,IPD-IMGT/HLA 3.63.0,2026-02-19 18:48:49.636716
B*51:08,T,HLAtools_protein_alignment,IPD-IMGT/HLA 3.63.0,2026-02-19 18:48:49.636716
B*51:09,T,HLAtools_protein_alignment,IPD-IMGT/HLA 3.63.0,2026-02-19 18:48:49.636716
B*51:10,T,HLAtools_protein_alignment,IPD-IMGT/HLA 3.63.0,2026-02-19 18:48:49.636716
B*51:103,T,HLAtools_protein_alignment,IPD-IMGT/HLA 3.63.0,2026-02-19 18:48:49.636716
B*51:106,T,HLAtools_protein_alignment,IPD-IMGT/HLA 3.63.0,2026-02-19 18:48:49.636716
B*51:127,T,HLAtools_protein_alignment,IPD-IMGT/HLA 3.63.0,2026-02-19 18:48:49.636716
B*51:13,T,HLAtools_protein_alignment,IPD-IMGT/HLA 3.63.0,2026-02-19 18:48:49.636716
B*51:130,T,HLAtools_protein_alignment,IPD-IMGT/HLA 3.63.0,2026-02-19 18:48:49.636716
B*51:136,T,HLAtools_protein_alignment,IPD-IMGT/HLA 3.63.0,2026-02-19 18:48:49.636716
B*51:14,T,HLAtools_protein_alignment,IPD-IMGT/HLA 3.63.0,2026-02-19 18:48:49.636716
B*51:148,T,HLAtools_protein_alignment,IPD-IMGT/HLA 3.63.0,2026-02-19 18:48:49.636716
B*51:151,T,HLAtools_protein_alignment,IPD-IMGT/HLA 3.63.0,2026-02-19 18:48:49.636716
B*51:152,T,HLAtools_protein_alignment,IPD-IMGT/HLA 3.63.0,2026-02-19 18:48:49.636716
B*51:153,T,HLAtools_protein_alignment,IPD-IMGT/HLA 3.63.0,2026-02-19 18:48:49.636716
B*51:155,T,HLAtools_protein_alignment,IPD-IMGT/HLA 3.63.0,2026-02-19 18:48:49.636716
B*51:156,T,HLAtools_protein_alignment,IPD-IMGT/HLA 3.63.0,2026-02-19 18:48:49.636716
B*51:157,T,HLAtools_protein_alignment,IPD-IMGT/HLA 3.63.0,2026-02-19 18:48:49.636716
B*51:158,T,HLAtools_protein_alignment,IPD-IMGT/HLA 3.63.0,2026-02-19 18:48:49.636716
B*51:16,T,HLAtools_protein_alignment,IPD-IMGT/HLA 3.63.0,2026-02-19 18:48:49.636716
B*51:161,T,HLAtools_protein_alignment,IPD-IMGT/HLA 3.63.0,2026-02-19 18:48:49.636716
B*51:162,T,HLAtools_protein_alignment,IPD-IMGT/HLA 3.63.0,2026-02-19 18:48:49.636716
B*51:163,T,HLAtools_protein_alignment,IPD-IMGT/HLA 3.63.0,2026-02-19 18:48:49.636716
B*51:164,T,HLAtools_protein_alignment,IPD-IMGT/HLA 3.63.0,2026-02-19 18:48:49.636716
B*51:165,T,HLAtools_protein_alignment,IPD-IMGT/HLA 3.63.0,2026-02-19 18:48:49.636716
B*51:166,T,HLAtools_protein_alignment,IPD-IMGT/HLA 3.63.0,2026-02-19 18:48:49.636716
B*51:168,T,HLAtools_protein_alignment,IPD-IMGT/HLA 3.63.0,2026-02-19 18:48:49.636716
B*51:169,T,HLAtools_protein_alignment,IPD-IMGT/HLA 3.63.0,2026-02-19 18:48:49.636716
B*51:17,T,HLAtools_protein_alignment,IPD-IMGT/HLA 3.63.0,2026-02-19 18:48:49.636716
B*51:173Q,T,HLAtools_protein_alignment,IPD-IMGT/HLA 3.63.0,2026-02-19 18:48:49.636716
B*51:175,T,HLAtools_protein_alignment,IPD-IMGT/HLA 3.63.0,2026-02-19 18:48:49.636716
B*51:176,T,HLAtools_protein_alignment,IPD-IMGT/HLA 3.63.0,2026-02-19 18:48:49.636716
B*51:185,T,HLAtools_protein_alignment,IPD-IMGT/HLA 3.63.0,2026-02-19 18:48:49.636716
B*51:187,T,HLAtools_protein_alignment,IPD-IMGT/HLA 3.63.0,2026-02-19 18:48:49.636716
B*51:188,T,HLAtools_protein_alignment,IPD-IMGT/HLA 3.63.0,2026-02-19 18:48:49.636716
B*51:189,T,HLAtools_protein_alignment,IPD-IMGT/HLA 3.63.0,2026-02-19 18:48:49.636716
B*51:19,T,HLAtools_protein_alignment,IPD-IMGT/HLA 3.63.0,2026-02-19 18:48:49.636716
B*51:190,T,HLAtools_protein_alignment,IPD-IMGT/HLA 3.63.0,2026-02-19 18:48:49.636716
B*51:192,T,HLAtools_protein_alignment,IPD-IMGT/HLA 3.63.0,2026-02-19 18:48:49.636716
B*51:193,T,HLAtools_protein_alignment,IPD-IMGT/HLA 3.63.0,2026-02-19 18:48:49.636716
B*51:194,T,HLAtools_protein_alignment,IPD-IMGT/HLA 3.63.0,2026-02-19 18:48:49.636716
B*51:197,T,HLAtools_protein_alignment,IPD-IMGT/HLA 3.63.0,2026-02-19 18:48:49.636716
B*51:20,T,HLAtools_protein_alignment,IPD-IMGT/HLA 3.63.0,2026-02-19 18:48:49.636716
B*51:204,T,HLAtools_protein_alignment,IPD-IMGT/HLA 3.63.0,2026-02-19 18:48:49.636716
B*51:206,T,HLAtools_protein_alignment,IPD-IMGT/HLA 3.63.0,2026-02-19 18:48:49.636716
B*51:208,T,HLAtools_protein_alignment,IPD-IMGT/HLA 3.63.0,2026-02-19 18:48:49.636716
B*51:21,T,HLAtools_protein_alignment,IPD-IMGT/HLA 3.63.0,2026-02-19 18:48:49.636716
B*51:214,T,HLAtools_protein_alignment,IPD-IMGT/HLA 3.63.0,2026-02-19 18:48:49.636716
B*51:219,T,HLAtools_protein_alignment,IPD-IMGT/HLA 3.63.0,2026-02-19 18:48:49.636716
B*51:22,T,HLAtools_protein_alignment,IPD-IMGT/HLA 3.63.0,2026-02-19 18:48:49.636716
B*51:220,T,HLAtools_protein_alignment,IPD-IMGT/HLA 3.63.0,2026-02-19 18:48:49.636716
B*51:224,T,HLAtools_protein_alignment,IPD-IMGT/HLA 3.63.0,2026-02-19 18:48:49.636716
B*51:225,T,HLAtools_protein_alignment,IPD-IMGT/HLA 3.63.0,2026-02-19 18:48:49.636716
B*51:229,T,HLAtools_protein_alignment,IPD-IMGT/HLA 3.63.0,2026-02-19 18:48:49.636716
B*51:23,T,HLAtools_protein_alignment,IPD-IMGT/HLA 3.63.0,2026-02-19 18:48:49.636716
B*51:230,T,HLAtools_protein_alignment,IPD-IMGT/HLA 3.63.0,2026-02-19 18:48:49.636716
B*51:232,T,HLAtools_protein_alignment,IPD-IMGT/HLA 3.63.0,2026-02-19 18:48:49.636716
B*51:233,T,HLAtools_protein_alignment,IPD-IMGT/HLA 3.63.0,2026-02-19 18:48:49.636716
B*51:234,T,HLAtools_protein_alignment,IPD-IMGT/HLA 3.63.0,2026-02-19 18:48:49.636716
B*51:235N,T,HLAtools_protein_alignment,IPD-IMGT/HLA 3.63.0,2026-02-19 18:48:49.636716
B*51:236,T,HLAtools_protein_alignment,IPD-IMGT/HLA 3.63.0,2026-02-19 18:48:49.636716
B*51:237,T,HLAtools_protein_alignment,IPD-IMGT/HLA 3.63.0,2026-02-19 18:48:49.636716
B*51:238,T,HLAtools_protein_alignment,IPD-IMGT/HLA 3.63.0,2026-02-19 18:48:49.636716
B*51:239,T,HLAtools_protein_alignment,IPD-IMGT/HLA 3.63.0,2026-02-19 18:48:49.636716
B*51:240,T,HLAtools_protein_alignment,IPD-IMGT/HLA 3.63.0,2026-02-19 18:48:49.636716
B*51:241,T,HLAtools_protein_alignment,IPD-IMGT/HLA 3.63.0,2026-02-19 18:48:49.636716
B*51:242,T,HLAtools_protein_alignment,IPD-IMGT/HLA 3.63.0,2026-02-19 18:48:49.636716
B*51:243,T,HLAtools_protein_alignment,IPD-IMGT/HLA 3.63.0,2026-02-19 18:48:49.636716
B*51:244,T,HLAtools_protein_alignment,IPD-IMGT/HLA 3.63.0,2026-02-19 18:48:49.636716
B*51:246,T,HLAtools_protein_alignment,IPD-IMGT/HLA 3.63.0,2026-02-19 18:48:49.636716
B*51:247,T,HLAtools_protein_alignment,IPD-IMGT/HLA 3.63.0,2026-02-19 18:48:49.636716
B*51:248,T,HLAtools_protein_alignment,IPD-IMGT/HLA 3.63.0,2026-02-19 18:48:49.636716
B*51:249,T,HLAtools_protein_alignment,IPD-IMGT/HLA 3.63.0,2026-02-19 18:48:49.636716
B*51:250,T,HLAtools_protein_alignment,IPD-IMGT/HLA 3.63.0,2026-02-19 18:48:49.636716
B*51:251,T,HLAtools_protein_alignment,IPD-IMGT/HLA 3.63.0,2026-02-19 18:48:49.636716
B*51:252,T,HLAtools_protein_alignment,IPD-IMGT/HLA 3.63.0,2026-02-19 18:48:49.636716
B*51:253,T,HLAtools_protein_alignment,IPD-IMGT/HLA 3.63.0,2026-02-19 18:48:49.636716
B*51:254,T,HLAtools_protein_alignment,IPD-IMGT/HLA 3.63.0,2026-02-19 18:48:49.636716
B*51:255,T,HLAtools_protein_alignment,IPD-IMGT/HLA 3.63.0,2026-02-19 18:48:49.636716
B*51:256N,T,HLAtools_protein_alignment,IPD-IMGT/HLA 3.63.0,2026-02-19 18:48:49.636716
B*51:257,T,HLAtools_protein_alignment,IPD-IMGT/HLA 3.63.0,2026-02-19 18:48:49.636716
B*51:258,T,HLAtools_protein_alignment,IPD-IMGT/HLA 3.63.0,2026-02-19 18:48:49.636716
B*51:259,T,HLAtools_protein_alignment,IPD-IMGT/HLA 3.63.0,2026-02-19 18:48:49.636716
B*51:260,T,HLAtools_protein_alignment,IPD-IMGT/HLA 3.63.0,2026-02-19 18:48:49.636716
B*51:262,T,HLAtools_protein_alignment,IPD-IMGT/HLA 3.63.0,2026-02-19 18:48:49.636716
B*51:263,T,HLAtools_protein_alignment,IPD-IMGT/HLA 3.63.0,2026-02-19 18:48:49.636716
B*51:264N,T,HLAtools_protein_alignment,IPD-IMGT/HLA 3.63.0,2026-02-19 18:48:49.636716
B*51:265,T,HLAtools_protein_alignment,IPD-IMGT/HLA 3.63.0,2026-02-19 18:48:49.636716
B*51:266,T,HLAtools_protein_alignment,IPD-IMGT/HLA 3.63.0,2026-02-19 18:48:49.636716
B*51:267,T,HLAtools_protein_alignment,IPD-IMGT/HLA 3.63.0,2026-02-19 18:48:49.636716
B*51:268,T,HLAtools_protein_alignment,IPD-IMGT/HLA 3.63.0,2026-02-19 18:48:49.636716
B*51:269,T,HLAtools_protein_alignment,IPD-IMGT/HLA 3.63.0,2026-02-19 18:48:49.636716
B*51:270,T,HLAtools_protein_alignment,IPD-IMGT/HLA 3.63.0,2026-02-19 18:48:49.636716
B*51:271,T,HLAtools_protein_alignment,IPD-IMGT/HLA 3.63.0,2026-02-19 18:48:49.636716
B*51:272,T,HLAtools_protein_alignment,IPD-IMGT/HLA 3.63.0,2026-02-19 18:48:49.636716
B*51:275,T,HLAtools_protein_alignment,IPD-IMGT/HLA 3.63.0,2026-02-19 18:48:49.636716
B*51:277,T,HLAtools_protein_alignment,IPD-IMGT/HLA 3.63.0,2026-02-19 18:48:49.636716
B*51:278,T,HLAtools_protein_alignment,IPD-IMGT/HLA 3.63.0,2026-02-19 18:48:49.636716
B*51:279,T,HLAtools_protein_alignment,IPD-IMGT/HLA 3.63.0,2026-02-19 18:48:49.636716
B*51:280,T,HLAtools_protein_alignment,IPD-IMGT/HLA 3.63.0,2026-02-19 18:48:49.636716
B*51:281,T,HLAtools_protein_alignment,IPD-IMGT/HLA 3.63.0,2026-02-19 18:48:49.636716
B*51:282,T,HLAtools_protein_alignment,IPD-IMGT/HLA 3.63.0,2026-02-19 18:48:49.636716
B*51:283,T,HLAtools_protein_alignment,IPD-IMGT/HLA 3.63.0,2026-02-19 18:48:49.636716
B*51:285,T,HLAtools_protein_alignment,IPD-IMGT/HLA 3.63.0,2026-02-19 18:48:49.636716
B*51:286,T,HLAtools_protein_alignment,IPD-IMGT/HLA 3.63.0,2026-02-19 18:48:49.636716
B*51:287N,T,HLAtools_protein_alignment,IPD-IMGT/HLA 3.63.0,2026-02-19 18:48:49.636716
B*51:288,T,HLAtools_protein_alignment,IPD-IMGT/HLA 3.63.0,2026-02-19 18:48:49.636716
B*51:289,T,HLAtools_protein_alignment,IPD-IMGT/HLA 3.63.0,2026-02-19 18:48:49.636716
B*51:29,T,HLAtools_protein_alignment,IPD-IMGT/HLA 3.63.0,2026-02-19 18:48:49.636716
B*51:290,T,HLAtools_protein_alignment,IPD-IMGT/HLA 3.63.0,2026-02-19 18:48:49.636716
B*51:291,T,HLAtools_protein_alignment,IPD-IMGT/HLA 3.63.0,2026-02-19 18:48:49.636716
B*51:292,T,HLAtools_protein_alignment,IPD-IMGT/HLA 3.63.0,2026-02-19 18:48:49.636716
B*51:293,T,HLAtools_protein_alignment,IPD-IMGT/HLA 3.63.0,2026-02-19 18:48:49.636716
B*51:294,T,HLAtools_protein_alignment,IPD-IMGT/HLA 3.63.0,2026-02-19 18:48:49.636716
B*51:295,T,HLAtools_protein_alignment,IPD-IMGT/HLA 3.63.0,2026-02-19 18:48:49.636716
B*51:296,T,HLAtools_protein_alignment,IPD-IMGT/HLA 3.63.0,2026-02-19 18:48:49.636716
B*51:297,T,HLAtools_protein_alignment,IPD-IMGT/HLA 3.63.0,2026-02-19 18:48:49.636716
B*51:298,T,HLAtools_protein_alignment,IPD-IMGT/HLA 3.63.0,2026-02-19 18:48:49.636716
B*51:299,T,HLAtools_protein_alignment,IPD-IMGT/HLA 3.63.0,2026-02-19 18:48:49.636716
B*51:300,T,HLAtools_protein_alignment,IPD-IMGT/HLA 3.63.0,2026-02-19 18:48:49.636716
B*51:302,T,HLAtools_protein_alignment,IPD-IMGT/HLA 3.63.0,2026-02-19 18:48:49.636716
B*51:303,T,HLAtools_protein_alignment,IPD-IMGT/HLA 3.63.0,2026-02-19 18:48:49.636716
B*51:304,T,HLAtools_protein_alignment,IPD-IMGT/HLA 3.63.0,2026-02-19 18:48:49.636716
B*51:305,T,HLAtools_protein_alignment,IPD-IMGT/HLA 3.63.0,2026-02-19 18:48:49.636716
B*51:306N,T,HLAtools_protein_alignment,IPD-IMGT/HLA 3.63.0,2026-02-19 18:48:49.636716
B*51:307,T,HLAtools_protein_alignment,IPD-IMGT/HLA 3.63.0,2026-02-19 18:48:49.636716
B*51:308,T,HLAtools_protein_alignment,IPD-IMGT/HLA 3.63.0,2026-02-19 18:48:49.636716
B*51:309,T,HLAtools_protein_alignment,IPD-IMGT/HLA 3.63.0,2026-02-19 18:48:49.636716
B*51:31,T,HLAtools_protein_alignment,IPD-IMGT/HLA 3.63.0,2026-02-19 18:48:49.636716
B*51:310,T,HLAtools_protein_alignment,IPD-IMGT/HLA 3.63.0,2026-02-19 18:48:49.636716
B*51:311,T,HLAtools_protein_alignment,IPD-IMGT/HLA 3.63.0,2026-02-19 18:48:49.636716
B*51:312,T,HLAtools_protein_alignment,IPD-IMGT/HLA 3.63.0,2026-02-19 18:48:49.636716
B*51:313N,T,HLAtools_protein_alignment,IPD-IMGT/HLA 3.63.0,2026-02-19 18:48:49.636716
B*51:314,T,HLAtools_protein_alignment,IPD-IMGT/HLA 3.63.0,2026-02-19 18:48:49.636716
B*51:315,T,HLAtools_protein_alignment,IPD-IMGT/HLA 3.63.0,2026-02-19 18:48:49.636716
B*51:316,T,HLAtools_protein_alignment,IPD-IMGT/HLA 3.63.0,2026-02-19 18:48:49.636716
B*51:317,T,HLAtools_protein_alignment,IPD-IMGT/HLA 3.63.0,2026-02-19 18:48:49.636716
B*51:318N,T,HLAtools_protein_alignment,IPD-IMGT/HLA 3.63.0,2026-02-19 18:48:49.636716
B*51:319,T,HLAtools_protein_alignment,IPD-IMGT/HLA 3.63.0,2026-02-19 18:48:49.636716
B*51:32,T,HLAtools_protein_alignment,IPD-IMGT/HLA 3.63.0,2026-02-19 18:48:49.636716
B*51:320,T,HLAtools_protein_alignment,IPD-IMGT/HLA 3.63.0,2026-02-19 18:48:49.636716
B*51:321,T,HLAtools_protein_alignment,IPD-IMGT/HLA 3.63.0,2026-02-19 18:48:49.636716
B*51:322,T,HLAtools_protein_alignment,IPD-IMGT/HLA 3.63.0,2026-02-19 18:48:49.636716
B*51:323,T,HLAtools_protein_alignment,IPD-IMGT/HLA 3.63.0,2026-02-19 18:48:49.636716
B*51:324,T,HLAtools_protein_alignment,IPD-IMGT/HLA 3.63.0,2026-02-19 18:48:49.636716
B*51:325N,T,HLAtools_protein_alignment,IPD-IMGT/HLA 3.63.0,2026-02-19 18:48:49.636716
B*51:326,T,HLAtools_protein_alignment,IPD-IMGT/HLA 3.63.0,2026-02-19 18:48:49.636716
B*51:327,T,HLAtools_protein_alignment,IPD-IMGT/HLA 3.63.0,2026-02-19 18:48:49.636716
B*51:329Q,T,HLAtools_protein_alignment,IPD-IMGT/HLA 3.63.0,2026-02-19 18:48:49.636716
B*51:330,T,HLAtools_protein_alignment,IPD-IMGT/HLA 3.63.0,2026-02-19 18:48:49.636716
B*51:331,T,HLAtools_protein_alignment,IPD-IMGT/HLA 3.63.0,2026-02-19 18:48:49.636716
B*51:332,T,HLAtools_protein_alignment,IPD-IMGT/HLA 3.63.0,2026-02-19 18:48:49.636716
B*51:333,T,HLAtools_protein_alignment,IPD-IMGT/HLA 3.63.0,2026-02-19 18:48:49.636716
B*51:334,T,HLAtools_protein_alignment,IPD-IMGT/HLA 3.63.0,2026-02-19 18:48:49.636716
B*51:335,T,HLAtools_protein_alignment,IPD-IMGT/HLA 3.63.0,2026-02-19 18:48:49.636716
B*51:336,T,HLAtools_protein_alignment,IPD-IMGT/HLA 3.63.0,2026-02-19 18:48:49.636716
B*51:337,T,HLAtools_protein_alignment,IPD-IMGT/HLA 3.63.0,2026-02-19 18:48:49.636716
B*51:339,T,HLAtools_protein_alignment,IPD-IMGT/HLA 3.63.0,2026-02-19 18:48:49.636716
B*51:34,T,HLAtools_protein_alignment,IPD-IMGT/HLA 3.63.0,2026-02-19 18:48:49.636716
B*51:340,T,HLAtools_protein_alignment,IPD-IMGT/HLA 3.63.0,2026-02-19 18:48:49.636716
B*51:341,T,HLAtools_protein_alignment,IPD-IMGT/HLA 3.63.0,2026-02-19 18:48:49.636716
B*51:342,T,HLAtools_protein_alignment,IPD-IMGT/HLA 3.63.0,2026-02-19 18:48:49.636716
B*51:343,T,HLAtools_protein_alignment,IPD-IMGT/HLA 3.63.0,2026-02-19 18:48:49.636716
B*51:344N,T,HLAtools_protein_alignment,IPD-IMGT/HLA 3.63.0,2026-02-19 18:48:49.636716
B*51:345,T,HLAtools_protein_alignment,IPD-IMGT/HLA 3.63.0,2026-02-19 18:48:49.636716
B*51:346Q,T,HLAtools_protein_alignment,IPD-IMGT/HLA 3.63.0,2026-02-19 18:48:49.636716
B*51:347,T,HLAtools_protein_alignment,IPD-IMGT/HLA 3.63.0,2026-02-19 18:48:49.636716
B*51:348,T,HLAtools_protein_alignment,IPD-IMGT/HLA 3.63.0,2026-02-19 18:48:49.636716
B*51:349,T,HLAtools_protein_alignment,IPD-IMGT/HLA 3.63.0,2026-02-19 18:48:49.636716
B*51:350,T,HLAtools_protein_alignment,IPD-IMGT/HLA 3.63.0,2026-02-19 18:48:49.636716
B*51:351,T,HLAtools_protein_alignment,IPD-IMGT/HLA 3.63.0,2026-02-19 18:48:49.636716
B*51:352,T,HLAtools_protein_alignment,IPD-IMGT/HLA 3.63.0,2026-02-19 18:48:49.636716
B*51:354,T,HLAtools_protein_alignment,IPD-IMGT/HLA 3.63.0,2026-02-19 18:48:49.636716
B*51:355,T,HLAtools_protein_alignment,IPD-IMGT/HLA 3.63.0,2026-02-19 18:48:49.636716
B*51:356,T,HLAtools_protein_alignment,IPD-IMGT/HLA 3.63.0,2026-02-19 18:48:49.636716
B*51:357N,T,HLAtools_protein_alignment,IPD-IMGT/HLA 3.63.0,2026-02-19 18:48:49.636716
B*51:358,T,HLAtools_protein_alignment,IPD-IMGT/HLA 3.63.0,2026-02-19 18:48:49.636716
B*51:359,T,HLAtools_protein_alignment,IPD-IMGT/HLA 3.63.0,2026-02-19 18:48:49.636716
B*51:36,T,HLAtools_protein_alignment,IPD-IMGT/HLA 3.63.0,2026-02-19 18:48:49.636716
B*51:360,T,HLAtools_protein_alignment,IPD-IMGT/HLA 3.63.0,2026-02-19 18:48:49.636716
B*51:361N,T,HLAtools_protein_alignment,IPD-IMGT/HLA 3.63.0,2026-02-19 18:48:49.636716
B*51:362,T,HLAtools_protein_alignment,IPD-IMGT/HLA 3.63.0,2026-02-19 18:48:49.636716
B*51:363,T,HLAtools_protein_alignment,IPD-IMGT/HLA 3.63.0,2026-02-19 18:48:49.636716
B*51:364,T,HLAtools_protein_alignment,IPD-IMGT/HLA 3.63.0,2026-02-19 18:48:49.636716
B*51:365N,T,HLAtools_protein_alignment,IPD-IMGT/HLA 3.63.0,2026-02-19 18:48:49.636716
B*51:366,T,HLAtools_protein_alignment,IPD-IMGT/HLA 3.63.0,2026-02-19 18:48:49.636716
B*51:367,T,HLAtools_protein_alignment,IPD-IMGT/HLA 3.63.0,2026-02-19 18:48:49.636716
B*51:368,T,HLAtools_protein_alignment,IPD-IMGT/HLA 3.63.0,2026-02-19 18:48:49.636716
B*51:369,T,HLAtools_protein_alignment,IPD-IMGT/HLA 3.63.0,2026-02-19 18:48:49.636716
B*51:370,T,HLAtools_protein_alignment,IPD-IMGT/HLA 3.63.0,2026-02-19 18:48:49.636716
B*51:371,T,HLAtools_protein_alignment,IPD-IMGT/HLA 3.63.0,2026-02-19 18:48:49.636716
B*51:372,T,HLAtools_protein_alignment,IPD-IMGT/HLA 3.63.0,2026-02-19 18:48:49.636716
B*51:373,T,HLAtools_protein_alignment,IPD-IMGT/HLA 3.63.0,2026-02-19 18:48:49.636716
B*51:374,T,HLAtools_protein_alignment,IPD-IMGT/HLA 3.63.0,2026-02-19 18:48:49.636716
B*51:375,T,HLAtools_protein_alignment,IPD-IMGT/HLA 3.63.0,2026-02-19 18:48:49.636716
B*51:376,T,HLAtools_protein_alignment,IPD-IMGT/HLA 3.63.0,2026-02-19 18:48:49.636716
B*51:378,T,HLAtools_protein_alignment,IPD-IMGT/HLA 3.63.0,2026-02-19 18:48:49.636716
B*51:379,T,HLAtools_protein_alignment,IPD-IMGT/HLA 3.63.0,2026-02-19 18:48:49.636716
B*51:380,T,HLAtools_protein_alignment,IPD-IMGT/HLA 3.63.0,2026-02-19 18:48:49.636716
B*51:381,T,HLAtools_protein_alignment,IPD-IMGT/HLA 3.63.0,2026-02-19 18:48:49.636716
B*51:382,T,HLAtools_protein_alignment,IPD-IMGT/HLA 3.63.0,2026-02-19 18:48:49.636716
B*51:383,T,HLAtools_protein_alignment,IPD-IMGT/HLA 3.63.0,2026-02-19 18:48:49.636716
B*51:384,T,HLAtools_protein_alignment,IPD-IMGT/HLA 3.63.0,2026-02-19 18:48:49.636716
B*51:385,T,HLAtools_protein_alignment,IPD-IMGT/HLA 3.63.0,2026-02-19 18:48:49.636716
B*51:386,T,HLAtools_protein_alignment,IPD-IMGT/HLA 3.63.0,2026-02-19 18:48:49.636716
B*51:387N,T,HLAtools_protein_alignment,IPD-IMGT/HLA 3.63.0,2026-02-19 18:48:49.636716
B*51:388,T,HLAtools_protein_alignment,IPD-IMGT/HLA 3.63.0,2026-02-19 18:48:49.636716
B*51:389,T,HLAtools_protein_alignment,IPD-IMGT/HLA 3.63.0,2026-02-19 18:48:49.636716
B*51:39,T,HLAtools_protein_alignment,IPD-IMGT/HLA 3.63.0,2026-02-19 18:48:49.636716
B*51:390,T,HLAtools_protein_alignment,IPD-IMGT/HLA 3.63.0,2026-02-19 18:48:49.636716
B*51:391N,T,HLAtools_protein_alignment,IPD-IMGT/HLA 3.63.0,2026-02-19 18:48:49.636716
B*51:392,T,HLAtools_protein_alignment,IPD-IMGT/HLA 3.63.0,2026-02-19 18:48:49.636716
B*51:393Q,T,HLAtools_protein_alignment,IPD-IMGT/HLA 3.63.0,2026-02-19 18:48:49.636716
B*51:394Q,T,HLAtools_protein_alignment,IPD-IMGT/HLA 3.63.0,2026-02-19 18:48:49.636716
B*51:395,T,HLAtools_protein_alignment,IPD-IMGT/HLA 3.63.0,2026-02-19 18:48:49.636716
B*51:396,T,HLAtools_protein_alignment,IPD-IMGT/HLA 3.63.0,2026-02-19 18:48:49.636716
B*51:397,T,HLAtools_protein_alignment,IPD-IMGT/HLA 3.63.0,2026-02-19 18:48:49.636716
B*51:398,T,HLAtools_protein_alignment,IPD-IMGT/HLA 3.63.0,2026-02-19 18:48:49.636716
B*51:399,M,HLAtools_protein_alignment,IPD-IMGT/HLA 3.63.0,2026-02-19 18:48:49.636716
B*51:40,T,HLAtools_protein_alignment,IPD-IMGT/HLA 3.63.0,2026-02-19 18:48:49.636716
B*51:400,T,HLAtools_protein_alignment,IPD-IMGT/HLA 3.63.0,2026-02-19 18:48:49.636716
B*51:401,T,HLAtools_protein_alignment,IPD-IMGT/HLA 3.63.0,2026-02-19 18:48:49.636716
B*51:402,T,HLAtools_protein_alignment,IPD-IMGT/HLA 3.63.0,2026-02-19 18:48:49.636716
B*51:403,T,HLAtools_protein_alignment,IPD-IMGT/HLA 3.63.0,2026-02-19 18:48:49.636716
B*51:404,T,HLAtools_protein_alignment,IPD-IMGT/HLA 3.63.0,2026-02-19 18:48:49.636716
B*51:405,T,HLAtools_protein_alignment,IPD-IMGT/HLA 3.63.0,2026-02-19 18:48:49.636716
B*51:406,T,HLAtools_protein_alignment,IPD-IMGT/HLA 3.63.0,2026-02-19 18:48:49.636716
B*51:407,T,HLAtools_protein_alignment,IPD-IMGT/HLA 3.63.0,2026-02-19 18:48:49.636716
B*51:408,T,HLAtools_protein_alignment,IPD-IMGT/HLA 3.63.0,2026-02-19 18:48:49.636716
B*51:409N,T,HLAtools_protein_alignment,IPD-IMGT/HLA 3.63.0,2026-02-19 18:48:49.636716
B*51:410,T,HLAtools_protein_alignment,IPD-IMGT/HLA 3.63.0,2026-02-19 18:48:49.636716
B*51:411,T,HLAtools_protein_alignment,IPD-IMGT/HLA 3.63.0,2026-02-19 18:48:49.636716
B*51:412,T,HLAtools_protein_alignment,IPD-IMGT/HLA 3.63.0,2026-02-19 18:48:49.636716
B*51:414,T,HLAtools_protein_alignment,IPD-IMGT/HLA 3.63.0,2026-02-19 18:48:49.636716
B*51:415N,T,HLAtools_protein_alignment,IPD-IMGT/HLA 3.63.0,2026-02-19 18:48:49.636716
B*51:416,T,HLAtools_protein_alignment,IPD-IMGT/HLA 3.63.0,2026-02-19 18:48:49.636716
B*51:417,T,HLAtools_protein_alignment,IPD-IMGT/HLA 3.63.0,2026-02-19 18:48:49.636716
B*51:418,T,HLAtools_protein_alignment,IPD-IMGT/HLA 3.63.0,2026-02-19 18:48:49.636716
B*51:419,T,HLAtools_protein_alignment,IPD-IMGT/HLA 3.63.0,2026-02-19 18:48:49.636716
B*51:42,T,HLAtools_protein_alignment,IPD-IMGT/HLA 3.63.0,2026-02-19 18:48:49.636716
B*51:420,T,HLAtools_protein_alignment,IPD-IMGT/HLA 3.63.0,2026-02-19 18:48:49.636716
B*51:421,T,HLAtools_protein_alignment,IPD-IMGT/HLA 3.63.0,2026-02-19 18:48:49.636716
B*51:422,T,HLAtools_protein_alignment,IPD-IMGT/HLA 3.63.0,2026-02-19 18:48:49.636716
B*51:423,T,HLAtools_protein_alignment,IPD-IMGT/HLA 3.63.0,2026-02-19 18:48:49.636716
B*51:424,T,HLAtools_protein_alignment,IPD-IMGT/HLA 3.63.0,2026-02-19 18:48:49.636716
B*51:425N,T,HLAtools_protein_alignment,IPD-IMGT/HLA 3.63.0,2026-02-19 18:48:49.636716
B*51:426,T,HLAtools_protein_alignment,IPD-IMGT/HLA 3.63.0,2026-02-19 18:48:49.636716
B*51:427,T,HLAtools_protein_alignment,IPD-IMGT/HLA 3.63.0,2026-02-19 18:48:49.636716
B*51:428,T,HLAtools_protein_alignment,IPD-IMGT/HLA 3.63.0,2026-02-19 18:48:49.636716
B*51:429,T,HLAtools_protein_alignment,IPD-IMGT/HLA 3.63.0,2026-02-19 18:48:49.636716
B*51:43,T,HLAtools_protein_alignment,IPD-IMGT/HLA 3.63.0,2026-02-19 18:48:49.636716
B*51:430,T,HLAtools_protein_alignment,IPD-IMGT/HLA 3.63.0,2026-02-19 18:48:49.636716
B*51:431,T,HLAtools_protein_alignment,IPD-IMGT/HLA 3.63.0,2026-02-19 18:48:49.636716
B*51:432,T,HLAtools_protein_alignment,IPD-IMGT/HLA 3.63.0,2026-02-19 18:48:49.636716
B*51:433,T,HLAtools_protein_alignment,IPD-IMGT/HLA 3.63.0,2026-02-19 18:48:49.636716
B*51:434,T,HLAtools_protein_alignment,IPD-IMGT/HLA 3.63.0,2026-02-19 18:48:49.636716
B*51:435,T,HLAtools_protein_alignment,IPD-IMGT/HLA 3.63.0,2026-02-19 18:48:49.636716
B*51:436,T,HLAtools_protein_alignment,IPD-IMGT/HLA 3.63.0,2026-02-19 18:48:49.636716
B*51:437,T,HLAtools_protein_alignment,IPD-IMGT/HLA 3.63.0,2026-02-19 18:48:49.636716
B*51:438,T,HLAtools_protein_alignment,IPD-IMGT/HLA 3.63.0,2026-02-19 18:48:49.636716
B*51:50,T,HLAtools_protein_alignment,IPD-IMGT/HLA 3.63.0,2026-02-19 18:48:49.636716
B*51:51,T,HLAtools_protein_alignment,IPD-IMGT/HLA 3.63.0,2026-02-19 18:48:49.636716
B*51:56,T,HLAtools_protein_alignment,IPD-IMGT/HLA 3.63.0,2026-02-19 18:48:49.636716
B*51:59,T,HLAtools_protein_alignment,IPD-IMGT/HLA 3.63.0,2026-02-19 18:48:49.636716
B*51:60,T,HLAtools_protein_alignment,IPD-IMGT/HLA 3.63.0,2026-02-19 18:48:49.636716
B*51:64,T,HLAtools_protein_alignment,IPD-IMGT/HLA 3.63.0,2026-02-19 18:48:49.636716
B*51:65,T,HLAtools_protein_alignment,IPD-IMGT/HLA 3.63.0,2026-02-19 18:48:49.636716
B*51:73,T,HLAtools_protein_alignment,IPD-IMGT/HLA 3.63.0,2026-02-19 18:48:49.636716
B*51:75,T,HLAtools_protein_alignment,IPD-IMGT/HLA 3.63.0,2026-02-19 18:48:49.636716
B*51:78,T,HLAtools_protein_alignment,IPD-IMGT/HLA 3.63.0,2026-02-19 18:48:49.636716
B*51:83,T,HLAtools_protein_alignment,IPD-IMGT/HLA 3.63.0,2026-02-19 18:48:49.636716
B*51:89,T,HLAtools_protein_alignment,IPD-IMGT/HLA 3.63.0,2026-02-19 18:48:49.636716
B*51:96,T,HLAtools_protein_alignment,IPD-IMGT/HLA 3.63.0,2026-02-19 18:48:49.636716
B*52:01,T,HLAtools_protein_alignment,IPD-IMGT/HLA 3.63.0,2026-02-19 18:48:49.636716
B*52:02,T,HLAtools_protein_alignment,IPD-IMGT/HLA 3.63.0,2026-02-19 18:48:49.636716
B*52:03,T,HLAtools_protein_alignment,IPD-IMGT/HLA 3.63.0,2026-02-19 18:48:49.636716
B*52:04,T,HLAtools_protein_alignment,IPD-IMGT/HLA 3.63.0,2026-02-19 18:48:49.636716
B*52:05,T,HLAtools_protein_alignment,IPD-IMGT/HLA 3.63.0,2026-02-19 18:48:49.636716
B*52:06,T,HLAtools_protein_alignment,IPD-IMGT/HLA 3.63.0,2026-02-19 18:48:49.636716
B*52:07,T,HLAtools_protein_alignment,IPD-IMGT/HLA 3.63.0,2026-02-19 18:48:49.636716
B*52:10,T,HLAtools_protein_alignment,IPD-IMGT/HLA 3.63.0,2026-02-19 18:48:49.636716
B*52:100,T,HLAtools_protein_alignment,IPD-IMGT/HLA 3.63.0,2026-02-19 18:48:49.636716
B*52:101,T,HLAtools_protein_alignment,IPD-IMGT/HLA 3.63.0,2026-02-19 18:48:49.636716
B*52:102,T,HLAtools_protein_alignment,IPD-IMGT/HLA 3.63.0,2026-02-19 18:48:49.636716
B*52:103N,T,HLAtools_protein_alignment,IPD-IMGT/HLA 3.63.0,2026-02-19 18:48:49.636716
B*52:104,T,HLAtools_protein_alignment,IPD-IMGT/HLA 3.63.0,2026-02-19 18:48:49.636716
B*52:105,T,HLAtools_protein_alignment,IPD-IMGT/HLA 3.63.0,2026-02-19 18:48:49.636716
B*52:106,T,HLAtools_protein_alignment,IPD-IMGT/HLA 3.63.0,2026-02-19 18:48:49.636716
B*52:107,T,HLAtools_protein_alignment,IPD-IMGT/HLA 3.63.0,2026-02-19 18:48:49.636716
B*52:108,T,HLAtools_protein_alignment,IPD-IMGT/HLA 3.63.0,2026-02-19 18:48:49.636716
B*52:11,T,HLAtools_protein_alignment,IPD-IMGT/HLA 3.63.0,2026-02-19 18:48:49.636716
B*52:110N,T,HLAtools_protein_alignment,IPD-IMGT/HLA 3.63.0,2026-02-19 18:48:49.636716
B*52:111,T,HLAtools_protein_alignment,IPD-IMGT/HLA 3.63.0,2026-02-19 18:48:49.636716
B*52:112,T,HLAtools_protein_alignment,IPD-IMGT/HLA 3.63.0,2026-02-19 18:48:49.636716
B*52:113,T,HLAtools_protein_alignment,IPD-IMGT/HLA 3.63.0,2026-02-19 18:48:49.636716
B*52:114,T,HLAtools_protein_alignment,IPD-IMGT/HLA 3.63.0,2026-02-19 18:48:49.636716
B*52:115N,T,HLAtools_protein_alignment,IPD-IMGT/HLA 3.63.0,2026-02-19 18:48:49.636716
B*52:116,T,HLAtools_protein_alignment,IPD-IMGT/HLA 3.63.0,2026-02-19 18:48:49.636716
B*52:117,T,HLAtools_protein_alignment,IPD-IMGT/HLA 3.63.0,2026-02-19 18:48:49.636716
B*52:118,T,HLAtools_protein_alignment,IPD-IMGT/HLA 3.63.0,2026-02-19 18:48:49.636716
B*52:119,T,HLAtools_protein_alignment,IPD-IMGT/HLA 3.63.0,2026-02-19 18:48:49.636716
B*52:12,T,HLAtools_protein_alignment,IPD-IMGT/HLA 3.63.0,2026-02-19 18:48:49.636716
B*52:120N,T,HLAtools_protein_alignment,IPD-IMGT/HLA 3.63.0,2026-02-19 18:48:49.636716
B*52:121,T,HLAtools_protein_alignment,IPD-IMGT/HLA 3.63.0,2026-02-19 18:48:49.636716
B*52:122,T,HLAtools_protein_alignment,IPD-IMGT/HLA 3.63.0,2026-02-19 18:48:49.636716
B*52:123,T,HLAtools_protein_alignment,IPD-IMGT/HLA 3.63.0,2026-02-19 18:48:49.636716
B*52:124N,T,HLAtools_protein_alignment,IPD-IMGT/HLA 3.63.0,2026-02-19 18:48:49.636716
B*52:125,T,HLAtools_protein_alignment,IPD-IMGT/HLA 3.63.0,2026-02-19 18:48:49.636716
B*52:126,T,HLAtools_protein_alignment,IPD-IMGT/HLA 3.63.0,2026-02-19 18:48:49.636716
B*52:127,T,HLAtools_protein_alignment,IPD-IMGT/HLA 3.63.0,2026-02-19 18:48:49.636716
B*52:128,T,HLAtools_protein_alignment,IPD-IMGT/HLA 3.63.0,2026-02-19 18:48:49.636716
B*52:129,T,HLAtools_protein_alignment,IPD-IMGT/HLA 3.63.0,2026-02-19 18:48:49.636716
B*52:130,T,HLAtools_protein_alignment,IPD-IMGT/HLA 3.63.0,2026-02-19 18:48:49.636716
B*52:131,T,HLAtools_protein_alignment,IPD-IMGT/HLA 3.63.0,2026-02-19 18:48:49.636716
B*52:132,T,HLAtools_protein_alignment,IPD-IMGT/HLA 3.63.0,2026-02-19 18:48:49.636716
B*52:133,T,HLAtools_protein_alignment,IPD-IMGT/HLA 3.63.0,2026-02-19 18:48:49.636716
B*52:135,T,HLAtools_protein_alignment,IPD-IMGT/HLA 3.63.0,2026-02-19 18:48:49.636716
B*52:14,T,HLAtools_protein_alignment,IPD-IMGT/HLA 3.63.0,2026-02-19 18:48:49.636716
B*52:21,T,HLAtools_protein_alignment,IPD-IMGT/HLA 3.63.0,2026-02-19 18:48:49.636716
B*52:23,T,HLAtools_protein_alignment,IPD-IMGT/HLA 3.63.0,2026-02-19 18:48:49.636716
B*52:29,T,HLAtools_protein_alignment,IPD-IMGT/HLA 3.63.0,2026-02-19 18:48:49.636716
B*52:30,T,HLAtools_protein_alignment,IPD-IMGT/HLA 3.63.0,2026-02-19 18:48:49.636716
B*52:31,T,HLAtools_protein_alignment,IPD-IMGT/HLA 3.63.0,2026-02-19 18:48:49.636716
B*52:34,T,HLAtools_protein_alignment,IPD-IMGT/HLA 3.63.0,2026-02-19 18:48:49.636716
B*52:35,T,HLAtools_protein_alignment,IPD-IMGT/HLA 3.63.0,2026-02-19 18:48:49.636716
B*52:36,T,HLAtools_protein_alignment,IPD-IMGT/HLA 3.63.0,2026-02-19 18:48:49.636716
B*52:39,T,HLAtools_protein_alignment,IPD-IMGT/HLA 3.63.0,2026-02-19 18:48:49.636716
B*52:40,T,HLAtools_protein_alignment,IPD-IMGT/HLA 3.63.0,2026-02-19 18:48:49.636716
B*52:43,T,HLAtools_protein_alignment,IPD-IMGT/HLA 3.63.0,2026-02-19 18:48:49.636716
B*52:50,T,HLAtools_protein_alignment,IPD-IMGT/HLA 3.63.0,2026-02-19 18:48:49.636716
B*52:54,T,HLAtools_protein_alignment,IPD-IMGT/HLA 3.63.0,2026-02-19 18:48:49.636716
B*52:64,T,HLAtools_protein_alignment,IPD-IMGT/HLA 3.63.0,2026-02-19 18:48:49.636716
B*52:68,T,HLAtools_protein_alignment,IPD-IMGT/HLA 3.63.0,2026-02-19 18:48:49.636716
B*52:71,T,HLAtools_protein_alignment,IPD-IMGT/HLA 3.63.0,2026-02-19 18:48:49.636716
B*52:74,T,HLAtools_protein_alignment,IPD-IMGT/HLA 3.63.0,2026-02-19 18:48:49.636716
B*52:75,T,HLAtools_protein_alignment,IPD-IMGT/HLA 3.63.0,2026-02-19 18:48:49.636716
B*52:76,T,HLAtools_protein_alignment,IPD-IMGT/HLA 3.63.0,2026-02-19 18:48:49.636716
B*52:77,T,HLAtools_protein_alignment,IPD-IMGT/HLA 3.63.0,2026-02-19 18:48:49.636716
B*52:78,T,HLAtools_protein_alignment,IPD-IMGT/HLA 3.63.0,2026-02-19 18:48:49.636716
B*52:79,T,HLAtools_protein_alignment,IPD-IMGT/HLA 3.63.0,2026-02-19 18:48:49.636716
B*52:80,T,HLAtools_protein_alignment,IPD-IMGT/HLA 3.63.0,2026-02-19 18:48:49.636716
B*52:81,T,HLAtools_protein_alignment,IPD-IMGT/HLA 3.63.0,2026-02-19 18:48:49.636716
B*52:82,T,HLAtools_protein_alignment,IPD-IMGT/HLA 3.63.0,2026-02-19 18:48:49.636716
B*52:83,T,HLAtools_protein_alignment,IPD-IMGT/HLA 3.63.0,2026-02-19 18:48:49.636716
B*52:84,T,HLAtools_protein_alignment,IPD-IMGT/HLA 3.63.0,2026-02-19 18:48:49.636716
B*52:85,T,HLAtools_protein_alignment,IPD-IMGT/HLA 3.63.0,2026-02-19 18:48:49.636716
B*52:86,T,HLAtools_protein_alignment,IPD-IMGT/HLA 3.63.0,2026-02-19 18:48:49.636716
B*52:87,T,HLAtools_protein_alignment,IPD-IMGT/HLA 3.63.0,2026-02-19 18:48:49.636716
B*52:88,T,HLAtools_protein_alignment,IPD-IMGT/HLA 3.63.0,2026-02-19 18:48:49.636716
B*52:89N,T,HLAtools_protein_alignment,IPD-IMGT/HLA 3.63.0,2026-02-19 18:48:49.636716
B*52:90,M,HLAtools_protein_alignment,IPD-IMGT/HLA 3.63.0,2026-02-19 18:48:49.636716
B*52:91,T,HLAtools_protein_alignment,IPD-IMGT/HLA 3.63.0,2026-02-19 18:48:49.636716
B*52:92,T,HLAtools_protein_alignment,IPD-IMGT/HLA 3.63.0,2026-02-19 18:48:49.636716
B*52:93,T,HLAtools_protein_alignment,IPD-IMGT/HLA 3.63.0,2026-02-19 18:48:49.636716
B*52:94N,T,HLAtools_protein_alignment,IPD-IMGT/HLA 3.63.0,2026-02-19 18:48:49.636716
B*52:95,T,HLAtools_protein_alignment,IPD-IMGT/HLA 3.63.0,2026-02-19 18:48:49.636716
B*52:96N,T,HLAtools_protein_alignment,IPD-IMGT/HLA 3.63.0,2026-02-19 18:48:49.636716
B*52:97,T,HLAtools_protein_alignment,IPD-IMGT/HLA 3.63.0,2026-02-19 18:48:49.636716
B*52:98,T,HLAtools_protein_alignment,IPD-IMGT/HLA 3.63.0,2026-02-19 18:48:49.636716
B*52:99,T,HLAtools_protein_alignment,IPD-IMGT/HLA 3.63.0,2026-02-19 18:48:49.636716
B*53:01,T,HLAtools_protein_alignment,IPD-IMGT/HLA 3.63.0,2026-02-19 18:48:49.636716
B*53:05,T,HLAtools_protein_alignment,IPD-IMGT/HLA 3.63.0,2026-02-19 18:48:49.636716
B*53:06,T,HLAtools_protein_alignment,IPD-IMGT/HLA 3.63.0,2026-02-19 18:48:49.636716
B*53:07,T,HLAtools_protein_alignment,IPD-IMGT/HLA 3.63.0,2026-02-19 18:48:49.636716
B*53:10,T,HLAtools_protein_alignment,IPD-IMGT/HLA 3.63.0,2026-02-19 18:48:49.636716
B*53:11,T,HLAtools_protein_alignment,IPD-IMGT/HLA 3.63.0,2026-02-19 18:48:49.636716
B*53:13,T,HLAtools_protein_alignment,IPD-IMGT/HLA 3.63.0,2026-02-19 18:48:49.636716
B*53:17,T,HLAtools_protein_alignment,IPD-IMGT/HLA 3.63.0,2026-02-19 18:48:49.636716
B*53:24,T,HLAtools_protein_alignment,IPD-IMGT/HLA 3.63.0,2026-02-19 18:48:49.636716
B*53:37,T,HLAtools_protein_alignment,IPD-IMGT/HLA 3.63.0,2026-02-19 18:48:49.636716
B*53:43,T,HLAtools_protein_alignment,IPD-IMGT/HLA 3.63.0,2026-02-19 18:48:49.636716
B*53:50,T,HLAtools_protein_alignment,IPD-IMGT/HLA 3.63.0,2026-02-19 18:48:49.636716
B*53:51,T,HLAtools_protein_alignment,IPD-IMGT/HLA 3.63.0,2026-02-19 18:48:49.636716
B*53:52,T,HLAtools_protein_alignment,IPD-IMGT/HLA 3.63.0,2026-02-19 18:48:49.636716
B*53:53,T,HLAtools_protein_alignment,IPD-IMGT/HLA 3.63.0,2026-02-19 18:48:49.636716
B*53:54,T,HLAtools_protein_alignment,IPD-IMGT/HLA 3.63.0,2026-02-19 18:48:49.636716
B*53:55,T,HLAtools_protein_alignment,IPD-IMGT/HLA 3.63.0,2026-02-19 18:48:49.636716
B*53:56,T,HLAtools_protein_alignment,IPD-IMGT/HLA 3.63.0,2026-02-19 18:48:49.636716
B*53:57,T,HLAtools_protein_alignment,IPD-IMGT/HLA 3.63.0,2026-02-19 18:48:49.636716
B*53:58,T,HLAtools_protein_alignment,IPD-IMGT/HLA 3.63.0,2026-02-19 18:48:49.636716
B*53:59,T,HLAtools_protein_alignment,IPD-IMGT/HLA 3.63.0,2026-02-19 18:48:49.636716
B*53:60,T,HLAtools_protein_alignment,IPD-IMGT/HLA 3.63.0,2026-02-19 18:48:49.636716
B*53:61,T,HLAtools_protein_alignment,IPD-IMGT/HLA 3.63.0,2026-02-19 18:48:49.636716
B*53:62,T,HLAtools_protein_alignment,IPD-IMGT/HLA 3.63.0,2026-02-19 18:48:49.636716
B*53:63,T,HLAtools_protein_alignment,IPD-IMGT/HLA 3.63.0,2026-02-19 18:48:49.636716
B*53:64,T,HLAtools_protein_alignment,IPD-IMGT/HLA 3.63.0,2026-02-19 18:48:49.636716
B*53:65,T,HLAtools_protein_alignment,IPD-IMGT/HLA 3.63.0,2026-02-19 18:48:49.636716
B*53:66,T,HLAtools_protein_alignment,IPD-IMGT/HLA 3.63.0,2026-02-19 18:48:49.636716
B*53:67,T,HLAtools_protein_alignment,IPD-IMGT/HLA 3.63.0,2026-02-19 18:48:49.636716
B*53:68,T,HLAtools_protein_alignment,IPD-IMGT/HLA 3.63.0,2026-02-19 18:48:49.636716
B*53:69,T,HLAtools_protein_alignment,IPD-IMGT/HLA 3.63.0,2026-02-19 18:48:49.636716
B*53:70,T,HLAtools_protein_alignment,IPD-IMGT/HLA 3.63.0,2026-02-19 18:48:49.636716
B*53:71,T,HLAtools_protein_alignment,IPD-IMGT/HLA 3.63.0,2026-02-19 18:48:49.636716
B*53:72,T,HLAtools_protein_alignment,IPD-IMGT/HLA 3.63.0,2026-02-19 18:48:49.636716
B*53:73,T,HLAtools_protein_alignment,IPD-IMGT/HLA 3.63.0,2026-02-19 18:48:49.636716
B*53:74,T,HLAtools_protein_alignment,IPD-IMGT/HLA 3.63.0,2026-02-19 18:48:49.636716
B*53:75,T,HLAtools_protein_alignment,IPD-IMGT/HLA 3.63.0,2026-02-19 18:48:49.636716
B*53:76,T,HLAtools_protein_alignment,IPD-IMGT/HLA 3.63.0,2026-02-19 18:48:49.636716
B*53:77,T,HLAtools_protein_alignment,IPD-IMGT/HLA 3.63.0,2026-02-19 18:48:49.636716
B*53:78,T,HLAtools_protein_alignment,IPD-IMGT/HLA 3.63.0,2026-02-19 18:48:49.636716
B*53:79,T,HLAtools_protein_alignment,IPD-IMGT/HLA 3.63.0,2026-02-19 18:48:49.636716
B*53:80N,T,HLAtools_protein_alignment,IPD-IMGT/HLA 3.63.0,2026-02-19 18:48:49.636716
B*53:81N,T,HLAtools_protein_alignment,IPD-IMGT/HLA 3.63.0,2026-02-19 18:48:49.636716
B*53:82,T,HLAtools_protein_alignment,IPD-IMGT/HLA 3.63.0,2026-02-19 18:48:49.636716
B*53:83,T,HLAtools_protein_alignment,IPD-IMGT/HLA 3.63.0,2026-02-19 18:48:49.636716
B*53:84,T,HLAtools_protein_alignment,IPD-IMGT/HLA 3.63.0,2026-02-19 18:48:49.636716
B*54:01,T,HLAtools_protein_alignment,IPD-IMGT/HLA 3.63.0,2026-02-19 18:48:49.636716
B*54:17,T,HLAtools_protein_alignment,IPD-IMGT/HLA 3.63.0,2026-02-19 18:48:49.636716
B*54:18,T,HLAtools_protein_alignment,IPD-IMGT/HLA 3.63.0,2026-02-19 18:48:49.636716
B*54:21,T,HLAtools_protein_alignment,IPD-IMGT/HLA 3.63.0,2026-02-19 18:48:49.636716
B*54:25,T,HLAtools_protein_alignment,IPD-IMGT/HLA 3.63.0,2026-02-19 18:48:49.636716
B*54:31,T,HLAtools_protein_alignment,IPD-IMGT/HLA 3.63.0,2026-02-19 18:48:49.636716
B*54:32,T,HLAtools_protein_alignment,IPD-IMGT/HLA 3.63.0,2026-02-19 18:48:49.636716
B*54:39,T,HLAtools_protein_alignment,IPD-IMGT/HLA 3.63.0,2026-02-19 18:48:49.636716
B*54:42,T,HLAtools_protein_alignment,IPD-IMGT/HLA 3.63.0,2026-02-19 18:48:49.636716
B*54:43,T,HLAtools_protein_alignment,IPD-IMGT/HLA 3.63.0,2026-02-19 18:48:49.636716
B*54:44,T,HLAtools_protein_alignment,IPD-IMGT/HLA 3.63.0,2026-02-19 18:48:49.636716
B*54:45,T,HLAtools_protein_alignment,IPD-IMGT/HLA 3.63.0,2026-02-19 18:48:49.636716
B*54:46,T,HLAtools_protein_alignment,IPD-IMGT/HLA 3.63.0,2026-02-19 18:48:49.636716
B*54:47,T,HLAtools_protein_alignment,IPD-IMGT/HLA 3.63.0,2026-02-19 18:48:49.636716
B*54:48,T,HLAtools_protein_alignment,IPD-IMGT/HLA 3.63.0,2026-02-19 18:48:49.636716
B*54:49N,T,HLAtools_protein_alignment,IPD-IMGT/HLA 3.63.0,2026-02-19 18:48:49.636716
B*54:50,T,HLAtools_protein_alignment,IPD-IMGT/HLA 3.63.0,2026-02-19 18:48:49.636716
B*54:51,T,HLAtools_protein_alignment,IPD-IMGT/HLA 3.63.0,2026-02-19 18:48:49.636716
B*54:52,T,HLAtools_protein_alignment,IPD-IMGT/HLA 3.63.0,2026-02-19 18:48:49.636716
B*55:01,T,HLAtools_protein_alignment,IPD-IMGT/HLA 3.63.0,2026-02-19 18:48:49.636716
B*55:02,T,HLAtools_protein_alignment,IPD-IMGT/HLA 3.63.0,2026-02-19 18:48:49.636716
B*55:03,T,HLAtools_protein_alignment,IPD-IMGT/HLA 3.63.0,2026-02-19 18:48:49.636716
B*55:04,T,HLAtools_protein_alignment,IPD-IMGT/HLA 3.63.0,2026-02-19 18:48:49.636716
B*55:05,T,HLAtools_protein_alignment,IPD-IMGT/HLA 3.63.0,2026-02-19 18:48:49.636716
B*55:07,T,HLAtools_protein_alignment,IPD-IMGT/HLA 3.63.0,2026-02-19 18:48:49.636716
B*55:10,T,HLAtools_protein_alignment,IPD-IMGT/HLA 3.63.0,2026-02-19 18:48:49.636716
B*55:100,T,HLAtools_protein_alignment,IPD-IMGT/HLA 3.63.0,2026-02-19 18:48:49.636716
B*55:101,T,HLAtools_protein_alignment,IPD-IMGT/HLA 3.63.0,2026-02-19 18:48:49.636716
B*55:102,T,HLAtools_protein_alignment,IPD-IMGT/HLA 3.63.0,2026-02-19 18:48:49.636716
B*55:103,T,HLAtools_protein_alignment,IPD-IMGT/HLA 3.63.0,2026-02-19 18:48:49.636716
B*55:104,T,HLAtools_protein_alignment,IPD-IMGT/HLA 3.63.0,2026-02-19 18:48:49.636716
B*55:105,T,HLAtools_protein_alignment,IPD-IMGT/HLA 3.63.0,2026-02-19 18:48:49.636716
B*55:106,T,HLAtools_protein_alignment,IPD-IMGT/HLA 3.63.0,2026-02-19 18:48:49.636716
B*55:107,T,HLAtools_protein_alignment,IPD-IMGT/HLA 3.63.0,2026-02-19 18:48:49.636716
B*55:108,T,HLAtools_protein_alignment,IPD-IMGT/HLA 3.63.0,2026-02-19 18:48:49.636716
B*55:109,T,HLAtools_protein_alignment,IPD-IMGT/HLA 3.63.0,2026-02-19 18:48:49.636716
B*55:11,T,HLAtools_protein_alignment,IPD-IMGT/HLA 3.63.0,2026-02-19 18:48:49.636716
B*55:110,T,HLAtools_protein_alignment,IPD-IMGT/HLA 3.63.0,2026-02-19 18:48:49.636716
B*55:111,T,HLAtools_protein_alignment,IPD-IMGT/HLA 3.63.0,2026-02-19 18:48:49.636716
B*55:112,T,HLAtools_protein_alignment,IPD-IMGT/HLA 3.63.0,2026-02-19 18:48:49.636716
B*55:113,T,HLAtools_protein_alignment,IPD-IMGT/HLA 3.63.0,2026-02-19 18:48:49.636716
B*55:114,T,HLAtools_protein_alignment,IPD-IMGT/HLA 3.63.0,2026-02-19 18:48:49.636716
B*55:115,T,HLAtools_protein_alignment,IPD-IMGT/HLA 3.63.0,2026-02-19 18:48:49.636716
B*55:116,T,HLAtools_protein_alignment,IPD-IMGT/HLA 3.63.0,2026-02-19 18:48:49.636716
B*55:117N,T,HLAtools_protein_alignment,IPD-IMGT/HLA 3.63.0,2026-02-19 18:48:49.636716
B*55:118N,T,HLAtools_protein_alignment,IPD-IMGT/HLA 3.63.0,2026-02-19 18:48:49.636716
B*55:12,T,HLAtools_protein_alignment,IPD-IMGT/HLA 3.63.0,2026-02-19 18:48:49.636716
B*55:121,T,HLAtools_protein_alignment,IPD-IMGT/HLA 3.63.0,2026-02-19 18:48:49.636716
B*55:122,T,HLAtools_protein_alignment,IPD-IMGT/HLA 3.63.0,2026-02-19 18:48:49.636716
B*55:123,T,HLAtools_protein_alignment,IPD-IMGT/HLA 3.63.0,2026-02-19 18:48:49.636716
B*55:126,T,HLAtools_protein_alignment,IPD-IMGT/HLA 3.63.0,2026-02-19 18:48:49.636716
B*55:127,T,HLAtools_protein_alignment,IPD-IMGT/HLA 3.63.0,2026-02-19 18:48:49.636716
B*55:128,T,HLAtools_protein_alignment,IPD-IMGT/HLA 3.63.0,2026-02-19 18:48:49.636716
B*55:129,T,HLAtools_protein_alignment,IPD-IMGT/HLA 3.63.0,2026-02-19 18:48:49.636716
B*55:131,T,HLAtools_protein_alignment,IPD-IMGT/HLA 3.63.0,2026-02-19 18:48:49.636716
B*55:132N,T,HLAtools_protein_alignment,IPD-IMGT/HLA 3.63.0,2026-02-19 18:48:49.636716
B*55:133,T,HLAtools_protein_alignment,IPD-IMGT/HLA 3.63.0,2026-02-19 18:48:49.636716
B*55:136,T,HLAtools_protein_alignment,IPD-IMGT/HLA 3.63.0,2026-02-19 18:48:49.636716
B*55:137,T,HLAtools_protein_alignment,IPD-IMGT/HLA 3.63.0,2026-02-19 18:48:49.636716
B*55:138,T,HLAtools_protein_alignment,IPD-IMGT/HLA 3.63.0,2026-02-19 18:48:49.636716
B*55:139,T,HLAtools_protein_alignment,IPD-IMGT/HLA 3.63.0,2026-02-19 18:48:49.636716
B*55:140,T,HLAtools_protein_alignment,IPD-IMGT/HLA 3.63.0,2026-02-19 18:48:49.636716
B*55:141,T,HLAtools_protein_alignment,IPD-IMGT/HLA 3.63.0,2026-02-19 18:48:49.636716
B*55:142,T,HLAtools_protein_alignment,IPD-IMGT/HLA 3.63.0,2026-02-19 18:48:49.636716
B*55:143,T,HLAtools_protein_alignment,IPD-IMGT/HLA 3.63.0,2026-02-19 18:48:49.636716
B*55:144,T,HLAtools_protein_alignment,IPD-IMGT/HLA 3.63.0,2026-02-19 18:48:49.636716
B*55:145,T,HLAtools_protein_alignment,IPD-IMGT/HLA 3.63.0,2026-02-19 18:48:49.636716
B*55:146,T,HLAtools_protein_alignment,IPD-IMGT/HLA 3.63.0,2026-02-19 18:48:49.636716
B*55:16,T,HLAtools_protein_alignment,IPD-IMGT/HLA 3.63.0,2026-02-19 18:48:49.636716
B*55:17,T,HLAtools_protein_alignment,IPD-IMGT/HLA 3.63.0,2026-02-19 18:48:49.636716
B*55:18,T,HLAtools_protein_alignment,IPD-IMGT/HLA 3.63.0,2026-02-19 18:48:49.636716
B*55:20,T,HLAtools_protein_alignment,IPD-IMGT/HLA 3.63.0,2026-02-19 18:48:49.636716
B*55:22,T,HLAtools_protein_alignment,IPD-IMGT/HLA 3.63.0,2026-02-19 18:48:49.636716
B*55:24,T,HLAtools_protein_alignment,IPD-IMGT/HLA 3.63.0,2026-02-19 18:48:49.636716
B*55:26,T,HLAtools_protein_alignment,IPD-IMGT/HLA 3.63.0,2026-02-19 18:48:49.636716
B*55:28,T,HLAtools_protein_alignment,IPD-IMGT/HLA 3.63.0,2026-02-19 18:48:49.636716
B*55:32,T,HLAtools_protein_alignment,IPD-IMGT/HLA 3.63.0,2026-02-19 18:48:49.636716
B*55:37,T,HLAtools_protein_alignment,IPD-IMGT/HLA 3.63.0,2026-02-19 18:48:49.636716
B*55:41,T,HLAtools_protein_alignment,IPD-IMGT/HLA 3.63.0,2026-02-19 18:48:49.636716
B*55:42,T,HLAtools_protein_alignment,IPD-IMGT/HLA 3.63.0,2026-02-19 18:48:49.636716
B*55:43,T,HLAtools_protein_alignment,IPD-IMGT/HLA 3.63.0,2026-02-19 18:48:49.636716
B*55:48,T,HLAtools_protein_alignment,IPD-IMGT/HLA 3.63.0,2026-02-19 18:48:49.636716
B*55:57,T,HLAtools_protein_alignment,IPD-IMGT/HLA 3.63.0,2026-02-19 18:48:49.636716
B*55:60,T,HLAtools_protein_alignment,IPD-IMGT/HLA 3.63.0,2026-02-19 18:48:49.636716
B*55:61,T,HLAtools_protein_alignment,IPD-IMGT/HLA 3.63.0,2026-02-19 18:48:49.636716
B*55:62,T,HLAtools_protein_alignment,IPD-IMGT/HLA 3.63.0,2026-02-19 18:48:49.636716
B*55:63,T,HLAtools_protein_alignment,IPD-IMGT/HLA 3.63.0,2026-02-19 18:48:49.636716
B*55:65,T,HLAtools_protein_alignment,IPD-IMGT/HLA 3.63.0,2026-02-19 18:48:49.636716
B*55:73,T,HLAtools_protein_alignment,IPD-IMGT/HLA 3.63.0,2026-02-19 18:48:49.636716
B*55:74,T,HLAtools_protein_alignment,IPD-IMGT/HLA 3.63.0,2026-02-19 18:48:49.636716
B*55:76,T,HLAtools_protein_alignment,IPD-IMGT/HLA 3.63.0,2026-02-19 18:48:49.636716
B*55:79,T,HLAtools_protein_alignment,IPD-IMGT/HLA 3.63.0,2026-02-19 18:48:49.636716
B*55:81,T,HLAtools_protein_alignment,IPD-IMGT/HLA 3.63.0,2026-02-19 18:48:49.636716
B*55:85,T,HLAtools_protein_alignment,IPD-IMGT/HLA 3.63.0,2026-02-19 18:48:49.636716
B*55:88,T,HLAtools_protein_alignment,IPD-IMGT/HLA 3.63.0,2026-02-19 18:48:49.636716
B*55:89N,T,HLAtools_protein_alignment,IPD-IMGT/HLA 3.63.0,2026-02-19 18:48:49.636716
B*55:90,T,HLAtools_protein_alignment,IPD-IMGT/HLA 3.63.0,2026-02-19 18:48:49.636716
B*55:92,T,HLAtools_protein_alignment,IPD-IMGT/HLA 3.63.0,2026-02-19 18:48:49.636716
B*55:93,T,HLAtools_protein_alignment,IPD-IMGT/HLA 3.63.0,2026-02-19 18:48:49.636716
B*55:94,T,HLAtools_protein_alignment,IPD-IMGT/HLA 3.63.0,2026-02-19 18:48:49.636716
B*55:95,T,HLAtools_protein_alignment,IPD-IMGT/HLA 3.63.0,2026-02-19 18:48:49.636716
B*55:97N,T,HLAtools_protein_alignment,IPD-IMGT/HLA 3.63.0,2026-02-19 18:48:49.636716
B*55:98,T,HLAtools_protein_alignment,IPD-IMGT/HLA 3.63.0,2026-02-19 18:48:49.636716
B*55:99,T,HLAtools_protein_alignment,IPD-IMGT/HLA 3.63.0,2026-02-19 18:48:49.636716
B*56:01,T,HLAtools_protein_alignment,IPD-IMGT/HLA 3.63.0,2026-02-19 18:48:49.636716
B*56:01S,T,HLAtools_protein_alignment,IPD-IMGT/HLA 3.63.0,2026-02-19 18:48:49.636716
B*56:02,T,HLAtools_protein_alignment,IPD-IMGT/HLA 3.63.0,2026-02-19 18:48:49.636716
B*56:03,T,HLAtools_protein_alignment,IPD-IMGT/HLA 3.63.0,2026-02-19 18:48:49.636716
B*56:04,T,HLAtools_protein_alignment,IPD-IMGT/HLA 3.63.0,2026-02-19 18:48:49.636716
B*56:05,T,HLAtools_protein_alignment,IPD-IMGT/HLA 3.63.0,2026-02-19 18:48:49.636716
B*56:06,T,HLAtools_protein_alignment,IPD-IMGT/HLA 3.63.0,2026-02-19 18:48:49.636716
B*56:07,T,HLAtools_protein_alignment,IPD-IMGT/HLA 3.63.0,2026-02-19 18:48:49.636716
B*56:10,T,HLAtools_protein_alignment,IPD-IMGT/HLA 3.63.0,2026-02-19 18:48:49.636716
B*56:100,T,HLAtools_protein_alignment,IPD-IMGT/HLA 3.63.0,2026-02-19 18:48:49.636716
B*56:101,T,HLAtools_protein_alignment,IPD-IMGT/HLA 3.63.0,2026-02-19 18:48:49.636716
B*56:102,T,HLAtools_protein_alignment,IPD-IMGT/HLA 3.63.0,2026-02-19 18:48:49.636716
B*56:103,T,HLAtools_protein_alignment,IPD-IMGT/HLA 3.63.0,2026-02-19 18:48:49.636716
B*56:104,T,HLAtools_protein_alignment,IPD-IMGT/HLA 3.63.0,2026-02-19 18:48:49.636716
B*56:11,T,HLAtools_protein_alignment,IPD-IMGT/HLA 3.63.0,2026-02-19 18:48:49.636716
B*56:13,T,HLAtools_protein_alignment,IPD-IMGT/HLA 3.63.0,2026-02-19 18:48:49.636716
B*56:15,T,HLAtools_protein_alignment,IPD-IMGT/HLA 3.63.0,2026-02-19 18:48:49.636716
B*56:20,T,HLAtools_protein_alignment,IPD-IMGT/HLA 3.63.0,2026-02-19 18:48:49.636716
B*56:24,T,HLAtools_protein_alignment,IPD-IMGT/HLA 3.63.0,2026-02-19 18:48:49.636716
B*56:25,T,HLAtools_protein_alignment,IPD-IMGT/HLA 3.63.0,2026-02-19 18:48:49.636716
B*56:26,T,HLAtools_protein_alignment,IPD-IMGT/HLA 3.63.0,2026-02-19 18:48:49.636716
B*56:27,T,HLAtools_protein_alignment,IPD-IMGT/HLA 3.63.0,2026-02-19 18:48:49.636716
B*56:31,T,HLAtools_protein_alignment,IPD-IMGT/HLA 3.63.0,2026-02-19 18:48:49.636716
B*56:43,T,HLAtools_protein_alignment,IPD-IMGT/HLA 3.63.0,2026-02-19 18:48:49.636716
B*56:47,T,HLAtools_protein_alignment,IPD-IMGT/HLA 3.63.0,2026-02-19 18:48:49.636716
B*56:52,T,HLAtools_protein_alignment,IPD-IMGT/HLA 3.63.0,2026-02-19 18:48:49.636716
B*56:55,T,HLAtools_protein_alignment,IPD-IMGT/HLA 3.63.0,2026-02-19 18:48:49.636716
B*56:56,T,HLAtools_protein_alignment,IPD-IMGT/HLA 3.63.0,2026-02-19 18:48:49.636716
B*56:57,T,HLAtools_protein_alignment,IPD-IMGT/HLA 3.63.0,2026-02-19 18:48:49.636716
B*56:58,T,HLAtools_protein_alignment,IPD-IMGT/HLA 3.63.0,2026-02-19 18:48:49.636716
B*56:59,T,HLAtools_protein_alignment,IPD-IMGT/HLA 3.63.0,2026-02-19 18:48:49.636716
B*56:60,T,HLAtools_protein_alignment,IPD-IMGT/HLA 3.63.0,2026-02-19 18:48:49.636716
B*56:61,T,HLAtools_protein_alignment,IPD-IMGT/HLA 3.63.0,2026-02-19 18:48:49.636716
B*56:62,T,HLAtools_protein_alignment,IPD-IMGT/HLA 3.63.0,2026-02-19 18:48:49.636716
B*56:63,T,HLAtools_protein_alignment,IPD-IMGT/HLA 3.63.0,2026-02-19 18:48:49.636716
B*56:65,T,HLAtools_protein_alignment,IPD-IMGT/HLA 3.63.0,2026-02-19 18:48:49.636716
B*56:66,T,HLAtools_protein_alignment,IPD-IMGT/HLA 3.63.0,2026-02-19 18:48:49.636716
B*56:67,T,HLAtools_protein_alignment,IPD-IMGT/HLA 3.63.0,2026-02-19 18:48:49.636716
B*56:68,M,HLAtools_protein_alignment,IPD-IMGT/HLA 3.63.0,2026-02-19 18:48:49.636716
B*56:69,T,HLAtools_protein_alignment,IPD-IMGT/HLA 3.63.0,2026-02-19 18:48:49.636716
B*56:70,T,HLAtools_protein_alignment,IPD-IMGT/HLA 3.63.0,2026-02-19 18:48:49.636716
B*56:71,T,HLAtools_protein_alignment,IPD-IMGT/HLA 3.63.0,2026-02-19 18:48:49.636716
B*56:72,T,HLAtools_protein_alignment,IPD-IMGT/HLA 3.63.0,2026-02-19 18:48:49.636716
B*56:74,T,HLAtools_protein_alignment,IPD-IMGT/HLA 3.63.0,2026-02-19 18:48:49.636716
B*56:75,T,HLAtools_protein_alignment,IPD-IMGT/HLA 3.63.0,2026-02-19 18:48:49.636716
B*56:77N,T,HLAtools_protein_alignment,IPD-IMGT/HLA 3.63.0,2026-02-19 18:48:49.636716
B*56:78,T,HLAtools_protein_alignment,IPD-IMGT/HLA 3.63.0,2026-02-19 18:48:49.636716
B*56:79,T,HLAtools_protein_alignment,IPD-IMGT/HLA 3.63.0,2026-02-19 18:48:49.636716
B*56:80,T,HLAtools_protein_alignment,IPD-IMGT/HLA 3.63.0,2026-02-19 18:48:49.636716
B*56:82,T,HLAtools_protein_alignment,IPD-IMGT/HLA 3.63.0,2026-02-19 18:48:49.636716
B*56:83,T,HLAtools_protein_alignment,IPD-IMGT/HLA 3.63.0,2026-02-19 18:48:49.636716
B*56:84,T,HLAtools_protein_alignment,IPD-IMGT/HLA 3.63.0,2026-02-19 18:48:49.636716
B*56:85,T,HLAtools_protein_alignment,IPD-IMGT/HLA 3.63.0,2026-02-19 18:48:49.636716
B*56:86,T,HLAtools_protein_alignment,IPD-IMGT/HLA 3.63.0,2026-02-19 18:48:49.636716
B*56:87,T,HLAtools_protein_alignment,IPD-IMGT/HLA 3.63.0,2026-02-19 18:48:49.636716
B*56:88,T,HLAtools_protein_alignment,IPD-IMGT/HLA 3.63.0,2026-02-19 18:48:49.636716
B*56:89,T,HLAtools_protein_alignment,IPD-IMGT/HLA 3.63.0,2026-02-19 18:48:49.636716
B*56:90,T,HLAtools_protein_alignment,IPD-IMGT/HLA 3.63.0,2026-02-19 18:48:49.636716
B*56:92,T,HLAtools_protein_alignment,IPD-IMGT/HLA 3.63.0,2026-02-19 18:48:49.636716
B*56:93,T,HLAtools_protein_alignment,IPD-IMGT/HLA 3.63.0,2026-02-19 18:48:49.636716
B*56:94,T,HLAtools_protein_alignment,IPD-IMGT/HLA 3.63.0,2026-02-19 18:48:49.636716
B*56:95,T,HLAtools_protein_alignment,IPD-IMGT/HLA 3.63.0,2026-02-19 18:48:49.636716
B*56:96,T,HLAtools_protein_alignment,IPD-IMGT/HLA 3.63.0,2026-02-19 18:48:49.636716
B*56:97,T,HLAtools_protein_alignment,IPD-IMGT/HLA 3.63.0,2026-02-19 18:48:49.636716
B*56:98,T,HLAtools_protein_alignment,IPD-IMGT/HLA 3.63.0,2026-02-19 18:48:49.636716
B*56:99,T,HLAtools_protein_alignment,IPD-IMGT/HLA 3.63.0,2026-02-19 18:48:49.636716
B*57:01,T,HLAtools_protein_alignment,IPD-IMGT/HLA 3.63.0,2026-02-19 18:48:49.636716
B*57:02,T,HLAtools_protein_alignment,IPD-IMGT/HLA 3.63.0,2026-02-19 18:48:49.636716
B*57:03,T,HLAtools_protein_alignment,IPD-IMGT/HLA 3.63.0,2026-02-19 18:48:49.636716
B*57:04,T,HLAtools_protein_alignment,IPD-IMGT/HLA 3.63.0,2026-02-19 18:48:49.636716
B*57:05,T,HLAtools_protein_alignment,IPD-IMGT/HLA 3.63.0,2026-02-19 18:48:49.636716
B*57:06,T,HLAtools_protein_alignment,IPD-IMGT/HLA 3.63.0,2026-02-19 18:48:49.636716
B*57:08,T,HLAtools_protein_alignment,IPD-IMGT/HLA 3.63.0,2026-02-19 18:48:49.636716
B*57:09,T,HLAtools_protein_alignment,IPD-IMGT/HLA 3.63.0,2026-02-19 18:48:49.636716
B*57:10,T,HLAtools_protein_alignment,IPD-IMGT/HLA 3.63.0,2026-02-19 18:48:49.636716
B*57:100,T,HLAtools_protein_alignment,IPD-IMGT/HLA 3.63.0,2026-02-19 18:48:49.636716
B*57:101,T,HLAtools_protein_alignment,IPD-IMGT/HLA 3.63.0,2026-02-19 18:48:49.636716
B*57:102,T,HLAtools_protein_alignment,IPD-IMGT/HLA 3.63.0,2026-02-19 18:48:49.636716
B*57:103,T,HLAtools_protein_alignment,IPD-IMGT/HLA 3.63.0,2026-02-19 18:48:49.636716
B*57:104,T,HLAtools_protein_alignment,IPD-IMGT/HLA 3.63.0,2026-02-19 18:48:49.636716
B*57:107,T,HLAtools_protein_alignment,IPD-IMGT/HLA 3.63.0,2026-02-19 18:48:49.636716
B*57:108,T,HLAtools_protein_alignment,IPD-IMGT/HLA 3.63.0,2026-02-19 18:48:49.636716
B*57:109,T,HLAtools_protein_alignment,IPD-IMGT/HLA 3.63.0,2026-02-19 18:48:49.636716
B*57:11,T,HLAtools_protein_alignment,IPD-IMGT/HLA 3.63.0,2026-02-19 18:48:49.636716
B*57:110,T,HLAtools_protein_alignment,IPD-IMGT/HLA 3.63.0,2026-02-19 18:48:49.636716
B*57:112,T,HLAtools_protein_alignment,IPD-IMGT/HLA 3.63.0,2026-02-19 18:48:49.636716
B*57:113,T,HLAtools_protein_alignment,IPD-IMGT/HLA 3.63.0,2026-02-19 18:48:49.636716
B*57:114,T,HLAtools_protein_alignment,IPD-IMGT/HLA 3.63.0,2026-02-19 18:48:49.636716
B*57:115,T,HLAtools_protein_alignment,IPD-IMGT/HLA 3.63.0,2026-02-19 18:48:49.636716
B*57:116,T,HLAtools_protein_alignment,IPD-IMGT/HLA 3.63.0,2026-02-19 18:48:49.636716
B*57:119,T,HLAtools_protein_alignment,IPD-IMGT/HLA 3.63.0,2026-02-19 18:48:49.636716
B*57:12,T,HLAtools_protein_alignment,IPD-IMGT/HLA 3.63.0,2026-02-19 18:48:49.636716
B*57:120,T,HLAtools_protein_alignment,IPD-IMGT/HLA 3.63.0,2026-02-19 18:48:49.636716
B*57:121,T,HLAtools_protein_alignment,IPD-IMGT/HLA 3.63.0,2026-02-19 18:48:49.636716
B*57:122N,T,HLAtools_protein_alignment,IPD-IMGT/HLA 3.63.0,2026-02-19 18:48:49.636716
B*57:123,T,HLAtools_protein_alignment,IPD-IMGT/HLA 3.63.0,2026-02-19 18:48:49.636716
B*57:124,T,HLAtools_protein_alignment,IPD-IMGT/HLA 3.63.0,2026-02-19 18:48:49.636716
B*57:125,T,HLAtools_protein_alignment,IPD-IMGT/HLA 3.63.0,2026-02-19 18:48:49.636716
B*57:126,T,HLAtools_protein_alignment,IPD-IMGT/HLA 3.63.0,2026-02-19 18:48:49.636716
B*57:127,T,HLAtools_protein_alignment,IPD-IMGT/HLA 3.63.0,2026-02-19 18:48:49.636716
B*57:128,T,HLAtools_protein_alignment,IPD-IMGT/HLA 3.63.0,2026-02-19 18:48:49.636716
B*57:130N,T,HLAtools_protein_alignment,IPD-IMGT/HLA 3.63.0,2026-02-19 18:48:49.636716
B*57:131,T,HLAtools_protein_alignment,IPD-IMGT/HLA 3.63.0,2026-02-19 18:48:49.636716
B*57:132,T,HLAtools_protein_alignment,IPD-IMGT/HLA 3.63.0,2026-02-19 18:48:49.636716
B*57:133,T,HLAtools_protein_alignment,IPD-IMGT/HLA 3.63.0,2026-02-19 18:48:49.636716
B*57:134,T,HLAtools_protein_alignment,IPD-IMGT/HLA 3.63.0,2026-02-19 18:48:49.636716
B*57:135,T,HLAtools_protein_alignment,IPD-IMGT/HLA 3.63.0,2026-02-19 18:48:49.636716
B*57:136,T,HLAtools_protein_alignment,IPD-IMGT/HLA 3.63.0,2026-02-19 18:48:49.636716
B*57:137,T,HLAtools_protein_alignment,IPD-IMGT/HLA 3.63.0,2026-02-19 18:48:49.636716
B*57:138,T,HLAtools_protein_alignment,IPD-IMGT/HLA 3.63.0,2026-02-19 18:48:49.636716
B*57:139N,T,HLAtools_protein_alignment,IPD-IMGT/HLA 3.63.0,2026-02-19 18:48:49.636716
B*57:140,T,HLAtools_protein_alignment,IPD-IMGT/HLA 3.63.0,2026-02-19 18:48:49.636716
B*57:141,T,HLAtools_protein_alignment,IPD-IMGT/HLA 3.63.0,2026-02-19 18:48:49.636716
B*57:142N,T,HLAtools_protein_alignment,IPD-IMGT/HLA 3.63.0,2026-02-19 18:48:49.636716
B*57:143N,T,HLAtools_protein_alignment,IPD-IMGT/HLA 3.63.0,2026-02-19 18:48:49.636716
B*57:144,T,HLAtools_protein_alignment,IPD-IMGT/HLA 3.63.0,2026-02-19 18:48:49.636716
B*57:145,T,HLAtools_protein_alignment,IPD-IMGT/HLA 3.63.0,2026-02-19 18:48:49.636716
B*57:146,T,HLAtools_protein_alignment,IPD-IMGT/HLA 3.63.0,2026-02-19 18:48:49.636716
B*57:147,T,HLAtools_protein_alignment,IPD-IMGT/HLA 3.63.0,2026-02-19 18:48:49.636716
B*57:148,T,HLAtools_protein_alignment,IPD-IMGT/HLA 3.63.0,2026-02-19 18:48:49.636716
B*57:149,T,HLAtools_protein_alignment,IPD-IMGT/HLA 3.63.0,2026-02-19 18:48:49.636716
B*57:15,T,HLAtools_protein_alignment,IPD-IMGT/HLA 3.63.0,2026-02-19 18:48:49.636716
B*57:150,T,HLAtools_protein_alignment,IPD-IMGT/HLA 3.63.0,2026-02-19 18:48:49.636716
B*57:151,T,HLAtools_protein_alignment,IPD-IMGT/HLA 3.63.0,2026-02-19 18:48:49.636716
B*57:152,T,HLAtools_protein_alignment,IPD-IMGT/HLA 3.63.0,2026-02-19 18:48:49.636716
B*57:153,T,HLAtools_protein_alignment,IPD-IMGT/HLA 3.63.0,2026-02-19 18:48:49.636716
B*57:154,T,HLAtools_protein_alignment,IPD-IMGT/HLA 3.63.0,2026-02-19 18:48:49.636716
B*57:155,T,HLAtools_protein_alignment,IPD-IMGT/HLA 3.63.0,2026-02-19 18:48:49.636716
B*57:156,T,HLAtools_protein_alignment,IPD-IMGT/HLA 3.63.0,2026-02-19 18:48:49.636716
B*57:157,T,HLAtools_protein_alignment,IPD-IMGT/HLA 3.63.0,2026-02-19 18:48:49.636716
B*57:158,T,HLAtools_protein_alignment,IPD-IMGT/HLA 3.63.0,2026-02-19 18:48:49.636716
B*57:159,T,HLAtools_protein_alignment,IPD-IMGT/HLA 3.63.0,2026-02-19 18:48:49.636716
B*57:160,T,HLAtools_protein_alignment,IPD-IMGT/HLA 3.63.0,2026-02-19 18:48:49.636716
B*57:161,T,HLAtools_protein_alignment,IPD-IMGT/HLA 3.63.0,2026-02-19 18:48:49.636716
B*57:162N,T,HLAtools_protein_alignment,IPD-IMGT/HLA 3.63.0,2026-02-19 18:48:49.636716
B*57:163,T,HLAtools_protein_alignment,IPD-IMGT/HLA 3.63.0,2026-02-19 18:48:49.636716
B*57:164,T,HLAtools_protein_alignment,IPD-IMGT/HLA 3.63.0,2026-02-19 18:48:49.636716
B*57:165,T,HLAtools_protein_alignment,IPD-IMGT/HLA 3.63.0,2026-02-19 18:48:49.636716
B*57:166,T,HLAtools_protein_alignment,IPD-IMGT/HLA 3.63.0,2026-02-19 18:48:49.636716
B*57:167,T,HLAtools_protein_alignment,IPD-IMGT/HLA 3.63.0,2026-02-19 18:48:49.636716
B*57:168,T,HLAtools_protein_alignment,IPD-IMGT/HLA 3.63.0,2026-02-19 18:48:49.636716
B*57:169,T,HLAtools_protein_alignment,IPD-IMGT/HLA 3.63.0,2026-02-19 18:48:49.636716
B*57:170,T,HLAtools_protein_alignment,IPD-IMGT/HLA 3.63.0,2026-02-19 18:48:49.636716
B*57:171,T,HLAtools_protein_alignment,IPD-IMGT/HLA 3.63.0,2026-02-19 18:48:49.636716
B*57:172,T,HLAtools_protein_alignment,IPD-IMGT/HLA 3.63.0,2026-02-19 18:48:49.636716
B*57:173,T,HLAtools_protein_alignment,IPD-IMGT/HLA 3.63.0,2026-02-19 18:48:49.636716
B*57:174,T,HLAtools_protein_alignment,IPD-IMGT/HLA 3.63.0,2026-02-19 18:48:49.636716
B*57:175,T,HLAtools_protein_alignment,IPD-IMGT/HLA 3.63.0,2026-02-19 18:48:49.636716
B*57:176,T,HLAtools_protein_alignment,IPD-IMGT/HLA 3.63.0,2026-02-19 18:48:49.636716
B*57:177,T,HLAtools_protein_alignment,IPD-IMGT/HLA 3.63.0,2026-02-19 18:48:49.636716
B*57:178,T,HLAtools_protein_alignment,IPD-IMGT/HLA 3.63.0,2026-02-19 18:48:49.636716
B*57:179,T,HLAtools_protein_alignment,IPD-IMGT/HLA 3.63.0,2026-02-19 18:48:49.636716
B*57:180,T,HLAtools_protein_alignment,IPD-IMGT/HLA 3.63.0,2026-02-19 18:48:49.636716
B*57:181N,T,HLAtools_protein_alignment,IPD-IMGT/HLA 3.63.0,2026-02-19 18:48:49.636716
B*57:182,T,HLAtools_protein_alignment,IPD-IMGT/HLA 3.63.0,2026-02-19 18:48:49.636716
B*57:183,T,HLAtools_protein_alignment,IPD-IMGT/HLA 3.63.0,2026-02-19 18:48:49.636716
B*57:184,T,HLAtools_protein_alignment,IPD-IMGT/HLA 3.63.0,2026-02-19 18:48:49.636716
B*57:186,T,HLAtools_protein_alignment,IPD-IMGT/HLA 3.63.0,2026-02-19 18:48:49.636716
B*57:187,T,HLAtools_protein_alignment,IPD-IMGT/HLA 3.63.0,2026-02-19 18:48:49.636716
B*57:188,T,HLAtools_protein_alignment,IPD-IMGT/HLA 3.63.0,2026-02-19 18:48:49.636716
B*57:189,T,HLAtools_protein_alignment,IPD-IMGT/HLA 3.63.0,2026-02-19 18:48:49.636716
B*57:190,T,HLAtools_protein_alignment,IPD-IMGT/HLA 3.63.0,2026-02-19 18:48:49.636716
B*57:191,T,HLAtools_protein_alignment,IPD-IMGT/HLA 3.63.0,2026-02-19 18:48:49.636716
B*57:192,T,HLAtools_protein_alignment,IPD-IMGT/HLA 3.63.0,2026-02-19 18:48:49.636716
B*57:193,T,HLAtools_protein_alignment,IPD-IMGT/HLA 3.63.0,2026-02-19 18:48:49.636716
B*57:195,T,HLAtools_protein_alignment,IPD-IMGT/HLA 3.63.0,2026-02-19 18:48:49.636716
B*57:196,T,HLAtools_protein_alignment,IPD-IMGT/HLA 3.63.0,2026-02-19 18:48:49.636716
B*57:197,T,HLAtools_protein_alignment,IPD-IMGT/HLA 3.63.0,2026-02-19 18:48:49.636716
B*57:198,T,HLAtools_protein_alignment,IPD-IMGT/HLA 3.63.0,2026-02-19 18:48:49.636716
B*57:199,T,HLAtools_protein_alignment,IPD-IMGT/HLA 3.63.0,2026-02-19 18:48:49.636716
B*57:200,T,HLAtools_protein_alignment,IPD-IMGT/HLA 3.63.0,2026-02-19 18:48:49.636716
B*57:201,T,HLAtools_protein_alignment,IPD-IMGT/HLA 3.63.0,2026-02-19 18:48:49.636716
B*57:202,T,HLAtools_protein_alignment,IPD-IMGT/HLA 3.63.0,2026-02-19 18:48:49.636716
B*57:203,T,HLAtools_protein_alignment,IPD-IMGT/HLA 3.63.0,2026-02-19 18:48:49.636716
B*57:204,T,HLAtools_protein_alignment,IPD-IMGT/HLA 3.63.0,2026-02-19 18:48:49.636716
B*57:205,T,HLAtools_protein_alignment,IPD-IMGT/HLA 3.63.0,2026-02-19 18:48:49.636716
B*57:24,T,HLAtools_protein_alignment,IPD-IMGT/HLA 3.63.0,2026-02-19 18:48:49.636716
B*57:25,T,HLAtools_protein_alignment,IPD-IMGT/HLA 3.63.0,2026-02-19 18:48:49.636716
B*57:29,T,HLAtools_protein_alignment,IPD-IMGT/HLA 3.63.0,2026-02-19 18:48:49.636716
B*57:31,T,HLAtools_protein_alignment,IPD-IMGT/HLA 3.63.0,2026-02-19 18:48:49.636716
B*57:35,T,HLAtools_protein_alignment,IPD-IMGT/HLA 3.63.0,2026-02-19 18:48:49.636716
B*57:78,T,HLAtools_protein_alignment,IPD-IMGT/HLA 3.63.0,2026-02-19 18:48:49.636716
B*57:79N,T,HLAtools_protein_alignment,IPD-IMGT/HLA 3.63.0,2026-02-19 18:48:49.636716
B*57:82,T,HLAtools_protein_alignment,IPD-IMGT/HLA 3.63.0,2026-02-19 18:48:49.636716
B*57:83,T,HLAtools_protein_alignment,IPD-IMGT/HLA 3.63.0,2026-02-19 18:48:49.636716
B*57:84,T,HLAtools_protein_alignment,IPD-IMGT/HLA 3.63.0,2026-02-19 18:48:49.636716
B*57:86,T,HLAtools_protein_alignment,IPD-IMGT/HLA 3.63.0,2026-02-19 18:48:49.636716
B*57:90,T,HLAtools_protein_alignment,IPD-IMGT/HLA 3.63.0,2026-02-19 18:48:49.636716
B*57:91,T,HLAtools_protein_alignment,IPD-IMGT/HLA 3.63.0,2026-02-19 18:48:49.636716
B*57:92,T,HLAtools_protein_alignment,IPD-IMGT/HLA 3.63.0,2026-02-19 18:48:49.636716
B*57:93,T,HLAtools_protein_alignment,IPD-IMGT/HLA 3.63.0,2026-02-19 18:48:49.636716
B*57:94,T,HLAtools_protein_alignment,IPD-IMGT/HLA 3.63.0,2026-02-19 18:48:49.636716
B*57:95,T,HLAtools_protein_alignment,IPD-IMGT/HLA 3.63.0,2026-02-19 18:48:49.636716
B*57:96,T,HLAtools_protein_alignment,IPD-IMGT/HLA 3.63.0,2026-02-19 18:48:49.636716
B*57:97,T,HLAtools_protein_alignment,IPD-IMGT/HLA 3.63.0,2026-02-19 18:48:49.636716
B*57:98Q,T,HLAtools_protein_alignment,IPD-IMGT/HLA 3.63.0,2026-02-19 18:48:49.636716
B*57:99,T,HLAtools_protein_alignment,IPD-IMGT/HLA 3.63.0,2026-02-19 18:48:49.636716
B*58:01,T,HLAtools_protein_alignment,IPD-IMGT/HLA 3.63.0,2026-02-19 18:48:49.636716
B*58:02,T,HLAtools_protein_alignment,IPD-IMGT/HLA 3.63.0,2026-02-19 18:48:49.636716
B*58:04,T,HLAtools_protein_alignment,IPD-IMGT/HLA 3.63.0,2026-02-19 18:48:49.636716
B*58:07,T,HLAtools_protein_alignment,IPD-IMGT/HLA 3.63.0,2026-02-19 18:48:49.636716
B*58:100,T,HLAtools_protein_alignment,IPD-IMGT/HLA 3.63.0,2026-02-19 18:48:49.636716
B*58:101,T,HLAtools_protein_alignment,IPD-IMGT/HLA 3.63.0,2026-02-19 18:48:49.636716
B*58:102,T,HLAtools_protein_alignment,IPD-IMGT/HLA 3.63.0,2026-02-19 18:48:49.636716
B*58:103,T,HLAtools_protein_alignment,IPD-IMGT/HLA 3.63.0,2026-02-19 18:48:49.636716
B*58:104,T,HLAtools_protein_alignment,IPD-IMGT/HLA 3.63.0,2026-02-19 18:48:49.636716
B*58:105,T,HLAtools_protein_alignment,IPD-IMGT/HLA 3.63.0,2026-02-19 18:48:49.636716
B*58:106,T,HLAtools_protein_alignment,IPD-IMGT/HLA 3.63.0,2026-02-19 18:48:49.636716
B*58:107,T,HLAtools_protein_alignment,IPD-IMGT/HLA 3.63.0,2026-02-19 18:48:49.636716
B*58:108,T,HLAtools_protein_alignment,IPD-IMGT/HLA 3.63.0,2026-02-19 18:48:49.636716
B*58:109,T,HLAtools_protein_alignment,IPD-IMGT/HLA 3.63.0,2026-02-19 18:48:49.636716
B*58:11,T,HLAtools_protein_alignment,IPD-IMGT/HLA 3.63.0,2026-02-19 18:48:49.636716
B*58:111,T,HLAtools_protein_alignment,IPD-IMGT/HLA 3.63.0,2026-02-19 18:48:49.636716
B*58:112,M,HLAtools_protein_alignment,IPD-IMGT/HLA 3.63.0,2026-02-19 18:48:49.636716
B*58:113,T,HLAtools_protein_alignment,IPD-IMGT/HLA 3.63.0,2026-02-19 18:48:49.636716
B*58:114,T,HLAtools_protein_alignment,IPD-IMGT/HLA 3.63.0,2026-02-19 18:48:49.636716
B*58:115,T,HLAtools_protein_alignment,IPD-IMGT/HLA 3.63.0,2026-02-19 18:48:49.636716
B*58:116,T,HLAtools_protein_alignment,IPD-IMGT/HLA 3.63.0,2026-02-19 18:48:49.636716
B*58:117,T,HLAtools_protein_alignment,IPD-IMGT/HLA 3.63.0,2026-02-19 18:48:49.636716
B*58:119,T,HLAtools_protein_alignment,IPD-IMGT/HLA 3.63.0,2026-02-19 18:48:49.636716
B*58:120,T,HLAtools_protein_alignment,IPD-IMGT/HLA 3.63.0,2026-02-19 18:48:49.636716
B*58:121,T,HLAtools_protein_alignment,IPD-IMGT/HLA 3.63.0,2026-02-19 18:48:49.636716
B*58:122,T,HLAtools_protein_alignment,IPD-IMGT/HLA 3.63.0,2026-02-19 18:48:49.636716
B*58:123,T,HLAtools_protein_alignment,IPD-IMGT/HLA 3.63.0,2026-02-19 18:48:49.636716
B*58:124,T,HLAtools_protein_alignment,IPD-IMGT/HLA 3.63.0,2026-02-19 18:48:49.636716
B*58:125,T,HLAtools_protein_alignment,IPD-IMGT/HLA 3.63.0,2026-02-19 18:48:49.636716
B*58:126,T,HLAtools_protein_alignment,IPD-IMGT/HLA 3.63.0,2026-02-19 18:48:49.636716
B*58:127,T,HLAtools_protein_alignment,IPD-IMGT/HLA 3.63.0,2026-02-19 18:48:49.636716
B*58:128N,T,HLAtools_protein_alignment,IPD-IMGT/HLA 3.63.0,2026-02-19 18:48:49.636716
B*58:129,T,HLAtools_protein_alignment,IPD-IMGT/HLA 3.63.0,2026-02-19 18:48:49.636716
B*58:130N,T,HLAtools_protein_alignment,IPD-IMGT/HLA 3.63.0,2026-02-19 18:48:49.636716
B*58:131,T,HLAtools_protein_alignment,IPD-IMGT/HLA 3.63.0,2026-02-19 18:48:49.636716
B*58:132,T,HLAtools_protein_alignment,IPD-IMGT/HLA 3.63.0,2026-02-19 18:48:49.636716
B*58:133N,T,HLAtools_protein_alignment,IPD-IMGT/HLA 3.63.0,2026-02-19 18:48:49.636716
B*58:134,T,HLAtools_protein_alignment,IPD-IMGT/HLA 3.63.0,2026-02-19 18:48:49.636716
B*58:135,T,HLAtools_protein_alignment,IPD-IMGT/HLA 3.63.0,2026-02-19 18:48:49.636716
B*58:136,T,HLAtools_protein_alignment,IPD-IMGT/HLA 3.63.0,2026-02-19 18:48:49.636716
B*58:137,T,HLAtools_protein_alignment,IPD-IMGT/HLA 3.63.0,2026-02-19 18:48:49.636716
B*58:138,T,HLAtools_protein_alignment,IPD-IMGT/HLA 3.63.0,2026-02-19 18:48:49.636716
B*58:139,T,HLAtools_protein_alignment,IPD-IMGT/HLA 3.63.0,2026-02-19 18:48:49.636716
B*58:140,T,HLAtools_protein_alignment,IPD-IMGT/HLA 3.63.0,2026-02-19 18:48:49.636716
B*58:141,T,HLAtools_protein_alignment,IPD-IMGT/HLA 3.63.0,2026-02-19 18:48:49.636716
B*58:142,T,HLAtools_protein_alignment,IPD-IMGT/HLA 3.63.0,2026-02-19 18:48:49.636716
B*58:144N,T,HLAtools_protein_alignment,IPD-IMGT/HLA 3.63.0,2026-02-19 18:48:49.636716
B*58:145,T,HLAtools_protein_alignment,IPD-IMGT/HLA 3.63.0,2026-02-19 18:48:49.636716
B*58:146,T,HLAtools_protein_alignment,IPD-IMGT/HLA 3.63.0,2026-02-19 18:48:49.636716
B*58:147,T,HLAtools_protein_alignment,IPD-IMGT/HLA 3.63.0,2026-02-19 18:48:49.636716
B*58:148,T,HLAtools_protein_alignment,IPD-IMGT/HLA 3.63.0,2026-02-19 18:48:49.636716
B*58:149,T,HLAtools_protein_alignment,IPD-IMGT/HLA 3.63.0,2026-02-19 18:48:49.636716
B*58:150,T,HLAtools_protein_alignment,IPD-IMGT/HLA 3.63.0,2026-02-19 18:48:49.636716
B*58:151,T,HLAtools_protein_alignment,IPD-IMGT/HLA 3.63.0,2026-02-19 18:48:49.636716
B*58:152,T,HLAtools_protein_alignment,IPD-IMGT/HLA 3.63.0,2026-02-19 18:48:49.636716
B*58:153,T,HLAtools_protein_alignment,IPD-IMGT/HLA 3.63.0,2026-02-19 18:48:49.636716
B*58:154,T,HLAtools_protein_alignment,IPD-IMGT/HLA 3.63.0,2026-02-19 18:48:49.636716
B*58:155Q,T,HLAtools_protein_alignment,IPD-IMGT/HLA 3.63.0,2026-02-19 18:48:49.636716
B*58:156,T,HLAtools_protein_alignment,IPD-IMGT/HLA 3.63.0,2026-02-19 18:48:49.636716
B*58:157,T,HLAtools_protein_alignment,IPD-IMGT/HLA 3.63.0,2026-02-19 18:48:49.636716
B*58:158,T,HLAtools_protein_alignment,IPD-IMGT/HLA 3.63.0,2026-02-19 18:48:49.636716
B*58:159,T,HLAtools_protein_alignment,IPD-IMGT/HLA 3.63.0,2026-02-19 18:48:49.636716
B*58:160,T,HLAtools_protein_alignment,IPD-IMGT/HLA 3.63.0,2026-02-19 18:48:49.636716
B*58:161,T,HLAtools_protein_alignment,IPD-IMGT/HLA 3.63.0,2026-02-19 18:48:49.636716
B*58:162,T,HLAtools_protein_alignment,IPD-IMGT/HLA 3.63.0,2026-02-19 18:48:49.636716
B*58:163,T,HLAtools_protein_alignment,IPD-IMGT/HLA 3.63.0,2026-02-19 18:48:49.636716
B*58:164,T,HLAtools_protein_alignment,IPD-IMGT/HLA 3.63.0,2026-02-19 18:48:49.636716
B*58:165,T,HLAtools_protein_alignment,IPD-IMGT/HLA 3.63.0,2026-02-19 18:48:49.636716
B*58:166,T,HLAtools_protein_alignment,IPD-IMGT/HLA 3.63.0,2026-02-19 18:48:49.636716
B*58:167,T,HLAtools_protein_alignment,IPD-IMGT/HLA 3.63.0,2026-02-19 18:48:49.636716
B*58:168,T,HLAtools_protein_alignment,IPD-IMGT/HLA 3.63.0,2026-02-19 18:48:49.636716
B*58:19,T,HLAtools_protein_alignment,IPD-IMGT/HLA 3.63.0,2026-02-19 18:48:49.636716
B*58:20,T,HLAtools_protein_alignment,IPD-IMGT/HLA 3.63.0,2026-02-19 18:48:49.636716
B*58:26,T,HLAtools_protein_alignment,IPD-IMGT/HLA 3.63.0,2026-02-19 18:48:49.636716
B*58:29,T,HLAtools_protein_alignment,IPD-IMGT/HLA 3.63.0,2026-02-19 18:48:49.636716
B*58:31N,T,HLAtools_protein_alignment,IPD-IMGT/HLA 3.63.0,2026-02-19 18:48:49.636716
B*58:35,T,HLAtools_protein_alignment,IPD-IMGT/HLA 3.63.0,2026-02-19 18:48:49.636716
B*58:42,T,HLAtools_protein_alignment,IPD-IMGT/HLA 3.63.0,2026-02-19 18:48:49.636716
B*58:45,T,HLAtools_protein_alignment,IPD-IMGT/HLA 3.63.0,2026-02-19 18:48:49.636716
B*58:49,T,HLAtools_protein_alignment,IPD-IMGT/HLA 3.63.0,2026-02-19 18:48:49.636716
B*58:50,T,HLAtools_protein_alignment,IPD-IMGT/HLA 3.63.0,2026-02-19 18:48:49.636716
B*58:51,T,HLAtools_protein_alignment,IPD-IMGT/HLA 3.63.0,2026-02-19 18:48:49.636716
B*58:52,T,HLAtools_protein_alignment,IPD-IMGT/HLA 3.63.0,2026-02-19 18:48:49.636716
B*58:54,T,HLAtools_protein_alignment,IPD-IMGT/HLA 3.63.0,2026-02-19 18:48:49.636716
B*58:55,T,HLAtools_protein_alignment,IPD-IMGT/HLA 3.63.0,2026-02-19 18:48:49.636716
B*58:56,T,HLAtools_protein_alignment,IPD-IMGT/HLA 3.63.0,2026-02-19 18:48:49.636716
B*58:57,T,HLAtools_protein_alignment,IPD-IMGT/HLA 3.63.0,2026-02-19 18:48:49.636716
B*58:58,T,HLAtools_protein_alignment,IPD-IMGT/HLA 3.63.0,2026-02-19 18:48:49.636716
B*58:67,T,HLAtools_protein_alignment,IPD-IMGT/HLA 3.63.0,2026-02-19 18:48:49.636716
B*58:75,T,HLAtools_protein_alignment,IPD-IMGT/HLA 3.63.0,2026-02-19 18:48:49.636716
B*58:76,T,HLAtools_protein_alignment,IPD-IMGT/HLA 3.63.0,2026-02-19 18:48:49.636716
B*58:83,T,HLAtools_protein_alignment,IPD-IMGT/HLA 3.63.0,2026-02-19 18:48:49.636716
B*58:84,T,HLAtools_protein_alignment,IPD-IMGT/HLA 3.63.0,2026-02-19 18:48:49.636716
B*58:86,T,HLAtools_protein_alignment,IPD-IMGT/HLA 3.63.0,2026-02-19 18:48:49.636716
B*58:93N,T,HLAtools_protein_alignment,IPD-IMGT/HLA 3.63.0,2026-02-19 18:48:49.636716
B*58:94N,T,HLAtools_protein_alignment,IPD-IMGT/HLA 3.63.0,2026-02-19 18:48:49.636716
B*58:95,T,HLAtools_protein_alignment,IPD-IMGT/HLA 3.63.0,2026-02-19 18:48:49.636716
B*58:96,T,HLAtools_protein_alignment,IPD-IMGT/HLA 3.63.0,2026-02-19 18:48:49.636716
B*58:97,T,HLAtools_protein_alignment,IPD-IMGT/HLA 3.63.0,2026-02-19 18:48:49.636716
B*58:98,T,HLAtools_protein_alignment,IPD-IMGT/HLA 3.63.0,2026-02-19 18:48:49.636716
B*58:99,T,HLAtools_protein_alignment,IPD-IMGT/HLA 3.63.0,2026-02-19 18:48:49.636716
B*59:01,T,HLAtools_protein_alignment,IPD-IMGT/HLA 3.63.0,2026-02-19 18:48:49.636716
B*59:06,T,HLAtools_protein_alignment,IPD-IMGT/HLA 3.63.0,2026-02-19 18:48:49.636716
B*59:07,T,HLAtools_protein_alignment,IPD-IMGT/HLA 3.63.0,2026-02-19 18:48:49.636716
B*59:11,T,HLAtools_protein_alignment,IPD-IMGT/HLA 3.63.0,2026-02-19 18:48:49.636716
B*59:12,T,HLAtools_protein_alignment,IPD-IMGT/HLA 3.63.0,2026-02-19 18:48:49.636716
B*67:01,M,HLAtools_protein_alignment,IPD-IMGT/HLA 3.63.0,2026-02-19 18:48:49.636716
B*67:02,M,HLAtools_protein_alignment,IPD-IMGT/HLA 3.63.0,2026-02-19 18:48:49.636716
B*67:03,M,HLAtools_protein_alignment,IPD-IMGT/HLA 3.63.0,2026-02-19 18:48:49.636716
B*67:04,M,HLAtools_protein_alignment,IPD-IMGT/HLA 3.63.0,2026-02-19 18:48:49.636716
B*67:05,M,HLAtools_protein_alignment,IPD-IMGT/HLA 3.63.0,2026-02-19 18:48:49.636716
B*73:01,M,HLAtools_protein_alignment,IPD-IMGT/HLA 3.63.0,2026-02-19 18:48:49.636716
B*73:03,M,HLAtools_protein_alignment,IPD-IMGT/HLA 3.63.0,2026-02-19 18:48:49.636716
B*73:04,M,HLAtools_protein_alignment,IPD-IMGT/HLA 3.63.0,2026-02-19 18:48:49.636716
B*73:05,M,HLAtools_protein_alignment,IPD-IMGT/HLA 3.63.0,2026-02-19 18:48:49.636716
B*73:06,M,HLAtools_protein_alignment,IPD-IMGT/HLA 3.63.0,2026-02-19 18:48:49.636716
B*78:01,T,HLAtools_protein_alignment,IPD-IMGT/HLA 3.63.0,2026-02-19 18:48:49.636716
B*78:02,T,HLAtools_protein_alignment,IPD-IMGT/HLA 3.63.0,2026-02-19 18:48:49.636716
B*78:04,T,HLAtools_protein_alignment,IPD-IMGT/HLA 3.63.0,2026-02-19 18:48:49.636716
B*78:09,T,HLAtools_protein_alignment,IPD-IMGT/HLA 3.63.0,2026-02-19 18:48:49.636716
B*78:10,T,HLAtools_protein_alignment,IPD-IMGT/HLA 3.63.0,2026-02-19 18:48:49.636716
B*81:01,M,HLAtools_protein_alignment,IPD-IMGT/HLA 3.63.0,2026-02-19 18:48:49.636716
B*81:02,M,HLAtools_protein_alignment,IPD-IMGT/HLA 3.63.0,2026-02-19 18:48:49.636716
B*81:05,M,HLAtools_protein_alignment,IPD-IMGT/HLA 3.63.0,2026-02-19 18:48:49.636716
B*81:09,M,HLAtools_protein_alignment,IPD-IMGT/HLA 3.63.0,2026-02-19 18:48:49.636716
B*81:10,M,HLAtools_protein_alignment,IPD-IMGT/HLA 3.63.0,2026-02-19 18:48:49.636716
B*81:11,M,HLAtools_protein_alignment,IPD-IMGT/HLA 3.63.0,2026-02-19 18:48:49.636716
B*81:12,M,HLAtools_protein_alignment,IPD-IMGT/HLA 3.63.0,2026-02-19 18:48:49.636716
B*81:13,M,HLAtools_protein_alignment,IPD-IMGT/HLA 3.63.0,2026-02-19 18:48:49.636716
B*81:14,M,HLAtools_protein_alignment,IPD-IMGT/HLA 3.63.0,2026-02-19 18:48:49.636716
B*81:15,M,HLAtools_protein_alignment,IPD-IMGT/HLA 3.63.0,2026-02-19 18:48:49.636716
B*81:16,M,HLAtools_protein_alignment,IPD-IMGT/HLA 3.63.0,2026-02-19 18:48:49.636716
B*82:01,T,HLAtools_protein_alignment,IPD-IMGT/HLA 3.63.0,2026-02-19 18:48:49.636716
B*82:02,T,HLAtools_protein_alignment,IPD-IMGT/HLA 3.63.0,2026-02-19 18:48:49.636716
B*82:04,T,HLAtools_protein_alignment,IPD-IMGT/HLA 3.63.0,2026-02-19 18:48:49.636716
B*83:01,T,HLAtools_protein_alignment,IPD-IMGT/HLA 3.63.0,2026-02-19 18:48:49.636716
