allele_2field,kir_ligand,n_alleles_collapsed,source,fetch_date
B*07:02,Bw6,247,IPD_API,2026-02-19 18:48:42.089785
B*07:03,Bw6,1,IPD_API,2026-02-19 18:48:42.089785
B*07:04,Bw6,2,IPD_API,2026-02-19 18:48:42.089785
B*07:05,Bw6,20,IPD_API,2026-02-19 18:48:42.089785
B*07:06,Bw6,11,IPD_API,2026-02-19 18:48:42.089785
B*07:07,Bw6,4,IPD_API,2026-02-19 18:48:42.089785
B*07:08,Bw6,2,IPD_API,2026-02-19 18:48:42.089785
B*07:09,Bw6,2,IPD_API,2026-02-19 18:48:42.089785
B*07:10,Bw6,2,IPD_API,2026-02-19 18:48:42.089785
B*07:100,Bw6,1,IPD_API,2026-02-19 18:48:42.089785
B*07:101,Bw6,1,IPD_API,2026-02-19 18:48:42.089785
B*07:102,Bw6,1,IPD_API,2026-02-19 18:48:42.089785
B*07:103,Bw6,1,IPD_API,2026-02-19 18:48:42.089785
B*07:104,Bw6,1,IPD_API,2026-02-19 18:48:42.089785
B*07:105,Bw6,1,IPD_API,2026-02-19 18:48:42.089785
B*07:106,Bw6,1,IPD_API,2026-02-19 18:48:42.089785
B*07:107,Bw6,2,IPD_API,2026-02-19 18:48:42.089785
B*07:108,Bw6,1,IPD_API,2026-02-19 18:48:42.089785
B*07:109,Bw6,1,IPD_API,2026-02-19 18:48:42.089785
B*07:110,Bw6,1,IPD_API,2026-02-19 18:48:42.089785
B*07:112,Bw6,1,IPD_API,2026-02-19 18:48:42.089785
B*07:113,Bw6,1,IPD_API,2026-02-19 18:48:42.089785
B*07:114,Bw6,1,IPD_API,2026-02-19 18:48:42.089785
B*07:115,Bw6,1,IPD_API,2026-02-19 18:48:42.089785
B*07:116,Bw6,1,IPD_API,2026-02-19 18:48:42.089785
B*07:117,Bw6,1,IPD_API,2026-02-19 18:48:42.089785
B*07:118,Bw6,1,IPD_API,2026-02-19 18:48:42.089785
B*07:119,Bw6,1,IPD_API,2026-02-19 18:48:42.089785
B*07:12,Bw6,1,IPD_API,2026-02-19 18:48:42.089785
B*07:120,Bw6,1,IPD_API,2026-02-19 18:48:42.089785
B*07:121,Bw6,1,IPD_API,2026-02-19 18:48:42.089785
B*07:122,Bw6,1,IPD_API,2026-02-19 18:48:42.089785
B*07:123,Bw6,1,IPD_API,2026-02-19 18:48:42.089785
B*07:124,Bw6,1,IPD_API,2026-02-19 18:48:42.089785
B*07:125,Bw6,1,IPD_API,2026-02-19 18:48:42.089785
B*07:126,Bw6,1,IPD_API,2026-02-19 18:48:42.089785
B*07:127,Bw6,1,IPD_API,2026-02-19 18:48:42.089785
B*07:128,Bw6,1,IPD_API,2026-02-19 18:48:42.089785
B*07:129,Bw6,1,IPD_API,2026-02-19 18:48:42.089785
B*07:13,Bw6,1,IPD_API,2026-02-19 18:48:42.089785
B*07:130,Bw6,1,IPD_API,2026-02-19 18:48:42.089785
B*07:131,Bw6,1,IPD_API,2026-02-19 18:48:42.089785
B*07:132,Bw6,1,IPD_API,2026-02-19 18:48:42.089785
B*07:133,Bw6,1,IPD_API,2026-02-19 18:48:42.089785
B*07:134,Bw6,2,IPD_API,2026-02-19 18:48:42.089785
B*07:136,Bw6,2,IPD_API,2026-02-19 18:48:42.089785
B*07:137,Bw6,1,IPD_API,2026-02-19 18:48:42.089785
B*07:138,Bw6,1,IPD_API,2026-02-19 18:48:42.089785
B*07:139,Bw6,2,IPD_API,2026-02-19 18:48:42.089785
B*07:14,Bw6,2,IPD_API,2026-02-19 18:48:42.089785
B*07:140,Bw6,1,IPD_API,2026-02-19 18:48:42.089785
B*07:141,Bw6,1,IPD_API,2026-02-19 18:48:42.089785
B*07:142,Bw6,1,IPD_API,2026-02-19 18:48:42.089785
B*07:143,Bw6,1,IPD_API,2026-02-19 18:48:42.089785
B*07:144,Bw6,1,IPD_API,2026-02-19 18:48:42.089785
B*07:145,Bw6,1,IPD_API,2026-02-19 18:48:42.089785
B*07:146,Bw6,1,IPD_API,2026-02-19 18:48:42.089785
B*07:147,Bw6,1,IPD_API,2026-02-19 18:48:42.089785
B*07:148,Bw6,1,IPD_API,2026-02-19 18:48:42.089785
B*07:149,Bw4 - 80T,1,IPD_API,2026-02-19 18:48:42.089785
B*07:15,Bw6,1,IPD_API,2026-02-19 18:48:42.089785
B*07:150,Bw6,1,IPD_API,2026-02-19 18:48:42.089785
B*07:151,Bw6,2,IPD_API,2026-02-19 18:48:42.089785
B*07:152,Bw6,1,IPD_API,2026-02-19 18:48:42.089785
B*07:153,Bw6,1,IPD_API,2026-02-19 18:48:42.089785
B*07:154,Bw6,1,IPD_API,2026-02-19 18:48:42.089785
B*07:155,Bw6,1,IPD_API,2026-02-19 18:48:42.089785
B*07:156,Bw6,1,IPD_API,2026-02-19 18:48:42.089785
B*07:157,Bw6,1,IPD_API,2026-02-19 18:48:42.089785
B*07:158,Bw6,1,IPD_API,2026-02-19 18:48:42.089785
B*07:159,Bw6,1,IPD_API,2026-02-19 18:48:42.089785
B*07:16,Bw6,1,IPD_API,2026-02-19 18:48:42.089785
B*07:160,Bw6,1,IPD_API,2026-02-19 18:48:42.089785
B*07:162,Bw6,1,IPD_API,2026-02-19 18:48:42.089785
B*07:163,Bw6,1,IPD_API,2026-02-19 18:48:42.089785
B*07:164,Bw6,1,IPD_API,2026-02-19 18:48:42.089785
B*07:165,Bw6,1,IPD_API,2026-02-19 18:48:42.089785
B*07:166,Bw6,1,IPD_API,2026-02-19 18:48:42.089785
B*07:168,Bw6,1,IPD_API,2026-02-19 18:48:42.089785
B*07:169,Bw6,1,IPD_API,2026-02-19 18:48:42.089785
B*07:17,Bw6,1,IPD_API,2026-02-19 18:48:42.089785
B*07:170,Bw6,1,IPD_API,2026-02-19 18:48:42.089785
B*07:171,Bw6,1,IPD_API,2026-02-19 18:48:42.089785
B*07:172,Bw6,2,IPD_API,2026-02-19 18:48:42.089785
B*07:173,Bw6,1,IPD_API,2026-02-19 18:48:42.089785
B*07:174,Bw6,1,IPD_API,2026-02-19 18:48:42.089785
B*07:175,Bw6,1,IPD_API,2026-02-19 18:48:42.089785
B*07:176,Bw6,1,IPD_API,2026-02-19 18:48:42.089785
B*07:177,Bw6,1,IPD_API,2026-02-19 18:48:42.089785
B*07:178,Bw6,1,IPD_API,2026-02-19 18:48:42.089785
B*07:18,Bw6,2,IPD_API,2026-02-19 18:48:42.089785
B*07:180,Bw4 - 80I,1,IPD_API,2026-02-19 18:48:42.089785
B*07:183,Bw6,1,IPD_API,2026-02-19 18:48:42.089785
B*07:184,Bw6,1,IPD_API,2026-02-19 18:48:42.089785
B*07:185,Bw6,1,IPD_API,2026-02-19 18:48:42.089785
B*07:186,Bw6,1,IPD_API,2026-02-19 18:48:42.089785
B*07:187,Bw6,1,IPD_API,2026-02-19 18:48:42.089785
B*07:188,Bw6,1,IPD_API,2026-02-19 18:48:42.089785
B*07:189,Bw6,1,IPD_API,2026-02-19 18:48:42.089785
B*07:19,Bw6,1,IPD_API,2026-02-19 18:48:42.089785
B*07:190,Bw6,1,IPD_API,2026-02-19 18:48:42.089785
B*07:191,Bw6,1,IPD_API,2026-02-19 18:48:42.089785
B*07:193,Bw6,2,IPD_API,2026-02-19 18:48:42.089785
B*07:194,Bw6,1,IPD_API,2026-02-19 18:48:42.089785
B*07:195,Bw6,1,IPD_API,2026-02-19 18:48:42.089785
B*07:196,Bw6,1,IPD_API,2026-02-19 18:48:42.089785
B*07:197,Bw6,1,IPD_API,2026-02-19 18:48:42.089785
B*07:198,Bw6,1,IPD_API,2026-02-19 18:48:42.089785
B*07:199,Bw6,1,IPD_API,2026-02-19 18:48:42.089785
B*07:20,Bw6,1,IPD_API,2026-02-19 18:48:42.089785
B*07:200,Bw6,1,IPD_API,2026-02-19 18:48:42.089785
B*07:202,Bw6,1,IPD_API,2026-02-19 18:48:42.089785
B*07:203,Bw6,1,IPD_API,2026-02-19 18:48:42.089785
B*07:204,Bw6,1,IPD_API,2026-02-19 18:48:42.089785
B*07:205,Bw6,1,IPD_API,2026-02-19 18:48:42.089785
B*07:206,Bw6,2,IPD_API,2026-02-19 18:48:42.089785
B*07:207,Bw6,1,IPD_API,2026-02-19 18:48:42.089785
B*07:208,Bw6,1,IPD_API,2026-02-19 18:48:42.089785
B*07:209,Bw6,1,IPD_API,2026-02-19 18:48:42.089785
B*07:21,Bw6,1,IPD_API,2026-02-19 18:48:42.089785
B*07:210,Bw6,1,IPD_API,2026-02-19 18:48:42.089785
B*07:211,Bw6,1,IPD_API,2026-02-19 18:48:42.089785
B*07:212,Bw6,1,IPD_API,2026-02-19 18:48:42.089785
B*07:213,Bw6,1,IPD_API,2026-02-19 18:48:42.089785
B*07:214,Bw6,1,IPD_API,2026-02-19 18:48:42.089785
B*07:215,Bw6,1,IPD_API,2026-02-19 18:48:42.089785
B*07:216,Bw6,1,IPD_API,2026-02-19 18:48:42.089785
B*07:217,Bw6,1,IPD_API,2026-02-19 18:48:42.089785
B*07:218,Bw6,1,IPD_API,2026-02-19 18:48:42.089785
B*07:219,Bw4 - 80I,1,IPD_API,2026-02-19 18:48:42.089785
B*07:22,Bw6,2,IPD_API,2026-02-19 18:48:42.089785
B*07:220,Bw6,1,IPD_API,2026-02-19 18:48:42.089785
B*07:221,Bw6,1,IPD_API,2026-02-19 18:48:42.089785
B*07:222,Bw6,1,IPD_API,2026-02-19 18:48:42.089785
B*07:223,Bw6,1,IPD_API,2026-02-19 18:48:42.089785
B*07:224,Bw6,1,IPD_API,2026-02-19 18:48:42.089785
B*07:225,Bw6,1,IPD_API,2026-02-19 18:48:42.089785
B*07:226,Bw6,1,IPD_API,2026-02-19 18:48:42.089785
B*07:227,Bw6,1,IPD_API,2026-02-19 18:48:42.089785
B*07:228,Bw6,2,IPD_API,2026-02-19 18:48:42.089785
B*07:229,Bw6,3,IPD_API,2026-02-19 18:48:42.089785
B*07:23,Bw6,1,IPD_API,2026-02-19 18:48:42.089785
B*07:230,Bw6,1,IPD_API,2026-02-19 18:48:42.089785
B*07:232,Bw6,1,IPD_API,2026-02-19 18:48:42.089785
B*07:233,Bw6,1,IPD_API,2026-02-19 18:48:42.089785
B*07:234,Bw6,1,IPD_API,2026-02-19 18:48:42.089785
B*07:235,Bw6,1,IPD_API,2026-02-19 18:48:42.089785
B*07:236,Bw4 - 80T,1,IPD_API,2026-02-19 18:48:42.089785
B*07:237,Bw6,1,IPD_API,2026-02-19 18:48:42.089785
B*07:238,Bw6,1,IPD_API,2026-02-19 18:48:42.089785
B*07:239,Bw6,1,IPD_API,2026-02-19 18:48:42.089785
B*07:24,Bw6,1,IPD_API,2026-02-19 18:48:42.089785
B*07:241,Bw6,1,IPD_API,2026-02-19 18:48:42.089785
B*07:242,Bw6,1,IPD_API,2026-02-19 18:48:42.089785
B*07:243,Bw6,1,IPD_API,2026-02-19 18:48:42.089785
B*07:244,Bw6,1,IPD_API,2026-02-19 18:48:42.089785
B*07:245,Bw6,1,IPD_API,2026-02-19 18:48:42.089785
B*07:246,Bw6,1,IPD_API,2026-02-19 18:48:42.089785
B*07:247,Bw6,1,IPD_API,2026-02-19 18:48:42.089785
B*07:248,Bw6,1,IPD_API,2026-02-19 18:48:42.089785
B*07:249,Bw6,1,IPD_API,2026-02-19 18:48:42.089785
B*07:25,Bw6,1,IPD_API,2026-02-19 18:48:42.089785
B*07:250,Bw6,1,IPD_API,2026-02-19 18:48:42.089785
B*07:252,Bw6,1,IPD_API,2026-02-19 18:48:42.089785
B*07:254,Bw6,1,IPD_API,2026-02-19 18:48:42.089785
B*07:255,Bw6,1,IPD_API,2026-02-19 18:48:42.089785
B*07:256,Bw6,1,IPD_API,2026-02-19 18:48:42.089785
B*07:257,Bw6,1,IPD_API,2026-02-19 18:48:42.089785
B*07:258,Bw6,1,IPD_API,2026-02-19 18:48:42.089785
B*07:259,Bw6,1,IPD_API,2026-02-19 18:48:42.089785
B*07:26,Bw6,1,IPD_API,2026-02-19 18:48:42.089785
B*07:260,Bw6,1,IPD_API,2026-02-19 18:48:42.089785
B*07:261,Bw6,1,IPD_API,2026-02-19 18:48:42.089785
B*07:262,Bw6,2,IPD_API,2026-02-19 18:48:42.089785
B*07:263,Bw6,1,IPD_API,2026-02-19 18:48:42.089785
B*07:264,Bw6,1,IPD_API,2026-02-19 18:48:42.089785
B*07:265,Bw6,1,IPD_API,2026-02-19 18:48:42.089785
B*07:266,Bw6,1,IPD_API,2026-02-19 18:48:42.089785
B*07:267,Bw6,1,IPD_API,2026-02-19 18:48:42.089785
B*07:268,Bw6,1,IPD_API,2026-02-19 18:48:42.089785
B*07:269,Bw6,1,IPD_API,2026-02-19 18:48:42.089785
B*07:27,Bw4 - 80T,1,IPD_API,2026-02-19 18:48:42.089785
B*07:270,Bw6,1,IPD_API,2026-02-19 18:48:42.089785
B*07:271,Bw6,1,IPD_API,2026-02-19 18:48:42.089785
B*07:273,Bw4 - 80T,1,IPD_API,2026-02-19 18:48:42.089785
B*07:274,Bw6,1,IPD_API,2026-02-19 18:48:42.089785
B*07:275,Bw6,1,IPD_API,2026-02-19 18:48:42.089785
B*07:276,Bw6,2,IPD_API,2026-02-19 18:48:42.089785
B*07:277,Bw6,1,IPD_API,2026-02-19 18:48:42.089785
B*07:278,Bw6,1,IPD_API,2026-02-19 18:48:42.089785
B*07:279,Bw6,1,IPD_API,2026-02-19 18:48:42.089785
B*07:28,Bw6,1,IPD_API,2026-02-19 18:48:42.089785
B*07:280,Bw6,1,IPD_API,2026-02-19 18:48:42.089785
B*07:281,Bw6,1,IPD_API,2026-02-19 18:48:42.089785
B*07:282,Bw6,1,IPD_API,2026-02-19 18:48:42.089785
B*07:283,Bw6,1,IPD_API,2026-02-19 18:48:42.089785
B*07:284,Bw6,1,IPD_API,2026-02-19 18:48:42.089785
B*07:286,Bw6,1,IPD_API,2026-02-19 18:48:42.089785
B*07:287,Bw6,1,IPD_API,2026-02-19 18:48:42.089785
B*07:288,Bw6,1,IPD_API,2026-02-19 18:48:42.089785
B*07:289,Bw6,1,IPD_API,2026-02-19 18:48:42.089785
B*07:29,Bw6,1,IPD_API,2026-02-19 18:48:42.089785
B*07:290,Bw6,1,IPD_API,2026-02-19 18:48:42.089785
B*07:291,Bw6,1,IPD_API,2026-02-19 18:48:42.089785
B*07:292,Bw6,1,IPD_API,2026-02-19 18:48:42.089785
B*07:293,Bw6,1,IPD_API,2026-02-19 18:48:42.089785
B*07:294,Bw6,1,IPD_API,2026-02-19 18:48:42.089785
B*07:295,Bw6,1,IPD_API,2026-02-19 18:48:42.089785
B*07:296,Bw6,1,IPD_API,2026-02-19 18:48:42.089785
B*07:297,Bw6,1,IPD_API,2026-02-19 18:48:42.089785
B*07:298,Bw6,1,IPD_API,2026-02-19 18:48:42.089785
B*07:299,Bw6,1,IPD_API,2026-02-19 18:48:42.089785
B*07:30,Bw6,1,IPD_API,2026-02-19 18:48:42.089785
B*07:300,Bw6,1,IPD_API,2026-02-19 18:48:42.089785
B*07:301,Bw6,1,IPD_API,2026-02-19 18:48:42.089785
B*07:302,Bw6,1,IPD_API,2026-02-19 18:48:42.089785
B*07:303,Bw6,2,IPD_API,2026-02-19 18:48:42.089785
B*07:304,Bw6,1,IPD_API,2026-02-19 18:48:42.089785
B*07:305,Bw6,1,IPD_API,2026-02-19 18:48:42.089785
B*07:306,Bw6,1,IPD_API,2026-02-19 18:48:42.089785
B*07:307,Bw6,1,IPD_API,2026-02-19 18:48:42.089785
B*07:308,Bw6,1,IPD_API,2026-02-19 18:48:42.089785
B*07:309,Bw6,1,IPD_API,2026-02-19 18:48:42.089785
B*07:31,Bw6,2,IPD_API,2026-02-19 18:48:42.089785
B*07:310,Bw6,1,IPD_API,2026-02-19 18:48:42.089785
B*07:311,Bw6,1,IPD_API,2026-02-19 18:48:42.089785
B*07:312,Bw6,1,IPD_API,2026-02-19 18:48:42.089785
B*07:313,Bw6,1,IPD_API,2026-02-19 18:48:42.089785
B*07:314,Bw6,1,IPD_API,2026-02-19 18:48:42.089785
B*07:317,Bw6,1,IPD_API,2026-02-19 18:48:42.089785
B*07:319,Bw6,1,IPD_API,2026-02-19 18:48:42.089785
B*07:32,Bw6,1,IPD_API,2026-02-19 18:48:42.089785
B*07:320,Bw6,1,IPD_API,2026-02-19 18:48:42.089785
B*07:321,Bw6,1,IPD_API,2026-02-19 18:48:42.089785
B*07:322,Bw6,1,IPD_API,2026-02-19 18:48:42.089785
B*07:323,Bw6,1,IPD_API,2026-02-19 18:48:42.089785
B*07:324,Bw6,1,IPD_API,2026-02-19 18:48:42.089785
B*07:326,Bw6,1,IPD_API,2026-02-19 18:48:42.089785
B*07:327,Bw6,1,IPD_API,2026-02-19 18:48:42.089785
B*07:328,Bw6,1,IPD_API,2026-02-19 18:48:42.089785
B*07:329,Bw6,1,IPD_API,2026-02-19 18:48:42.089785
B*07:33,Bw6,4,IPD_API,2026-02-19 18:48:42.089785
B*07:331,Bw6,1,IPD_API,2026-02-19 18:48:42.089785
B*07:332,Bw6,1,IPD_API,2026-02-19 18:48:42.089785
B*07:333,Bw6,1,IPD_API,2026-02-19 18:48:42.089785
B*07:334,Bw6,1,IPD_API,2026-02-19 18:48:42.089785
B*07:335,Bw6,1,IPD_API,2026-02-19 18:48:42.089785
B*07:336,Bw6,1,IPD_API,2026-02-19 18:48:42.089785
B*07:337,Bw6,1,IPD_API,2026-02-19 18:48:42.089785
B*07:338,Bw6,1,IPD_API,2026-02-19 18:48:42.089785
B*07:339,Bw6,1,IPD_API,2026-02-19 18:48:42.089785
B*07:34,Bw6,1,IPD_API,2026-02-19 18:48:42.089785
B*07:341,Bw6,1,IPD_API,2026-02-19 18:48:42.089785
B*07:342,Bw6,1,IPD_API,2026-02-19 18:48:42.089785
B*07:344,Bw6,1,IPD_API,2026-02-19 18:48:42.089785
B*07:345,Bw6,1,IPD_API,2026-02-19 18:48:42.089785
B*07:346,Bw6,1,IPD_API,2026-02-19 18:48:42.089785
B*07:347,Bw6,1,IPD_API,2026-02-19 18:48:42.089785
B*07:348,Bw6,1,IPD_API,2026-02-19 18:48:42.089785
B*07:349,Bw6,1,IPD_API,2026-02-19 18:48:42.089785
B*07:35,Bw6,1,IPD_API,2026-02-19 18:48:42.089785
B*07:350,Bw6,1,IPD_API,2026-02-19 18:48:42.089785
B*07:352,Bw6,1,IPD_API,2026-02-19 18:48:42.089785
B*07:353,Bw6,1,IPD_API,2026-02-19 18:48:42.089785
B*07:354,Bw6,1,IPD_API,2026-02-19 18:48:42.089785
B*07:355,Bw6,1,IPD_API,2026-02-19 18:48:42.089785
B*07:356,Bw6,1,IPD_API,2026-02-19 18:48:42.089785
B*07:357,Bw6,1,IPD_API,2026-02-19 18:48:42.089785
B*07:358,Bw6,1,IPD_API,2026-02-19 18:48:42.089785
B*07:359,Bw6,1,IPD_API,2026-02-19 18:48:42.089785
B*07:36,Bw4 - 80I,1,IPD_API,2026-02-19 18:48:42.089785
B*07:360,Bw6,1,IPD_API,2026-02-19 18:48:42.089785
B*07:361,Bw6,1,IPD_API,2026-02-19 18:48:42.089785
B*07:362,Bw6,1,IPD_API,2026-02-19 18:48:42.089785
B*07:363,Bw6,1,IPD_API,2026-02-19 18:48:42.089785
B*07:364,Bw6,1,IPD_API,2026-02-19 18:48:42.089785
B*07:365,Bw6,1,IPD_API,2026-02-19 18:48:42.089785
B*07:366,Bw6,1,IPD_API,2026-02-19 18:48:42.089785
B*07:367,Bw6,1,IPD_API,2026-02-19 18:48:42.089785
B*07:368,Bw6,1,IPD_API,2026-02-19 18:48:42.089785
B*07:369,Bw6,1,IPD_API,2026-02-19 18:48:42.089785
B*07:37,Bw6,2,IPD_API,2026-02-19 18:48:42.089785
B*07:370,Bw6,1,IPD_API,2026-02-19 18:48:42.089785
B*07:371,Bw6,1,IPD_API,2026-02-19 18:48:42.089785
B*07:372,Bw6,1,IPD_API,2026-02-19 18:48:42.089785
B*07:375,Bw6,1,IPD_API,2026-02-19 18:48:42.089785
B*07:376,Bw6,1,IPD_API,2026-02-19 18:48:42.089785
B*07:377,Bw6,1,IPD_API,2026-02-19 18:48:42.089785
B*07:378,Bw6,1,IPD_API,2026-02-19 18:48:42.089785
B*07:379,Bw6,1,IPD_API,2026-02-19 18:48:42.089785
B*07:38,Bw4 - 80I,1,IPD_API,2026-02-19 18:48:42.089785
B*07:380,Bw6,1,IPD_API,2026-02-19 18:48:42.089785
B*07:381,Bw6,1,IPD_API,2026-02-19 18:48:42.089785
B*07:382,Bw6,1,IPD_API,2026-02-19 18:48:42.089785
B*07:383,Bw6,1,IPD_API,2026-02-19 18:48:42.089785
B*07:384,Bw6,1,IPD_API,2026-02-19 18:48:42.089785
B*07:385,Bw6,1,IPD_API,2026-02-19 18:48:42.089785
B*07:387,Bw6,1,IPD_API,2026-02-19 18:48:42.089785
B*07:388,Bw6,1,IPD_API,2026-02-19 18:48:42.089785
B*07:389,Bw6,1,IPD_API,2026-02-19 18:48:42.089785
B*07:39,Bw6,1,IPD_API,2026-02-19 18:48:42.089785
B*07:390,Bw6,1,IPD_API,2026-02-19 18:48:42.089785
B*07:391,Bw6,1,IPD_API,2026-02-19 18:48:42.089785
B*07:392,Bw6,1,IPD_API,2026-02-19 18:48:42.089785
B*07:393,Bw6,1,IPD_API,2026-02-19 18:48:42.089785
B*07:394,Bw6,1,IPD_API,2026-02-19 18:48:42.089785
B*07:395,Bw6,1,IPD_API,2026-02-19 18:48:42.089785
B*07:396,Bw6,1,IPD_API,2026-02-19 18:48:42.089785
B*07:397,Bw6,1,IPD_API,2026-02-19 18:48:42.089785
B*07:398,Bw6,1,IPD_API,2026-02-19 18:48:42.089785
B*07:399,Bw6,1,IPD_API,2026-02-19 18:48:42.089785
B*07:40,Bw6,1,IPD_API,2026-02-19 18:48:42.089785
B*07:400,Bw6,1,IPD_API,2026-02-19 18:48:42.089785
B*07:401,Bw6,1,IPD_API,2026-02-19 18:48:42.089785
B*07:402,Bw6,1,IPD_API,2026-02-19 18:48:42.089785
B*07:403,Bw6,1,IPD_API,2026-02-19 18:48:42.089785
B*07:404,Bw6,1,IPD_API,2026-02-19 18:48:42.089785
B*07:405,Bw6,1,IPD_API,2026-02-19 18:48:42.089785
B*07:406,Bw6,1,IPD_API,2026-02-19 18:48:42.089785
B*07:407,Bw6,1,IPD_API,2026-02-19 18:48:42.089785
B*07:408,Bw6,1,IPD_API,2026-02-19 18:48:42.089785
B*07:409,Bw6,1,IPD_API,2026-02-19 18:48:42.089785
B*07:41,Bw6,1,IPD_API,2026-02-19 18:48:42.089785
B*07:410,Bw6,1,IPD_API,2026-02-19 18:48:42.089785
B*07:411,Bw6,1,IPD_API,2026-02-19 18:48:42.089785
B*07:412,Bw6,1,IPD_API,2026-02-19 18:48:42.089785
B*07:413,Bw6,1,IPD_API,2026-02-19 18:48:42.089785
B*07:414,Bw6,1,IPD_API,2026-02-19 18:48:42.089785
B*07:416,Bw6,1,IPD_API,2026-02-19 18:48:42.089785
B*07:417,Bw6,1,IPD_API,2026-02-19 18:48:42.089785
B*07:418,Bw6,1,IPD_API,2026-02-19 18:48:42.089785
B*07:419,Bw6,1,IPD_API,2026-02-19 18:48:42.089785
B*07:42,Bw6,1,IPD_API,2026-02-19 18:48:42.089785
B*07:420,Bw6,1,IPD_API,2026-02-19 18:48:42.089785
B*07:421,Bw6,1,IPD_API,2026-02-19 18:48:42.089785
B*07:422,Bw6,1,IPD_API,2026-02-19 18:48:42.089785
B*07:423,Bw6,1,IPD_API,2026-02-19 18:48:42.089785
B*07:424,Bw6,1,IPD_API,2026-02-19 18:48:42.089785
B*07:426,Bw6,1,IPD_API,2026-02-19 18:48:42.089785
B*07:427,Bw6,1,IPD_API,2026-02-19 18:48:42.089785
B*07:428,Bw6,1,IPD_API,2026-02-19 18:48:42.089785
B*07:429,Bw6,1,IPD_API,2026-02-19 18:48:42.089785
B*07:43,Bw6,1,IPD_API,2026-02-19 18:48:42.089785
B*07:430,Bw6,1,IPD_API,2026-02-19 18:48:42.089785
B*07:431,Bw6,1,IPD_API,2026-02-19 18:48:42.089785
B*07:432,Bw6,1,IPD_API,2026-02-19 18:48:42.089785
B*07:433,Bw6,1,IPD_API,2026-02-19 18:48:42.089785
B*07:434,Bw6,1,IPD_API,2026-02-19 18:48:42.089785
B*07:436,Bw6,1,IPD_API,2026-02-19 18:48:42.089785
B*07:437,Bw6,1,IPD_API,2026-02-19 18:48:42.089785
B*07:438,Bw6,1,IPD_API,2026-02-19 18:48:42.089785
B*07:439,Bw6,1,IPD_API,2026-02-19 18:48:42.089785
B*07:440,Bw6,1,IPD_API,2026-02-19 18:48:42.089785
B*07:441,Bw6,1,IPD_API,2026-02-19 18:48:42.089785
B*07:442,Bw6,1,IPD_API,2026-02-19 18:48:42.089785
B*07:443,Bw6,1,IPD_API,2026-02-19 18:48:42.089785
B*07:444,Bw6,1,IPD_API,2026-02-19 18:48:42.089785
B*07:445,Bw6,1,IPD_API,2026-02-19 18:48:42.089785
B*07:447,Bw6,1,IPD_API,2026-02-19 18:48:42.089785
B*07:448,Bw6,1,IPD_API,2026-02-19 18:48:42.089785
B*07:449,Bw6,1,IPD_API,2026-02-19 18:48:42.089785
B*07:45,Bw6,1,IPD_API,2026-02-19 18:48:42.089785
B*07:450,Bw6,1,IPD_API,2026-02-19 18:48:42.089785
B*07:451,Bw6,1,IPD_API,2026-02-19 18:48:42.089785
B*07:452,Bw6,1,IPD_API,2026-02-19 18:48:42.089785
B*07:453,Bw4 - 80T,1,IPD_API,2026-02-19 18:48:42.089785
B*07:454,Bw6,1,IPD_API,2026-02-19 18:48:42.089785
B*07:455,Bw6,1,IPD_API,2026-02-19 18:48:42.089785
B*07:456,Bw6,1,IPD_API,2026-02-19 18:48:42.089785
B*07:457,Bw6,1,IPD_API,2026-02-19 18:48:42.089785
B*07:458,Bw6,1,IPD_API,2026-02-19 18:48:42.089785
B*07:459,Bw6,1,IPD_API,2026-02-19 18:48:42.089785
B*07:46,Bw6,1,IPD_API,2026-02-19 18:48:42.089785
B*07:461,Bw6,1,IPD_API,2026-02-19 18:48:42.089785
B*07:462,Bw6,1,IPD_API,2026-02-19 18:48:42.089785
B*07:464,Bw6,1,IPD_API,2026-02-19 18:48:42.089785
B*07:465,Bw6,1,IPD_API,2026-02-19 18:48:42.089785
B*07:466,Bw6,1,IPD_API,2026-02-19 18:48:42.089785
B*07:467,Bw6,1,IPD_API,2026-02-19 18:48:42.089785
B*07:47,Bw6,1,IPD_API,2026-02-19 18:48:42.089785
B*07:470,Bw6,1,IPD_API,2026-02-19 18:48:42.089785
B*07:471,Bw6,1,IPD_API,2026-02-19 18:48:42.089785
B*07:473,Bw6,1,IPD_API,2026-02-19 18:48:42.089785
B*07:474,Bw6,1,IPD_API,2026-02-19 18:48:42.089785
B*07:475,Bw6,1,IPD_API,2026-02-19 18:48:42.089785
B*07:477,Bw6,1,IPD_API,2026-02-19 18:48:42.089785
B*07:478,Bw6,1,IPD_API,2026-02-19 18:48:42.089785
B*07:48,Bw6,2,IPD_API,2026-02-19 18:48:42.089785
B*07:480,Bw6,1,IPD_API,2026-02-19 18:48:42.089785
B*07:482,Bw6,1,IPD_API,2026-02-19 18:48:42.089785
B*07:483,Bw6,1,IPD_API,2026-02-19 18:48:42.089785
B*07:484,Bw6,1,IPD_API,2026-02-19 18:48:42.089785
B*07:485,Bw6,1,IPD_API,2026-02-19 18:48:42.089785
B*07:486,Bw6,1,IPD_API,2026-02-19 18:48:42.089785
B*07:487,Bw6,1,IPD_API,2026-02-19 18:48:42.089785
B*07:488,Bw6,1,IPD_API,2026-02-19 18:48:42.089785
B*07:489,Bw6,1,IPD_API,2026-02-19 18:48:42.089785
B*07:490,Bw6,1,IPD_API,2026-02-19 18:48:42.089785
B*07:491,Bw6,1,IPD_API,2026-02-19 18:48:42.089785
B*07:492,Bw6,1,IPD_API,2026-02-19 18:48:42.089785
B*07:493,Bw6,1,IPD_API,2026-02-19 18:48:42.089785
B*07:494,Bw6,1,IPD_API,2026-02-19 18:48:42.089785
B*07:495,Bw6,1,IPD_API,2026-02-19 18:48:42.089785
B*07:496,Bw6,1,IPD_API,2026-02-19 18:48:42.089785
B*07:497,Bw6,1,IPD_API,2026-02-19 18:48:42.089785
B*07:498,Bw6,1,IPD_API,2026-02-19 18:48:42.089785
B*07:499,Bw6,1,IPD_API,2026-02-19 18:48:42.089785
B*07:50,Bw6,1,IPD_API,2026-02-19 18:48:42.089785
B*07:500,Bw6,1,IPD_API,2026-02-19 18:48:42.089785
B*07:501,Bw6,1,IPD_API,2026-02-19 18:48:42.089785
B*07:502,Bw6,1,IPD_API,2026-02-19 18:48:42.089785
B*07:503,Bw6,1,IPD_API,2026-02-19 18:48:42.089785
B*07:504,Bw6,1,IPD_API,2026-02-19 18:48:42.089785
B*07:505,Bw6,1,IPD_API,2026-02-19 18:48:42.089785
B*07:506,Bw6,1,IPD_API,2026-02-19 18:48:42.089785
B*07:507,Bw6,1,IPD_API,2026-02-19 18:48:42.089785
B*07:508,Bw6,1,IPD_API,2026-02-19 18:48:42.089785
B*07:51,Bw6,1,IPD_API,2026-02-19 18:48:42.089785
B*07:510,Bw6,1,IPD_API,2026-02-19 18:48:42.089785
B*07:511,Bw6,1,IPD_API,2026-02-19 18:48:42.089785
B*07:512,Bw6,1,IPD_API,2026-02-19 18:48:42.089785
B*07:513,Bw6,1,IPD_API,2026-02-19 18:48:42.089785
B*07:514,Bw6,1,IPD_API,2026-02-19 18:48:42.089785
B*07:515,Bw6,1,IPD_API,2026-02-19 18:48:42.089785
B*07:516,Bw6,2,IPD_API,2026-02-19 18:48:42.089785
B*07:517,Bw6,1,IPD_API,2026-02-19 18:48:42.089785
B*07:518,Bw6,1,IPD_API,2026-02-19 18:48:42.089785
B*07:519,Bw6,1,IPD_API,2026-02-19 18:48:42.089785
B*07:52,Bw6,1,IPD_API,2026-02-19 18:48:42.089785
B*07:521,Bw6,1,IPD_API,2026-02-19 18:48:42.089785
B*07:522,Bw6,1,IPD_API,2026-02-19 18:48:42.089785
B*07:523,Bw6,1,IPD_API,2026-02-19 18:48:42.089785
B*07:524,Bw6,1,IPD_API,2026-02-19 18:48:42.089785
B*07:525,Bw6,1,IPD_API,2026-02-19 18:48:42.089785
B*07:527,Bw6,1,IPD_API,2026-02-19 18:48:42.089785
B*07:528,Bw6,1,IPD_API,2026-02-19 18:48:42.089785
B*07:529,Bw6,1,IPD_API,2026-02-19 18:48:42.089785
B*07:53,Bw6,1,IPD_API,2026-02-19 18:48:42.089785
B*07:530,Bw6,1,IPD_API,2026-02-19 18:48:42.089785
B*07:531,Bw6,1,IPD_API,2026-02-19 18:48:42.089785
B*07:532,Bw6,1,IPD_API,2026-02-19 18:48:42.089785
B*07:533,Bw6,1,IPD_API,2026-02-19 18:48:42.089785
B*07:534,Bw6,1,IPD_API,2026-02-19 18:48:42.089785
B*07:535,Bw6,1,IPD_API,2026-02-19 18:48:42.089785
B*07:536,Bw6,1,IPD_API,2026-02-19 18:48:42.089785
B*07:537,Bw6,1,IPD_API,2026-02-19 18:48:42.089785
B*07:538,Bw6,1,IPD_API,2026-02-19 18:48:42.089785
B*07:539,Bw6,1,IPD_API,2026-02-19 18:48:42.089785
B*07:54,Bw6,1,IPD_API,2026-02-19 18:48:42.089785
B*07:540,Bw6,1,IPD_API,2026-02-19 18:48:42.089785
B*07:541,Bw6,1,IPD_API,2026-02-19 18:48:42.089785
B*07:542,Bw6,1,IPD_API,2026-02-19 18:48:42.089785
B*07:543,Bw6,1,IPD_API,2026-02-19 18:48:42.089785
B*07:544,Bw6,1,IPD_API,2026-02-19 18:48:42.089785
B*07:545,Bw6,1,IPD_API,2026-02-19 18:48:42.089785
B*07:546,Bw6,1,IPD_API,2026-02-19 18:48:42.089785
B*07:547,Bw6,1,IPD_API,2026-02-19 18:48:42.089785
B*07:55,Bw6,1,IPD_API,2026-02-19 18:48:42.089785
B*07:56,Bw6,3,IPD_API,2026-02-19 18:48:42.089785
B*07:58,Bw6,1,IPD_API,2026-02-19 18:48:42.089785
B*07:59,Bw6,1,IPD_API,2026-02-19 18:48:42.089785
B*07:60,Bw6,1,IPD_API,2026-02-19 18:48:42.089785
B*07:61,Bw6,1,IPD_API,2026-02-19 18:48:42.089785
B*07:62,Bw6,2,IPD_API,2026-02-19 18:48:42.089785
B*07:63,Bw6,1,IPD_API,2026-02-19 18:48:42.089785
B*07:64,Bw6,1,IPD_API,2026-02-19 18:48:42.089785
B*07:65,Bw6,1,IPD_API,2026-02-19 18:48:42.089785
B*07:66,Bw6,1,IPD_API,2026-02-19 18:48:42.089785
B*07:68,Bw6,3,IPD_API,2026-02-19 18:48:42.089785
B*07:69,Bw6,1,IPD_API,2026-02-19 18:48:42.089785
B*07:70,Bw6,1,IPD_API,2026-02-19 18:48:42.089785
B*07:71,Bw6,1,IPD_API,2026-02-19 18:48:42.089785
B*07:72,Bw6,1,IPD_API,2026-02-19 18:48:42.089785
B*07:73,Bw6,1,IPD_API,2026-02-19 18:48:42.089785
B*07:74,Bw6,1,IPD_API,2026-02-19 18:48:42.089785
B*07:76,Bw6,1,IPD_API,2026-02-19 18:48:42.089785
B*07:77,Bw6,1,IPD_API,2026-02-19 18:48:42.089785
B*07:78,Bw6,1,IPD_API,2026-02-19 18:48:42.089785
B*07:79,Bw4 - 80N,1,IPD_API,2026-02-19 18:48:42.089785
B*07:80,Bw6,1,IPD_API,2026-02-19 18:48:42.089785
B*07:82,Bw6,1,IPD_API,2026-02-19 18:48:42.089785
B*07:83,Bw6,1,IPD_API,2026-02-19 18:48:42.089785
B*07:84,Bw6,1,IPD_API,2026-02-19 18:48:42.089785
B*07:85,Bw6,2,IPD_API,2026-02-19 18:48:42.089785
B*07:86,Bw6,1,IPD_API,2026-02-19 18:48:42.089785
B*07:87,Bw6,1,IPD_API,2026-02-19 18:48:42.089785
B*07:88,Bw6,1,IPD_API,2026-02-19 18:48:42.089785
B*07:89,Bw6,1,IPD_API,2026-02-19 18:48:42.089785
B*07:90,Bw6,1,IPD_API,2026-02-19 18:48:42.089785
B*07:91,Bw6,1,IPD_API,2026-02-19 18:48:42.089785
B*07:92,Bw6,1,IPD_API,2026-02-19 18:48:42.089785
B*07:93,Bw6,2,IPD_API,2026-02-19 18:48:42.089785
B*07:94,Bw6,1,IPD_API,2026-02-19 18:48:42.089785
B*07:95,Bw6,1,IPD_API,2026-02-19 18:48:42.089785
B*07:96,Bw6,2,IPD_API,2026-02-19 18:48:42.089785
B*07:97,Bw6,1,IPD_API,2026-02-19 18:48:42.089785
B*07:98,Bw6,1,IPD_API,2026-02-19 18:48:42.089785
B*07:99,Bw6,1,IPD_API,2026-02-19 18:48:42.089785
B*08:01,Bw6,165,IPD_API,2026-02-19 18:48:42.089785
B*08:02,Bw4 - 80T,1,IPD_API,2026-02-19 18:48:42.089785
B*08:03,Bw4 - 80I,1,IPD_API,2026-02-19 18:48:42.089785
B*08:04,Bw6,2,IPD_API,2026-02-19 18:48:42.089785
B*08:05,Bw6,1,IPD_API,2026-02-19 18:48:42.089785
B*08:07,Bw6,1,IPD_API,2026-02-19 18:48:42.089785
B*08:09,Bw6,1,IPD_API,2026-02-19 18:48:42.089785
B*08:10,Bw6,1,IPD_API,2026-02-19 18:48:42.089785
B*08:100,Bw6,1,IPD_API,2026-02-19 18:48:42.089785
B*08:101,Bw6,1,IPD_API,2026-02-19 18:48:42.089785
B*08:102,Bw6,1,IPD_API,2026-02-19 18:48:42.089785
B*08:103,Bw6,1,IPD_API,2026-02-19 18:48:42.089785
B*08:104,Bw6,1,IPD_API,2026-02-19 18:48:42.089785
B*08:105,Bw6,1,IPD_API,2026-02-19 18:48:42.089785
B*08:106,Bw6,1,IPD_API,2026-02-19 18:48:42.089785
B*08:107,Bw6,1,IPD_API,2026-02-19 18:48:42.089785
B*08:108,Bw6,1,IPD_API,2026-02-19 18:48:42.089785
B*08:109,Bw6,1,IPD_API,2026-02-19 18:48:42.089785
B*08:11,Bw6,1,IPD_API,2026-02-19 18:48:42.089785
B*08:110,Bw6,1,IPD_API,2026-02-19 18:48:42.089785
B*08:111,Bw6,2,IPD_API,2026-02-19 18:48:42.089785
B*08:112,Bw6,1,IPD_API,2026-02-19 18:48:42.089785
B*08:113,Bw6,1,IPD_API,2026-02-19 18:48:42.089785
B*08:114,Bw6,1,IPD_API,2026-02-19 18:48:42.089785
B*08:115,Bw6,1,IPD_API,2026-02-19 18:48:42.089785
B*08:116,Bw6,1,IPD_API,2026-02-19 18:48:42.089785
B*08:117,Bw4 - 80T,1,IPD_API,2026-02-19 18:48:42.089785
B*08:118,Bw6,1,IPD_API,2026-02-19 18:48:42.089785
B*08:119,Bw6,1,IPD_API,2026-02-19 18:48:42.089785
B*08:12,Bw6,3,IPD_API,2026-02-19 18:48:42.089785
B*08:120,Bw6,1,IPD_API,2026-02-19 18:48:42.089785
B*08:121,Bw6,1,IPD_API,2026-02-19 18:48:42.089785
B*08:122,Bw6,1,IPD_API,2026-02-19 18:48:42.089785
B*08:123,Bw6,1,IPD_API,2026-02-19 18:48:42.089785
B*08:124,Bw6,1,IPD_API,2026-02-19 18:48:42.089785
B*08:125,Bw6,1,IPD_API,2026-02-19 18:48:42.089785
B*08:126,Bw4 - 80T,1,IPD_API,2026-02-19 18:48:42.089785
B*08:127,Bw6,1,IPD_API,2026-02-19 18:48:42.089785
B*08:128,Bw6,1,IPD_API,2026-02-19 18:48:42.089785
B*08:129,Bw6,1,IPD_API,2026-02-19 18:48:42.089785
B*08:13,Bw6,1,IPD_API,2026-02-19 18:48:42.089785
B*08:130,Bw6,1,IPD_API,2026-02-19 18:48:42.089785
B*08:131,Bw6,1,IPD_API,2026-02-19 18:48:42.089785
B*08:132,Bw6,1,IPD_API,2026-02-19 18:48:42.089785
B*08:133,Bw6,1,IPD_API,2026-02-19 18:48:42.089785
B*08:134,Bw6,1,IPD_API,2026-02-19 18:48:42.089785
B*08:135,Bw6,1,IPD_API,2026-02-19 18:48:42.089785
B*08:136,Bw6,1,IPD_API,2026-02-19 18:48:42.089785
B*08:137,Bw6,1,IPD_API,2026-02-19 18:48:42.089785
B*08:138,Bw6,1,IPD_API,2026-02-19 18:48:42.089785
B*08:139,Bw6,1,IPD_API,2026-02-19 18:48:42.089785
B*08:14,Bw6,1,IPD_API,2026-02-19 18:48:42.089785
B*08:140,Bw6,1,IPD_API,2026-02-19 18:48:42.089785
B*08:141,Bw6,1,IPD_API,2026-02-19 18:48:42.089785
B*08:142,Bw6,1,IPD_API,2026-02-19 18:48:42.089785
B*08:143,Bw6,1,IPD_API,2026-02-19 18:48:42.089785
B*08:144,Bw6,1,IPD_API,2026-02-19 18:48:42.089785
B*08:145,Bw6,1,IPD_API,2026-02-19 18:48:42.089785
B*08:146,Bw6,1,IPD_API,2026-02-19 18:48:42.089785
B*08:147,Bw6,1,IPD_API,2026-02-19 18:48:42.089785
B*08:149,Bw6,1,IPD_API,2026-02-19 18:48:42.089785
B*08:15,Bw6,1,IPD_API,2026-02-19 18:48:42.089785
B*08:150,Bw6,1,IPD_API,2026-02-19 18:48:42.089785
B*08:151,Bw6,1,IPD_API,2026-02-19 18:48:42.089785
B*08:152,Bw6,1,IPD_API,2026-02-19 18:48:42.089785
B*08:153,Bw6,1,IPD_API,2026-02-19 18:48:42.089785
B*08:154,Bw6,1,IPD_API,2026-02-19 18:48:42.089785
B*08:155,Bw6,1,IPD_API,2026-02-19 18:48:42.089785
B*08:156,Bw6,1,IPD_API,2026-02-19 18:48:42.089785
B*08:157,Bw6,1,IPD_API,2026-02-19 18:48:42.089785
B*08:158,Bw6,1,IPD_API,2026-02-19 18:48:42.089785
B*08:159,Bw6,1,IPD_API,2026-02-19 18:48:42.089785
B*08:16,Bw6,1,IPD_API,2026-02-19 18:48:42.089785
B*08:160,Bw6,1,IPD_API,2026-02-19 18:48:42.089785
B*08:161,Bw6,1,IPD_API,2026-02-19 18:48:42.089785
B*08:162,Bw6,1,IPD_API,2026-02-19 18:48:42.089785
B*08:163,Bw6,1,IPD_API,2026-02-19 18:48:42.089785
B*08:164,Bw6,1,IPD_API,2026-02-19 18:48:42.089785
B*08:165,Bw6,1,IPD_API,2026-02-19 18:48:42.089785
B*08:166,Bw6,1,IPD_API,2026-02-19 18:48:42.089785
B*08:167,Bw6,1,IPD_API,2026-02-19 18:48:42.089785
B*08:168,Bw6,1,IPD_API,2026-02-19 18:48:42.089785
B*08:169,Bw6,1,IPD_API,2026-02-19 18:48:42.089785
B*08:170,Bw6,1,IPD_API,2026-02-19 18:48:42.089785
B*08:171,Bw6,1,IPD_API,2026-02-19 18:48:42.089785
B*08:172,Bw6,1,IPD_API,2026-02-19 18:48:42.089785
B*08:173,Bw6,1,IPD_API,2026-02-19 18:48:42.089785
B*08:174,Bw6,1,IPD_API,2026-02-19 18:48:42.089785
B*08:175,Bw6,1,IPD_API,2026-02-19 18:48:42.089785
B*08:176,Bw6,1,IPD_API,2026-02-19 18:48:42.089785
B*08:177,Bw6,1,IPD_API,2026-02-19 18:48:42.089785
B*08:178,Bw6,1,IPD_API,2026-02-19 18:48:42.089785
B*08:179,Bw6,1,IPD_API,2026-02-19 18:48:42.089785
B*08:18,Bw6,1,IPD_API,2026-02-19 18:48:42.089785
B*08:180,Bw6,1,IPD_API,2026-02-19 18:48:42.089785
B*08:181,Bw6,1,IPD_API,2026-02-19 18:48:42.089785
B*08:182,Bw6,1,IPD_API,2026-02-19 18:48:42.089785
B*08:183,Bw6,1,IPD_API,2026-02-19 18:48:42.089785
B*08:184,Bw6,1,IPD_API,2026-02-19 18:48:42.089785
B*08:185,Bw6,1,IPD_API,2026-02-19 18:48:42.089785
B*08:186,Bw6,1,IPD_API,2026-02-19 18:48:42.089785
B*08:187,Bw6,1,IPD_API,2026-02-19 18:48:42.089785
B*08:188,Bw6,1,IPD_API,2026-02-19 18:48:42.089785
B*08:189,Bw6,2,IPD_API,2026-02-19 18:48:42.089785
B*08:190,Bw6,1,IPD_API,2026-02-19 18:48:42.089785
B*08:191,Bw6,1,IPD_API,2026-02-19 18:48:42.089785
B*08:192,Bw6,1,IPD_API,2026-02-19 18:48:42.089785
B*08:193,Bw6,1,IPD_API,2026-02-19 18:48:42.089785
B*08:194,Bw6,1,IPD_API,2026-02-19 18:48:42.089785
B*08:195,Bw6,1,IPD_API,2026-02-19 18:48:42.089785
B*08:196,Bw6,1,IPD_API,2026-02-19 18:48:42.089785
B*08:197,Bw6,1,IPD_API,2026-02-19 18:48:42.089785
B*08:198,Bw6,1,IPD_API,2026-02-19 18:48:42.089785
B*08:199,Bw6,1,IPD_API,2026-02-19 18:48:42.089785
B*08:20,Bw6,2,IPD_API,2026-02-19 18:48:42.089785
B*08:200,Bw6,1,IPD_API,2026-02-19 18:48:42.089785
B*08:201,Bw6,1,IPD_API,2026-02-19 18:48:42.089785
B*08:202,Bw6,1,IPD_API,2026-02-19 18:48:42.089785
B*08:203,Bw6,1,IPD_API,2026-02-19 18:48:42.089785
B*08:204,Bw6,1,IPD_API,2026-02-19 18:48:42.089785
B*08:205,Bw6,1,IPD_API,2026-02-19 18:48:42.089785
B*08:206,Bw6,1,IPD_API,2026-02-19 18:48:42.089785
B*08:207,Bw6,1,IPD_API,2026-02-19 18:48:42.089785
B*08:208,Bw6,1,IPD_API,2026-02-19 18:48:42.089785
B*08:209,Bw6,1,IPD_API,2026-02-19 18:48:42.089785
B*08:21,Bw6,1,IPD_API,2026-02-19 18:48:42.089785
B*08:210,Bw6,1,IPD_API,2026-02-19 18:48:42.089785
B*08:211,Bw6,1,IPD_API,2026-02-19 18:48:42.089785
B*08:212,Bw6,1,IPD_API,2026-02-19 18:48:42.089785
B*08:213,Bw6,2,IPD_API,2026-02-19 18:48:42.089785
B*08:216,Bw4 - 80N,1,IPD_API,2026-02-19 18:48:42.089785
B*08:217,Bw6,1,IPD_API,2026-02-19 18:48:42.089785
B*08:218,Bw6,1,IPD_API,2026-02-19 18:48:42.089785
B*08:219,Bw6,1,IPD_API,2026-02-19 18:48:42.089785
B*08:22,Bw6,1,IPD_API,2026-02-19 18:48:42.089785
B*08:221,Bw6,1,IPD_API,2026-02-19 18:48:42.089785
B*08:222,Bw6,1,IPD_API,2026-02-19 18:48:42.089785
B*08:223,Bw6,1,IPD_API,2026-02-19 18:48:42.089785
B*08:224,Bw6,1,IPD_API,2026-02-19 18:48:42.089785
B*08:225,Bw6,1,IPD_API,2026-02-19 18:48:42.089785
B*08:226,Bw6,1,IPD_API,2026-02-19 18:48:42.089785
B*08:227,Bw6,1,IPD_API,2026-02-19 18:48:42.089785
B*08:228,Bw6,1,IPD_API,2026-02-19 18:48:42.089785
B*08:23,Bw6,1,IPD_API,2026-02-19 18:48:42.089785
B*08:230,Bw6,1,IPD_API,2026-02-19 18:48:42.089785
B*08:231,Bw6,1,IPD_API,2026-02-19 18:48:42.089785
B*08:232,Bw6,1,IPD_API,2026-02-19 18:48:42.089785
B*08:233,Bw6,1,IPD_API,2026-02-19 18:48:42.089785
B*08:234,Bw6,1,IPD_API,2026-02-19 18:48:42.089785
B*08:235,Bw6,1,IPD_API,2026-02-19 18:48:42.089785
B*08:237,Bw6,1,IPD_API,2026-02-19 18:48:42.089785
B*08:238,Bw6,1,IPD_API,2026-02-19 18:48:42.089785
B*08:239,Bw6,1,IPD_API,2026-02-19 18:48:42.089785
B*08:24,Bw6,1,IPD_API,2026-02-19 18:48:42.089785
B*08:240,Bw6,1,IPD_API,2026-02-19 18:48:42.089785
B*08:241,Bw6,1,IPD_API,2026-02-19 18:48:42.089785
B*08:242,Bw6,1,IPD_API,2026-02-19 18:48:42.089785
B*08:243,Bw6,1,IPD_API,2026-02-19 18:48:42.089785
B*08:244,Bw6,1,IPD_API,2026-02-19 18:48:42.089785
B*08:245,Bw6,1,IPD_API,2026-02-19 18:48:42.089785
B*08:246,Bw6,1,IPD_API,2026-02-19 18:48:42.089785
B*08:247,Bw6,1,IPD_API,2026-02-19 18:48:42.089785
B*08:248,Bw6,1,IPD_API,2026-02-19 18:48:42.089785
B*08:249,Bw6,1,IPD_API,2026-02-19 18:48:42.089785
B*08:25,Bw6,1,IPD_API,2026-02-19 18:48:42.089785
B*08:250,Bw6,1,IPD_API,2026-02-19 18:48:42.089785
B*08:251,Bw6,1,IPD_API,2026-02-19 18:48:42.089785
B*08:253,Bw6,1,IPD_API,2026-02-19 18:48:42.089785
B*08:254,Bw6,1,IPD_API,2026-02-19 18:48:42.089785
B*08:255,Bw4 - 80T,1,IPD_API,2026-02-19 18:48:42.089785
B*08:256,Bw6,1,IPD_API,2026-02-19 18:48:42.089785
B*08:257,Bw6,1,IPD_API,2026-02-19 18:48:42.089785
B*08:258,Bw6,1,IPD_API,2026-02-19 18:48:42.089785
B*08:259,Bw6,1,IPD_API,2026-02-19 18:48:42.089785
B*08:26,Bw6,3,IPD_API,2026-02-19 18:48:42.089785
B*08:260,Bw6,1,IPD_API,2026-02-19 18:48:42.089785
B*08:261,Bw6,1,IPD_API,2026-02-19 18:48:42.089785
B*08:262,Bw6,1,IPD_API,2026-02-19 18:48:42.089785
B*08:263,Bw6,1,IPD_API,2026-02-19 18:48:42.089785
B*08:264,Bw6,1,IPD_API,2026-02-19 18:48:42.089785
B*08:265,Bw6,1,IPD_API,2026-02-19 18:48:42.089785
B*08:266,Bw6,1,IPD_API,2026-02-19 18:48:42.089785
B*08:267,Bw6,1,IPD_API,2026-02-19 18:48:42.089785
B*08:268,Bw6,1,IPD_API,2026-02-19 18:48:42.089785
B*08:269,Bw6,1,IPD_API,2026-02-19 18:48:42.089785
B*08:27,Bw6,1,IPD_API,2026-02-19 18:48:42.089785
B*08:270,Bw6,1,IPD_API,2026-02-19 18:48:42.089785
B*08:271,Bw4 - 80T,1,IPD_API,2026-02-19 18:48:42.089785
B*08:272,Bw6,1,IPD_API,2026-02-19 18:48:42.089785
B*08:273,Bw6,1,IPD_API,2026-02-19 18:48:42.089785
B*08:274,Bw6,1,IPD_API,2026-02-19 18:48:42.089785
B*08:275,Bw6,1,IPD_API,2026-02-19 18:48:42.089785
B*08:276,Bw6,1,IPD_API,2026-02-19 18:48:42.089785
B*08:277,Bw6,1,IPD_API,2026-02-19 18:48:42.089785
B*08:278,Bw6,1,IPD_API,2026-02-19 18:48:42.089785
B*08:28,Bw6,1,IPD_API,2026-02-19 18:48:42.089785
B*08:280,Bw6,1,IPD_API,2026-02-19 18:48:42.089785
B*08:281,Bw6,2,IPD_API,2026-02-19 18:48:42.089785
B*08:282,Bw6,1,IPD_API,2026-02-19 18:48:42.089785
B*08:283,Bw6,1,IPD_API,2026-02-19 18:48:42.089785
B*08:284,Bw6,1,IPD_API,2026-02-19 18:48:42.089785
B*08:285,Bw6,1,IPD_API,2026-02-19 18:48:42.089785
B*08:286,Bw6,1,IPD_API,2026-02-19 18:48:42.089785
B*08:288,Bw6,1,IPD_API,2026-02-19 18:48:42.089785
B*08:289,Bw6,1,IPD_API,2026-02-19 18:48:42.089785
B*08:29,Bw6,1,IPD_API,2026-02-19 18:48:42.089785
B*08:290,Bw6,1,IPD_API,2026-02-19 18:48:42.089785
B*08:291,Bw6,1,IPD_API,2026-02-19 18:48:42.089785
B*08:292,Bw6,1,IPD_API,2026-02-19 18:48:42.089785
B*08:294,Bw6,1,IPD_API,2026-02-19 18:48:42.089785
B*08:296,Bw6,1,IPD_API,2026-02-19 18:48:42.089785
B*08:297,Bw6,1,IPD_API,2026-02-19 18:48:42.089785
B*08:298,Bw6,1,IPD_API,2026-02-19 18:48:42.089785
B*08:299,Bw6,1,IPD_API,2026-02-19 18:48:42.089785
B*08:300,Bw6,1,IPD_API,2026-02-19 18:48:42.089785
B*08:301,Bw6,1,IPD_API,2026-02-19 18:48:42.089785
B*08:302,Bw6,1,IPD_API,2026-02-19 18:48:42.089785
B*08:303,Bw6,1,IPD_API,2026-02-19 18:48:42.089785
B*08:304,Bw6,1,IPD_API,2026-02-19 18:48:42.089785
B*08:305,Bw6,1,IPD_API,2026-02-19 18:48:42.089785
B*08:306,Bw6,1,IPD_API,2026-02-19 18:48:42.089785
B*08:307,Bw6,1,IPD_API,2026-02-19 18:48:42.089785
B*08:308,Bw6,1,IPD_API,2026-02-19 18:48:42.089785
B*08:309,Bw6,1,IPD_API,2026-02-19 18:48:42.089785
B*08:31,Bw6,1,IPD_API,2026-02-19 18:48:42.089785
B*08:310,Bw6,1,IPD_API,2026-02-19 18:48:42.089785
B*08:311,Bw6,1,IPD_API,2026-02-19 18:48:42.089785
B*08:312,Bw6,1,IPD_API,2026-02-19 18:48:42.089785
B*08:313,Bw6,1,IPD_API,2026-02-19 18:48:42.089785
B*08:314,Bw6,1,IPD_API,2026-02-19 18:48:42.089785
B*08:315,Bw6,1,IPD_API,2026-02-19 18:48:42.089785
B*08:316,Bw6,1,IPD_API,2026-02-19 18:48:42.089785
B*08:317,Bw6,1,IPD_API,2026-02-19 18:48:42.089785
B*08:318,Bw6,1,IPD_API,2026-02-19 18:48:42.089785
B*08:319,Bw6,1,IPD_API,2026-02-19 18:48:42.089785
B*08:32,Bw6,1,IPD_API,2026-02-19 18:48:42.089785
B*08:320,Bw6,1,IPD_API,2026-02-19 18:48:42.089785
B*08:321,Bw6,1,IPD_API,2026-02-19 18:48:42.089785
B*08:322,Bw6,1,IPD_API,2026-02-19 18:48:42.089785
B*08:323,Bw6,1,IPD_API,2026-02-19 18:48:42.089785
B*08:324,Bw6,1,IPD_API,2026-02-19 18:48:42.089785
B*08:325,Bw6,1,IPD_API,2026-02-19 18:48:42.089785
B*08:326,Bw6,1,IPD_API,2026-02-19 18:48:42.089785
B*08:327,Bw6,1,IPD_API,2026-02-19 18:48:42.089785
B*08:329,Bw6,1,IPD_API,2026-02-19 18:48:42.089785
B*08:33,Bw6,1,IPD_API,2026-02-19 18:48:42.089785
B*08:330,Bw6,1,IPD_API,2026-02-19 18:48:42.089785
B*08:331,Bw6,1,IPD_API,2026-02-19 18:48:42.089785
B*08:332,Bw6,1,IPD_API,2026-02-19 18:48:42.089785
B*08:334,Bw6,1,IPD_API,2026-02-19 18:48:42.089785
B*08:335,Bw6,1,IPD_API,2026-02-19 18:48:42.089785
B*08:337,Bw6,1,IPD_API,2026-02-19 18:48:42.089785
B*08:338,Bw6,1,IPD_API,2026-02-19 18:48:42.089785
B*08:339,Bw6,1,IPD_API,2026-02-19 18:48:42.089785
B*08:34,Bw6,1,IPD_API,2026-02-19 18:48:42.089785
B*08:340,Bw6,1,IPD_API,2026-02-19 18:48:42.089785
B*08:342,Bw6,1,IPD_API,2026-02-19 18:48:42.089785
B*08:343,Bw6,1,IPD_API,2026-02-19 18:48:42.089785
B*08:344,Bw6,1,IPD_API,2026-02-19 18:48:42.089785
B*08:35,Bw6,1,IPD_API,2026-02-19 18:48:42.089785
B*08:36,Bw6,1,IPD_API,2026-02-19 18:48:42.089785
B*08:37,Bw6,1,IPD_API,2026-02-19 18:48:42.089785
B*08:38,Bw6,2,IPD_API,2026-02-19 18:48:42.089785
B*08:39,Bw6,1,IPD_API,2026-02-19 18:48:42.089785
B*08:40,Bw6,1,IPD_API,2026-02-19 18:48:42.089785
B*08:41,Bw6,1,IPD_API,2026-02-19 18:48:42.089785
B*08:42,Bw6,1,IPD_API,2026-02-19 18:48:42.089785
B*08:43,Bw6,1,IPD_API,2026-02-19 18:48:42.089785
B*08:44,Bw6,1,IPD_API,2026-02-19 18:48:42.089785
B*08:45,Bw6,1,IPD_API,2026-02-19 18:48:42.089785
B*08:46,Bw6,1,IPD_API,2026-02-19 18:48:42.089785
B*08:48,Bw6,1,IPD_API,2026-02-19 18:48:42.089785
B*08:49,Bw6,1,IPD_API,2026-02-19 18:48:42.089785
B*08:50,Bw6,1,IPD_API,2026-02-19 18:48:42.089785
B*08:51,Bw6,1,IPD_API,2026-02-19 18:48:42.089785
B*08:53,Bw6,2,IPD_API,2026-02-19 18:48:42.089785
B*08:54,Bw6,2,IPD_API,2026-02-19 18:48:42.089785
B*08:55,Bw6,1,IPD_API,2026-02-19 18:48:42.089785
B*08:56,Bw6,3,IPD_API,2026-02-19 18:48:42.089785
B*08:57,Bw6,1,IPD_API,2026-02-19 18:48:42.089785
B*08:58,Bw6,1,IPD_API,2026-02-19 18:48:42.089785
B*08:59,Bw6,2,IPD_API,2026-02-19 18:48:42.089785
B*08:60,Bw6,1,IPD_API,2026-02-19 18:48:42.089785
B*08:61,Bw6,1,IPD_API,2026-02-19 18:48:42.089785
B*08:62,Bw6,1,IPD_API,2026-02-19 18:48:42.089785
B*08:63,Bw6,1,IPD_API,2026-02-19 18:48:42.089785
B*08:64,Bw6,1,IPD_API,2026-02-19 18:48:42.089785
B*08:65,Bw6,2,IPD_API,2026-02-19 18:48:42.089785
B*08:66,Bw6,1,IPD_API,2026-02-19 18:48:42.089785
B*08:68,Bw6,1,IPD_API,2026-02-19 18:48:42.089785
B*08:69,Bw6,1,IPD_API,2026-02-19 18:48:42.089785
B*08:70,Bw6,1,IPD_API,2026-02-19 18:48:42.089785
B*08:71,Bw6,1,IPD_API,2026-02-19 18:48:42.089785
B*08:73,Bw6,1,IPD_API,2026-02-19 18:48:42.089785
B*08:74,Bw6,1,IPD_API,2026-02-19 18:48:42.089785
B*08:75,Bw6,1,IPD_API,2026-02-19 18:48:42.089785
B*08:76,Bw6,1,IPD_API,2026-02-19 18:48:42.089785
B*08:77,Bw6,1,IPD_API,2026-02-19 18:48:42.089785
B*08:78,Bw4 - 80I,1,IPD_API,2026-02-19 18:48:42.089785
B*08:79,Bw6,2,IPD_API,2026-02-19 18:48:42.089785
B*08:80,Bw6,1,IPD_API,2026-02-19 18:48:42.089785
B*08:81,Bw6,1,IPD_API,2026-02-19 18:48:42.089785
B*08:83,Bw6,1,IPD_API,2026-02-19 18:48:42.089785
B*08:84,Bw6,1,IPD_API,2026-02-19 18:48:42.089785
B*08:85,Bw6,1,IPD_API,2026-02-19 18:48:42.089785
B*08:87,Bw6,1,IPD_API,2026-02-19 18:48:42.089785
B*08:88,Bw6,1,IPD_API,2026-02-19 18:48:42.089785
B*08:89,Bw6,1,IPD_API,2026-02-19 18:48:42.089785
B*08:90,Bw6,1,IPD_API,2026-02-19 18:48:42.089785
B*08:91,Bw6,1,IPD_API,2026-02-19 18:48:42.089785
B*08:92,Bw6,1,IPD_API,2026-02-19 18:48:42.089785
B*08:93,Bw6,1,IPD_API,2026-02-19 18:48:42.089785
B*08:94,Bw6,1,IPD_API,2026-02-19 18:48:42.089785
B*08:95,Bw6,1,IPD_API,2026-02-19 18:48:42.089785
B*08:96,Bw6,2,IPD_API,2026-02-19 18:48:42.089785
B*08:97,Bw6,1,IPD_API,2026-02-19 18:48:42.089785
B*08:98,Bw6,1,IPD_API,2026-02-19 18:48:42.089785
B*08:99,Bw6,1,IPD_API,2026-02-19 18:48:42.089785
B*13:01,Bw4 - 80T,38,IPD_API,2026-02-19 18:48:42.089785
B*13:02,Bw4 - 80T,82,IPD_API,2026-02-19 18:48:42.089785
B*13:03,Bw4 - 80T,1,IPD_API,2026-02-19 18:48:42.089785
B*13:04,Bw4 - 80T,1,IPD_API,2026-02-19 18:48:42.089785
B*13:06,Bw4 - 80T,1,IPD_API,2026-02-19 18:48:42.089785
B*13:08,Bw4 - 80T,1,IPD_API,2026-02-19 18:48:42.089785
B*13:09,Bw6,1,IPD_API,2026-02-19 18:48:42.089785
B*13:10,Bw4 - 80T,1,IPD_API,2026-02-19 18:48:42.089785
B*13:100,Bw4 - 80T,1,IPD_API,2026-02-19 18:48:42.089785
B*13:101,Bw4 - 80T,1,IPD_API,2026-02-19 18:48:42.089785
B*13:102,Bw4 - 80T,1,IPD_API,2026-02-19 18:48:42.089785
B*13:104,Bw4 - 80T,1,IPD_API,2026-02-19 18:48:42.089785
B*13:105,Bw4 - 80T,1,IPD_API,2026-02-19 18:48:42.089785
B*13:106,Bw4 - 80T,1,IPD_API,2026-02-19 18:48:42.089785
B*13:107,Bw4 - 80T,1,IPD_API,2026-02-19 18:48:42.089785
B*13:108,Bw4 - 80T,1,IPD_API,2026-02-19 18:48:42.089785
B*13:109,Bw4 - 80T,1,IPD_API,2026-02-19 18:48:42.089785
B*13:11,Bw4 - 80T,1,IPD_API,2026-02-19 18:48:42.089785
B*13:110,Bw4 - 80T,1,IPD_API,2026-02-19 18:48:42.089785
B*13:111,Bw4 - 80T,1,IPD_API,2026-02-19 18:48:42.089785
B*13:112,Bw4 - 80T,1,IPD_API,2026-02-19 18:48:42.089785
B*13:113,Bw4 - 80T,1,IPD_API,2026-02-19 18:48:42.089785
B*13:114,Bw4 - 80T,1,IPD_API,2026-02-19 18:48:42.089785
B*13:115,Bw4 - 80T,1,IPD_API,2026-02-19 18:48:42.089785
B*13:117,Bw4 - 80T,1,IPD_API,2026-02-19 18:48:42.089785
B*13:118,Bw4 - 80T,1,IPD_API,2026-02-19 18:48:42.089785
B*13:119,Bw4 - 80T,1,IPD_API,2026-02-19 18:48:42.089785
B*13:12,Bw4 - 80T,2,IPD_API,2026-02-19 18:48:42.089785
B*13:120,Bw4 - 80T,1,IPD_API,2026-02-19 18:48:42.089785
B*13:121,Bw4 - 80T,1,IPD_API,2026-02-19 18:48:42.089785
B*13:122,Bw4 - 80T,1,IPD_API,2026-02-19 18:48:42.089785
B*13:123,Bw4 - 80T,1,IPD_API,2026-02-19 18:48:42.089785
B*13:124,Bw4 - 80T,1,IPD_API,2026-02-19 18:48:42.089785
B*13:125,Bw4 - 80T,1,IPD_API,2026-02-19 18:48:42.089785
B*13:126,Bw4 - 80T,1,IPD_API,2026-02-19 18:48:42.089785
B*13:127,Bw4 - 80T,1,IPD_API,2026-02-19 18:48:42.089785
B*13:128,Bw4 - 80T,1,IPD_API,2026-02-19 18:48:42.089785
B*13:129,Bw4 - 80T,1,IPD_API,2026-02-19 18:48:42.089785
B*13:13,Bw4 - 80T,2,IPD_API,2026-02-19 18:48:42.089785
B*13:130,Bw4 - 80T,1,IPD_API,2026-02-19 18:48:42.089785
B*13:131,Bw4 - 80T,1,IPD_API,2026-02-19 18:48:42.089785
B*13:132,Bw4 - 80T,1,IPD_API,2026-02-19 18:48:42.089785
B*13:133,Bw4 - 80T,1,IPD_API,2026-02-19 18:48:42.089785
B*13:134,Bw4 - 80T,1,IPD_API,2026-02-19 18:48:42.089785
B*13:135,Bw4 - 80T,1,IPD_API,2026-02-19 18:48:42.089785
B*13:136,Bw4 - 80T,1,IPD_API,2026-02-19 18:48:42.089785
B*13:138,Bw4 - 80T,1,IPD_API,2026-02-19 18:48:42.089785
B*13:14,Bw4 - 80T,1,IPD_API,2026-02-19 18:48:42.089785
B*13:140,Bw4 - 80T,1,IPD_API,2026-02-19 18:48:42.089785
B*13:141,Bw4 - 80T,1,IPD_API,2026-02-19 18:48:42.089785
B*13:142,Bw4 - 80T,1,IPD_API,2026-02-19 18:48:42.089785
B*13:143,Bw4 - 80T,1,IPD_API,2026-02-19 18:48:42.089785
B*13:144,Bw4 - 80T,1,IPD_API,2026-02-19 18:48:42.089785
B*13:145,Bw4 - 80T,1,IPD_API,2026-02-19 18:48:42.089785
B*13:146,Bw4 - 80T,1,IPD_API,2026-02-19 18:48:42.089785
B*13:147,Bw4 - 80T,1,IPD_API,2026-02-19 18:48:42.089785
B*13:148,Bw4 - 80T,1,IPD_API,2026-02-19 18:48:42.089785
B*13:149,Bw4 - 80T,1,IPD_API,2026-02-19 18:48:42.089785
B*13:15,Bw4 - 80T,1,IPD_API,2026-02-19 18:48:42.089785
B*13:150,Bw4 - 80T,1,IPD_API,2026-02-19 18:48:42.089785
B*13:151,Bw4 - 80T,1,IPD_API,2026-02-19 18:48:42.089785
B*13:152,Bw4 - 80T,1,IPD_API,2026-02-19 18:48:42.089785
B*13:153,Bw4 - 80T,1,IPD_API,2026-02-19 18:48:42.089785
B*13:154,Bw4 - 80T,1,IPD_API,2026-02-19 18:48:42.089785
B*13:155,Bw4 - 80T,1,IPD_API,2026-02-19 18:48:42.089785
B*13:156,Bw4 - 80T,1,IPD_API,2026-02-19 18:48:42.089785
B*13:157,Bw4 - 80T,1,IPD_API,2026-02-19 18:48:42.089785
B*13:158,Bw4 - 80T,1,IPD_API,2026-02-19 18:48:42.089785
B*13:159,Bw4 - 80T,1,IPD_API,2026-02-19 18:48:42.089785
B*13:16,Bw4 - 80T,1,IPD_API,2026-02-19 18:48:42.089785
B*13:160,Bw4 - 80T,1,IPD_API,2026-02-19 18:48:42.089785
B*13:162,Bw4 - 80T,1,IPD_API,2026-02-19 18:48:42.089785
B*13:163,Bw4 - 80T,1,IPD_API,2026-02-19 18:48:42.089785
B*13:164,Bw4 - 80T,1,IPD_API,2026-02-19 18:48:42.089785
B*13:165,Bw4 - 80T,1,IPD_API,2026-02-19 18:48:42.089785
B*13:166,Bw4 - 80T,1,IPD_API,2026-02-19 18:48:42.089785
B*13:167,Bw4 - 80T,1,IPD_API,2026-02-19 18:48:42.089785
B*13:168,Bw4 - 80T,1,IPD_API,2026-02-19 18:48:42.089785
B*13:169,Bw4 - 80T,1,IPD_API,2026-02-19 18:48:42.089785
B*13:17,Bw4 - 80T,1,IPD_API,2026-02-19 18:48:42.089785
B*13:170,Bw4 - 80T,1,IPD_API,2026-02-19 18:48:42.089785
B*13:171,Bw4 - 80T,1,IPD_API,2026-02-19 18:48:42.089785
B*13:172,Bw4 - 80T,1,IPD_API,2026-02-19 18:48:42.089785
B*13:173,Bw4 - 80T,1,IPD_API,2026-02-19 18:48:42.089785
B*13:174,Bw4 - 80T,1,IPD_API,2026-02-19 18:48:42.089785
B*13:175,Bw4 - 80T,1,IPD_API,2026-02-19 18:48:42.089785
B*13:176,Bw4 - 80T,1,IPD_API,2026-02-19 18:48:42.089785
B*13:177,Bw4 - 80T,1,IPD_API,2026-02-19 18:48:42.089785
B*13:178,Bw4 - 80T,1,IPD_API,2026-02-19 18:48:42.089785
B*13:179,Bw4 - 80T,1,IPD_API,2026-02-19 18:48:42.089785
B*13:18,Bw4 - 80T,1,IPD_API,2026-02-19 18:48:42.089785
B*13:180,Bw4 - 80T,1,IPD_API,2026-02-19 18:48:42.089785
B*13:181,Bw4 - 80T,1,IPD_API,2026-02-19 18:48:42.089785
B*13:182,Bw4 - 80T,1,IPD_API,2026-02-19 18:48:42.089785
B*13:183,Bw6,1,IPD_API,2026-02-19 18:48:42.089785
B*13:184,Bw4 - 80T,1,IPD_API,2026-02-19 18:48:42.089785
B*13:185,Bw4 - 80T,1,IPD_API,2026-02-19 18:48:42.089785
B*13:186,Bw4 - 80T,1,IPD_API,2026-02-19 18:48:42.089785
B*13:187,Bw4 - 80T,1,IPD_API,2026-02-19 18:48:42.089785
B*13:188,Bw4 - 80T,1,IPD_API,2026-02-19 18:48:42.089785
B*13:189,Bw4 - 80T,1,IPD_API,2026-02-19 18:48:42.089785
B*13:19,Bw4 - 80T,1,IPD_API,2026-02-19 18:48:42.089785
B*13:190,Bw4 - 80T,1,IPD_API,2026-02-19 18:48:42.089785
B*13:191,Bw4 - 80T,1,IPD_API,2026-02-19 18:48:42.089785
B*13:192,Bw4 - 80T,1,IPD_API,2026-02-19 18:48:42.089785
B*13:193,Bw4 - 80T,1,IPD_API,2026-02-19 18:48:42.089785
B*13:194,Bw4 - 80T,1,IPD_API,2026-02-19 18:48:42.089785
B*13:195,Bw4 - 80T,1,IPD_API,2026-02-19 18:48:42.089785
B*13:196,Bw4 - 80T,1,IPD_API,2026-02-19 18:48:42.089785
B*13:197,Bw4 - 80T,1,IPD_API,2026-02-19 18:48:42.089785
B*13:199,Bw4 - 80T,1,IPD_API,2026-02-19 18:48:42.089785
B*13:20,Bw4 - 80T,1,IPD_API,2026-02-19 18:48:42.089785
B*13:200,Bw4 - 80T,1,IPD_API,2026-02-19 18:48:42.089785
B*13:201,Bw4 - 80T,1,IPD_API,2026-02-19 18:48:42.089785
B*13:202,Bw4 - 80T,1,IPD_API,2026-02-19 18:48:42.089785
B*13:203,Bw4 - 80T,1,IPD_API,2026-02-19 18:48:42.089785
B*13:204,Bw4 - 80T,1,IPD_API,2026-02-19 18:48:42.089785
B*13:206,Bw4 - 80T,1,IPD_API,2026-02-19 18:48:42.089785
B*13:207,Bw4 - 80T,1,IPD_API,2026-02-19 18:48:42.089785
B*13:208,Bw4 - 80T,1,IPD_API,2026-02-19 18:48:42.089785
B*13:21,Bw4 - 80T,1,IPD_API,2026-02-19 18:48:42.089785
B*13:210,Bw4 - 80T,1,IPD_API,2026-02-19 18:48:42.089785
B*13:211,Bw4 - 80T,1,IPD_API,2026-02-19 18:48:42.089785
B*13:212,Bw4 - 80T,1,IPD_API,2026-02-19 18:48:42.089785
B*13:215,Bw4 - 80T,1,IPD_API,2026-02-19 18:48:42.089785
B*13:216,Bw4 - 80T,1,IPD_API,2026-02-19 18:48:42.089785
B*13:217,Bw4 - 80T,1,IPD_API,2026-02-19 18:48:42.089785
B*13:22,Bw4 - 80T,2,IPD_API,2026-02-19 18:48:42.089785
B*13:23,Bw4 - 80T,1,IPD_API,2026-02-19 18:48:42.089785
B*13:25,Bw4 - 80T,1,IPD_API,2026-02-19 18:48:42.089785
B*13:26,Bw4 - 80T,2,IPD_API,2026-02-19 18:48:42.089785
B*13:27,Bw4 - 80T,1,IPD_API,2026-02-19 18:48:42.089785
B*13:28,Bw4 - 80T,1,IPD_API,2026-02-19 18:48:42.089785
B*13:29,Bw4 - 80T,1,IPD_API,2026-02-19 18:48:42.089785
B*13:30,Bw4 - 80T,1,IPD_API,2026-02-19 18:48:42.089785
B*13:31,Bw4 - 80T,1,IPD_API,2026-02-19 18:48:42.089785
B*13:32,Bw4 - 80T,1,IPD_API,2026-02-19 18:48:42.089785
B*13:33,Bw4 - 80T,1,IPD_API,2026-02-19 18:48:42.089785
B*13:34,Bw4 - 80T,1,IPD_API,2026-02-19 18:48:42.089785
B*13:35,Bw4 - 80T,1,IPD_API,2026-02-19 18:48:42.089785
B*13:36,Bw4 - 80T,1,IPD_API,2026-02-19 18:48:42.089785
B*13:37,Bw4 - 80T,1,IPD_API,2026-02-19 18:48:42.089785
B*13:38,Bw4 - 80T,1,IPD_API,2026-02-19 18:48:42.089785
B*13:40,Bw4 - 80T,1,IPD_API,2026-02-19 18:48:42.089785
B*13:41,Bw4 - 80T,1,IPD_API,2026-02-19 18:48:42.089785
B*13:42,Bw4 - 80T,1,IPD_API,2026-02-19 18:48:42.089785
B*13:43,Bw4 - 80T,1,IPD_API,2026-02-19 18:48:42.089785
B*13:44,Bw4 - 80T,1,IPD_API,2026-02-19 18:48:42.089785
B*13:45,Bw4 - 80T,1,IPD_API,2026-02-19 18:48:42.089785
B*13:46,Bw4 - 80T,1,IPD_API,2026-02-19 18:48:42.089785
B*13:47,Bw4 - 80T,1,IPD_API,2026-02-19 18:48:42.089785
B*13:48,Bw4 - 80T,1,IPD_API,2026-02-19 18:48:42.089785
B*13:50,Bw4 - 80T,1,IPD_API,2026-02-19 18:48:42.089785
B*13:51,Bw4 - 80T,1,IPD_API,2026-02-19 18:48:42.089785
B*13:52,Bw4 - 80T,1,IPD_API,2026-02-19 18:48:42.089785
B*13:53,Bw4 - 80T,1,IPD_API,2026-02-19 18:48:42.089785
B*13:54,Bw4 - 80T,1,IPD_API,2026-02-19 18:48:42.089785
B*13:55,Bw4 - 80T,1,IPD_API,2026-02-19 18:48:42.089785
B*13:57,Bw4 - 80T,1,IPD_API,2026-02-19 18:48:42.089785
B*13:58,Bw4 - 80T,1,IPD_API,2026-02-19 18:48:42.089785
B*13:59,Bw4 - 80T,1,IPD_API,2026-02-19 18:48:42.089785
B*13:60,Bw4 - 80T,1,IPD_API,2026-02-19 18:48:42.089785
B*13:61,Bw4 - 80T,1,IPD_API,2026-02-19 18:48:42.089785
B*13:62,Bw4 - 80T,1,IPD_API,2026-02-19 18:48:42.089785
B*13:64,Bw4 - 80T,1,IPD_API,2026-02-19 18:48:42.089785
B*13:65,Bw4 - 80T,1,IPD_API,2026-02-19 18:48:42.089785
B*13:66,Bw4 - 80T,1,IPD_API,2026-02-19 18:48:42.089785
B*13:68,Bw4 - 80T,1,IPD_API,2026-02-19 18:48:42.089785
B*13:69,Bw4 - 80T,1,IPD_API,2026-02-19 18:48:42.089785
B*13:70,Bw4 - 80T,1,IPD_API,2026-02-19 18:48:42.089785
B*13:71,Bw4 - 80T,1,IPD_API,2026-02-19 18:48:42.089785
B*13:72,Bw4 - 80T,1,IPD_API,2026-02-19 18:48:42.089785
B*13:73,Bw4 - 80T,1,IPD_API,2026-02-19 18:48:42.089785
B*13:74,Bw4 - 80T,1,IPD_API,2026-02-19 18:48:42.089785
B*13:75,Bw4 - 80T,1,IPD_API,2026-02-19 18:48:42.089785
B*13:77,Bw4 - 80T,1,IPD_API,2026-02-19 18:48:42.089785
B*13:78,Bw4 - 80T,1,IPD_API,2026-02-19 18:48:42.089785
B*13:79,Bw4 - 80T,1,IPD_API,2026-02-19 18:48:42.089785
B*13:80,Bw4 - 80T,1,IPD_API,2026-02-19 18:48:42.089785
B*13:81,Bw4 - 80T,1,IPD_API,2026-02-19 18:48:42.089785
B*13:82,Bw4 - 80T,1,IPD_API,2026-02-19 18:48:42.089785
B*13:83,Bw4 - 80T,1,IPD_API,2026-02-19 18:48:42.089785
B*13:84,Bw4 - 80T,1,IPD_API,2026-02-19 18:48:42.089785
B*13:85,Bw4 - 80T,1,IPD_API,2026-02-19 18:48:42.089785
B*13:86,Bw4 - 80T,1,IPD_API,2026-02-19 18:48:42.089785
B*13:87,Bw4 - 80T,1,IPD_API,2026-02-19 18:48:42.089785
B*13:88,Bw4 - 80T,1,IPD_API,2026-02-19 18:48:42.089785
B*13:89,Bw4 - 80T,1,IPD_API,2026-02-19 18:48:42.089785
B*13:90,Bw4 - 80T,1,IPD_API,2026-02-19 18:48:42.089785
B*13:91,Bw4 - 80T,1,IPD_API,2026-02-19 18:48:42.089785
B*13:92,Bw4 - 80T,1,IPD_API,2026-02-19 18:48:42.089785
B*13:93,Bw4 - 80T,1,IPD_API,2026-02-19 18:48:42.089785
B*13:94,Bw4 - 80T,1,IPD_API,2026-02-19 18:48:42.089785
B*13:95,Bw4 - 80T,1,IPD_API,2026-02-19 18:48:42.089785
B*13:96,Bw4 - 80T,1,IPD_API,2026-02-19 18:48:42.089785
B*13:97,Bw4 - 80T,1,IPD_API,2026-02-19 18:48:42.089785
B*13:98,Bw4 - 80T,1,IPD_API,2026-02-19 18:48:42.089785
B*13:99,Bw4 - 80T,1,IPD_API,2026-02-19 18:48:42.089785
B*14:01,Bw6,27,IPD_API,2026-02-19 18:48:42.089785
B*14:02,Bw6,67,IPD_API,2026-02-19 18:48:42.089785
B*14:03,Bw6,1,IPD_API,2026-02-19 18:48:42.089785
B*14:04,Bw6,1,IPD_API,2026-02-19 18:48:42.089785
B*14:05,Bw6,1,IPD_API,2026-02-19 18:48:42.089785
B*14:06,Bw6,2,IPD_API,2026-02-19 18:48:42.089785
B*14:08,Bw6,2,IPD_API,2026-02-19 18:48:42.089785
B*14:09,Bw6,1,IPD_API,2026-02-19 18:48:42.089785
B*14:10,Bw6,1,IPD_API,2026-02-19 18:48:42.089785
B*14:102,Bw6,1,IPD_API,2026-02-19 18:48:42.089785
B*14:103,Bw6,1,IPD_API,2026-02-19 18:48:42.089785
B*14:104,Bw6,1,IPD_API,2026-02-19 18:48:42.089785
B*14:105,Bw6,1,IPD_API,2026-02-19 18:48:42.089785
B*14:106,Bw6,1,IPD_API,2026-02-19 18:48:42.089785
B*14:107,Bw6,1,IPD_API,2026-02-19 18:48:42.089785
B*14:108,Bw6,1,IPD_API,2026-02-19 18:48:42.089785
B*14:109,Bw6,1,IPD_API,2026-02-19 18:48:42.089785
B*14:11,Bw6,1,IPD_API,2026-02-19 18:48:42.089785
B*14:110,Bw6,1,IPD_API,2026-02-19 18:48:42.089785
B*14:111,Bw6,1,IPD_API,2026-02-19 18:48:42.089785
B*14:112,Bw6,1,IPD_API,2026-02-19 18:48:42.089785
B*14:114,Bw6,1,IPD_API,2026-02-19 18:48:42.089785
B*14:115,Bw6,1,IPD_API,2026-02-19 18:48:42.089785
B*14:116,Bw6,1,IPD_API,2026-02-19 18:48:42.089785
B*14:117,Bw6,1,IPD_API,2026-02-19 18:48:42.089785
B*14:118,Bw4 - 80T,1,IPD_API,2026-02-19 18:48:42.089785
B*14:119,Bw6,1,IPD_API,2026-02-19 18:48:42.089785
B*14:12,Bw6,1,IPD_API,2026-02-19 18:48:42.089785
B*14:120,Bw6,1,IPD_API,2026-02-19 18:48:42.089785
B*14:121,Bw6,1,IPD_API,2026-02-19 18:48:42.089785
B*14:122,Bw6,1,IPD_API,2026-02-19 18:48:42.089785
B*14:123,Bw6,1,IPD_API,2026-02-19 18:48:42.089785
B*14:124,Bw6,1,IPD_API,2026-02-19 18:48:42.089785
B*14:125,Bw6,1,IPD_API,2026-02-19 18:48:42.089785
B*14:126,Bw6,1,IPD_API,2026-02-19 18:48:42.089785
B*14:127,Bw6,1,IPD_API,2026-02-19 18:48:42.089785
B*14:128,Bw6,1,IPD_API,2026-02-19 18:48:42.089785
B*14:129,Bw6,1,IPD_API,2026-02-19 18:48:42.089785
B*14:13,Bw6,1,IPD_API,2026-02-19 18:48:42.089785
B*14:130,Bw6,1,IPD_API,2026-02-19 18:48:42.089785
B*14:132,Bw6,1,IPD_API,2026-02-19 18:48:42.089785
B*14:133,Bw6,1,IPD_API,2026-02-19 18:48:42.089785
B*14:135,Bw6,1,IPD_API,2026-02-19 18:48:42.089785
B*14:136,Bw6,1,IPD_API,2026-02-19 18:48:42.089785
B*14:137,Bw6,1,IPD_API,2026-02-19 18:48:42.089785
B*14:138,Bw6,1,IPD_API,2026-02-19 18:48:42.089785
B*14:14,Bw6,1,IPD_API,2026-02-19 18:48:42.089785
B*14:140,Bw6,1,IPD_API,2026-02-19 18:48:42.089785
B*14:15,Bw6,1,IPD_API,2026-02-19 18:48:42.089785
B*14:16,Bw6,1,IPD_API,2026-02-19 18:48:42.089785
B*14:17,Bw6,1,IPD_API,2026-02-19 18:48:42.089785
B*14:18,Bw6,1,IPD_API,2026-02-19 18:48:42.089785
B*14:19,Bw6,1,IPD_API,2026-02-19 18:48:42.089785
B*14:20,Bw6,1,IPD_API,2026-02-19 18:48:42.089785
B*14:21,Bw6,2,IPD_API,2026-02-19 18:48:42.089785
B*14:22,Bw6,1,IPD_API,2026-02-19 18:48:42.089785
B*14:23,Bw6,1,IPD_API,2026-02-19 18:48:42.089785
B*14:24,Bw6,1,IPD_API,2026-02-19 18:48:42.089785
B*14:25,Bw6,1,IPD_API,2026-02-19 18:48:42.089785
B*14:26,Bw6,1,IPD_API,2026-02-19 18:48:42.089785
B*14:27,Bw6,1,IPD_API,2026-02-19 18:48:42.089785
B*14:28,Bw6,1,IPD_API,2026-02-19 18:48:42.089785
B*14:29,Bw6,1,IPD_API,2026-02-19 18:48:42.089785
B*14:30,Bw6,1,IPD_API,2026-02-19 18:48:42.089785
B*14:31,Bw6,1,IPD_API,2026-02-19 18:48:42.089785
B*14:32,Bw6,1,IPD_API,2026-02-19 18:48:42.089785
B*14:33,Bw6,1,IPD_API,2026-02-19 18:48:42.089785
B*14:34,Bw6,1,IPD_API,2026-02-19 18:48:42.089785
B*14:35,Bw6,1,IPD_API,2026-02-19 18:48:42.089785
B*14:36,Bw6,1,IPD_API,2026-02-19 18:48:42.089785
B*14:37,Bw6,1,IPD_API,2026-02-19 18:48:42.089785
B*14:38,Bw6,1,IPD_API,2026-02-19 18:48:42.089785
B*14:39,Bw6,1,IPD_API,2026-02-19 18:48:42.089785
B*14:40,Bw6,1,IPD_API,2026-02-19 18:48:42.089785
B*14:42,Bw6,2,IPD_API,2026-02-19 18:48:42.089785
B*14:43,Bw6,1,IPD_API,2026-02-19 18:48:42.089785
B*14:44,Bw6,1,IPD_API,2026-02-19 18:48:42.089785
B*14:45,Bw6,1,IPD_API,2026-02-19 18:48:42.089785
B*14:46,Bw6,1,IPD_API,2026-02-19 18:48:42.089785
B*14:47,Bw6,1,IPD_API,2026-02-19 18:48:42.089785
B*14:48,Bw6,1,IPD_API,2026-02-19 18:48:42.089785
B*14:49,Bw6,1,IPD_API,2026-02-19 18:48:42.089785
B*14:50,Bw6,1,IPD_API,2026-02-19 18:48:42.089785
B*14:51,Bw6,1,IPD_API,2026-02-19 18:48:42.089785
B*14:52,Bw6,1,IPD_API,2026-02-19 18:48:42.089785
B*14:53,Bw6,1,IPD_API,2026-02-19 18:48:42.089785
B*14:54,Bw6,1,IPD_API,2026-02-19 18:48:42.089785
B*14:55,Bw6,1,IPD_API,2026-02-19 18:48:42.089785
B*14:56,Bw6,1,IPD_API,2026-02-19 18:48:42.089785
B*14:57,Bw6,1,IPD_API,2026-02-19 18:48:42.089785
B*14:58,Bw6,1,IPD_API,2026-02-19 18:48:42.089785
B*14:59,Bw6,1,IPD_API,2026-02-19 18:48:42.089785
B*14:60,Bw6,1,IPD_API,2026-02-19 18:48:42.089785
B*14:61,Bw6,1,IPD_API,2026-02-19 18:48:42.089785
B*14:62,Bw6,1,IPD_API,2026-02-19 18:48:42.089785
B*14:63,Bw6,1,IPD_API,2026-02-19 18:48:42.089785
B*14:64,Bw6,1,IPD_API,2026-02-19 18:48:42.089785
B*14:65,Bw6,1,IPD_API,2026-02-19 18:48:42.089785
B*14:66,Bw6,1,IPD_API,2026-02-19 18:48:42.089785
B*14:67,Bw6,1,IPD_API,2026-02-19 18:48:42.089785
B*14:68,Bw6,1,IPD_API,2026-02-19 18:48:42.089785
B*14:70,Bw6,1,IPD_API,2026-02-19 18:48:42.089785
B*14:71,Bw6,1,IPD_API,2026-02-19 18:48:42.089785
B*14:73,Bw6,1,IPD_API,2026-02-19 18:48:42.089785
B*14:74,Bw6,1,IPD_API,2026-02-19 18:48:42.089785
B*14:75,Bw6,1,IPD_API,2026-02-19 18:48:42.089785
B*14:78,Bw6,1,IPD_API,2026-02-19 18:48:42.089785
B*14:80,Bw6,1,IPD_API,2026-02-19 18:48:42.089785
B*14:81,Bw6,1,IPD_API,2026-02-19 18:48:42.089785
B*14:82,Bw6,1,IPD_API,2026-02-19 18:48:42.089785
B*14:83,Bw6,1,IPD_API,2026-02-19 18:48:42.089785
B*14:84,Bw6,1,IPD_API,2026-02-19 18:48:42.089785
B*14:86,Bw6,1,IPD_API,2026-02-19 18:48:42.089785
B*14:87,Bw6,1,IPD_API,2026-02-19 18:48:42.089785
B*14:88,Bw6,1,IPD_API,2026-02-19 18:48:42.089785
B*14:89,Bw6,1,IPD_API,2026-02-19 18:48:42.089785
B*14:90,Bw6,1,IPD_API,2026-02-19 18:48:42.089785
B*14:91,Bw6,1,IPD_API,2026-02-19 18:48:42.089785
B*14:92,Bw6,1,IPD_API,2026-02-19 18:48:42.089785
B*14:93,Bw4 - 80I,1,IPD_API,2026-02-19 18:48:42.089785
B*14:94,Bw6,1,IPD_API,2026-02-19 18:48:42.089785
B*14:95,Bw6,1,IPD_API,2026-02-19 18:48:42.089785
B*14:96,Bw6,1,IPD_API,2026-02-19 18:48:42.089785
B*14:97,Bw6,1,IPD_API,2026-02-19 18:48:42.089785
B*14:98,Bw6,1,IPD_API,2026-02-19 18:48:42.089785
B*14:99,Bw6,1,IPD_API,2026-02-19 18:48:42.089785
B*15:01,Bw6,166,IPD_API,2026-02-19 18:48:42.089785
B*15:02,Bw6,26,IPD_API,2026-02-19 18:48:42.089785
B*15:03,Bw6,28,IPD_API,2026-02-19 18:48:42.089785
B*15:04,Bw6,7,IPD_API,2026-02-19 18:48:42.089785
B*15:05,Bw6,5,IPD_API,2026-02-19 18:48:42.089785
B*15:06,Bw6,1,IPD_API,2026-02-19 18:48:42.089785
B*15:07,Bw6,8,IPD_API,2026-02-19 18:48:42.089785
B*15:08,Bw6,3,IPD_API,2026-02-19 18:48:42.089785
B*15:09,Bw6,2,IPD_API,2026-02-19 18:48:42.089785
B*15:10,Bw6,18,IPD_API,2026-02-19 18:48:42.089785
B*15:101,Bw6,1,IPD_API,2026-02-19 18:48:42.089785
B*15:102,Bw6,1,IPD_API,2026-02-19 18:48:42.089785
B*15:103,Bw6,1,IPD_API,2026-02-19 18:48:42.089785
B*15:104,Bw6,1,IPD_API,2026-02-19 18:48:42.089785
B*15:105,Bw6,1,IPD_API,2026-02-19 18:48:42.089785
B*15:106,Bw6,1,IPD_API,2026-02-19 18:48:42.089785
B*15:107,Bw6,1,IPD_API,2026-02-19 18:48:42.089785
B*15:108,Bw6,1,IPD_API,2026-02-19 18:48:42.089785
B*15:109,Bw6,1,IPD_API,2026-02-19 18:48:42.089785
B*15:11,Bw6,9,IPD_API,2026-02-19 18:48:42.089785
B*15:110,Bw6,1,IPD_API,2026-02-19 18:48:42.089785
B*15:112,Bw6,1,IPD_API,2026-02-19 18:48:42.089785
B*15:113,Bw6,1,IPD_API,2026-02-19 18:48:42.089785
B*15:114,Bw6,1,IPD_API,2026-02-19 18:48:42.089785
B*15:115,Bw4 - 80T,1,IPD_API,2026-02-19 18:48:42.089785
B*15:116,Bw6,1,IPD_API,2026-02-19 18:48:42.089785
B*15:117,Bw6,1,IPD_API,2026-02-19 18:48:42.089785
B*15:118,Bw6,1,IPD_API,2026-02-19 18:48:42.089785
B*15:119,Bw6,1,IPD_API,2026-02-19 18:48:42.089785
B*15:12,Bw6,3,IPD_API,2026-02-19 18:48:42.089785
B*15:120,Bw6,1,IPD_API,2026-02-19 18:48:42.089785
B*15:121,Bw6,1,IPD_API,2026-02-19 18:48:42.089785
B*15:122,Bw6,1,IPD_API,2026-02-19 18:48:42.089785
B*15:123,Bw6,1,IPD_API,2026-02-19 18:48:42.089785
B*15:124,Bw6,1,IPD_API,2026-02-19 18:48:42.089785
B*15:125,Bw6,2,IPD_API,2026-02-19 18:48:42.089785
B*15:126,Bw6,1,IPD_API,2026-02-19 18:48:42.089785
B*15:127,Bw6,1,IPD_API,2026-02-19 18:48:42.089785
B*15:128,Bw6,1,IPD_API,2026-02-19 18:48:42.089785
B*15:129,Bw6,1,IPD_API,2026-02-19 18:48:42.089785
B*15:13,Bw4 - 80I,3,IPD_API,2026-02-19 18:48:42.089785
B*15:131,Bw6,1,IPD_API,2026-02-19 18:48:42.089785
B*15:132,Bw6,1,IPD_API,2026-02-19 18:48:42.089785
B*15:133,Bw6,1,IPD_API,2026-02-19 18:48:42.089785
B*15:134,Bw6,1,IPD_API,2026-02-19 18:48:42.089785
B*15:136,Bw6,1,IPD_API,2026-02-19 18:48:42.089785
B*15:137,Bw6,1,IPD_API,2026-02-19 18:48:42.089785
B*15:138,Bw6,1,IPD_API,2026-02-19 18:48:42.089785
B*15:139,Bw6,1,IPD_API,2026-02-19 18:48:42.089785
B*15:14,Bw6,1,IPD_API,2026-02-19 18:48:42.089785
B*15:140,Bw6,1,IPD_API,2026-02-19 18:48:42.089785
B*15:141,Bw6,1,IPD_API,2026-02-19 18:48:42.089785
B*15:142,Bw6,1,IPD_API,2026-02-19 18:48:42.089785
B*15:143,Bw6,1,IPD_API,2026-02-19 18:48:42.089785
B*15:144,Bw6,1,IPD_API,2026-02-19 18:48:42.089785
B*15:145,Bw6,1,IPD_API,2026-02-19 18:48:42.089785
B*15:146,Bw6,1,IPD_API,2026-02-19 18:48:42.089785
B*15:147,Bw6,1,IPD_API,2026-02-19 18:48:42.089785
B*15:148,Bw6,1,IPD_API,2026-02-19 18:48:42.089785
B*15:15,Bw6,4,IPD_API,2026-02-19 18:48:42.089785
B*15:150,Bw6,1,IPD_API,2026-02-19 18:48:42.089785
B*15:151,Bw6,1,IPD_API,2026-02-19 18:48:42.089785
B*15:152,Bw6,1,IPD_API,2026-02-19 18:48:42.089785
B*15:153,Bw6,1,IPD_API,2026-02-19 18:48:42.089785
B*15:154,Bw6,2,IPD_API,2026-02-19 18:48:42.089785
B*15:155,Bw6,1,IPD_API,2026-02-19 18:48:42.089785
B*15:156,Bw6,1,IPD_API,2026-02-19 18:48:42.089785
B*15:157,Bw4 - 80I,1,IPD_API,2026-02-19 18:48:42.089785
B*15:158,Bw6,1,IPD_API,2026-02-19 18:48:42.089785
B*15:159,Bw6,1,IPD_API,2026-02-19 18:48:42.089785
B*15:16,Bw4 - 80I,14,IPD_API,2026-02-19 18:48:42.089785
B*15:160,Bw6,2,IPD_API,2026-02-19 18:48:42.089785
B*15:161,Bw6,1,IPD_API,2026-02-19 18:48:42.089785
B*15:162,Bw4 - 80I,1,IPD_API,2026-02-19 18:48:42.089785
B*15:163,Bw6,1,IPD_API,2026-02-19 18:48:42.089785
B*15:164,Bw6,1,IPD_API,2026-02-19 18:48:42.089785
B*15:165,Bw6,1,IPD_API,2026-02-19 18:48:42.089785
B*15:166,Bw6,1,IPD_API,2026-02-19 18:48:42.089785
B*15:167,Bw6,1,IPD_API,2026-02-19 18:48:42.089785
B*15:168,Bw4 - 80I,1,IPD_API,2026-02-19 18:48:42.089785
B*15:169,Bw6,1,IPD_API,2026-02-19 18:48:42.089785
B*15:17,Bw4 - 80I,16,IPD_API,2026-02-19 18:48:42.089785
B*15:170,Bw6,1,IPD_API,2026-02-19 18:48:42.089785
B*15:171,Bw6,1,IPD_API,2026-02-19 18:48:42.089785
B*15:172,Bw6,1,IPD_API,2026-02-19 18:48:42.089785
B*15:173,Bw6,1,IPD_API,2026-02-19 18:48:42.089785
B*15:174,Bw6,1,IPD_API,2026-02-19 18:48:42.089785
B*15:175,Bw6,1,IPD_API,2026-02-19 18:48:42.089785
B*15:176,Bw6,1,IPD_API,2026-02-19 18:48:42.089785
B*15:177,Bw4 - 80I,1,IPD_API,2026-02-19 18:48:42.089785
B*15:178,Bw6,1,IPD_API,2026-02-19 18:48:42.089785
B*15:179,Bw6,2,IPD_API,2026-02-19 18:48:42.089785
B*15:18,Bw6,22,IPD_API,2026-02-19 18:48:42.089785
B*15:180,Bw6,1,IPD_API,2026-02-19 18:48:42.089785
B*15:183,Bw6,1,IPD_API,2026-02-19 18:48:42.089785
B*15:184,Bw6,1,IPD_API,2026-02-19 18:48:42.089785
B*15:185,Bw6,1,IPD_API,2026-02-19 18:48:42.089785
B*15:186,Bw6,1,IPD_API,2026-02-19 18:48:42.089785
B*15:187,Bw6,1,IPD_API,2026-02-19 18:48:42.089785
B*15:188,Bw6,1,IPD_API,2026-02-19 18:48:42.089785
B*15:189,Bw6,2,IPD_API,2026-02-19 18:48:42.089785
B*15:19,Bw6,1,IPD_API,2026-02-19 18:48:42.089785
B*15:191,Bw6,1,IPD_API,2026-02-19 18:48:42.089785
B*15:192,Bw6,1,IPD_API,2026-02-19 18:48:42.089785
B*15:193,Bw6,1,IPD_API,2026-02-19 18:48:42.089785
B*15:194,Bw6,1,IPD_API,2026-02-19 18:48:42.089785
B*15:195,Bw6,1,IPD_API,2026-02-19 18:48:42.089785
B*15:196,Bw4 - 80I,1,IPD_API,2026-02-19 18:48:42.089785
B*15:197,Bw6,2,IPD_API,2026-02-19 18:48:42.089785
B*15:198,Bw6,1,IPD_API,2026-02-19 18:48:42.089785
B*15:199,Bw6,1,IPD_API,2026-02-19 18:48:42.089785
B*15:20,Bw6,1,IPD_API,2026-02-19 18:48:42.089785
B*15:200,Bw6,1,IPD_API,2026-02-19 18:48:42.089785
B*15:201,Bw6,1,IPD_API,2026-02-19 18:48:42.089785
B*15:202,Bw6,1,IPD_API,2026-02-19 18:48:42.089785
B*15:203,Bw6,1,IPD_API,2026-02-19 18:48:42.089785
B*15:204,Bw6,1,IPD_API,2026-02-19 18:48:42.089785
B*15:205,Bw6,1,IPD_API,2026-02-19 18:48:42.089785
B*15:206,Bw6,1,IPD_API,2026-02-19 18:48:42.089785
B*15:207,Bw6,1,IPD_API,2026-02-19 18:48:42.089785
B*15:208,Bw4 - 80I,1,IPD_API,2026-02-19 18:48:42.089785
B*15:21,Bw6,3,IPD_API,2026-02-19 18:48:42.089785
B*15:210,Bw6,1,IPD_API,2026-02-19 18:48:42.089785
B*15:211,Bw6,1,IPD_API,2026-02-19 18:48:42.089785
B*15:212,Bw6,1,IPD_API,2026-02-19 18:48:42.089785
B*15:213,Bw6,1,IPD_API,2026-02-19 18:48:42.089785
B*15:214,Bw6,1,IPD_API,2026-02-19 18:48:42.089785
B*15:215,Bw6,1,IPD_API,2026-02-19 18:48:42.089785
B*15:216,Bw4 - 80I,1,IPD_API,2026-02-19 18:48:42.089785
B*15:217,Bw6,1,IPD_API,2026-02-19 18:48:42.089785
B*15:218,Bw6,1,IPD_API,2026-02-19 18:48:42.089785
B*15:219,Bw6,1,IPD_API,2026-02-19 18:48:42.089785
B*15:220,Bw6,7,IPD_API,2026-02-19 18:48:42.089785
B*15:221,Bw6,1,IPD_API,2026-02-19 18:48:42.089785
B*15:222,Bw4 - 80I,1,IPD_API,2026-02-19 18:48:42.089785
B*15:223,Bw6,1,IPD_API,2026-02-19 18:48:42.089785
B*15:224,Bw6,1,IPD_API,2026-02-19 18:48:42.089785
B*15:225,Bw6,1,IPD_API,2026-02-19 18:48:42.089785
B*15:227,Bw6,1,IPD_API,2026-02-19 18:48:42.089785
B*15:228,Bw6,1,IPD_API,2026-02-19 18:48:42.089785
B*15:229,Bw6,1,IPD_API,2026-02-19 18:48:42.089785
B*15:23,Bw4 - 80I,1,IPD_API,2026-02-19 18:48:42.089785
B*15:230,Bw4 - 80I,1,IPD_API,2026-02-19 18:48:42.089785
B*15:231,Bw6,1,IPD_API,2026-02-19 18:48:42.089785
B*15:232,Bw6,1,IPD_API,2026-02-19 18:48:42.089785
B*15:233,Bw6,1,IPD_API,2026-02-19 18:48:42.089785
B*15:234,Bw6,1,IPD_API,2026-02-19 18:48:42.089785
B*15:235,Bw6,1,IPD_API,2026-02-19 18:48:42.089785
B*15:236,Bw6,1,IPD_API,2026-02-19 18:48:42.089785
B*15:237,Bw6,1,IPD_API,2026-02-19 18:48:42.089785
B*15:238,Bw6,1,IPD_API,2026-02-19 18:48:42.089785
B*15:239,Bw6,2,IPD_API,2026-02-19 18:48:42.089785
B*15:24,Bw4 - 80I,2,IPD_API,2026-02-19 18:48:42.089785
B*15:240,Bw6,1,IPD_API,2026-02-19 18:48:42.089785
B*15:241,Bw6,1,IPD_API,2026-02-19 18:48:42.089785
B*15:242,Bw6,2,IPD_API,2026-02-19 18:48:42.089785
B*15:243,Bw6,1,IPD_API,2026-02-19 18:48:42.089785
B*15:244,Bw6,1,IPD_API,2026-02-19 18:48:42.089785
B*15:245,Bw6,2,IPD_API,2026-02-19 18:48:42.089785
B*15:247,Bw6,1,IPD_API,2026-02-19 18:48:42.089785
B*15:248,Bw6,1,IPD_API,2026-02-19 18:48:42.089785
B*15:249,Bw6,1,IPD_API,2026-02-19 18:48:42.089785
B*15:25,Bw6,6,IPD_API,2026-02-19 18:48:42.089785
B*15:250,Bw6,1,IPD_API,2026-02-19 18:48:42.089785
B*15:251,Bw6,3,IPD_API,2026-02-19 18:48:42.089785
B*15:252,Bw6,1,IPD_API,2026-02-19 18:48:42.089785
B*15:253,Bw6,1,IPD_API,2026-02-19 18:48:42.089785
B*15:254,Bw4 - 80I,1,IPD_API,2026-02-19 18:48:42.089785
B*15:255,Bw6,1,IPD_API,2026-02-19 18:48:42.089785
B*15:256,Bw4 - 80T,1,IPD_API,2026-02-19 18:48:42.089785
B*15:257,Bw6,1,IPD_API,2026-02-19 18:48:42.089785
B*15:259,Bw6,1,IPD_API,2026-02-19 18:48:42.089785
B*15:260,Bw6,1,IPD_API,2026-02-19 18:48:42.089785
B*15:261,Bw6,1,IPD_API,2026-02-19 18:48:42.089785
B*15:263,Bw6,1,IPD_API,2026-02-19 18:48:42.089785
B*15:264,Bw6,1,IPD_API,2026-02-19 18:48:42.089785
B*15:265,Bw6,1,IPD_API,2026-02-19 18:48:42.089785
B*15:266,Bw6,1,IPD_API,2026-02-19 18:48:42.089785
B*15:267,Bw6,1,IPD_API,2026-02-19 18:48:42.089785
B*15:268,Bw4 - 80I,1,IPD_API,2026-02-19 18:48:42.089785
B*15:269,Bw6,1,IPD_API,2026-02-19 18:48:42.089785
B*15:27,Bw6,5,IPD_API,2026-02-19 18:48:42.089785
B*15:270,Bw6,1,IPD_API,2026-02-19 18:48:42.089785
B*15:271,Bw6,1,IPD_API,2026-02-19 18:48:42.089785
B*15:273,Bw4 - 80I,1,IPD_API,2026-02-19 18:48:42.089785
B*15:274,Bw6,1,IPD_API,2026-02-19 18:48:42.089785
B*15:275,Bw6,2,IPD_API,2026-02-19 18:48:42.089785
B*15:276,Bw6,1,IPD_API,2026-02-19 18:48:42.089785
B*15:278,Bw6,1,IPD_API,2026-02-19 18:48:42.089785
B*15:279,Bw6,1,IPD_API,2026-02-19 18:48:42.089785
B*15:28,Bw6,1,IPD_API,2026-02-19 18:48:42.089785
B*15:280,Bw6,1,IPD_API,2026-02-19 18:48:42.089785
B*15:281,Bw6,1,IPD_API,2026-02-19 18:48:42.089785
B*15:282,Bw6,1,IPD_API,2026-02-19 18:48:42.089785
B*15:283,Bw6,2,IPD_API,2026-02-19 18:48:42.089785
B*15:284,Bw6,1,IPD_API,2026-02-19 18:48:42.089785
B*15:285,Bw6,1,IPD_API,2026-02-19 18:48:42.089785
B*15:286,Bw6,1,IPD_API,2026-02-19 18:48:42.089785
B*15:287,Bw6,1,IPD_API,2026-02-19 18:48:42.089785
B*15:288,Bw6,1,IPD_API,2026-02-19 18:48:42.089785
B*15:289,Bw6,1,IPD_API,2026-02-19 18:48:42.089785
B*15:29,Bw6,2,IPD_API,2026-02-19 18:48:42.089785
B*15:290,Bw6,1,IPD_API,2026-02-19 18:48:42.089785
B*15:291,Bw6,1,IPD_API,2026-02-19 18:48:42.089785
B*15:292,Bw6,1,IPD_API,2026-02-19 18:48:42.089785
B*15:293,Bw6,1,IPD_API,2026-02-19 18:48:42.089785
B*15:295,Bw6,1,IPD_API,2026-02-19 18:48:42.089785
B*15:296,Bw6,1,IPD_API,2026-02-19 18:48:42.089785
B*15:297,Bw6,1,IPD_API,2026-02-19 18:48:42.089785
B*15:298,Bw6,1,IPD_API,2026-02-19 18:48:42.089785
B*15:299,Bw6,1,IPD_API,2026-02-19 18:48:42.089785
B*15:30,Bw6,3,IPD_API,2026-02-19 18:48:42.089785
B*15:300,Bw6,1,IPD_API,2026-02-19 18:48:42.089785
B*15:301,Bw6,1,IPD_API,2026-02-19 18:48:42.089785
B*15:303,Bw6,1,IPD_API,2026-02-19 18:48:42.089785
B*15:305,Bw6,1,IPD_API,2026-02-19 18:48:42.089785
B*15:306,Bw6,1,IPD_API,2026-02-19 18:48:42.089785
B*15:307,Bw6,1,IPD_API,2026-02-19 18:48:42.089785
B*15:308,Bw6,1,IPD_API,2026-02-19 18:48:42.089785
B*15:309,Bw6,1,IPD_API,2026-02-19 18:48:42.089785
B*15:31,Bw6,3,IPD_API,2026-02-19 18:48:42.089785
B*15:310,Bw6,1,IPD_API,2026-02-19 18:48:42.089785
B*15:311,Bw6,1,IPD_API,2026-02-19 18:48:42.089785
B*15:312,Bw6,1,IPD_API,2026-02-19 18:48:42.089785
B*15:313,Bw6,1,IPD_API,2026-02-19 18:48:42.089785
B*15:314,Bw6,1,IPD_API,2026-02-19 18:48:42.089785
B*15:315,Bw6,1,IPD_API,2026-02-19 18:48:42.089785
B*15:316,Bw6,1,IPD_API,2026-02-19 18:48:42.089785
B*15:317,Bw6,1,IPD_API,2026-02-19 18:48:42.089785
B*15:318,Bw6,1,IPD_API,2026-02-19 18:48:42.089785
B*15:319,Bw6,1,IPD_API,2026-02-19 18:48:42.089785
B*15:32,Bw6,2,IPD_API,2026-02-19 18:48:42.089785
B*15:320,Bw6,1,IPD_API,2026-02-19 18:48:42.089785
B*15:321,Bw6,1,IPD_API,2026-02-19 18:48:42.089785
B*15:322,Bw6,1,IPD_API,2026-02-19 18:48:42.089785
B*15:323,Bw6,1,IPD_API,2026-02-19 18:48:42.089785
B*15:324,Bw6,1,IPD_API,2026-02-19 18:48:42.089785
B*15:325,Bw6,1,IPD_API,2026-02-19 18:48:42.089785
B*15:326,Bw6,1,IPD_API,2026-02-19 18:48:42.089785
B*15:327,Bw6,1,IPD_API,2026-02-19 18:48:42.089785
B*15:328,Bw6,1,IPD_API,2026-02-19 18:48:42.089785
B*15:329,Bw6,1,IPD_API,2026-02-19 18:48:42.089785
B*15:33,Bw6,1,IPD_API,2026-02-19 18:48:42.089785
B*15:330,Bw6,1,IPD_API,2026-02-19 18:48:42.089785
B*15:331,Bw6,1,IPD_API,2026-02-19 18:48:42.089785
B*15:332,Bw6,1,IPD_API,2026-02-19 18:48:42.089785
B*15:333,Bw6,1,IPD_API,2026-02-19 18:48:42.089785
B*15:334,Bw6,1,IPD_API,2026-02-19 18:48:42.089785
B*15:335,Bw6,1,IPD_API,2026-02-19 18:48:42.089785
B*15:336,Bw6,1,IPD_API,2026-02-19 18:48:42.089785
B*15:337,Bw6,1,IPD_API,2026-02-19 18:48:42.089785
B*15:338,Bw6,1,IPD_API,2026-02-19 18:48:42.089785
B*15:339,Bw4 - 80T,1,IPD_API,2026-02-19 18:48:42.089785
B*15:34,Bw6,2,IPD_API,2026-02-19 18:48:42.089785
B*15:340,Bw6,1,IPD_API,2026-02-19 18:48:42.089785
B*15:341,Bw6,1,IPD_API,2026-02-19 18:48:42.089785
B*15:342,Bw6,1,IPD_API,2026-02-19 18:48:42.089785
B*15:343,Bw6,1,IPD_API,2026-02-19 18:48:42.089785
B*15:344,Bw6,1,IPD_API,2026-02-19 18:48:42.089785
B*15:345,Bw6,1,IPD_API,2026-02-19 18:48:42.089785
B*15:346,Bw6,1,IPD_API,2026-02-19 18:48:42.089785
B*15:347,Bw6,1,IPD_API,2026-02-19 18:48:42.089785
B*15:348,Bw6,1,IPD_API,2026-02-19 18:48:42.089785
B*15:349,Bw6,2,IPD_API,2026-02-19 18:48:42.089785
B*15:35,Bw6,3,IPD_API,2026-02-19 18:48:42.089785
B*15:350,Bw6,1,IPD_API,2026-02-19 18:48:42.089785
B*15:351,Bw6,1,IPD_API,2026-02-19 18:48:42.089785
B*15:352,Bw6,1,IPD_API,2026-02-19 18:48:42.089785
B*15:353,Bw6,1,IPD_API,2026-02-19 18:48:42.089785
B*15:354,Bw6,1,IPD_API,2026-02-19 18:48:42.089785
B*15:355,Bw6,1,IPD_API,2026-02-19 18:48:42.089785
B*15:356,Bw4 - 80I,1,IPD_API,2026-02-19 18:48:42.089785
B*15:357,Bw6,1,IPD_API,2026-02-19 18:48:42.089785
B*15:358,Bw6,1,IPD_API,2026-02-19 18:48:42.089785
B*15:359,Bw6,1,IPD_API,2026-02-19 18:48:42.089785
B*15:36,Bw4 - 80T,1,IPD_API,2026-02-19 18:48:42.089785
B*15:360,Bw6,1,IPD_API,2026-02-19 18:48:42.089785
B*15:361,Bw4 - 80I,1,IPD_API,2026-02-19 18:48:42.089785
B*15:362,Bw4 - 80I,1,IPD_API,2026-02-19 18:48:42.089785
B*15:363,Bw6,2,IPD_API,2026-02-19 18:48:42.089785
B*15:364,Bw6,1,IPD_API,2026-02-19 18:48:42.089785
B*15:365,Bw6,1,IPD_API,2026-02-19 18:48:42.089785
B*15:366,Bw6,1,IPD_API,2026-02-19 18:48:42.089785
B*15:367,Bw6,1,IPD_API,2026-02-19 18:48:42.089785
B*15:368,Bw6,1,IPD_API,2026-02-19 18:48:42.089785
B*15:369,Bw6,1,IPD_API,2026-02-19 18:48:42.089785
B*15:37,Bw6,1,IPD_API,2026-02-19 18:48:42.089785
B*15:370,Bw6,1,IPD_API,2026-02-19 18:48:42.089785
B*15:371,Bw6,1,IPD_API,2026-02-19 18:48:42.089785
B*15:372,Bw6,1,IPD_API,2026-02-19 18:48:42.089785
B*15:373,Bw6,1,IPD_API,2026-02-19 18:48:42.089785
B*15:374,Bw6,1,IPD_API,2026-02-19 18:48:42.089785
B*15:376,Bw6,1,IPD_API,2026-02-19 18:48:42.089785
B*15:377,Bw6,1,IPD_API,2026-02-19 18:48:42.089785
B*15:378,Bw6,1,IPD_API,2026-02-19 18:48:42.089785
B*15:379,Bw6,1,IPD_API,2026-02-19 18:48:42.089785
B*15:38,Bw6,2,IPD_API,2026-02-19 18:48:42.089785
B*15:381,Bw6,1,IPD_API,2026-02-19 18:48:42.089785
B*15:382,Bw6,1,IPD_API,2026-02-19 18:48:42.089785
B*15:383,Bw6,1,IPD_API,2026-02-19 18:48:42.089785
B*15:384,Bw6,2,IPD_API,2026-02-19 18:48:42.089785
B*15:385,Bw6,1,IPD_API,2026-02-19 18:48:42.089785
B*15:386,Bw6,1,IPD_API,2026-02-19 18:48:42.089785
B*15:387,Bw6,1,IPD_API,2026-02-19 18:48:42.089785
B*15:388,Bw6,1,IPD_API,2026-02-19 18:48:42.089785
B*15:389,Bw6,1,IPD_API,2026-02-19 18:48:42.089785
B*15:39,Bw6,3,IPD_API,2026-02-19 18:48:42.089785
B*15:390,Bw6,1,IPD_API,2026-02-19 18:48:42.089785
B*15:391,Bw6,1,IPD_API,2026-02-19 18:48:42.089785
B*15:392,Bw6,1,IPD_API,2026-02-19 18:48:42.089785
B*15:393,Bw6,1,IPD_API,2026-02-19 18:48:42.089785
B*15:394,Bw6,1,IPD_API,2026-02-19 18:48:42.089785
B*15:395,Bw6,1,IPD_API,2026-02-19 18:48:42.089785
B*15:396,Bw4 - 80I,1,IPD_API,2026-02-19 18:48:42.089785
B*15:397,Bw6,1,IPD_API,2026-02-19 18:48:42.089785
B*15:398,Bw6,1,IPD_API,2026-02-19 18:48:42.089785
B*15:399,Bw6,1,IPD_API,2026-02-19 18:48:42.089785
B*15:40,Bw6,2,IPD_API,2026-02-19 18:48:42.089785
B*15:401,Bw6,1,IPD_API,2026-02-19 18:48:42.089785
B*15:402,Bw6,1,IPD_API,2026-02-19 18:48:42.089785
B*15:403,Bw4 - 80I,1,IPD_API,2026-02-19 18:48:42.089785
B*15:404,Bw6,1,IPD_API,2026-02-19 18:48:42.089785
B*15:405,Bw6,1,IPD_API,2026-02-19 18:48:42.089785
B*15:406,Bw6,1,IPD_API,2026-02-19 18:48:42.089785
B*15:407,Bw6,1,IPD_API,2026-02-19 18:48:42.089785
B*15:408,Bw4 - 80I,1,IPD_API,2026-02-19 18:48:42.089785
B*15:409,Bw6,1,IPD_API,2026-02-19 18:48:42.089785
B*15:410,Bw6,1,IPD_API,2026-02-19 18:48:42.089785
B*15:411,Bw4 - 80I,1,IPD_API,2026-02-19 18:48:42.089785
B*15:412,Bw6,1,IPD_API,2026-02-19 18:48:42.089785
B*15:413,Bw6,1,IPD_API,2026-02-19 18:48:42.089785
B*15:414,Bw6,1,IPD_API,2026-02-19 18:48:42.089785
B*15:415,Bw6,1,IPD_API,2026-02-19 18:48:42.089785
B*15:416,Bw6,1,IPD_API,2026-02-19 18:48:42.089785
B*15:417,Bw6,1,IPD_API,2026-02-19 18:48:42.089785
B*15:418,Bw4 - 80I,1,IPD_API,2026-02-19 18:48:42.089785
B*15:419,Bw6,1,IPD_API,2026-02-19 18:48:42.089785
B*15:42,Bw6,1,IPD_API,2026-02-19 18:48:42.089785
B*15:420,Bw6,1,IPD_API,2026-02-19 18:48:42.089785
B*15:421,Bw6,1,IPD_API,2026-02-19 18:48:42.089785
B*15:422,Bw6,1,IPD_API,2026-02-19 18:48:42.089785
B*15:423,Bw4 - 80I,1,IPD_API,2026-02-19 18:48:42.089785
B*15:424,Bw4 - 80I,1,IPD_API,2026-02-19 18:48:42.089785
B*15:425,Bw6,1,IPD_API,2026-02-19 18:48:42.089785
B*15:426,Bw6,1,IPD_API,2026-02-19 18:48:42.089785
B*15:427,Bw6,1,IPD_API,2026-02-19 18:48:42.089785
B*15:428,Bw6,1,IPD_API,2026-02-19 18:48:42.089785
B*15:429,Bw6,1,IPD_API,2026-02-19 18:48:42.089785
B*15:43,Bw4 - 80T,1,IPD_API,2026-02-19 18:48:42.089785
B*15:431,Bw6,1,IPD_API,2026-02-19 18:48:42.089785
B*15:432,Bw6,1,IPD_API,2026-02-19 18:48:42.089785
B*15:433,Bw6,1,IPD_API,2026-02-19 18:48:42.089785
B*15:434,Bw6,1,IPD_API,2026-02-19 18:48:42.089785
B*15:435,Bw6,1,IPD_API,2026-02-19 18:48:42.089785
B*15:436,Bw6,1,IPD_API,2026-02-19 18:48:42.089785
B*15:437,Bw6,1,IPD_API,2026-02-19 18:48:42.089785
B*15:438,Bw6,1,IPD_API,2026-02-19 18:48:42.089785
B*15:439,Bw6,1,IPD_API,2026-02-19 18:48:42.089785
B*15:44,Bw6,1,IPD_API,2026-02-19 18:48:42.089785
B*15:440,Bw6,1,IPD_API,2026-02-19 18:48:42.089785
B*15:441,Bw6,1,IPD_API,2026-02-19 18:48:42.089785
B*15:442,Bw4 - 80I,1,IPD_API,2026-02-19 18:48:42.089785
B*15:443,Bw6,1,IPD_API,2026-02-19 18:48:42.089785
B*15:444,Bw6,1,IPD_API,2026-02-19 18:48:42.089785
B*15:445,Bw6,1,IPD_API,2026-02-19 18:48:42.089785
B*15:446,Bw4 - 80I,1,IPD_API,2026-02-19 18:48:42.089785
B*15:447,Bw6,1,IPD_API,2026-02-19 18:48:42.089785
B*15:448,Bw6,1,IPD_API,2026-02-19 18:48:42.089785
B*15:449,Bw6,1,IPD_API,2026-02-19 18:48:42.089785
B*15:45,Bw6,1,IPD_API,2026-02-19 18:48:42.089785
B*15:450,Bw6,1,IPD_API,2026-02-19 18:48:42.089785
B*15:451,Bw6,1,IPD_API,2026-02-19 18:48:42.089785
B*15:452,Bw6,1,IPD_API,2026-02-19 18:48:42.089785
B*15:453,Bw6,1,IPD_API,2026-02-19 18:48:42.089785
B*15:455,Bw6,1,IPD_API,2026-02-19 18:48:42.089785
B*15:456,Bw6,1,IPD_API,2026-02-19 18:48:42.089785
B*15:457,Bw6,1,IPD_API,2026-02-19 18:48:42.089785
B*15:458,Bw6,1,IPD_API,2026-02-19 18:48:42.089785
B*15:459,Bw6,1,IPD_API,2026-02-19 18:48:42.089785
B*15:46,Bw6,1,IPD_API,2026-02-19 18:48:42.089785
B*15:460,Bw6,1,IPD_API,2026-02-19 18:48:42.089785
B*15:461,Bw6,1,IPD_API,2026-02-19 18:48:42.089785
B*15:462,Bw4 - 80I,1,IPD_API,2026-02-19 18:48:42.089785
B*15:464,Bw6,1,IPD_API,2026-02-19 18:48:42.089785
B*15:465,Bw6,1,IPD_API,2026-02-19 18:48:42.089785
B*15:466,Bw6,1,IPD_API,2026-02-19 18:48:42.089785
B*15:467,Bw6,1,IPD_API,2026-02-19 18:48:42.089785
B*15:468,Bw6,1,IPD_API,2026-02-19 18:48:42.089785
B*15:469,Bw6,1,IPD_API,2026-02-19 18:48:42.089785
B*15:47,Bw6,2,IPD_API,2026-02-19 18:48:42.089785
B*15:470,Bw6,1,IPD_API,2026-02-19 18:48:42.089785
B*15:471,Bw6,1,IPD_API,2026-02-19 18:48:42.089785
B*15:472,Bw6,1,IPD_API,2026-02-19 18:48:42.089785
B*15:473,Bw6,1,IPD_API,2026-02-19 18:48:42.089785
B*15:474,Bw6,1,IPD_API,2026-02-19 18:48:42.089785
B*15:475,Bw6,1,IPD_API,2026-02-19 18:48:42.089785
B*15:476,Bw6,1,IPD_API,2026-02-19 18:48:42.089785
B*15:477,Bw6,1,IPD_API,2026-02-19 18:48:42.089785
B*15:478,Bw6,1,IPD_API,2026-02-19 18:48:42.089785
B*15:479,Bw6,1,IPD_API,2026-02-19 18:48:42.089785
B*15:48,Bw6,1,IPD_API,2026-02-19 18:48:42.089785
B*15:480,Bw6,1,IPD_API,2026-02-19 18:48:42.089785
B*15:481,Bw6,1,IPD_API,2026-02-19 18:48:42.089785
B*15:482,Bw6,1,IPD_API,2026-02-19 18:48:42.089785
B*15:484,Bw6,1,IPD_API,2026-02-19 18:48:42.089785
B*15:485,Bw6,1,IPD_API,2026-02-19 18:48:42.089785
B*15:486,Bw6,1,IPD_API,2026-02-19 18:48:42.089785
B*15:488,Bw6,1,IPD_API,2026-02-19 18:48:42.089785
B*15:489,Bw6,1,IPD_API,2026-02-19 18:48:42.089785
B*15:49,Bw6,1,IPD_API,2026-02-19 18:48:42.089785
B*15:490,Bw6,1,IPD_API,2026-02-19 18:48:42.089785
B*15:491,Bw6,1,IPD_API,2026-02-19 18:48:42.089785
B*15:492,Bw6,1,IPD_API,2026-02-19 18:48:42.089785
B*15:493,Bw6,1,IPD_API,2026-02-19 18:48:42.089785
B*15:494,Bw6,1,IPD_API,2026-02-19 18:48:42.089785
B*15:495,Bw6,1,IPD_API,2026-02-19 18:48:42.089785
B*15:497,Bw6,1,IPD_API,2026-02-19 18:48:42.089785
B*15:498,Bw6,1,IPD_API,2026-02-19 18:48:42.089785
B*15:499,Bw6,1,IPD_API,2026-02-19 18:48:42.089785
B*15:50,Bw6,1,IPD_API,2026-02-19 18:48:42.089785
B*15:500,Bw4 - 80I,1,IPD_API,2026-02-19 18:48:42.089785
B*15:501,Bw6,1,IPD_API,2026-02-19 18:48:42.089785
B*15:502,Bw6,1,IPD_API,2026-02-19 18:48:42.089785
B*15:503,Bw6,1,IPD_API,2026-02-19 18:48:42.089785
B*15:504,Bw6,3,IPD_API,2026-02-19 18:48:42.089785
B*15:505,Bw4 - 80T,1,IPD_API,2026-02-19 18:48:42.089785
B*15:506,Bw6,1,IPD_API,2026-02-19 18:48:42.089785
B*15:507,Bw6,1,IPD_API,2026-02-19 18:48:42.089785
B*15:508,Bw6,1,IPD_API,2026-02-19 18:48:42.089785
B*15:509,Bw6,1,IPD_API,2026-02-19 18:48:42.089785
B*15:51,Bw6,1,IPD_API,2026-02-19 18:48:42.089785
B*15:510,Bw6,1,IPD_API,2026-02-19 18:48:42.089785
B*15:511,Bw6,1,IPD_API,2026-02-19 18:48:42.089785
B*15:512,Bw6,1,IPD_API,2026-02-19 18:48:42.089785
B*15:513,Bw6,1,IPD_API,2026-02-19 18:48:42.089785
B*15:514,Bw6,1,IPD_API,2026-02-19 18:48:42.089785
B*15:515,Bw6,1,IPD_API,2026-02-19 18:48:42.089785
B*15:516,Bw4 - 80I,1,IPD_API,2026-02-19 18:48:42.089785
B*15:517,Bw6,1,IPD_API,2026-02-19 18:48:42.089785
B*15:518,Bw6,1,IPD_API,2026-02-19 18:48:42.089785
B*15:519,Bw6,1,IPD_API,2026-02-19 18:48:42.089785
B*15:52,Bw6,1,IPD_API,2026-02-19 18:48:42.089785
B*15:520,Bw6,1,IPD_API,2026-02-19 18:48:42.089785
B*15:522,Bw6,1,IPD_API,2026-02-19 18:48:42.089785
B*15:523,Bw4 - 80I,1,IPD_API,2026-02-19 18:48:42.089785
B*15:524,Bw6,1,IPD_API,2026-02-19 18:48:42.089785
B*15:525,Bw6,1,IPD_API,2026-02-19 18:48:42.089785
B*15:526,Bw6,1,IPD_API,2026-02-19 18:48:42.089785
B*15:527,Bw6,1,IPD_API,2026-02-19 18:48:42.089785
B*15:529,Bw6,1,IPD_API,2026-02-19 18:48:42.089785
B*15:53,Bw6,1,IPD_API,2026-02-19 18:48:42.089785
B*15:531,Bw6,1,IPD_API,2026-02-19 18:48:42.089785
B*15:532,Bw4 - 80I,1,IPD_API,2026-02-19 18:48:42.089785
B*15:533,Bw6,2,IPD_API,2026-02-19 18:48:42.089785
B*15:534,Bw6,1,IPD_API,2026-02-19 18:48:42.089785
B*15:535,Bw6,1,IPD_API,2026-02-19 18:48:42.089785
B*15:536,Bw6,1,IPD_API,2026-02-19 18:48:42.089785
B*15:537,Bw6,1,IPD_API,2026-02-19 18:48:42.089785
B*15:538,Bw6,1,IPD_API,2026-02-19 18:48:42.089785
B*15:539,Bw6,1,IPD_API,2026-02-19 18:48:42.089785
B*15:54,Bw6,1,IPD_API,2026-02-19 18:48:42.089785
B*15:541,Bw6,1,IPD_API,2026-02-19 18:48:42.089785
B*15:542,Bw6,1,IPD_API,2026-02-19 18:48:42.089785
B*15:543,Bw6,1,IPD_API,2026-02-19 18:48:42.089785
B*15:545,Bw6,1,IPD_API,2026-02-19 18:48:42.089785
B*15:546,Bw4 - 80I,1,IPD_API,2026-02-19 18:48:42.089785
B*15:547,Bw6,1,IPD_API,2026-02-19 18:48:42.089785
B*15:548,Bw6,1,IPD_API,2026-02-19 18:48:42.089785
B*15:55,Bw6,1,IPD_API,2026-02-19 18:48:42.089785
B*15:550,Bw4 - 80I,1,IPD_API,2026-02-19 18:48:42.089785
B*15:551,Bw6,1,IPD_API,2026-02-19 18:48:42.089785
B*15:552,Bw6,1,IPD_API,2026-02-19 18:48:42.089785
B*15:553,Bw6,1,IPD_API,2026-02-19 18:48:42.089785
B*15:554,Bw6,1,IPD_API,2026-02-19 18:48:42.089785
B*15:555,Bw4 - 80I,1,IPD_API,2026-02-19 18:48:42.089785
B*15:556,Bw6,1,IPD_API,2026-02-19 18:48:42.089785
B*15:557,Bw6,1,IPD_API,2026-02-19 18:48:42.089785
B*15:558,Bw6,1,IPD_API,2026-02-19 18:48:42.089785
B*15:559,Bw6,1,IPD_API,2026-02-19 18:48:42.089785
B*15:56,Bw6,1,IPD_API,2026-02-19 18:48:42.089785
B*15:560,Bw6,1,IPD_API,2026-02-19 18:48:42.089785
B*15:561,Bw6,1,IPD_API,2026-02-19 18:48:42.089785
B*15:563,Bw6,1,IPD_API,2026-02-19 18:48:42.089785
B*15:564,Bw6,1,IPD_API,2026-02-19 18:48:42.089785
B*15:565,Bw6,1,IPD_API,2026-02-19 18:48:42.089785
B*15:566,Bw6,1,IPD_API,2026-02-19 18:48:42.089785
B*15:567,Bw6,1,IPD_API,2026-02-19 18:48:42.089785
B*15:568,Bw6,1,IPD_API,2026-02-19 18:48:42.089785
B*15:569,Bw6,1,IPD_API,2026-02-19 18:48:42.089785
B*15:570,Bw6,1,IPD_API,2026-02-19 18:48:42.089785
B*15:571,Bw6,1,IPD_API,2026-02-19 18:48:42.089785
B*15:572,Bw6,1,IPD_API,2026-02-19 18:48:42.089785
B*15:573,Bw6,1,IPD_API,2026-02-19 18:48:42.089785
B*15:574,Bw6,1,IPD_API,2026-02-19 18:48:42.089785
B*15:576,Bw6,1,IPD_API,2026-02-19 18:48:42.089785
B*15:577,Bw6,1,IPD_API,2026-02-19 18:48:42.089785
B*15:578,Bw6,1,IPD_API,2026-02-19 18:48:42.089785
B*15:579,Bw6,1,IPD_API,2026-02-19 18:48:42.089785
B*15:58,Bw6,1,IPD_API,2026-02-19 18:48:42.089785
B*15:580,Bw6,1,IPD_API,2026-02-19 18:48:42.089785
B*15:581,Bw6,1,IPD_API,2026-02-19 18:48:42.089785
B*15:582,Bw6,1,IPD_API,2026-02-19 18:48:42.089785
B*15:583,Bw6,1,IPD_API,2026-02-19 18:48:42.089785
B*15:585,Bw6,1,IPD_API,2026-02-19 18:48:42.089785
B*15:586,Bw4 - 80I,1,IPD_API,2026-02-19 18:48:42.089785
B*15:587,Bw6,1,IPD_API,2026-02-19 18:48:42.089785
B*15:588,Bw6,1,IPD_API,2026-02-19 18:48:42.089785
B*15:589,Bw6,1,IPD_API,2026-02-19 18:48:42.089785
B*15:590,Bw6,1,IPD_API,2026-02-19 18:48:42.089785
B*15:591,Bw6,1,IPD_API,2026-02-19 18:48:42.089785
B*15:592,Bw6,1,IPD_API,2026-02-19 18:48:42.089785
B*15:593,Bw6,1,IPD_API,2026-02-19 18:48:42.089785
B*15:594,Bw4 - 80T,1,IPD_API,2026-02-19 18:48:42.089785
B*15:595,Bw6,1,IPD_API,2026-02-19 18:48:42.089785
B*15:597,Bw6,1,IPD_API,2026-02-19 18:48:42.089785
B*15:598,Bw6,1,IPD_API,2026-02-19 18:48:42.089785
B*15:599,Bw6,1,IPD_API,2026-02-19 18:48:42.089785
B*15:60,Bw6,1,IPD_API,2026-02-19 18:48:42.089785
B*15:600,Bw6,1,IPD_API,2026-02-19 18:48:42.089785
B*15:601,Bw6,1,IPD_API,2026-02-19 18:48:42.089785
B*15:602,Bw4 - 80I,1,IPD_API,2026-02-19 18:48:42.089785
B*15:603,Bw4 - 80I,1,IPD_API,2026-02-19 18:48:42.089785
B*15:605,Bw6,1,IPD_API,2026-02-19 18:48:42.089785
B*15:606,Bw6,1,IPD_API,2026-02-19 18:48:42.089785
B*15:607,Bw6,1,IPD_API,2026-02-19 18:48:42.089785
B*15:608,Bw6,1,IPD_API,2026-02-19 18:48:42.089785
B*15:609,Bw6,1,IPD_API,2026-02-19 18:48:42.089785
B*15:61,Bw6,1,IPD_API,2026-02-19 18:48:42.089785
B*15:610,Bw6,1,IPD_API,2026-02-19 18:48:42.089785
B*15:611,Bw6,1,IPD_API,2026-02-19 18:48:42.089785
B*15:612,Bw6,1,IPD_API,2026-02-19 18:48:42.089785
B*15:613,Bw4 - 80I,1,IPD_API,2026-02-19 18:48:42.089785
B*15:614,Bw6,2,IPD_API,2026-02-19 18:48:42.089785
B*15:615,Bw6,1,IPD_API,2026-02-19 18:48:42.089785
B*15:616,Bw6,1,IPD_API,2026-02-19 18:48:42.089785
B*15:617,Bw6,1,IPD_API,2026-02-19 18:48:42.089785
B*15:618,Bw6,1,IPD_API,2026-02-19 18:48:42.089785
B*15:619,Bw4 - 80I,1,IPD_API,2026-02-19 18:48:42.089785
B*15:62,Bw6,1,IPD_API,2026-02-19 18:48:42.089785
B*15:620,Bw6,1,IPD_API,2026-02-19 18:48:42.089785
B*15:621,Bw6,1,IPD_API,2026-02-19 18:48:42.089785
B*15:622,Bw6,1,IPD_API,2026-02-19 18:48:42.089785
B*15:623,Bw6,1,IPD_API,2026-02-19 18:48:42.089785
B*15:624,Bw6,1,IPD_API,2026-02-19 18:48:42.089785
B*15:625,Bw6,1,IPD_API,2026-02-19 18:48:42.089785
B*15:626,Bw6,1,IPD_API,2026-02-19 18:48:42.089785
B*15:627,Bw6,1,IPD_API,2026-02-19 18:48:42.089785
B*15:628,Bw6,2,IPD_API,2026-02-19 18:48:42.089785
B*15:629,Bw6,1,IPD_API,2026-02-19 18:48:42.089785
B*15:63,Bw6,1,IPD_API,2026-02-19 18:48:42.089785
B*15:630,Bw6,1,IPD_API,2026-02-19 18:48:42.089785
B*15:631,Bw6,1,IPD_API,2026-02-19 18:48:42.089785
B*15:632,Bw6,1,IPD_API,2026-02-19 18:48:42.089785
B*15:633,Bw6,1,IPD_API,2026-02-19 18:48:42.089785
B*15:634,Bw6,1,IPD_API,2026-02-19 18:48:42.089785
B*15:635,Bw6,1,IPD_API,2026-02-19 18:48:42.089785
B*15:636,Bw6,1,IPD_API,2026-02-19 18:48:42.089785
B*15:637,Bw6,1,IPD_API,2026-02-19 18:48:42.089785
B*15:638,Bw6,1,IPD_API,2026-02-19 18:48:42.089785
B*15:639,Bw6,1,IPD_API,2026-02-19 18:48:42.089785
B*15:64,Bw6,2,IPD_API,2026-02-19 18:48:42.089785
B*15:640,Bw6,1,IPD_API,2026-02-19 18:48:42.089785
B*15:641,Bw6,1,IPD_API,2026-02-19 18:48:42.089785
B*15:642,Bw4 - 80I,1,IPD_API,2026-02-19 18:48:42.089785
B*15:643,Bw6,1,IPD_API,2026-02-19 18:48:42.089785
B*15:644,Bw4 - 80I,1,IPD_API,2026-02-19 18:48:42.089785
B*15:645,Bw6,1,IPD_API,2026-02-19 18:48:42.089785
B*15:646,Bw6,1,IPD_API,2026-02-19 18:48:42.089785
B*15:647,Bw6,1,IPD_API,2026-02-19 18:48:42.089785
B*15:649,Bw6,1,IPD_API,2026-02-19 18:48:42.089785
B*15:65,Bw6,1,IPD_API,2026-02-19 18:48:42.089785
B*15:650,Bw6,1,IPD_API,2026-02-19 18:48:42.089785
B*15:651,Bw6,1,IPD_API,2026-02-19 18:48:42.089785
B*15:652,Bw6,1,IPD_API,2026-02-19 18:48:42.089785
B*15:653,Bw6,1,IPD_API,2026-02-19 18:48:42.089785
B*15:654,Bw6,1,IPD_API,2026-02-19 18:48:42.089785
B*15:655,Bw4 - 80I,1,IPD_API,2026-02-19 18:48:42.089785
B*15:656,Bw6,1,IPD_API,2026-02-19 18:48:42.089785
B*15:657,Bw6,1,IPD_API,2026-02-19 18:48:42.089785
B*15:658,Bw6,1,IPD_API,2026-02-19 18:48:42.089785
B*15:659,Bw6,1,IPD_API,2026-02-19 18:48:42.089785
B*15:66,Bw6,1,IPD_API,2026-02-19 18:48:42.089785
B*15:660,Bw6,1,IPD_API,2026-02-19 18:48:42.089785
B*15:661,Bw6,1,IPD_API,2026-02-19 18:48:42.089785
B*15:662,Bw6,1,IPD_API,2026-02-19 18:48:42.089785
B*15:663,Bw6,1,IPD_API,2026-02-19 18:48:42.089785
B*15:664,Bw6,1,IPD_API,2026-02-19 18:48:42.089785
B*15:665,Bw6,1,IPD_API,2026-02-19 18:48:42.089785
B*15:666,Bw6,1,IPD_API,2026-02-19 18:48:42.089785
B*15:667,Bw6,1,IPD_API,2026-02-19 18:48:42.089785
B*15:668,Bw6,1,IPD_API,2026-02-19 18:48:42.089785
B*15:67,Bw4 - 80I,1,IPD_API,2026-02-19 18:48:42.089785
B*15:670,Bw6,1,IPD_API,2026-02-19 18:48:42.089785
B*15:672,Bw6,1,IPD_API,2026-02-19 18:48:42.089785
B*15:673,Bw6,1,IPD_API,2026-02-19 18:48:42.089785
B*15:674,Bw6,1,IPD_API,2026-02-19 18:48:42.089785
B*15:675,Bw6,1,IPD_API,2026-02-19 18:48:42.089785
B*15:676,Bw6,1,IPD_API,2026-02-19 18:48:42.089785
B*15:677,Bw6,1,IPD_API,2026-02-19 18:48:42.089785
B*15:678,Bw6,1,IPD_API,2026-02-19 18:48:42.089785
B*15:679,Bw6,1,IPD_API,2026-02-19 18:48:42.089785
B*15:68,Bw6,1,IPD_API,2026-02-19 18:48:42.089785
B*15:680,Bw4 - 80I,1,IPD_API,2026-02-19 18:48:42.089785
B*15:681,Bw6,1,IPD_API,2026-02-19 18:48:42.089785
B*15:682,Bw6,1,IPD_API,2026-02-19 18:48:42.089785
B*15:683,Bw6,1,IPD_API,2026-02-19 18:48:42.089785
B*15:684,Bw6,1,IPD_API,2026-02-19 18:48:42.089785
B*15:685,Bw6,1,IPD_API,2026-02-19 18:48:42.089785
B*15:686,Bw6,1,IPD_API,2026-02-19 18:48:42.089785
B*15:687,Bw6,1,IPD_API,2026-02-19 18:48:42.089785
B*15:688,Bw4 - 80I,1,IPD_API,2026-02-19 18:48:42.089785
B*15:689,Bw4 - 80I,1,IPD_API,2026-02-19 18:48:42.089785
B*15:69,Bw6,1,IPD_API,2026-02-19 18:48:42.089785
B*15:690,Bw6,1,IPD_API,2026-02-19 18:48:42.089785
B*15:691,Bw6,1,IPD_API,2026-02-19 18:48:42.089785
B*15:692,Bw4 - 80I,1,IPD_API,2026-02-19 18:48:42.089785
B*15:693,Bw6,1,IPD_API,2026-02-19 18:48:42.089785
B*15:694,Bw6,1,IPD_API,2026-02-19 18:48:42.089785
B*15:695,Bw6,1,IPD_API,2026-02-19 18:48:42.089785
B*15:696,Bw6,1,IPD_API,2026-02-19 18:48:42.089785
B*15:697,Bw6,1,IPD_API,2026-02-19 18:48:42.089785
B*15:698,Bw6,1,IPD_API,2026-02-19 18:48:42.089785
B*15:699,Bw6,1,IPD_API,2026-02-19 18:48:42.089785
B*15:70,Bw6,1,IPD_API,2026-02-19 18:48:42.089785
B*15:700,Bw6,1,IPD_API,2026-02-19 18:48:42.089785
B*15:701,Bw6,1,IPD_API,2026-02-19 18:48:42.089785
B*15:702,Bw6,1,IPD_API,2026-02-19 18:48:42.089785
B*15:703,Bw6,1,IPD_API,2026-02-19 18:48:42.089785
B*15:704,Bw6,1,IPD_API,2026-02-19 18:48:42.089785
B*15:705,Bw6,1,IPD_API,2026-02-19 18:48:42.089785
B*15:706,Bw6,1,IPD_API,2026-02-19 18:48:42.089785
B*15:707,Bw6,1,IPD_API,2026-02-19 18:48:42.089785
B*15:708,Bw6,1,IPD_API,2026-02-19 18:48:42.089785
B*15:709,Bw4 - 80I,1,IPD_API,2026-02-19 18:48:42.089785
B*15:71,Bw6,1,IPD_API,2026-02-19 18:48:42.089785
B*15:710,Bw6,1,IPD_API,2026-02-19 18:48:42.089785
B*15:711,Bw6,1,IPD_API,2026-02-19 18:48:42.089785
B*15:712,Bw4 - 80I,1,IPD_API,2026-02-19 18:48:42.089785
B*15:713,Bw6,1,IPD_API,2026-02-19 18:48:42.089785
B*15:714,Bw4 - 80T,1,IPD_API,2026-02-19 18:48:42.089785
B*15:715,Bw6,1,IPD_API,2026-02-19 18:48:42.089785
B*15:716,Bw6,1,IPD_API,2026-02-19 18:48:42.089785
B*15:717,Bw6,1,IPD_API,2026-02-19 18:48:42.089785
B*15:718,Bw6,1,IPD_API,2026-02-19 18:48:42.089785
B*15:719,Bw6,1,IPD_API,2026-02-19 18:48:42.089785
B*15:72,Bw6,1,IPD_API,2026-02-19 18:48:42.089785
B*15:720,Bw6,1,IPD_API,2026-02-19 18:48:42.089785
B*15:721,Bw6,1,IPD_API,2026-02-19 18:48:42.089785
B*15:722,Bw6,1,IPD_API,2026-02-19 18:48:42.089785
B*15:723,Bw6,1,IPD_API,2026-02-19 18:48:42.089785
B*15:724,Bw6,1,IPD_API,2026-02-19 18:48:42.089785
B*15:725,Bw6,1,IPD_API,2026-02-19 18:48:42.089785
B*15:726,Bw6,1,IPD_API,2026-02-19 18:48:42.089785
B*15:727,Bw6,1,IPD_API,2026-02-19 18:48:42.089785
B*15:728,Bw6,1,IPD_API,2026-02-19 18:48:42.089785
B*15:729,Bw6,1,IPD_API,2026-02-19 18:48:42.089785
B*15:73,Bw6,2,IPD_API,2026-02-19 18:48:42.089785
B*15:730,Bw6,1,IPD_API,2026-02-19 18:48:42.089785
B*15:733,Bw6,1,IPD_API,2026-02-19 18:48:42.089785
B*15:734,Bw6,1,IPD_API,2026-02-19 18:48:42.089785
B*15:735,Bw6,1,IPD_API,2026-02-19 18:48:42.089785
B*15:736,Bw6,1,IPD_API,2026-02-19 18:48:42.089785
B*15:74,Bw6,1,IPD_API,2026-02-19 18:48:42.089785
B*15:740,Bw6,1,IPD_API,2026-02-19 18:48:42.089785
B*15:741,Bw6,1,IPD_API,2026-02-19 18:48:42.089785
B*15:742,Bw6,1,IPD_API,2026-02-19 18:48:42.089785
B*15:743,Bw6,1,IPD_API,2026-02-19 18:48:42.089785
B*15:744,Bw6,1,IPD_API,2026-02-19 18:48:42.089785
B*15:745,Bw6,1,IPD_API,2026-02-19 18:48:42.089785
B*15:746,Bw4 - 80I,1,IPD_API,2026-02-19 18:48:42.089785
B*15:747,Bw6,1,IPD_API,2026-02-19 18:48:42.089785
B*15:748,Bw6,1,IPD_API,2026-02-19 18:48:42.089785
B*15:749,Bw6,1,IPD_API,2026-02-19 18:48:42.089785
B*15:75,Bw6,1,IPD_API,2026-02-19 18:48:42.089785
B*15:750,Bw6,1,IPD_API,2026-02-19 18:48:42.089785
B*15:751,Bw6,1,IPD_API,2026-02-19 18:48:42.089785
B*15:752,Bw6,1,IPD_API,2026-02-19 18:48:42.089785
B*15:753,Bw6,1,IPD_API,2026-02-19 18:48:42.089785
B*15:754,Bw6,1,IPD_API,2026-02-19 18:48:42.089785
B*15:755,Bw6,1,IPD_API,2026-02-19 18:48:42.089785
B*15:756,Bw6,1,IPD_API,2026-02-19 18:48:42.089785
B*15:757,Bw6,1,IPD_API,2026-02-19 18:48:42.089785
B*15:758,Bw6,1,IPD_API,2026-02-19 18:48:42.089785
B*15:759,Bw6,1,IPD_API,2026-02-19 18:48:42.089785
B*15:76,Bw6,1,IPD_API,2026-02-19 18:48:42.089785
B*15:760,Bw6,1,IPD_API,2026-02-19 18:48:42.089785
B*15:77,Bw6,1,IPD_API,2026-02-19 18:48:42.089785
B*15:78,Bw6,6,IPD_API,2026-02-19 18:48:42.089785
B*15:80,Bw6,1,IPD_API,2026-02-19 18:48:42.089785
B*15:81,Bw6,1,IPD_API,2026-02-19 18:48:42.089785
B*15:82,Bw6,1,IPD_API,2026-02-19 18:48:42.089785
B*15:83,Bw6,2,IPD_API,2026-02-19 18:48:42.089785
B*15:84,Bw6,1,IPD_API,2026-02-19 18:48:42.089785
B*15:85,Bw6,1,IPD_API,2026-02-19 18:48:42.089785
B*15:86,Bw6,1,IPD_API,2026-02-19 18:48:42.089785
B*15:88,Bw6,1,IPD_API,2026-02-19 18:48:42.089785
B*15:89,Bw4 - 80T,2,IPD_API,2026-02-19 18:48:42.089785
B*15:90,Bw6,1,IPD_API,2026-02-19 18:48:42.089785
B*15:91,Bw6,1,IPD_API,2026-02-19 18:48:42.089785
B*15:92,Bw6,1,IPD_API,2026-02-19 18:48:42.089785
B*15:93,Bw6,1,IPD_API,2026-02-19 18:48:42.089785
B*15:95,Bw4 - 80I,1,IPD_API,2026-02-19 18:48:42.089785
B*15:96,Bw6,1,IPD_API,2026-02-19 18:48:42.089785
B*15:97,Bw6,1,IPD_API,2026-02-19 18:48:42.089785
B*15:98,Bw6,1,IPD_API,2026-02-19 18:48:42.089785
B*15:99,Bw6,1,IPD_API,2026-02-19 18:48:42.089785
B*18:01,Bw6,155,IPD_API,2026-02-19 18:48:42.089785
B*18:02,Bw6,3,IPD_API,2026-02-19 18:48:42.089785
B*18:03,Bw6,4,IPD_API,2026-02-19 18:48:42.089785
B*18:04,Bw6,2,IPD_API,2026-02-19 18:48:42.089785
B*18:05,Bw6,3,IPD_API,2026-02-19 18:48:42.089785
B*18:06,Bw6,1,IPD_API,2026-02-19 18:48:42.089785
B*18:07,Bw6,4,IPD_API,2026-02-19 18:48:42.089785
B*18:08,Bw6,1,IPD_API,2026-02-19 18:48:42.089785
B*18:09,Bw4 - 80T,1,IPD_API,2026-02-19 18:48:42.089785
B*18:10,Bw6,1,IPD_API,2026-02-19 18:48:42.089785
B*18:100,Bw6,1,IPD_API,2026-02-19 18:48:42.089785
B*18:101,Bw6,1,IPD_API,2026-02-19 18:48:42.089785
B*18:102,Bw6,1,IPD_API,2026-02-19 18:48:42.089785
B*18:103,Bw6,1,IPD_API,2026-02-19 18:48:42.089785
B*18:104,Bw6,1,IPD_API,2026-02-19 18:48:42.089785
B*18:105,Bw6,1,IPD_API,2026-02-19 18:48:42.089785
B*18:106,Bw6,1,IPD_API,2026-02-19 18:48:42.089785
B*18:107,Bw6,1,IPD_API,2026-02-19 18:48:42.089785
B*18:109,Bw6,1,IPD_API,2026-02-19 18:48:42.089785
B*18:11,Bw6,1,IPD_API,2026-02-19 18:48:42.089785
B*18:110,Bw6,1,IPD_API,2026-02-19 18:48:42.089785
B*18:111,Bw6,1,IPD_API,2026-02-19 18:48:42.089785
B*18:112,Bw6,1,IPD_API,2026-02-19 18:48:42.089785
B*18:113,Bw6,1,IPD_API,2026-02-19 18:48:42.089785
B*18:114,Bw6,1,IPD_API,2026-02-19 18:48:42.089785
B*18:115,Bw6,1,IPD_API,2026-02-19 18:48:42.089785
B*18:116,Bw6,1,IPD_API,2026-02-19 18:48:42.089785
B*18:117,Bw6,1,IPD_API,2026-02-19 18:48:42.089785
B*18:118,Bw6,1,IPD_API,2026-02-19 18:48:42.089785
B*18:119,Bw6,1,IPD_API,2026-02-19 18:48:42.089785
B*18:12,Bw6,2,IPD_API,2026-02-19 18:48:42.089785
B*18:120,Bw6,1,IPD_API,2026-02-19 18:48:42.089785
B*18:121,Bw6,1,IPD_API,2026-02-19 18:48:42.089785
B*18:122,Bw6,1,IPD_API,2026-02-19 18:48:42.089785
B*18:123,Bw6,1,IPD_API,2026-02-19 18:48:42.089785
B*18:124,Bw6,1,IPD_API,2026-02-19 18:48:42.089785
B*18:125,Bw6,1,IPD_API,2026-02-19 18:48:42.089785
B*18:126,Bw6,1,IPD_API,2026-02-19 18:48:42.089785
B*18:127,Bw6,1,IPD_API,2026-02-19 18:48:42.089785
B*18:128,Bw6,1,IPD_API,2026-02-19 18:48:42.089785
B*18:129,Bw6,1,IPD_API,2026-02-19 18:48:42.089785
B*18:13,Bw6,1,IPD_API,2026-02-19 18:48:42.089785
B*18:130,Bw6,1,IPD_API,2026-02-19 18:48:42.089785
B*18:131,Bw6,2,IPD_API,2026-02-19 18:48:42.089785
B*18:133,Bw6,1,IPD_API,2026-02-19 18:48:42.089785
B*18:134,Bw6,1,IPD_API,2026-02-19 18:48:42.089785
B*18:135,Bw6,2,IPD_API,2026-02-19 18:48:42.089785
B*18:136,Bw4 - 80I,1,IPD_API,2026-02-19 18:48:42.089785
B*18:137,Bw6,1,IPD_API,2026-02-19 18:48:42.089785
B*18:139,Bw6,1,IPD_API,2026-02-19 18:48:42.089785
B*18:14,Bw6,1,IPD_API,2026-02-19 18:48:42.089785
B*18:140,Bw6,1,IPD_API,2026-02-19 18:48:42.089785
B*18:141,Bw6,1,IPD_API,2026-02-19 18:48:42.089785
B*18:143,Bw6,1,IPD_API,2026-02-19 18:48:42.089785
B*18:144,Bw6,1,IPD_API,2026-02-19 18:48:42.089785
B*18:145,Bw6,1,IPD_API,2026-02-19 18:48:42.089785
B*18:146,Bw6,1,IPD_API,2026-02-19 18:48:42.089785
B*18:147,Bw6,1,IPD_API,2026-02-19 18:48:42.089785
B*18:148,Bw6,1,IPD_API,2026-02-19 18:48:42.089785
B*18:149,Bw6,1,IPD_API,2026-02-19 18:48:42.089785
B*18:15,Bw6,1,IPD_API,2026-02-19 18:48:42.089785
B*18:150,Bw6,1,IPD_API,2026-02-19 18:48:42.089785
B*18:151,Bw6,1,IPD_API,2026-02-19 18:48:42.089785
B*18:152,Bw6,1,IPD_API,2026-02-19 18:48:42.089785
B*18:153,Bw6,1,IPD_API,2026-02-19 18:48:42.089785
B*18:155,Bw6,1,IPD_API,2026-02-19 18:48:42.089785
B*18:156,Bw6,2,IPD_API,2026-02-19 18:48:42.089785
B*18:157,Bw6,2,IPD_API,2026-02-19 18:48:42.089785
B*18:158,Bw6,1,IPD_API,2026-02-19 18:48:42.089785
B*18:159,Bw6,1,IPD_API,2026-02-19 18:48:42.089785
B*18:160,Bw6,1,IPD_API,2026-02-19 18:48:42.089785
B*18:161,Bw6,1,IPD_API,2026-02-19 18:48:42.089785
B*18:162,Bw6,1,IPD_API,2026-02-19 18:48:42.089785
B*18:163,Bw6,1,IPD_API,2026-02-19 18:48:42.089785
B*18:164,Bw6,1,IPD_API,2026-02-19 18:48:42.089785
B*18:165,Bw6,1,IPD_API,2026-02-19 18:48:42.089785
B*18:166,Bw6,1,IPD_API,2026-02-19 18:48:42.089785
B*18:167,Bw6,1,IPD_API,2026-02-19 18:48:42.089785
B*18:168,Bw6,1,IPD_API,2026-02-19 18:48:42.089785
B*18:169,Bw6,1,IPD_API,2026-02-19 18:48:42.089785
B*18:170,Bw6,1,IPD_API,2026-02-19 18:48:42.089785
B*18:171,Bw6,1,IPD_API,2026-02-19 18:48:42.089785
B*18:172,Bw6,1,IPD_API,2026-02-19 18:48:42.089785
B*18:173,Bw6,1,IPD_API,2026-02-19 18:48:42.089785
B*18:174,Bw6,1,IPD_API,2026-02-19 18:48:42.089785
B*18:175,Bw6,1,IPD_API,2026-02-19 18:48:42.089785
B*18:176,Bw6,1,IPD_API,2026-02-19 18:48:42.089785
B*18:177,Bw6,1,IPD_API,2026-02-19 18:48:42.089785
B*18:178,Bw6,1,IPD_API,2026-02-19 18:48:42.089785
B*18:179,Bw6,1,IPD_API,2026-02-19 18:48:42.089785
B*18:18,Bw6,2,IPD_API,2026-02-19 18:48:42.089785
B*18:180,Bw6,1,IPD_API,2026-02-19 18:48:42.089785
B*18:181,Bw6,1,IPD_API,2026-02-19 18:48:42.089785
B*18:183,Bw6,1,IPD_API,2026-02-19 18:48:42.089785
B*18:184,Bw6,1,IPD_API,2026-02-19 18:48:42.089785
B*18:185,Bw6,1,IPD_API,2026-02-19 18:48:42.089785
B*18:186,Bw6,1,IPD_API,2026-02-19 18:48:42.089785
B*18:187,Bw6,1,IPD_API,2026-02-19 18:48:42.089785
B*18:188,Bw6,1,IPD_API,2026-02-19 18:48:42.089785
B*18:189,Bw6,1,IPD_API,2026-02-19 18:48:42.089785
B*18:19,Bw6,1,IPD_API,2026-02-19 18:48:42.089785
B*18:190,Bw6,1,IPD_API,2026-02-19 18:48:42.089785
B*18:191,Bw6,1,IPD_API,2026-02-19 18:48:42.089785
B*18:192,Bw6,1,IPD_API,2026-02-19 18:48:42.089785
B*18:193,Bw6,1,IPD_API,2026-02-19 18:48:42.089785
B*18:194,Bw4 - 80I,2,IPD_API,2026-02-19 18:48:42.089785
B*18:195,Bw4 - 80T,1,IPD_API,2026-02-19 18:48:42.089785
B*18:196,Bw6,1,IPD_API,2026-02-19 18:48:42.089785
B*18:197,Bw6,1,IPD_API,2026-02-19 18:48:42.089785
B*18:199,Bw6,1,IPD_API,2026-02-19 18:48:42.089785
B*18:20,Bw6,1,IPD_API,2026-02-19 18:48:42.089785
B*18:200,Bw6,1,IPD_API,2026-02-19 18:48:42.089785
B*18:201,Bw6,1,IPD_API,2026-02-19 18:48:42.089785
B*18:202,Bw6,1,IPD_API,2026-02-19 18:48:42.089785
B*18:203,Bw6,1,IPD_API,2026-02-19 18:48:42.089785
B*18:204,Bw6,1,IPD_API,2026-02-19 18:48:42.089785
B*18:205,Bw6,2,IPD_API,2026-02-19 18:48:42.089785
B*18:206,Bw6,1,IPD_API,2026-02-19 18:48:42.089785
B*18:207,Bw6,1,IPD_API,2026-02-19 18:48:42.089785
B*18:208,Bw6,1,IPD_API,2026-02-19 18:48:42.089785
B*18:209,Bw6,1,IPD_API,2026-02-19 18:48:42.089785
B*18:21,Bw6,1,IPD_API,2026-02-19 18:48:42.089785
B*18:210,Bw6,1,IPD_API,2026-02-19 18:48:42.089785
B*18:211,Bw6,1,IPD_API,2026-02-19 18:48:42.089785
B*18:212,Bw6,1,IPD_API,2026-02-19 18:48:42.089785
B*18:213,Bw6,1,IPD_API,2026-02-19 18:48:42.089785
B*18:214,Bw6,1,IPD_API,2026-02-19 18:48:42.089785
B*18:215,Bw6,1,IPD_API,2026-02-19 18:48:42.089785
B*18:216,Bw6,1,IPD_API,2026-02-19 18:48:42.089785
B*18:217,Bw6,1,IPD_API,2026-02-19 18:48:42.089785
B*18:218,Bw6,1,IPD_API,2026-02-19 18:48:42.089785
B*18:219,Bw6,1,IPD_API,2026-02-19 18:48:42.089785
B*18:22,Bw6,1,IPD_API,2026-02-19 18:48:42.089785
B*18:220,Bw6,1,IPD_API,2026-02-19 18:48:42.089785
B*18:221,Bw6,1,IPD_API,2026-02-19 18:48:42.089785
B*18:222,Bw6,1,IPD_API,2026-02-19 18:48:42.089785
B*18:223,Bw6,1,IPD_API,2026-02-19 18:48:42.089785
B*18:224,Bw6,1,IPD_API,2026-02-19 18:48:42.089785
B*18:225,Bw6,1,IPD_API,2026-02-19 18:48:42.089785
B*18:226,Bw6,1,IPD_API,2026-02-19 18:48:42.089785
B*18:227,Bw6,1,IPD_API,2026-02-19 18:48:42.089785
B*18:228,Bw6,1,IPD_API,2026-02-19 18:48:42.089785
B*18:229,Bw6,1,IPD_API,2026-02-19 18:48:42.089785
B*18:230,Bw6,1,IPD_API,2026-02-19 18:48:42.089785
B*18:231,Bw6,1,IPD_API,2026-02-19 18:48:42.089785
B*18:232,Bw6,1,IPD_API,2026-02-19 18:48:42.089785
B*18:233,Bw6,1,IPD_API,2026-02-19 18:48:42.089785
B*18:234,Bw6,1,IPD_API,2026-02-19 18:48:42.089785
B*18:235,Bw6,1,IPD_API,2026-02-19 18:48:42.089785
B*18:236,Bw6,1,IPD_API,2026-02-19 18:48:42.089785
B*18:237,Bw6,1,IPD_API,2026-02-19 18:48:42.089785
B*18:238,Bw6,1,IPD_API,2026-02-19 18:48:42.089785
B*18:239,Bw6,1,IPD_API,2026-02-19 18:48:42.089785
B*18:24,Bw6,1,IPD_API,2026-02-19 18:48:42.089785
B*18:240,Bw6,1,IPD_API,2026-02-19 18:48:42.089785
B*18:241,Bw6,1,IPD_API,2026-02-19 18:48:42.089785
B*18:242,Bw6,1,IPD_API,2026-02-19 18:48:42.089785
B*18:243,Bw6,1,IPD_API,2026-02-19 18:48:42.089785
B*18:244,Bw6,1,IPD_API,2026-02-19 18:48:42.089785
B*18:246,Bw6,1,IPD_API,2026-02-19 18:48:42.089785
B*18:247,Bw6,1,IPD_API,2026-02-19 18:48:42.089785
B*18:249,Bw6,1,IPD_API,2026-02-19 18:48:42.089785
B*18:25,Bw6,1,IPD_API,2026-02-19 18:48:42.089785
B*18:250,Bw6,1,IPD_API,2026-02-19 18:48:42.089785
B*18:251,Bw6,1,IPD_API,2026-02-19 18:48:42.089785
B*18:252,Bw6,1,IPD_API,2026-02-19 18:48:42.089785
B*18:253,Bw6,1,IPD_API,2026-02-19 18:48:42.089785
B*18:254,Bw6,1,IPD_API,2026-02-19 18:48:42.089785
B*18:255,Bw6,1,IPD_API,2026-02-19 18:48:42.089785
B*18:256,Bw6,1,IPD_API,2026-02-19 18:48:42.089785
B*18:257,Bw6,1,IPD_API,2026-02-19 18:48:42.089785
B*18:259,Bw6,1,IPD_API,2026-02-19 18:48:42.089785
B*18:26,Bw6,1,IPD_API,2026-02-19 18:48:42.089785
B*18:260,Bw6,1,IPD_API,2026-02-19 18:48:42.089785
B*18:261,Bw6,1,IPD_API,2026-02-19 18:48:42.089785
B*18:262,Bw6,1,IPD_API,2026-02-19 18:48:42.089785
B*18:263,Bw6,1,IPD_API,2026-02-19 18:48:42.089785
B*18:264,Bw6,1,IPD_API,2026-02-19 18:48:42.089785
B*18:265,Bw6,1,IPD_API,2026-02-19 18:48:42.089785
B*18:266,Bw6,1,IPD_API,2026-02-19 18:48:42.089785
B*18:267,Bw6,1,IPD_API,2026-02-19 18:48:42.089785
B*18:268,Bw6,1,IPD_API,2026-02-19 18:48:42.089785
B*18:27,Bw6,1,IPD_API,2026-02-19 18:48:42.089785
B*18:28,Bw6,1,IPD_API,2026-02-19 18:48:42.089785
B*18:29,Bw6,1,IPD_API,2026-02-19 18:48:42.089785
B*18:30,Bw6,1,IPD_API,2026-02-19 18:48:42.089785
B*18:31,Bw6,1,IPD_API,2026-02-19 18:48:42.089785
B*18:32,Bw6,1,IPD_API,2026-02-19 18:48:42.089785
B*18:33,Bw6,1,IPD_API,2026-02-19 18:48:42.089785
B*18:34,Bw6,1,IPD_API,2026-02-19 18:48:42.089785
B*18:35,Bw6,1,IPD_API,2026-02-19 18:48:42.089785
B*18:36,Bw6,1,IPD_API,2026-02-19 18:48:42.089785
B*18:37,Bw6,3,IPD_API,2026-02-19 18:48:42.089785
B*18:38,Bw6,1,IPD_API,2026-02-19 18:48:42.089785
B*18:39,Bw6,1,IPD_API,2026-02-19 18:48:42.089785
B*18:40,Bw6,1,IPD_API,2026-02-19 18:48:42.089785
B*18:41,Bw6,1,IPD_API,2026-02-19 18:48:42.089785
B*18:42,Bw6,1,IPD_API,2026-02-19 18:48:42.089785
B*18:43,Bw6,1,IPD_API,2026-02-19 18:48:42.089785
B*18:44,Bw6,2,IPD_API,2026-02-19 18:48:42.089785
B*18:45,Bw6,1,IPD_API,2026-02-19 18:48:42.089785
B*18:46,Bw6,1,IPD_API,2026-02-19 18:48:42.089785
B*18:47,Bw6,1,IPD_API,2026-02-19 18:48:42.089785
B*18:48,Bw6,1,IPD_API,2026-02-19 18:48:42.089785
B*18:50,Bw6,1,IPD_API,2026-02-19 18:48:42.089785
B*18:51,Bw6,1,IPD_API,2026-02-19 18:48:42.089785
B*18:52,Bw6,1,IPD_API,2026-02-19 18:48:42.089785
B*18:53,Bw6,1,IPD_API,2026-02-19 18:48:42.089785
B*18:54,Bw4 - 80T,1,IPD_API,2026-02-19 18:48:42.089785
B*18:55,Bw6,1,IPD_API,2026-02-19 18:48:42.089785
B*18:56,Bw6,1,IPD_API,2026-02-19 18:48:42.089785
B*18:57,Bw6,2,IPD_API,2026-02-19 18:48:42.089785
B*18:58,Bw6,1,IPD_API,2026-02-19 18:48:42.089785
B*18:59,Bw6,1,IPD_API,2026-02-19 18:48:42.089785
B*18:60,Bw6,1,IPD_API,2026-02-19 18:48:42.089785
B*18:61,Bw6,1,IPD_API,2026-02-19 18:48:42.089785
B*18:62,Bw6,1,IPD_API,2026-02-19 18:48:42.089785
B*18:63,Bw6,1,IPD_API,2026-02-19 18:48:42.089785
B*18:64,Bw6,1,IPD_API,2026-02-19 18:48:42.089785
B*18:65,Bw6,1,IPD_API,2026-02-19 18:48:42.089785
B*18:66,Bw6,1,IPD_API,2026-02-19 18:48:42.089785
B*18:68,Bw6,1,IPD_API,2026-02-19 18:48:42.089785
B*18:69,Bw6,1,IPD_API,2026-02-19 18:48:42.089785
B*18:70,Bw6,1,IPD_API,2026-02-19 18:48:42.089785
B*18:71,Bw6,1,IPD_API,2026-02-19 18:48:42.089785
B*18:72,Bw6,3,IPD_API,2026-02-19 18:48:42.089785
B*18:73,Bw6,1,IPD_API,2026-02-19 18:48:42.089785
B*18:75,Bw6,1,IPD_API,2026-02-19 18:48:42.089785
B*18:76,Bw6,1,IPD_API,2026-02-19 18:48:42.089785
B*18:77,Bw6,1,IPD_API,2026-02-19 18:48:42.089785
B*18:78,Bw6,1,IPD_API,2026-02-19 18:48:42.089785
B*18:80,Bw6,1,IPD_API,2026-02-19 18:48:42.089785
B*18:81,Bw6,1,IPD_API,2026-02-19 18:48:42.089785
B*18:82,Bw6,1,IPD_API,2026-02-19 18:48:42.089785
B*18:83,Bw6,1,IPD_API,2026-02-19 18:48:42.089785
B*18:84,Bw6,1,IPD_API,2026-02-19 18:48:42.089785
B*18:85,Bw6,1,IPD_API,2026-02-19 18:48:42.089785
B*18:86,Bw6,1,IPD_API,2026-02-19 18:48:42.089785
B*18:87,Bw6,1,IPD_API,2026-02-19 18:48:42.089785
B*18:88,Bw6,1,IPD_API,2026-02-19 18:48:42.089785
B*18:89,Bw6,1,IPD_API,2026-02-19 18:48:42.089785
B*18:90,Bw6,1,IPD_API,2026-02-19 18:48:42.089785
B*18:91,Bw6,1,IPD_API,2026-02-19 18:48:42.089785
B*18:92,Bw6,1,IPD_API,2026-02-19 18:48:42.089785
B*18:93,Bw6,1,IPD_API,2026-02-19 18:48:42.089785
B*18:95,Bw6,1,IPD_API,2026-02-19 18:48:42.089785
B*18:96,Bw6,1,IPD_API,2026-02-19 18:48:42.089785
B*18:97,Bw6,1,IPD_API,2026-02-19 18:48:42.089785
B*18:98,Bw6,2,IPD_API,2026-02-19 18:48:42.089785
B*18:99,Bw6,1,IPD_API,2026-02-19 18:48:42.089785
B*27:01,Bw4 - 80T,1,IPD_API,2026-02-19 18:48:42.089785
B*27:02,Bw4 - 80I,17,IPD_API,2026-02-19 18:48:42.089785
B*27:03,Bw4 - 80T,2,IPD_API,2026-02-19 18:48:42.089785
B*27:04,Bw4 - 80T,7,IPD_API,2026-02-19 18:48:42.089785
B*27:05,Bw4 - 80T,114,IPD_API,2026-02-19 18:48:42.089785
B*27:06,Bw4 - 80T,3,IPD_API,2026-02-19 18:48:42.089785
B*27:07,Bw4 - 80T,8,IPD_API,2026-02-19 18:48:42.089785
B*27:08,Bw6,1,IPD_API,2026-02-19 18:48:42.089785
B*27:09,Bw4 - 80T,1,IPD_API,2026-02-19 18:48:42.089785
B*27:10,Bw4 - 80T,1,IPD_API,2026-02-19 18:48:42.089785
B*27:100,Bw4 - 80T,1,IPD_API,2026-02-19 18:48:42.089785
B*27:101,Bw4 - 80T,1,IPD_API,2026-02-19 18:48:42.089785
B*27:102,Bw4 - 80I,1,IPD_API,2026-02-19 18:48:42.089785
B*27:103,Bw4 - 80T,1,IPD_API,2026-02-19 18:48:42.089785
B*27:104,Bw4 - 80T,1,IPD_API,2026-02-19 18:48:42.089785
B*27:105,Bw4 - 80T,1,IPD_API,2026-02-19 18:48:42.089785
B*27:106,Bw4 - 80T,1,IPD_API,2026-02-19 18:48:42.089785
B*27:107,Bw4 - 80T,1,IPD_API,2026-02-19 18:48:42.089785
B*27:108,Bw4 - 80T,1,IPD_API,2026-02-19 18:48:42.089785
B*27:109,Bw4 - 80T,1,IPD_API,2026-02-19 18:48:42.089785
B*27:11,Bw4 - 80T,1,IPD_API,2026-02-19 18:48:42.089785
B*27:110,Bw4 - 80T,1,IPD_API,2026-02-19 18:48:42.089785
B*27:111,Bw4 - 80T,1,IPD_API,2026-02-19 18:48:42.089785
B*27:112,Bw4 - 80T,1,IPD_API,2026-02-19 18:48:42.089785
B*27:113,Bw4 - 80T,1,IPD_API,2026-02-19 18:48:42.089785
B*27:114,Bw4 - 80T,1,IPD_API,2026-02-19 18:48:42.089785
B*27:115,Bw4 - 80T,1,IPD_API,2026-02-19 18:48:42.089785
B*27:116,Bw4 - 80T,1,IPD_API,2026-02-19 18:48:42.089785
B*27:117,Bw4 - 80T,1,IPD_API,2026-02-19 18:48:42.089785
B*27:118,Bw4 - 80T,1,IPD_API,2026-02-19 18:48:42.089785
B*27:119,Bw4 - 80I,1,IPD_API,2026-02-19 18:48:42.089785
B*27:12,Bw6,3,IPD_API,2026-02-19 18:48:42.089785
B*27:120,Bw4 - 80T,1,IPD_API,2026-02-19 18:48:42.089785
B*27:121,Bw4 - 80T,1,IPD_API,2026-02-19 18:48:42.089785
B*27:122,Bw4 - 80T,1,IPD_API,2026-02-19 18:48:42.089785
B*27:123,Bw4 - 80T,1,IPD_API,2026-02-19 18:48:42.089785
B*27:124,Bw4 - 80T,1,IPD_API,2026-02-19 18:48:42.089785
B*27:125,Bw4 - 80T,1,IPD_API,2026-02-19 18:48:42.089785
B*27:126,Bw4 - 80I,1,IPD_API,2026-02-19 18:48:42.089785
B*27:127,Bw4 - 80T,1,IPD_API,2026-02-19 18:48:42.089785
B*27:128,Bw4 - 80T,1,IPD_API,2026-02-19 18:48:42.089785
B*27:129,Bw4 - 80T,1,IPD_API,2026-02-19 18:48:42.089785
B*27:13,Bw4 - 80T,2,IPD_API,2026-02-19 18:48:42.089785
B*27:130,Bw4 - 80T,1,IPD_API,2026-02-19 18:48:42.089785
B*27:131,Bw4 - 80T,1,IPD_API,2026-02-19 18:48:42.089785
B*27:132,Bw4 - 80T,1,IPD_API,2026-02-19 18:48:42.089785
B*27:133,Bw4 - 80T,1,IPD_API,2026-02-19 18:48:42.089785
B*27:134,Bw4 - 80I,1,IPD_API,2026-02-19 18:48:42.089785
B*27:135,Bw4 - 80T,1,IPD_API,2026-02-19 18:48:42.089785
B*27:136,Bw4 - 80T,1,IPD_API,2026-02-19 18:48:42.089785
B*27:137,Bw4 - 80T,1,IPD_API,2026-02-19 18:48:42.089785
B*27:138,Bw4 - 80T,1,IPD_API,2026-02-19 18:48:42.089785
B*27:139,Bw4 - 80T,1,IPD_API,2026-02-19 18:48:42.089785
B*27:14,Bw4 - 80T,1,IPD_API,2026-02-19 18:48:42.089785
B*27:140,Bw4 - 80T,1,IPD_API,2026-02-19 18:48:42.089785
B*27:141,Bw4 - 80T,1,IPD_API,2026-02-19 18:48:42.089785
B*27:142,Bw4 - 80T,1,IPD_API,2026-02-19 18:48:42.089785
B*27:143,Bw4 - 80T,1,IPD_API,2026-02-19 18:48:42.089785
B*27:144,Bw4 - 80T,2,IPD_API,2026-02-19 18:48:42.089785
B*27:145,Bw4 - 80T,1,IPD_API,2026-02-19 18:48:42.089785
B*27:146,Bw4 - 80T,1,IPD_API,2026-02-19 18:48:42.089785
B*27:147,Bw4 - 80T,1,IPD_API,2026-02-19 18:48:42.089785
B*27:148,Bw4 - 80T,1,IPD_API,2026-02-19 18:48:42.089785
B*27:149,Bw4 - 80T,1,IPD_API,2026-02-19 18:48:42.089785
B*27:15,Bw4 - 80T,1,IPD_API,2026-02-19 18:48:42.089785
B*27:150,Bw4 - 80T,1,IPD_API,2026-02-19 18:48:42.089785
B*27:151,Bw4 - 80T,1,IPD_API,2026-02-19 18:48:42.089785
B*27:152,Bw4 - 80T,1,IPD_API,2026-02-19 18:48:42.089785
B*27:153,Bw6,1,IPD_API,2026-02-19 18:48:42.089785
B*27:154,Bw4 - 80T,1,IPD_API,2026-02-19 18:48:42.089785
B*27:155,Bw4 - 80T,1,IPD_API,2026-02-19 18:48:42.089785
B*27:156,Bw4 - 80T,1,IPD_API,2026-02-19 18:48:42.089785
B*27:157,Bw4 - 80I,1,IPD_API,2026-02-19 18:48:42.089785
B*27:158,Bw4 - 80T,1,IPD_API,2026-02-19 18:48:42.089785
B*27:159,Bw4 - 80T,1,IPD_API,2026-02-19 18:48:42.089785
B*27:16,Bw4 - 80T,1,IPD_API,2026-02-19 18:48:42.089785
B*27:160,Bw4 - 80T,1,IPD_API,2026-02-19 18:48:42.089785
B*27:161,Bw4 - 80T,1,IPD_API,2026-02-19 18:48:42.089785
B*27:162,Bw4 - 80T,1,IPD_API,2026-02-19 18:48:42.089785
B*27:163,Bw4 - 80I,1,IPD_API,2026-02-19 18:48:42.089785
B*27:164,Bw4 - 80T,1,IPD_API,2026-02-19 18:48:42.089785
B*27:165,Bw4 - 80N,1,IPD_API,2026-02-19 18:48:42.089785
B*27:166,Bw4 - 80T,1,IPD_API,2026-02-19 18:48:42.089785
B*27:167,Bw4 - 80T,1,IPD_API,2026-02-19 18:48:42.089785
B*27:168,Bw4 - 80T,1,IPD_API,2026-02-19 18:48:42.089785
B*27:169,Bw4 - 80T,1,IPD_API,2026-02-19 18:48:42.089785
B*27:17,Bw4 - 80T,1,IPD_API,2026-02-19 18:48:42.089785
B*27:170,Bw4 - 80T,1,IPD_API,2026-02-19 18:48:42.089785
B*27:171,Bw4 - 80I,1,IPD_API,2026-02-19 18:48:42.089785
B*27:172,Bw4 - 80I,1,IPD_API,2026-02-19 18:48:42.089785
B*27:173,Bw4 - 80T,1,IPD_API,2026-02-19 18:48:42.089785
B*27:174,Bw4 - 80T,1,IPD_API,2026-02-19 18:48:42.089785
B*27:175,Bw4 - 80T,1,IPD_API,2026-02-19 18:48:42.089785
B*27:177,Bw4 - 80T,1,IPD_API,2026-02-19 18:48:42.089785
B*27:178,Bw4 - 80T,2,IPD_API,2026-02-19 18:48:42.089785
B*27:179,Bw4 - 80T,1,IPD_API,2026-02-19 18:48:42.089785
B*27:18,Bw6,1,IPD_API,2026-02-19 18:48:42.089785
B*27:180,Bw4 - 80T,1,IPD_API,2026-02-19 18:48:42.089785
B*27:181,Bw4 - 80I,1,IPD_API,2026-02-19 18:48:42.089785
B*27:182,Bw4 - 80T,1,IPD_API,2026-02-19 18:48:42.089785
B*27:183,Bw4 - 80T,1,IPD_API,2026-02-19 18:48:42.089785
B*27:184,Bw4 - 80T,1,IPD_API,2026-02-19 18:48:42.089785
B*27:185,Bw4 - 80T,1,IPD_API,2026-02-19 18:48:42.089785
B*27:186,Bw4 - 80T,1,IPD_API,2026-02-19 18:48:42.089785
B*27:187,Bw4 - 80T,1,IPD_API,2026-02-19 18:48:42.089785
B*27:188,Bw4 - 80I,1,IPD_API,2026-02-19 18:48:42.089785
B*27:189,Bw4 - 80T,1,IPD_API,2026-02-19 18:48:42.089785
B*27:19,Bw4 - 80T,3,IPD_API,2026-02-19 18:48:42.089785
B*27:190,Bw4 - 80T,1,IPD_API,2026-02-19 18:48:42.089785
B*27:191,Bw4 - 80T,1,IPD_API,2026-02-19 18:48:42.089785
B*27:192,Bw4 - 80T,1,IPD_API,2026-02-19 18:48:42.089785
B*27:193,Bw4 - 80T,1,IPD_API,2026-02-19 18:48:42.089785
B*27:194,Bw4 - 80T,1,IPD_API,2026-02-19 18:48:42.089785
B*27:195,Bw4 - 80T,1,IPD_API,2026-02-19 18:48:42.089785
B*27:196,Bw4 - 80T,1,IPD_API,2026-02-19 18:48:42.089785
B*27:197,Bw4 - 80I,1,IPD_API,2026-02-19 18:48:42.089785
B*27:198,Bw4 - 80T,1,IPD_API,2026-02-19 18:48:42.089785
B*27:199,Bw4 - 80T,1,IPD_API,2026-02-19 18:48:42.089785
B*27:20,Bw4 - 80T,1,IPD_API,2026-02-19 18:48:42.089785
B*27:200,Bw4 - 80T,1,IPD_API,2026-02-19 18:48:42.089785
B*27:201,Bw4 - 80T,1,IPD_API,2026-02-19 18:48:42.089785
B*27:202,Bw4 - 80T,1,IPD_API,2026-02-19 18:48:42.089785
B*27:203,Bw4 - 80I,1,IPD_API,2026-02-19 18:48:42.089785
B*27:204,Bw6,2,IPD_API,2026-02-19 18:48:42.089785
B*27:205,Bw4 - 80T,1,IPD_API,2026-02-19 18:48:42.089785
B*27:206,Bw4 - 80T,1,IPD_API,2026-02-19 18:48:42.089785
B*27:207,Bw4 - 80T,1,IPD_API,2026-02-19 18:48:42.089785
B*27:208,Bw4 - 80T,1,IPD_API,2026-02-19 18:48:42.089785
B*27:209,Bw4 - 80T,1,IPD_API,2026-02-19 18:48:42.089785
B*27:21,Bw4 - 80T,2,IPD_API,2026-02-19 18:48:42.089785
B*27:210,Bw4 - 80T,1,IPD_API,2026-02-19 18:48:42.089785
B*27:211,Bw4 - 80T,1,IPD_API,2026-02-19 18:48:42.089785
B*27:214,Bw4 - 80T,1,IPD_API,2026-02-19 18:48:42.089785
B*27:216,Bw4 - 80T,1,IPD_API,2026-02-19 18:48:42.089785
B*27:217,Bw4 - 80T,1,IPD_API,2026-02-19 18:48:42.089785
B*27:218,Bw4 - 80T,1,IPD_API,2026-02-19 18:48:42.089785
B*27:219,Bw4 - 80T,1,IPD_API,2026-02-19 18:48:42.089785
B*27:220,Bw4 - 80T,1,IPD_API,2026-02-19 18:48:42.089785
B*27:221,Bw4 - 80T,1,IPD_API,2026-02-19 18:48:42.089785
B*27:222,Bw4 - 80T,1,IPD_API,2026-02-19 18:48:42.089785
B*27:224,Bw4 - 80T,1,IPD_API,2026-02-19 18:48:42.089785
B*27:226,Bw4 - 80T,1,IPD_API,2026-02-19 18:48:42.089785
B*27:227,Bw4 - 80T,1,IPD_API,2026-02-19 18:48:42.089785
B*27:228,Bw4 - 80T,1,IPD_API,2026-02-19 18:48:42.089785
B*27:229,Bw4 - 80T,1,IPD_API,2026-02-19 18:48:42.089785
B*27:23,Bw4 - 80T,1,IPD_API,2026-02-19 18:48:42.089785
B*27:230,Bw4 - 80T,1,IPD_API,2026-02-19 18:48:42.089785
B*27:231,Bw4 - 80T,1,IPD_API,2026-02-19 18:48:42.089785
B*27:232,Bw4 - 80I,1,IPD_API,2026-02-19 18:48:42.089785
B*27:233,Bw4 - 80T,1,IPD_API,2026-02-19 18:48:42.089785
B*27:234,Bw4 - 80T,1,IPD_API,2026-02-19 18:48:42.089785
B*27:235,Bw4 - 80T,1,IPD_API,2026-02-19 18:48:42.089785
B*27:236,Bw4 - 80I,1,IPD_API,2026-02-19 18:48:42.089785
B*27:237,Bw4 - 80T,1,IPD_API,2026-02-19 18:48:42.089785
B*27:238,Bw4 - 80T,1,IPD_API,2026-02-19 18:48:42.089785
B*27:239,Bw4 - 80T,1,IPD_API,2026-02-19 18:48:42.089785
B*27:24,Bw4 - 80T,1,IPD_API,2026-02-19 18:48:42.089785
B*27:240,Bw4 - 80T,1,IPD_API,2026-02-19 18:48:42.089785
B*27:241,Bw4 - 80T,1,IPD_API,2026-02-19 18:48:42.089785
B*27:242,Bw6,1,IPD_API,2026-02-19 18:48:42.089785
B*27:244,Bw4 - 80T,1,IPD_API,2026-02-19 18:48:42.089785
B*27:245,Bw4 - 80I,1,IPD_API,2026-02-19 18:48:42.089785
B*27:247,Bw4 - 80T,1,IPD_API,2026-02-19 18:48:42.089785
B*27:248,Bw4 - 80T,1,IPD_API,2026-02-19 18:48:42.089785
B*27:249,Bw4 - 80T,1,IPD_API,2026-02-19 18:48:42.089785
B*27:25,Bw4 - 80T,1,IPD_API,2026-02-19 18:48:42.089785
B*27:250,Bw4 - 80T,1,IPD_API,2026-02-19 18:48:42.089785
B*27:251,Bw4 - 80I,1,IPD_API,2026-02-19 18:48:42.089785
B*27:252,Bw4 - 80T,1,IPD_API,2026-02-19 18:48:42.089785
B*27:253,Bw4 - 80T,1,IPD_API,2026-02-19 18:48:42.089785
B*27:255,Bw4 - 80T,1,IPD_API,2026-02-19 18:48:42.089785
B*27:256,Bw4 - 80T,1,IPD_API,2026-02-19 18:48:42.089785
B*27:257,Bw4 - 80T,1,IPD_API,2026-02-19 18:48:42.089785
B*27:258,Bw4 - 80T,1,IPD_API,2026-02-19 18:48:42.089785
B*27:259,Bw4 - 80T,1,IPD_API,2026-02-19 18:48:42.089785
B*27:26,Bw6,1,IPD_API,2026-02-19 18:48:42.089785
B*27:260,Bw6,1,IPD_API,2026-02-19 18:48:42.089785
B*27:262,Bw4 - 80T,1,IPD_API,2026-02-19 18:48:42.089785
B*27:264,Bw4 - 80T,1,IPD_API,2026-02-19 18:48:42.089785
B*27:265,Bw4 - 80T,1,IPD_API,2026-02-19 18:48:42.089785
B*27:266,Bw4 - 80T,1,IPD_API,2026-02-19 18:48:42.089785
B*27:267,Bw4 - 80T,1,IPD_API,2026-02-19 18:48:42.089785
B*27:268,Bw4 - 80T,1,IPD_API,2026-02-19 18:48:42.089785
B*27:269,Bw4 - 80T,1,IPD_API,2026-02-19 18:48:42.089785
B*27:27,Bw4 - 80T,1,IPD_API,2026-02-19 18:48:42.089785
B*27:270,Bw4 - 80T,1,IPD_API,2026-02-19 18:48:42.089785
B*27:271,Bw4 - 80T,1,IPD_API,2026-02-19 18:48:42.089785
B*27:272,Bw4 - 80T,1,IPD_API,2026-02-19 18:48:42.089785
B*27:273,Bw4 - 80T,1,IPD_API,2026-02-19 18:48:42.089785
B*27:274,Bw4 - 80T,1,IPD_API,2026-02-19 18:48:42.089785
B*27:275,Bw4 - 80I,1,IPD_API,2026-02-19 18:48:42.089785
B*27:276,Bw4 - 80T,1,IPD_API,2026-02-19 18:48:42.089785
B*27:277,Bw4 - 80T,1,IPD_API,2026-02-19 18:48:42.089785
B*27:278,Bw4 - 80T,1,IPD_API,2026-02-19 18:48:42.089785
B*27:279,Bw6,1,IPD_API,2026-02-19 18:48:42.089785
B*27:28,Bw4 - 80T,1,IPD_API,2026-02-19 18:48:42.089785
B*27:280,Bw4 - 80T,1,IPD_API,2026-02-19 18:48:42.089785
B*27:281,Bw4 - 80T,1,IPD_API,2026-02-19 18:48:42.089785
B*27:282,Bw4 - 80T,1,IPD_API,2026-02-19 18:48:42.089785
B*27:283,Bw4 - 80T,1,IPD_API,2026-02-19 18:48:42.089785
B*27:284,Bw4 - 80T,1,IPD_API,2026-02-19 18:48:42.089785
B*27:285,Bw4 - 80I,1,IPD_API,2026-02-19 18:48:42.089785
B*27:286,Bw4 - 80T,1,IPD_API,2026-02-19 18:48:42.089785
B*27:288,Bw4 - 80T,1,IPD_API,2026-02-19 18:48:42.089785
B*27:289,Bw4 - 80T,1,IPD_API,2026-02-19 18:48:42.089785
B*27:29,Bw4 - 80T,1,IPD_API,2026-02-19 18:48:42.089785
B*27:290,Bw4 - 80T,1,IPD_API,2026-02-19 18:48:42.089785
B*27:291,Bw4 - 80T,1,IPD_API,2026-02-19 18:48:42.089785
B*27:292,Bw4 - 80T,1,IPD_API,2026-02-19 18:48:42.089785
B*27:293,Bw4 - 80T,1,IPD_API,2026-02-19 18:48:42.089785
B*27:294,Bw4 - 80T,1,IPD_API,2026-02-19 18:48:42.089785
B*27:295,Bw4 - 80I,1,IPD_API,2026-02-19 18:48:42.089785
B*27:296,Bw4 - 80T,1,IPD_API,2026-02-19 18:48:42.089785
B*27:297,Bw4 - 80T,1,IPD_API,2026-02-19 18:48:42.089785
B*27:298,Bw4 - 80T,1,IPD_API,2026-02-19 18:48:42.089785
B*27:299,Bw4 - 80T,1,IPD_API,2026-02-19 18:48:42.089785
B*27:30,Bw4 - 80I,1,IPD_API,2026-02-19 18:48:42.089785
B*27:300,Bw4 - 80I,1,IPD_API,2026-02-19 18:48:42.089785
B*27:301,Bw4 - 80T,1,IPD_API,2026-02-19 18:48:42.089785
B*27:302,Bw4 - 80T,1,IPD_API,2026-02-19 18:48:42.089785
B*27:303,Bw4 - 80T,1,IPD_API,2026-02-19 18:48:42.089785
B*27:31,Bw4 - 80T,1,IPD_API,2026-02-19 18:48:42.089785
B*27:32,Bw4 - 80T,1,IPD_API,2026-02-19 18:48:42.089785
B*27:33,Bw6,1,IPD_API,2026-02-19 18:48:42.089785
B*27:34,Bw4 - 80T,1,IPD_API,2026-02-19 18:48:42.089785
B*27:35,Bw4 - 80T,1,IPD_API,2026-02-19 18:48:42.089785
B*27:36,Bw4 - 80T,1,IPD_API,2026-02-19 18:48:42.089785
B*27:37,Bw4 - 80T,1,IPD_API,2026-02-19 18:48:42.089785
B*27:38,Bw4 - 80T,1,IPD_API,2026-02-19 18:48:42.089785
B*27:39,Bw4 - 80T,1,IPD_API,2026-02-19 18:48:42.089785
B*27:40,Bw6,1,IPD_API,2026-02-19 18:48:42.089785
B*27:41,Bw4 - 80T,1,IPD_API,2026-02-19 18:48:42.089785
B*27:43,Bw4 - 80T,1,IPD_API,2026-02-19 18:48:42.089785
B*27:44,Bw6,1,IPD_API,2026-02-19 18:48:42.089785
B*27:45,Bw4 - 80T,1,IPD_API,2026-02-19 18:48:42.089785
B*27:46,Bw4 - 80T,1,IPD_API,2026-02-19 18:48:42.089785
B*27:47,Bw4 - 80T,1,IPD_API,2026-02-19 18:48:42.089785
B*27:48,Bw4 - 80T,1,IPD_API,2026-02-19 18:48:42.089785
B*27:49,Bw4 - 80T,1,IPD_API,2026-02-19 18:48:42.089785
B*27:50,Bw4 - 80T,2,IPD_API,2026-02-19 18:48:42.089785
B*27:51,Bw4 - 80T,1,IPD_API,2026-02-19 18:48:42.089785
B*27:52,Bw4 - 80T,1,IPD_API,2026-02-19 18:48:42.089785
B*27:54,Bw4 - 80T,1,IPD_API,2026-02-19 18:48:42.089785
B*27:55,Bw4 - 80T,1,IPD_API,2026-02-19 18:48:42.089785
B*27:56,Bw4 - 80T,1,IPD_API,2026-02-19 18:48:42.089785
B*27:57,Bw4 - 80I,1,IPD_API,2026-02-19 18:48:42.089785
B*27:58,Bw4 - 80T,1,IPD_API,2026-02-19 18:48:42.089785
B*27:60,Bw4 - 80T,1,IPD_API,2026-02-19 18:48:42.089785
B*27:61,Bw4 - 80T,1,IPD_API,2026-02-19 18:48:42.089785
B*27:62,Bw4 - 80I,1,IPD_API,2026-02-19 18:48:42.089785
B*27:63,Bw4 - 80T,1,IPD_API,2026-02-19 18:48:42.089785
B*27:67,Bw4 - 80T,1,IPD_API,2026-02-19 18:48:42.089785
B*27:68,Bw4 - 80T,1,IPD_API,2026-02-19 18:48:42.089785
B*27:69,Bw4 - 80T,1,IPD_API,2026-02-19 18:48:42.089785
B*27:70,Bw4 - 80T,1,IPD_API,2026-02-19 18:48:42.089785
B*27:71,Bw4 - 80T,1,IPD_API,2026-02-19 18:48:42.089785
B*27:72,Bw4 - 80T,1,IPD_API,2026-02-19 18:48:42.089785
B*27:73,Bw4 - 80T,1,IPD_API,2026-02-19 18:48:42.089785
B*27:74,Bw4 - 80T,1,IPD_API,2026-02-19 18:48:42.089785
B*27:75,Bw4 - 80I,1,IPD_API,2026-02-19 18:48:42.089785
B*27:76,Bw4 - 80T,1,IPD_API,2026-02-19 18:48:42.089785
B*27:77,Bw4 - 80I,1,IPD_API,2026-02-19 18:48:42.089785
B*27:78,Bw4 - 80T,1,IPD_API,2026-02-19 18:48:42.089785
B*27:79,Bw4 - 80T,1,IPD_API,2026-02-19 18:48:42.089785
B*27:80,Bw4 - 80T,1,IPD_API,2026-02-19 18:48:42.089785
B*27:81,Bw4 - 80T,1,IPD_API,2026-02-19 18:48:42.089785
B*27:82,Bw4 - 80T,1,IPD_API,2026-02-19 18:48:42.089785
B*27:83,Bw4 - 80I,1,IPD_API,2026-02-19 18:48:42.089785
B*27:84,Bw4 - 80T,1,IPD_API,2026-02-19 18:48:42.089785
B*27:85,Bw4 - 80T,1,IPD_API,2026-02-19 18:48:42.089785
B*27:86,Bw4 - 80T,1,IPD_API,2026-02-19 18:48:42.089785
B*27:87,Bw4 - 80T,1,IPD_API,2026-02-19 18:48:42.089785
B*27:88,Bw4 - 80T,1,IPD_API,2026-02-19 18:48:42.089785
B*27:90,Bw4 - 80T,4,IPD_API,2026-02-19 18:48:42.089785
B*27:91,Bw4 - 80T,1,IPD_API,2026-02-19 18:48:42.089785
B*27:92,Bw4 - 80T,1,IPD_API,2026-02-19 18:48:42.089785
B*27:93,Bw4 - 80T,1,IPD_API,2026-02-19 18:48:42.089785
B*27:95,Bw4 - 80I,1,IPD_API,2026-02-19 18:48:42.089785
B*27:96,Bw4 - 80T,2,IPD_API,2026-02-19 18:48:42.089785
B*27:97,Bw4 - 80T,1,IPD_API,2026-02-19 18:48:42.089785
B*27:98,Bw4 - 80T,1,IPD_API,2026-02-19 18:48:42.089785
B*27:99,Bw4 - 80T,1,IPD_API,2026-02-19 18:48:42.089785
B*35:01,Bw6,183,IPD_API,2026-02-19 18:48:42.089785
B*35:02,Bw6,35,IPD_API,2026-02-19 18:48:42.089785
B*35:03,Bw6,86,IPD_API,2026-02-19 18:48:42.089785
B*35:04,Bw6,4,IPD_API,2026-02-19 18:48:42.089785
B*35:05,Bw6,13,IPD_API,2026-02-19 18:48:42.089785
B*35:06,Bw6,1,IPD_API,2026-02-19 18:48:42.089785
B*35:07,Bw6,1,IPD_API,2026-02-19 18:48:42.089785
B*35:08,Bw6,32,IPD_API,2026-02-19 18:48:42.089785
B*35:09,Bw6,5,IPD_API,2026-02-19 18:48:42.089785
B*35:10,Bw6,1,IPD_API,2026-02-19 18:48:42.089785
B*35:100,Bw6,1,IPD_API,2026-02-19 18:48:42.089785
B*35:101,Bw6,2,IPD_API,2026-02-19 18:48:42.089785
B*35:102,Bw6,1,IPD_API,2026-02-19 18:48:42.089785
B*35:103,Bw6,1,IPD_API,2026-02-19 18:48:42.089785
B*35:104,Bw6,1,IPD_API,2026-02-19 18:48:42.089785
B*35:105,Bw6,1,IPD_API,2026-02-19 18:48:42.089785
B*35:106,Bw6,1,IPD_API,2026-02-19 18:48:42.089785
B*35:107,Bw6,1,IPD_API,2026-02-19 18:48:42.089785
B*35:108,Bw6,2,IPD_API,2026-02-19 18:48:42.089785
B*35:109,Bw6,1,IPD_API,2026-02-19 18:48:42.089785
B*35:11,Bw6,4,IPD_API,2026-02-19 18:48:42.089785
B*35:110,Bw6,1,IPD_API,2026-02-19 18:48:42.089785
B*35:111,Bw6,1,IPD_API,2026-02-19 18:48:42.089785
B*35:112,Bw6,2,IPD_API,2026-02-19 18:48:42.089785
B*35:113,Bw6,1,IPD_API,2026-02-19 18:48:42.089785
B*35:114,Bw6,1,IPD_API,2026-02-19 18:48:42.089785
B*35:115,Bw6,1,IPD_API,2026-02-19 18:48:42.089785
B*35:116,Bw6,1,IPD_API,2026-02-19 18:48:42.089785
B*35:117,Bw6,1,IPD_API,2026-02-19 18:48:42.089785
B*35:118,Bw6,1,IPD_API,2026-02-19 18:48:42.089785
B*35:119,Bw6,1,IPD_API,2026-02-19 18:48:42.089785
B*35:12,Bw6,7,IPD_API,2026-02-19 18:48:42.089785
B*35:120,Bw6,1,IPD_API,2026-02-19 18:48:42.089785
B*35:121,Bw6,1,IPD_API,2026-02-19 18:48:42.089785
B*35:122,Bw6,1,IPD_API,2026-02-19 18:48:42.089785
B*35:123,Bw6,1,IPD_API,2026-02-19 18:48:42.089785
B*35:124,Bw6,1,IPD_API,2026-02-19 18:48:42.089785
B*35:125,Bw6,1,IPD_API,2026-02-19 18:48:42.089785
B*35:126,Bw6,1,IPD_API,2026-02-19 18:48:42.089785
B*35:127,Bw6,1,IPD_API,2026-02-19 18:48:42.089785
B*35:128,Bw6,1,IPD_API,2026-02-19 18:48:42.089785
B*35:13,Bw6,3,IPD_API,2026-02-19 18:48:42.089785
B*35:131,Bw6,2,IPD_API,2026-02-19 18:48:42.089785
B*35:132,Bw6,1,IPD_API,2026-02-19 18:48:42.089785
B*35:133,Bw6,1,IPD_API,2026-02-19 18:48:42.089785
B*35:135,Bw6,1,IPD_API,2026-02-19 18:48:42.089785
B*35:136,Bw6,1,IPD_API,2026-02-19 18:48:42.089785
B*35:137,Bw6,1,IPD_API,2026-02-19 18:48:42.089785
B*35:138,Bw6,1,IPD_API,2026-02-19 18:48:42.089785
B*35:139,Bw6,1,IPD_API,2026-02-19 18:48:42.089785
B*35:14,Bw6,3,IPD_API,2026-02-19 18:48:42.089785
B*35:140,Bw6,1,IPD_API,2026-02-19 18:48:42.089785
B*35:141,Bw6,1,IPD_API,2026-02-19 18:48:42.089785
B*35:142,Bw6,1,IPD_API,2026-02-19 18:48:42.089785
B*35:143,Bw6,1,IPD_API,2026-02-19 18:48:42.089785
B*35:144,Bw6,1,IPD_API,2026-02-19 18:48:42.089785
B*35:146,Bw6,1,IPD_API,2026-02-19 18:48:42.089785
B*35:147,Bw6,1,IPD_API,2026-02-19 18:48:42.089785
B*35:148,Bw6,1,IPD_API,2026-02-19 18:48:42.089785
B*35:149,Bw6,1,IPD_API,2026-02-19 18:48:42.089785
B*35:15,Bw6,2,IPD_API,2026-02-19 18:48:42.089785
B*35:150,Bw6,2,IPD_API,2026-02-19 18:48:42.089785
B*35:151,Bw6,2,IPD_API,2026-02-19 18:48:42.089785
B*35:152,Bw6,1,IPD_API,2026-02-19 18:48:42.089785
B*35:153,Bw6,1,IPD_API,2026-02-19 18:48:42.089785
B*35:154,Bw6,1,IPD_API,2026-02-19 18:48:42.089785
B*35:155,Bw6,1,IPD_API,2026-02-19 18:48:42.089785
B*35:156,Bw6,1,IPD_API,2026-02-19 18:48:42.089785
B*35:157,Bw6,1,IPD_API,2026-02-19 18:48:42.089785
B*35:158,Bw6,1,IPD_API,2026-02-19 18:48:42.089785
B*35:159,Bw6,1,IPD_API,2026-02-19 18:48:42.089785
B*35:16,Bw6,1,IPD_API,2026-02-19 18:48:42.089785
B*35:160,Bw6,1,IPD_API,2026-02-19 18:48:42.089785
B*35:161,Bw6,1,IPD_API,2026-02-19 18:48:42.089785
B*35:162,Bw6,1,IPD_API,2026-02-19 18:48:42.089785
B*35:163,Bw6,1,IPD_API,2026-02-19 18:48:42.089785
B*35:164,Bw6,1,IPD_API,2026-02-19 18:48:42.089785
B*35:166,Bw6,1,IPD_API,2026-02-19 18:48:42.089785
B*35:167,Bw6,1,IPD_API,2026-02-19 18:48:42.089785
B*35:168,Bw6,1,IPD_API,2026-02-19 18:48:42.089785
B*35:169,Bw6,1,IPD_API,2026-02-19 18:48:42.089785
B*35:17,Bw6,7,IPD_API,2026-02-19 18:48:42.089785
B*35:170,Bw6,1,IPD_API,2026-02-19 18:48:42.089785
B*35:171,Bw6,1,IPD_API,2026-02-19 18:48:42.089785
B*35:172,Bw6,1,IPD_API,2026-02-19 18:48:42.089785
B*35:174,Bw6,1,IPD_API,2026-02-19 18:48:42.089785
B*35:175,Bw6,1,IPD_API,2026-02-19 18:48:42.089785
B*35:176,Bw6,1,IPD_API,2026-02-19 18:48:42.089785
B*35:177,Bw6,1,IPD_API,2026-02-19 18:48:42.089785
B*35:178,Bw6,1,IPD_API,2026-02-19 18:48:42.089785
B*35:179,Bw6,1,IPD_API,2026-02-19 18:48:42.089785
B*35:18,Bw6,1,IPD_API,2026-02-19 18:48:42.089785
B*35:180,Bw6,1,IPD_API,2026-02-19 18:48:42.089785
B*35:181,Bw6,1,IPD_API,2026-02-19 18:48:42.089785
B*35:182,Bw6,1,IPD_API,2026-02-19 18:48:42.089785
B*35:183,Bw6,1,IPD_API,2026-02-19 18:48:42.089785
B*35:184,Bw6,1,IPD_API,2026-02-19 18:48:42.089785
B*35:186,Bw6,1,IPD_API,2026-02-19 18:48:42.089785
B*35:187,Bw6,1,IPD_API,2026-02-19 18:48:42.089785
B*35:188,Bw6,1,IPD_API,2026-02-19 18:48:42.089785
B*35:189,Bw6,1,IPD_API,2026-02-19 18:48:42.089785
B*35:19,Bw6,1,IPD_API,2026-02-19 18:48:42.089785
B*35:190,Bw6,1,IPD_API,2026-02-19 18:48:42.089785
B*35:191,Bw6,1,IPD_API,2026-02-19 18:48:42.089785
B*35:192,Bw6,1,IPD_API,2026-02-19 18:48:42.089785
B*35:193,Bw6,1,IPD_API,2026-02-19 18:48:42.089785
B*35:194,Bw6,1,IPD_API,2026-02-19 18:48:42.089785
B*35:195,Bw6,1,IPD_API,2026-02-19 18:48:42.089785
B*35:196,Bw6,1,IPD_API,2026-02-19 18:48:42.089785
B*35:197,Bw6,1,IPD_API,2026-02-19 18:48:42.089785
B*35:198,Bw6,1,IPD_API,2026-02-19 18:48:42.089785
B*35:199,Bw6,1,IPD_API,2026-02-19 18:48:42.089785
B*35:20,Bw6,3,IPD_API,2026-02-19 18:48:42.089785
B*35:200,Bw6,1,IPD_API,2026-02-19 18:48:42.089785
B*35:201,Bw6,1,IPD_API,2026-02-19 18:48:42.089785
B*35:202,Bw6,1,IPD_API,2026-02-19 18:48:42.089785
B*35:204,Bw6,1,IPD_API,2026-02-19 18:48:42.089785
B*35:205,Bw6,3,IPD_API,2026-02-19 18:48:42.089785
B*35:206,Bw6,1,IPD_API,2026-02-19 18:48:42.089785
B*35:207,Bw6,1,IPD_API,2026-02-19 18:48:42.089785
B*35:208,Bw6,2,IPD_API,2026-02-19 18:48:42.089785
B*35:209,Bw6,1,IPD_API,2026-02-19 18:48:42.089785
B*35:21,Bw6,1,IPD_API,2026-02-19 18:48:42.089785
B*35:210,Bw6,1,IPD_API,2026-02-19 18:48:42.089785
B*35:211,Bw6,1,IPD_API,2026-02-19 18:48:42.089785
B*35:212,Bw6,1,IPD_API,2026-02-19 18:48:42.089785
B*35:213,Bw6,1,IPD_API,2026-02-19 18:48:42.089785
B*35:214,Bw6,1,IPD_API,2026-02-19 18:48:42.089785
B*35:215,Bw6,2,IPD_API,2026-02-19 18:48:42.089785
B*35:217,Bw6,1,IPD_API,2026-02-19 18:48:42.089785
B*35:218,Bw6,1,IPD_API,2026-02-19 18:48:42.089785
B*35:219,Bw6,1,IPD_API,2026-02-19 18:48:42.089785
B*35:22,Bw6,2,IPD_API,2026-02-19 18:48:42.089785
B*35:220,Bw6,1,IPD_API,2026-02-19 18:48:42.089785
B*35:221,Bw6,1,IPD_API,2026-02-19 18:48:42.089785
B*35:223,Bw6,1,IPD_API,2026-02-19 18:48:42.089785
B*35:224,Bw6,1,IPD_API,2026-02-19 18:48:42.089785
B*35:225,Bw6,1,IPD_API,2026-02-19 18:48:42.089785
B*35:226,Bw6,1,IPD_API,2026-02-19 18:48:42.089785
B*35:227,Bw6,1,IPD_API,2026-02-19 18:48:42.089785
B*35:228,Bw6,1,IPD_API,2026-02-19 18:48:42.089785
B*35:229,Bw6,1,IPD_API,2026-02-19 18:48:42.089785
B*35:23,Bw6,1,IPD_API,2026-02-19 18:48:42.089785
B*35:230,Bw6,1,IPD_API,2026-02-19 18:48:42.089785
B*35:231,Bw6,1,IPD_API,2026-02-19 18:48:42.089785
B*35:232,Bw6,1,IPD_API,2026-02-19 18:48:42.089785
B*35:233,Bw6,1,IPD_API,2026-02-19 18:48:42.089785
B*35:234,Bw6,1,IPD_API,2026-02-19 18:48:42.089785
B*35:235,Bw6,1,IPD_API,2026-02-19 18:48:42.089785
B*35:236,Bw6,1,IPD_API,2026-02-19 18:48:42.089785
B*35:237,Bw6,1,IPD_API,2026-02-19 18:48:42.089785
B*35:238,Bw6,1,IPD_API,2026-02-19 18:48:42.089785
B*35:239,Bw6,1,IPD_API,2026-02-19 18:48:42.089785
B*35:24,Bw6,2,IPD_API,2026-02-19 18:48:42.089785
B*35:240,Bw6,1,IPD_API,2026-02-19 18:48:42.089785
B*35:241,Bw6,1,IPD_API,2026-02-19 18:48:42.089785
B*35:242,Bw6,1,IPD_API,2026-02-19 18:48:42.089785
B*35:243,Bw6,1,IPD_API,2026-02-19 18:48:42.089785
B*35:244,Bw6,1,IPD_API,2026-02-19 18:48:42.089785
B*35:245,Bw6,1,IPD_API,2026-02-19 18:48:42.089785
B*35:246,Bw6,1,IPD_API,2026-02-19 18:48:42.089785
B*35:247,Bw6,2,IPD_API,2026-02-19 18:48:42.089785
B*35:248,Bw6,1,IPD_API,2026-02-19 18:48:42.089785
B*35:249,Bw6,1,IPD_API,2026-02-19 18:48:42.089785
B*35:25,Bw6,1,IPD_API,2026-02-19 18:48:42.089785
B*35:250,Bw6,1,IPD_API,2026-02-19 18:48:42.089785
B*35:251,Bw6,2,IPD_API,2026-02-19 18:48:42.089785
B*35:252,Bw6,1,IPD_API,2026-02-19 18:48:42.089785
B*35:253,Bw6,1,IPD_API,2026-02-19 18:48:42.089785
B*35:254,Bw6,1,IPD_API,2026-02-19 18:48:42.089785
B*35:255,Bw6,1,IPD_API,2026-02-19 18:48:42.089785
B*35:256,Bw6,1,IPD_API,2026-02-19 18:48:42.089785
B*35:257,Bw6,1,IPD_API,2026-02-19 18:48:42.089785
B*35:258,Bw6,1,IPD_API,2026-02-19 18:48:42.089785
B*35:259,Bw6,1,IPD_API,2026-02-19 18:48:42.089785
B*35:26,Bw6,1,IPD_API,2026-02-19 18:48:42.089785
B*35:260,Bw6,1,IPD_API,2026-02-19 18:48:42.089785
B*35:261,Bw6,1,IPD_API,2026-02-19 18:48:42.089785
B*35:262,Bw6,1,IPD_API,2026-02-19 18:48:42.089785
B*35:263,Bw6,1,IPD_API,2026-02-19 18:48:42.089785
B*35:264,Bw6,1,IPD_API,2026-02-19 18:48:42.089785
B*35:265,Bw6,1,IPD_API,2026-02-19 18:48:42.089785
B*35:266,Bw6,1,IPD_API,2026-02-19 18:48:42.089785
B*35:267,Bw6,1,IPD_API,2026-02-19 18:48:42.089785
B*35:268,Bw6,1,IPD_API,2026-02-19 18:48:42.089785
B*35:269,Bw6,1,IPD_API,2026-02-19 18:48:42.089785
B*35:270,Bw6,1,IPD_API,2026-02-19 18:48:42.089785
B*35:271,Bw6,1,IPD_API,2026-02-19 18:48:42.089785
B*35:272,Bw6,1,IPD_API,2026-02-19 18:48:42.089785
B*35:273,Bw6,1,IPD_API,2026-02-19 18:48:42.089785
B*35:274,Bw6,1,IPD_API,2026-02-19 18:48:42.089785
B*35:275,Bw6,1,IPD_API,2026-02-19 18:48:42.089785
B*35:276,Bw6,1,IPD_API,2026-02-19 18:48:42.089785
B*35:277,Bw6,1,IPD_API,2026-02-19 18:48:42.089785
B*35:278,Bw6,1,IPD_API,2026-02-19 18:48:42.089785
B*35:279,Bw6,1,IPD_API,2026-02-19 18:48:42.089785
B*35:28,Bw6,3,IPD_API,2026-02-19 18:48:42.089785
B*35:280,Bw6,1,IPD_API,2026-02-19 18:48:42.089785
B*35:281,Bw6,1,IPD_API,2026-02-19 18:48:42.089785
B*35:282,Bw6,1,IPD_API,2026-02-19 18:48:42.089785
B*35:283,Bw6,1,IPD_API,2026-02-19 18:48:42.089785
B*35:284,Bw6,1,IPD_API,2026-02-19 18:48:42.089785
B*35:285,Bw6,1,IPD_API,2026-02-19 18:48:42.089785
B*35:286,Bw6,1,IPD_API,2026-02-19 18:48:42.089785
B*35:287,Bw6,1,IPD_API,2026-02-19 18:48:42.089785
B*35:288,Bw6,1,IPD_API,2026-02-19 18:48:42.089785
B*35:289,Bw6,1,IPD_API,2026-02-19 18:48:42.089785
B*35:29,Bw6,3,IPD_API,2026-02-19 18:48:42.089785
B*35:290,Bw6,1,IPD_API,2026-02-19 18:48:42.089785
B*35:291,Bw6,1,IPD_API,2026-02-19 18:48:42.089785
B*35:292,Bw6,1,IPD_API,2026-02-19 18:48:42.089785
B*35:293,Bw6,1,IPD_API,2026-02-19 18:48:42.089785
B*35:294,Bw6,1,IPD_API,2026-02-19 18:48:42.089785
B*35:295,Bw6,1,IPD_API,2026-02-19 18:48:42.089785
B*35:296,Bw6,1,IPD_API,2026-02-19 18:48:42.089785
B*35:297,Bw6,1,IPD_API,2026-02-19 18:48:42.089785
B*35:298,Bw6,1,IPD_API,2026-02-19 18:48:42.089785
B*35:299,Bw6,1,IPD_API,2026-02-19 18:48:42.089785
B*35:30,Bw6,2,IPD_API,2026-02-19 18:48:42.089785
B*35:300,Bw6,1,IPD_API,2026-02-19 18:48:42.089785
B*35:301,Bw6,1,IPD_API,2026-02-19 18:48:42.089785
B*35:302,Bw6,1,IPD_API,2026-02-19 18:48:42.089785
B*35:303,Bw6,1,IPD_API,2026-02-19 18:48:42.089785
B*35:304,Bw6,1,IPD_API,2026-02-19 18:48:42.089785
B*35:305,Bw6,1,IPD_API,2026-02-19 18:48:42.089785
B*35:306,Bw6,1,IPD_API,2026-02-19 18:48:42.089785
B*35:307,Bw6,1,IPD_API,2026-02-19 18:48:42.089785
B*35:308,Bw6,1,IPD_API,2026-02-19 18:48:42.089785
B*35:309,Bw6,1,IPD_API,2026-02-19 18:48:42.089785
B*35:31,Bw6,2,IPD_API,2026-02-19 18:48:42.089785
B*35:310,Bw6,1,IPD_API,2026-02-19 18:48:42.089785
B*35:311,Bw6,1,IPD_API,2026-02-19 18:48:42.089785
B*35:312,Bw6,1,IPD_API,2026-02-19 18:48:42.089785
B*35:313,Bw6,1,IPD_API,2026-02-19 18:48:42.089785
B*35:314,Bw6,1,IPD_API,2026-02-19 18:48:42.089785
B*35:315,Bw6,1,IPD_API,2026-02-19 18:48:42.089785
B*35:316,Bw6,1,IPD_API,2026-02-19 18:48:42.089785
B*35:317,Bw6,1,IPD_API,2026-02-19 18:48:42.089785
B*35:318,Bw6,1,IPD_API,2026-02-19 18:48:42.089785
B*35:319,Bw6,1,IPD_API,2026-02-19 18:48:42.089785
B*35:32,Bw6,3,IPD_API,2026-02-19 18:48:42.089785
B*35:320,Bw6,1,IPD_API,2026-02-19 18:48:42.089785
B*35:321,Bw6,1,IPD_API,2026-02-19 18:48:42.089785
B*35:322,Bw6,1,IPD_API,2026-02-19 18:48:42.089785
B*35:323,Bw6,2,IPD_API,2026-02-19 18:48:42.089785
B*35:324,Bw6,1,IPD_API,2026-02-19 18:48:42.089785
B*35:325,Bw6,1,IPD_API,2026-02-19 18:48:42.089785
B*35:326,Bw6,1,IPD_API,2026-02-19 18:48:42.089785
B*35:327,Bw6,1,IPD_API,2026-02-19 18:48:42.089785
B*35:328,Bw6,1,IPD_API,2026-02-19 18:48:42.089785
B*35:329,Bw4 - 80T,1,IPD_API,2026-02-19 18:48:42.089785
B*35:33,Bw6,1,IPD_API,2026-02-19 18:48:42.089785
B*35:330,Bw6,1,IPD_API,2026-02-19 18:48:42.089785
B*35:331,Bw6,1,IPD_API,2026-02-19 18:48:42.089785
B*35:332,Bw6,1,IPD_API,2026-02-19 18:48:42.089785
B*35:333,Bw6,1,IPD_API,2026-02-19 18:48:42.089785
B*35:334,Bw6,1,IPD_API,2026-02-19 18:48:42.089785
B*35:335,Bw6,1,IPD_API,2026-02-19 18:48:42.089785
B*35:336,Bw6,1,IPD_API,2026-02-19 18:48:42.089785
B*35:337,Bw6,2,IPD_API,2026-02-19 18:48:42.089785
B*35:338,Bw6,1,IPD_API,2026-02-19 18:48:42.089785
B*35:339,Bw6,1,IPD_API,2026-02-19 18:48:42.089785
B*35:34,Bw6,1,IPD_API,2026-02-19 18:48:42.089785
B*35:340,Bw6,1,IPD_API,2026-02-19 18:48:42.089785
B*35:341,Bw6,1,IPD_API,2026-02-19 18:48:42.089785
B*35:342,Bw6,1,IPD_API,2026-02-19 18:48:42.089785
B*35:343,Bw6,1,IPD_API,2026-02-19 18:48:42.089785
B*35:344,Bw6,1,IPD_API,2026-02-19 18:48:42.089785
B*35:345,Bw6,1,IPD_API,2026-02-19 18:48:42.089785
B*35:346,Bw6,1,IPD_API,2026-02-19 18:48:42.089785
B*35:347,Bw6,1,IPD_API,2026-02-19 18:48:42.089785
B*35:348,Bw6,1,IPD_API,2026-02-19 18:48:42.089785
B*35:349,Bw6,1,IPD_API,2026-02-19 18:48:42.089785
B*35:35,Bw6,1,IPD_API,2026-02-19 18:48:42.089785
B*35:350,Bw6,1,IPD_API,2026-02-19 18:48:42.089785
B*35:351,Bw6,1,IPD_API,2026-02-19 18:48:42.089785
B*35:352,Bw6,1,IPD_API,2026-02-19 18:48:42.089785
B*35:353,Bw6,1,IPD_API,2026-02-19 18:48:42.089785
B*35:354,Bw6,1,IPD_API,2026-02-19 18:48:42.089785
B*35:356,Bw6,1,IPD_API,2026-02-19 18:48:42.089785
B*35:357,Bw6,1,IPD_API,2026-02-19 18:48:42.089785
B*35:358,Bw6,1,IPD_API,2026-02-19 18:48:42.089785
B*35:359,Bw6,1,IPD_API,2026-02-19 18:48:42.089785
B*35:36,Bw6,1,IPD_API,2026-02-19 18:48:42.089785
B*35:360,Bw6,1,IPD_API,2026-02-19 18:48:42.089785
B*35:361,Bw6,1,IPD_API,2026-02-19 18:48:42.089785
B*35:362,Bw6,1,IPD_API,2026-02-19 18:48:42.089785
B*35:363,Bw6,1,IPD_API,2026-02-19 18:48:42.089785
B*35:364,Bw6,1,IPD_API,2026-02-19 18:48:42.089785
B*35:365,Bw6,1,IPD_API,2026-02-19 18:48:42.089785
B*35:366,Bw6,1,IPD_API,2026-02-19 18:48:42.089785
B*35:367,Bw6,2,IPD_API,2026-02-19 18:48:42.089785
B*35:368,Bw6,1,IPD_API,2026-02-19 18:48:42.089785
B*35:369,Bw6,1,IPD_API,2026-02-19 18:48:42.089785
B*35:37,Bw6,1,IPD_API,2026-02-19 18:48:42.089785
B*35:370,Bw6,1,IPD_API,2026-02-19 18:48:42.089785
B*35:371,Bw6,1,IPD_API,2026-02-19 18:48:42.089785
B*35:372,Bw6,1,IPD_API,2026-02-19 18:48:42.089785
B*35:373,Bw6,1,IPD_API,2026-02-19 18:48:42.089785
B*35:374,Bw6,1,IPD_API,2026-02-19 18:48:42.089785
B*35:375,Bw6,1,IPD_API,2026-02-19 18:48:42.089785
B*35:376,Bw6,1,IPD_API,2026-02-19 18:48:42.089785
B*35:377,Bw6,1,IPD_API,2026-02-19 18:48:42.089785
B*35:378,Bw6,1,IPD_API,2026-02-19 18:48:42.089785
B*35:379,Bw6,1,IPD_API,2026-02-19 18:48:42.089785
B*35:38,Bw6,1,IPD_API,2026-02-19 18:48:42.089785
B*35:380,Bw6,2,IPD_API,2026-02-19 18:48:42.089785
B*35:382,Bw6,1,IPD_API,2026-02-19 18:48:42.089785
B*35:383,Bw6,1,IPD_API,2026-02-19 18:48:42.089785
B*35:384,Bw6,1,IPD_API,2026-02-19 18:48:42.089785
B*35:385,Bw6,1,IPD_API,2026-02-19 18:48:42.089785
B*35:386,Bw6,1,IPD_API,2026-02-19 18:48:42.089785
B*35:387,Bw6,1,IPD_API,2026-02-19 18:48:42.089785
B*35:388,Bw6,1,IPD_API,2026-02-19 18:48:42.089785
B*35:389,Bw6,1,IPD_API,2026-02-19 18:48:42.089785
B*35:39,Bw6,1,IPD_API,2026-02-19 18:48:42.089785
B*35:391,Bw6,1,IPD_API,2026-02-19 18:48:42.089785
B*35:392,Bw6,1,IPD_API,2026-02-19 18:48:42.089785
B*35:393,Bw6,1,IPD_API,2026-02-19 18:48:42.089785
B*35:394,Bw6,1,IPD_API,2026-02-19 18:48:42.089785
B*35:395,Bw6,1,IPD_API,2026-02-19 18:48:42.089785
B*35:396,Bw6,1,IPD_API,2026-02-19 18:48:42.089785
B*35:397,Bw6,1,IPD_API,2026-02-19 18:48:42.089785
B*35:398,Bw6,1,IPD_API,2026-02-19 18:48:42.089785
B*35:399,Bw6,1,IPD_API,2026-02-19 18:48:42.089785
B*35:400,Bw6,1,IPD_API,2026-02-19 18:48:42.089785
B*35:401,Bw6,1,IPD_API,2026-02-19 18:48:42.089785
B*35:402,Bw6,1,IPD_API,2026-02-19 18:48:42.089785
B*35:403,Bw6,1,IPD_API,2026-02-19 18:48:42.089785
B*35:404,Bw6,1,IPD_API,2026-02-19 18:48:42.089785
B*35:405,Bw6,1,IPD_API,2026-02-19 18:48:42.089785
B*35:406,Bw6,1,IPD_API,2026-02-19 18:48:42.089785
B*35:407,Bw6,1,IPD_API,2026-02-19 18:48:42.089785
B*35:408,Bw6,1,IPD_API,2026-02-19 18:48:42.089785
B*35:409,Bw6,1,IPD_API,2026-02-19 18:48:42.089785
B*35:41,Bw6,1,IPD_API,2026-02-19 18:48:42.089785
B*35:410,Bw6,1,IPD_API,2026-02-19 18:48:42.089785
B*35:411,Bw6,1,IPD_API,2026-02-19 18:48:42.089785
B*35:412,Bw6,1,IPD_API,2026-02-19 18:48:42.089785
B*35:413,Bw6,1,IPD_API,2026-02-19 18:48:42.089785
B*35:414,Bw6,1,IPD_API,2026-02-19 18:48:42.089785
B*35:415,Bw6,1,IPD_API,2026-02-19 18:48:42.089785
B*35:416,Bw6,1,IPD_API,2026-02-19 18:48:42.089785
B*35:417,Bw6,1,IPD_API,2026-02-19 18:48:42.089785
B*35:418,Bw6,1,IPD_API,2026-02-19 18:48:42.089785
B*35:419,Bw6,1,IPD_API,2026-02-19 18:48:42.089785
B*35:42,Bw6,3,IPD_API,2026-02-19 18:48:42.089785
B*35:420,Bw6,1,IPD_API,2026-02-19 18:48:42.089785
B*35:421,Bw6,1,IPD_API,2026-02-19 18:48:42.089785
B*35:422,Bw6,1,IPD_API,2026-02-19 18:48:42.089785
B*35:423,Bw6,1,IPD_API,2026-02-19 18:48:42.089785
B*35:424,Bw6,1,IPD_API,2026-02-19 18:48:42.089785
B*35:425,Bw6,1,IPD_API,2026-02-19 18:48:42.089785
B*35:426,Bw6,1,IPD_API,2026-02-19 18:48:42.089785
B*35:428,Bw6,1,IPD_API,2026-02-19 18:48:42.089785
B*35:429,Bw6,1,IPD_API,2026-02-19 18:48:42.089785
B*35:43,Bw6,4,IPD_API,2026-02-19 18:48:42.089785
B*35:431,Bw6,1,IPD_API,2026-02-19 18:48:42.089785
B*35:432,Bw6,1,IPD_API,2026-02-19 18:48:42.089785
B*35:433,Bw6,1,IPD_API,2026-02-19 18:48:42.089785
B*35:434,Bw6,1,IPD_API,2026-02-19 18:48:42.089785
B*35:435,Bw6,2,IPD_API,2026-02-19 18:48:42.089785
B*35:436,Bw6,1,IPD_API,2026-02-19 18:48:42.089785
B*35:437,Bw6,1,IPD_API,2026-02-19 18:48:42.089785
B*35:438,Bw6,1,IPD_API,2026-02-19 18:48:42.089785
B*35:439,Bw6,2,IPD_API,2026-02-19 18:48:42.089785
B*35:44,Bw6,1,IPD_API,2026-02-19 18:48:42.089785
B*35:440,Bw6,1,IPD_API,2026-02-19 18:48:42.089785
B*35:441,Bw6,1,IPD_API,2026-02-19 18:48:42.089785
B*35:442,Bw6,1,IPD_API,2026-02-19 18:48:42.089785
B*35:443,Bw6,1,IPD_API,2026-02-19 18:48:42.089785
B*35:444,Bw6,1,IPD_API,2026-02-19 18:48:42.089785
B*35:445,Bw6,1,IPD_API,2026-02-19 18:48:42.089785
B*35:446,Bw6,1,IPD_API,2026-02-19 18:48:42.089785
B*35:447,Bw6,1,IPD_API,2026-02-19 18:48:42.089785
B*35:449,Bw6,1,IPD_API,2026-02-19 18:48:42.089785
B*35:45,Bw6,1,IPD_API,2026-02-19 18:48:42.089785
B*35:450,Bw6,1,IPD_API,2026-02-19 18:48:42.089785
B*35:451,Bw6,1,IPD_API,2026-02-19 18:48:42.089785
B*35:452,Bw6,1,IPD_API,2026-02-19 18:48:42.089785
B*35:454,Bw6,1,IPD_API,2026-02-19 18:48:42.089785
B*35:455,Bw6,1,IPD_API,2026-02-19 18:48:42.089785
B*35:457,Bw6,1,IPD_API,2026-02-19 18:48:42.089785
B*35:458,Bw6,1,IPD_API,2026-02-19 18:48:42.089785
B*35:46,Bw6,1,IPD_API,2026-02-19 18:48:42.089785
B*35:460,Bw6,1,IPD_API,2026-02-19 18:48:42.089785
B*35:462,Bw6,1,IPD_API,2026-02-19 18:48:42.089785
B*35:463,Bw6,1,IPD_API,2026-02-19 18:48:42.089785
B*35:464,Bw6,1,IPD_API,2026-02-19 18:48:42.089785
B*35:465,Bw6,1,IPD_API,2026-02-19 18:48:42.089785
B*35:466,Bw6,1,IPD_API,2026-02-19 18:48:42.089785
B*35:467,Bw6,1,IPD_API,2026-02-19 18:48:42.089785
B*35:468,Bw6,1,IPD_API,2026-02-19 18:48:42.089785
B*35:469,Bw6,1,IPD_API,2026-02-19 18:48:42.089785
B*35:47,Bw6,1,IPD_API,2026-02-19 18:48:42.089785
B*35:470,Bw6,1,IPD_API,2026-02-19 18:48:42.089785
B*35:471,Bw4 - 80I,2,IPD_API,2026-02-19 18:48:42.089785
B*35:472,Bw6,1,IPD_API,2026-02-19 18:48:42.089785
B*35:473,Bw6,1,IPD_API,2026-02-19 18:48:42.089785
B*35:474,Bw6,1,IPD_API,2026-02-19 18:48:42.089785
B*35:475,Bw6,1,IPD_API,2026-02-19 18:48:42.089785
B*35:476,Bw6,1,IPD_API,2026-02-19 18:48:42.089785
B*35:477,Bw6,1,IPD_API,2026-02-19 18:48:42.089785
B*35:478,Bw6,1,IPD_API,2026-02-19 18:48:42.089785
B*35:479,Bw6,1,IPD_API,2026-02-19 18:48:42.089785
B*35:48,Bw6,1,IPD_API,2026-02-19 18:48:42.089785
B*35:480,Bw6,1,IPD_API,2026-02-19 18:48:42.089785
B*35:481,Bw6,1,IPD_API,2026-02-19 18:48:42.089785
B*35:482,Bw6,1,IPD_API,2026-02-19 18:48:42.089785
B*35:483,Bw6,1,IPD_API,2026-02-19 18:48:42.089785
B*35:484,Bw6,2,IPD_API,2026-02-19 18:48:42.089785
B*35:485,Bw6,1,IPD_API,2026-02-19 18:48:42.089785
B*35:486,Bw6,1,IPD_API,2026-02-19 18:48:42.089785
B*35:487,Bw6,1,IPD_API,2026-02-19 18:48:42.089785
B*35:488,Bw6,1,IPD_API,2026-02-19 18:48:42.089785
B*35:489,Bw6,1,IPD_API,2026-02-19 18:48:42.089785
B*35:49,Bw6,3,IPD_API,2026-02-19 18:48:42.089785
B*35:490,Bw6,1,IPD_API,2026-02-19 18:48:42.089785
B*35:491,Bw6,1,IPD_API,2026-02-19 18:48:42.089785
B*35:492,Bw6,1,IPD_API,2026-02-19 18:48:42.089785
B*35:493,Bw6,1,IPD_API,2026-02-19 18:48:42.089785
B*35:494,Bw6,1,IPD_API,2026-02-19 18:48:42.089785
B*35:495,Bw6,1,IPD_API,2026-02-19 18:48:42.089785
B*35:496,Bw6,1,IPD_API,2026-02-19 18:48:42.089785
B*35:497,Bw6,1,IPD_API,2026-02-19 18:48:42.089785
B*35:498,Bw6,1,IPD_API,2026-02-19 18:48:42.089785
B*35:499,Bw6,1,IPD_API,2026-02-19 18:48:42.089785
B*35:50,Bw6,1,IPD_API,2026-02-19 18:48:42.089785
B*35:500,Bw6,1,IPD_API,2026-02-19 18:48:42.089785
B*35:501,Bw6,1,IPD_API,2026-02-19 18:48:42.089785
B*35:502,Bw6,1,IPD_API,2026-02-19 18:48:42.089785
B*35:503,Bw6,1,IPD_API,2026-02-19 18:48:42.089785
B*35:504,Bw6,1,IPD_API,2026-02-19 18:48:42.089785
B*35:505,Bw6,1,IPD_API,2026-02-19 18:48:42.089785
B*35:506,Bw6,1,IPD_API,2026-02-19 18:48:42.089785
B*35:509,Bw6,1,IPD_API,2026-02-19 18:48:42.089785
B*35:51,Bw6,2,IPD_API,2026-02-19 18:48:42.089785
B*35:510,Bw6,1,IPD_API,2026-02-19 18:48:42.089785
B*35:511,Bw6,1,IPD_API,2026-02-19 18:48:42.089785
B*35:512,Bw6,1,IPD_API,2026-02-19 18:48:42.089785
B*35:514,Bw6,2,IPD_API,2026-02-19 18:48:42.089785
B*35:515,Bw6,1,IPD_API,2026-02-19 18:48:42.089785
B*35:516,Bw6,1,IPD_API,2026-02-19 18:48:42.089785
B*35:517,Bw6,1,IPD_API,2026-02-19 18:48:42.089785
B*35:518,Bw6,1,IPD_API,2026-02-19 18:48:42.089785
B*35:519,Bw6,1,IPD_API,2026-02-19 18:48:42.089785
B*35:520,Bw6,1,IPD_API,2026-02-19 18:48:42.089785
B*35:521,Bw6,1,IPD_API,2026-02-19 18:48:42.089785
B*35:522,Bw6,1,IPD_API,2026-02-19 18:48:42.089785
B*35:523,Bw6,1,IPD_API,2026-02-19 18:48:42.089785
B*35:524,Bw6,1,IPD_API,2026-02-19 18:48:42.089785
B*35:526,Bw6,1,IPD_API,2026-02-19 18:48:42.089785
B*35:527,Bw6,1,IPD_API,2026-02-19 18:48:42.089785
B*35:528,Bw6,1,IPD_API,2026-02-19 18:48:42.089785
B*35:529,Bw6,1,IPD_API,2026-02-19 18:48:42.089785
B*35:530,Bw6,1,IPD_API,2026-02-19 18:48:42.089785
B*35:531,Bw6,1,IPD_API,2026-02-19 18:48:42.089785
B*35:532,Bw6,1,IPD_API,2026-02-19 18:48:42.089785
B*35:533,Bw6,1,IPD_API,2026-02-19 18:48:42.089785
B*35:534,Bw6,1,IPD_API,2026-02-19 18:48:42.089785
B*35:535,Bw6,1,IPD_API,2026-02-19 18:48:42.089785
B*35:536,Bw6,1,IPD_API,2026-02-19 18:48:42.089785
B*35:537,Bw6,1,IPD_API,2026-02-19 18:48:42.089785
B*35:538,Bw6,1,IPD_API,2026-02-19 18:48:42.089785
B*35:539,Bw6,1,IPD_API,2026-02-19 18:48:42.089785
B*35:54,Bw6,1,IPD_API,2026-02-19 18:48:42.089785
B*35:540,Bw6,1,IPD_API,2026-02-19 18:48:42.089785
B*35:541,Bw6,1,IPD_API,2026-02-19 18:48:42.089785
B*35:543,Bw6,1,IPD_API,2026-02-19 18:48:42.089785
B*35:544,Bw6,1,IPD_API,2026-02-19 18:48:42.089785
B*35:545,Bw6,1,IPD_API,2026-02-19 18:48:42.089785
B*35:546,Bw6,1,IPD_API,2026-02-19 18:48:42.089785
B*35:547,Bw6,1,IPD_API,2026-02-19 18:48:42.089785
B*35:548,Bw6,1,IPD_API,2026-02-19 18:48:42.089785
B*35:549,Bw6,1,IPD_API,2026-02-19 18:48:42.089785
B*35:55,Bw6,1,IPD_API,2026-02-19 18:48:42.089785
B*35:552,Bw6,1,IPD_API,2026-02-19 18:48:42.089785
B*35:553,Bw6,1,IPD_API,2026-02-19 18:48:42.089785
B*35:554,Bw6,1,IPD_API,2026-02-19 18:48:42.089785
B*35:555,Bw6,1,IPD_API,2026-02-19 18:48:42.089785
B*35:556,Bw6,1,IPD_API,2026-02-19 18:48:42.089785
B*35:557,Bw6,1,IPD_API,2026-02-19 18:48:42.089785
B*35:558,Bw6,1,IPD_API,2026-02-19 18:48:42.089785
B*35:559,Bw6,1,IPD_API,2026-02-19 18:48:42.089785
B*35:560,Bw6,1,IPD_API,2026-02-19 18:48:42.089785
B*35:561,Bw6,1,IPD_API,2026-02-19 18:48:42.089785
B*35:562,Bw6,1,IPD_API,2026-02-19 18:48:42.089785
B*35:563,Bw6,1,IPD_API,2026-02-19 18:48:42.089785
B*35:564,Bw6,1,IPD_API,2026-02-19 18:48:42.089785
B*35:565,Bw6,1,IPD_API,2026-02-19 18:48:42.089785
B*35:566,Bw6,1,IPD_API,2026-02-19 18:48:42.089785
B*35:567,Bw6,2,IPD_API,2026-02-19 18:48:42.089785
B*35:568,Bw6,1,IPD_API,2026-02-19 18:48:42.089785
B*35:569,Bw6,1,IPD_API,2026-02-19 18:48:42.089785
B*35:57,Bw6,1,IPD_API,2026-02-19 18:48:42.089785
B*35:571,Bw6,1,IPD_API,2026-02-19 18:48:42.089785
B*35:572,Bw6,1,IPD_API,2026-02-19 18:48:42.089785
B*35:573,Bw6,1,IPD_API,2026-02-19 18:48:42.089785
B*35:575,Bw6,1,IPD_API,2026-02-19 18:48:42.089785
B*35:576,Bw6,1,IPD_API,2026-02-19 18:48:42.089785
B*35:577,Bw6,1,IPD_API,2026-02-19 18:48:42.089785
B*35:578,Bw6,1,IPD_API,2026-02-19 18:48:42.089785
B*35:579,Bw6,1,IPD_API,2026-02-19 18:48:42.089785
B*35:58,Bw6,1,IPD_API,2026-02-19 18:48:42.089785
B*35:580,Bw6,1,IPD_API,2026-02-19 18:48:42.089785
B*35:581,Bw6,1,IPD_API,2026-02-19 18:48:42.089785
B*35:582,Bw6,1,IPD_API,2026-02-19 18:48:42.089785
B*35:583,Bw6,1,IPD_API,2026-02-19 18:48:42.089785
B*35:584,Bw6,1,IPD_API,2026-02-19 18:48:42.089785
B*35:585,Bw6,1,IPD_API,2026-02-19 18:48:42.089785
B*35:586,Bw6,1,IPD_API,2026-02-19 18:48:42.089785
B*35:587,Bw6,1,IPD_API,2026-02-19 18:48:42.089785
B*35:588,Bw6,1,IPD_API,2026-02-19 18:48:42.089785
B*35:589,Bw6,1,IPD_API,2026-02-19 18:48:42.089785
B*35:59,Bw6,2,IPD_API,2026-02-19 18:48:42.089785
B*35:590,Bw6,1,IPD_API,2026-02-19 18:48:42.089785
B*35:591,Bw6,1,IPD_API,2026-02-19 18:48:42.089785
B*35:592,Bw6,1,IPD_API,2026-02-19 18:48:42.089785
B*35:593,Bw6,1,IPD_API,2026-02-19 18:48:42.089785
B*35:595,Bw6,1,IPD_API,2026-02-19 18:48:42.089785
B*35:596,Bw6,1,IPD_API,2026-02-19 18:48:42.089785
B*35:598,Bw6,1,IPD_API,2026-02-19 18:48:42.089785
B*35:599,Bw6,1,IPD_API,2026-02-19 18:48:42.089785
B*35:60,Bw6,1,IPD_API,2026-02-19 18:48:42.089785
B*35:600,Bw6,1,IPD_API,2026-02-19 18:48:42.089785
B*35:602,Bw6,1,IPD_API,2026-02-19 18:48:42.089785
B*35:603,Bw6,1,IPD_API,2026-02-19 18:48:42.089785
B*35:604,Bw6,1,IPD_API,2026-02-19 18:48:42.089785
B*35:605,Bw6,1,IPD_API,2026-02-19 18:48:42.089785
B*35:606,Bw6,1,IPD_API,2026-02-19 18:48:42.089785
B*35:607,Bw6,1,IPD_API,2026-02-19 18:48:42.089785
B*35:608,Bw6,1,IPD_API,2026-02-19 18:48:42.089785
B*35:61,Bw6,2,IPD_API,2026-02-19 18:48:42.089785
B*35:610,Bw6,1,IPD_API,2026-02-19 18:48:42.089785
B*35:611,Bw6,1,IPD_API,2026-02-19 18:48:42.089785
B*35:612,Bw6,1,IPD_API,2026-02-19 18:48:42.089785
B*35:613,Bw6,1,IPD_API,2026-02-19 18:48:42.089785
B*35:614,Bw6,1,IPD_API,2026-02-19 18:48:42.089785
B*35:615,Bw6,1,IPD_API,2026-02-19 18:48:42.089785
B*35:616,Bw6,1,IPD_API,2026-02-19 18:48:42.089785
B*35:617,Bw6,1,IPD_API,2026-02-19 18:48:42.089785
B*35:618,Bw6,1,IPD_API,2026-02-19 18:48:42.089785
B*35:619,Bw6,1,IPD_API,2026-02-19 18:48:42.089785
B*35:62,Bw6,1,IPD_API,2026-02-19 18:48:42.089785
B*35:620,Bw6,1,IPD_API,2026-02-19 18:48:42.089785
B*35:621,Bw6,1,IPD_API,2026-02-19 18:48:42.089785
B*35:622,Bw6,1,IPD_API,2026-02-19 18:48:42.089785
B*35:623,Bw6,1,IPD_API,2026-02-19 18:48:42.089785
B*35:624,Bw6,1,IPD_API,2026-02-19 18:48:42.089785
B*35:625,Bw6,1,IPD_API,2026-02-19 18:48:42.089785
B*35:626,Bw6,1,IPD_API,2026-02-19 18:48:42.089785
B*35:627,Bw6,1,IPD_API,2026-02-19 18:48:42.089785
B*35:628,Bw6,1,IPD_API,2026-02-19 18:48:42.089785
B*35:63,Bw6,1,IPD_API,2026-02-19 18:48:42.089785
B*35:630,Bw6,1,IPD_API,2026-02-19 18:48:42.089785
B*35:631,Bw6,1,IPD_API,2026-02-19 18:48:42.089785
B*35:632,Bw6,1,IPD_API,2026-02-19 18:48:42.089785
B*35:633,Bw6,1,IPD_API,2026-02-19 18:48:42.089785
B*35:634,Bw6,1,IPD_API,2026-02-19 18:48:42.089785
B*35:635,Bw6,1,IPD_API,2026-02-19 18:48:42.089785
B*35:637,Bw6,1,IPD_API,2026-02-19 18:48:42.089785
B*35:638,Bw6,1,IPD_API,2026-02-19 18:48:42.089785
B*35:639,Bw6,1,IPD_API,2026-02-19 18:48:42.089785
B*35:64,Bw6,2,IPD_API,2026-02-19 18:48:42.089785
B*35:640,Bw6,1,IPD_API,2026-02-19 18:48:42.089785
B*35:641,Bw6,1,IPD_API,2026-02-19 18:48:42.089785
B*35:642,Bw6,1,IPD_API,2026-02-19 18:48:42.089785
B*35:643,Bw6,1,IPD_API,2026-02-19 18:48:42.089785
B*35:644,Bw6,1,IPD_API,2026-02-19 18:48:42.089785
B*35:645,Bw6,1,IPD_API,2026-02-19 18:48:42.089785
B*35:646,Bw6,1,IPD_API,2026-02-19 18:48:42.089785
B*35:647,Bw6,1,IPD_API,2026-02-19 18:48:42.089785
B*35:648,Bw6,1,IPD_API,2026-02-19 18:48:42.089785
B*35:649,Bw6,1,IPD_API,2026-02-19 18:48:42.089785
B*35:65,Bw6,1,IPD_API,2026-02-19 18:48:42.089785
B*35:650,Bw6,1,IPD_API,2026-02-19 18:48:42.089785
B*35:651,Bw6,1,IPD_API,2026-02-19 18:48:42.089785
B*35:652,Bw6,1,IPD_API,2026-02-19 18:48:42.089785
B*35:653,Bw6,1,IPD_API,2026-02-19 18:48:42.089785
B*35:654,Bw6,1,IPD_API,2026-02-19 18:48:42.089785
B*35:655,Bw6,1,IPD_API,2026-02-19 18:48:42.089785
B*35:656,Bw6,1,IPD_API,2026-02-19 18:48:42.089785
B*35:657,Bw6,1,IPD_API,2026-02-19 18:48:42.089785
B*35:658,Bw6,1,IPD_API,2026-02-19 18:48:42.089785
B*35:659,Bw6,1,IPD_API,2026-02-19 18:48:42.089785
B*35:66,Bw6,1,IPD_API,2026-02-19 18:48:42.089785
B*35:662,Bw6,1,IPD_API,2026-02-19 18:48:42.089785
B*35:67,Bw6,1,IPD_API,2026-02-19 18:48:42.089785
B*35:68,Bw6,2,IPD_API,2026-02-19 18:48:42.089785
B*35:69,Bw6,1,IPD_API,2026-02-19 18:48:42.089785
B*35:70,Bw6,1,IPD_API,2026-02-19 18:48:42.089785
B*35:71,Bw6,1,IPD_API,2026-02-19 18:48:42.089785
B*35:72,Bw6,1,IPD_API,2026-02-19 18:48:42.089785
B*35:74,Bw6,1,IPD_API,2026-02-19 18:48:42.089785
B*35:75,Bw6,1,IPD_API,2026-02-19 18:48:42.089785
B*35:76,Bw6,1,IPD_API,2026-02-19 18:48:42.089785
B*35:77,Bw6,1,IPD_API,2026-02-19 18:48:42.089785
B*35:78,Bw6,1,IPD_API,2026-02-19 18:48:42.089785
B*35:79,Bw6,1,IPD_API,2026-02-19 18:48:42.089785
B*35:80,Bw6,1,IPD_API,2026-02-19 18:48:42.089785
B*35:81,Bw6,1,IPD_API,2026-02-19 18:48:42.089785
B*35:82,Bw6,2,IPD_API,2026-02-19 18:48:42.089785
B*35:83,Bw6,1,IPD_API,2026-02-19 18:48:42.089785
B*35:84,Bw6,1,IPD_API,2026-02-19 18:48:42.089785
B*35:85,Bw6,1,IPD_API,2026-02-19 18:48:42.089785
B*35:86,Bw6,1,IPD_API,2026-02-19 18:48:42.089785
B*35:87,Bw6,1,IPD_API,2026-02-19 18:48:42.089785
B*35:88,Bw6,1,IPD_API,2026-02-19 18:48:42.089785
B*35:89,Bw6,1,IPD_API,2026-02-19 18:48:42.089785
B*35:90,Bw6,1,IPD_API,2026-02-19 18:48:42.089785
B*35:91,Bw6,1,IPD_API,2026-02-19 18:48:42.089785
B*35:92,Bw6,1,IPD_API,2026-02-19 18:48:42.089785
B*35:93,Bw6,1,IPD_API,2026-02-19 18:48:42.089785
B*35:94,Bw6,1,IPD_API,2026-02-19 18:48:42.089785
B*35:95,Bw6,1,IPD_API,2026-02-19 18:48:42.089785
B*35:96,Bw6,1,IPD_API,2026-02-19 18:48:42.089785
B*35:97,Bw6,1,IPD_API,2026-02-19 18:48:42.089785
B*35:98,Bw6,1,IPD_API,2026-02-19 18:48:42.089785
B*35:99,Bw6,1,IPD_API,2026-02-19 18:48:42.089785
B*37:01,Bw4 - 80T,59,IPD_API,2026-02-19 18:48:42.089785
B*37:02,Bw4 - 80T,1,IPD_API,2026-02-19 18:48:42.089785
B*37:04,Bw4 - 80T,2,IPD_API,2026-02-19 18:48:42.089785
B*37:06,Bw4 - 80T,2,IPD_API,2026-02-19 18:48:42.089785
B*37:07,Bw4 - 80T,1,IPD_API,2026-02-19 18:48:42.089785
B*37:08,Bw4 - 80T,2,IPD_API,2026-02-19 18:48:42.089785
B*37:09,Bw4 - 80T,1,IPD_API,2026-02-19 18:48:42.089785
B*37:10,Bw4 - 80T,1,IPD_API,2026-02-19 18:48:42.089785
B*37:100,Bw4 - 80T,1,IPD_API,2026-02-19 18:48:42.089785
B*37:101,Bw4 - 80T,1,IPD_API,2026-02-19 18:48:42.089785
B*37:102,Bw4 - 80T,1,IPD_API,2026-02-19 18:48:42.089785
B*37:103,Bw4 - 80T,1,IPD_API,2026-02-19 18:48:42.089785
B*37:104,Bw4 - 80T,1,IPD_API,2026-02-19 18:48:42.089785
B*37:105,Bw4 - 80T,1,IPD_API,2026-02-19 18:48:42.089785
B*37:106,Bw4 - 80T,1,IPD_API,2026-02-19 18:48:42.089785
B*37:107,Bw4 - 80T,1,IPD_API,2026-02-19 18:48:42.089785
B*37:108,Bw4 - 80T,1,IPD_API,2026-02-19 18:48:42.089785
B*37:11,Bw6,1,IPD_API,2026-02-19 18:48:42.089785
B*37:110,Bw4 - 80T,1,IPD_API,2026-02-19 18:48:42.089785
B*37:111,Bw4 - 80T,1,IPD_API,2026-02-19 18:48:42.089785
B*37:113,Bw4 - 80T,1,IPD_API,2026-02-19 18:48:42.089785
B*37:114,Bw4 - 80T,1,IPD_API,2026-02-19 18:48:42.089785
B*37:115,Bw4 - 80T,1,IPD_API,2026-02-19 18:48:42.089785
B*37:116,Bw4 - 80T,1,IPD_API,2026-02-19 18:48:42.089785
B*37:117,Bw4 - 80T,1,IPD_API,2026-02-19 18:48:42.089785
B*37:118,Bw4 - 80T,1,IPD_API,2026-02-19 18:48:42.089785
B*37:119,Bw4 - 80T,1,IPD_API,2026-02-19 18:48:42.089785
B*37:12,Bw4 - 80T,1,IPD_API,2026-02-19 18:48:42.089785
B*37:121,Bw4 - 80T,1,IPD_API,2026-02-19 18:48:42.089785
B*37:13,Bw4 - 80T,1,IPD_API,2026-02-19 18:48:42.089785
B*37:14,Bw4 - 80N,1,IPD_API,2026-02-19 18:48:42.089785
B*37:15,Bw4 - 80T,1,IPD_API,2026-02-19 18:48:42.089785
B*37:16,Bw4 - 80T,1,IPD_API,2026-02-19 18:48:42.089785
B*37:17,Bw4 - 80T,1,IPD_API,2026-02-19 18:48:42.089785
B*37:18,Bw4 - 80T,1,IPD_API,2026-02-19 18:48:42.089785
B*37:19,Bw4 - 80T,2,IPD_API,2026-02-19 18:48:42.089785
B*37:20,Bw4 - 80T,1,IPD_API,2026-02-19 18:48:42.089785
B*37:21,Bw4 - 80T,1,IPD_API,2026-02-19 18:48:42.089785
B*37:22,Bw4 - 80T,3,IPD_API,2026-02-19 18:48:42.089785
B*37:23,Bw4 - 80T,1,IPD_API,2026-02-19 18:48:42.089785
B*37:24,Bw4 - 80T,1,IPD_API,2026-02-19 18:48:42.089785
B*37:25,Bw4 - 80T,1,IPD_API,2026-02-19 18:48:42.089785
B*37:26,Bw4 - 80T,1,IPD_API,2026-02-19 18:48:42.089785
B*37:27,Bw4 - 80T,1,IPD_API,2026-02-19 18:48:42.089785
B*37:28,Bw4 - 80T,1,IPD_API,2026-02-19 18:48:42.089785
B*37:29,Bw4 - 80T,1,IPD_API,2026-02-19 18:48:42.089785
B*37:31,Bw4 - 80T,1,IPD_API,2026-02-19 18:48:42.089785
B*37:32,Bw4 - 80T,1,IPD_API,2026-02-19 18:48:42.089785
B*37:34,Bw4 - 80I,1,IPD_API,2026-02-19 18:48:42.089785
B*37:35,Bw4 - 80T,1,IPD_API,2026-02-19 18:48:42.089785
B*37:36,Bw4 - 80T,1,IPD_API,2026-02-19 18:48:42.089785
B*37:37,Bw6,1,IPD_API,2026-02-19 18:48:42.089785
B*37:38,Bw4 - 80T,1,IPD_API,2026-02-19 18:48:42.089785
B*37:39,Bw4 - 80T,1,IPD_API,2026-02-19 18:48:42.089785
B*37:40,Bw4 - 80T,1,IPD_API,2026-02-19 18:48:42.089785
B*37:41,Bw4 - 80T,1,IPD_API,2026-02-19 18:48:42.089785
B*37:43,Bw4 - 80T,1,IPD_API,2026-02-19 18:48:42.089785
B*37:44,Bw4 - 80T,1,IPD_API,2026-02-19 18:48:42.089785
B*37:45,Bw4 - 80T,1,IPD_API,2026-02-19 18:48:42.089785
B*37:46,Bw4 - 80T,1,IPD_API,2026-02-19 18:48:42.089785
B*37:47,Bw4 - 80T,1,IPD_API,2026-02-19 18:48:42.089785
B*37:48,Bw4 - 80T,1,IPD_API,2026-02-19 18:48:42.089785
B*37:49,Bw4 - 80T,1,IPD_API,2026-02-19 18:48:42.089785
B*37:50,Bw4 - 80T,1,IPD_API,2026-02-19 18:48:42.089785
B*37:51,Bw4 - 80T,1,IPD_API,2026-02-19 18:48:42.089785
B*37:52,Bw4 - 80T,1,IPD_API,2026-02-19 18:48:42.089785
B*37:53,Bw4 - 80T,1,IPD_API,2026-02-19 18:48:42.089785
B*37:54,Bw4 - 80T,1,IPD_API,2026-02-19 18:48:42.089785
B*37:55,Bw4 - 80T,1,IPD_API,2026-02-19 18:48:42.089785
B*37:56,Bw4 - 80T,1,IPD_API,2026-02-19 18:48:42.089785
B*37:57,Bw4 - 80T,1,IPD_API,2026-02-19 18:48:42.089785
B*37:58,Bw4 - 80T,1,IPD_API,2026-02-19 18:48:42.089785
B*37:59,Bw4 - 80T,1,IPD_API,2026-02-19 18:48:42.089785
B*37:60,Bw4 - 80T,1,IPD_API,2026-02-19 18:48:42.089785
B*37:61,Bw4 - 80T,1,IPD_API,2026-02-19 18:48:42.089785
B*37:62,Bw4 - 80T,1,IPD_API,2026-02-19 18:48:42.089785
B*37:63,Bw4 - 80T,1,IPD_API,2026-02-19 18:48:42.089785
B*37:64,Bw4 - 80T,1,IPD_API,2026-02-19 18:48:42.089785
B*37:65,Bw4 - 80T,1,IPD_API,2026-02-19 18:48:42.089785
B*37:66,Bw4 - 80T,1,IPD_API,2026-02-19 18:48:42.089785
B*37:67,Bw6,1,IPD_API,2026-02-19 18:48:42.089785
B*37:68,Bw4 - 80T,1,IPD_API,2026-02-19 18:48:42.089785
B*37:69,Bw4 - 80T,1,IPD_API,2026-02-19 18:48:42.089785
B*37:70,Bw4 - 80T,1,IPD_API,2026-02-19 18:48:42.089785
B*37:71,Bw4 - 80T,1,IPD_API,2026-02-19 18:48:42.089785
B*37:72,Bw4 - 80T,1,IPD_API,2026-02-19 18:48:42.089785
B*37:73,Bw4 - 80T,1,IPD_API,2026-02-19 18:48:42.089785
B*37:74,Bw4 - 80T,1,IPD_API,2026-02-19 18:48:42.089785
B*37:75,Bw4 - 80T,1,IPD_API,2026-02-19 18:48:42.089785
B*37:76,Bw4 - 80T,1,IPD_API,2026-02-19 18:48:42.089785
B*37:77,Bw4 - 80T,1,IPD_API,2026-02-19 18:48:42.089785
B*37:78,Bw4 - 80T,1,IPD_API,2026-02-19 18:48:42.089785
B*37:80,Bw4 - 80T,1,IPD_API,2026-02-19 18:48:42.089785
B*37:81,Bw4 - 80T,1,IPD_API,2026-02-19 18:48:42.089785
B*37:83,Bw4 - 80T,1,IPD_API,2026-02-19 18:48:42.089785
B*37:84,Bw4 - 80T,1,IPD_API,2026-02-19 18:48:42.089785
B*37:85,Bw4 - 80T,1,IPD_API,2026-02-19 18:48:42.089785
B*37:87,Bw4 - 80T,1,IPD_API,2026-02-19 18:48:42.089785
B*37:88,Bw4 - 80T,1,IPD_API,2026-02-19 18:48:42.089785
B*37:89,Bw4 - 80T,1,IPD_API,2026-02-19 18:48:42.089785
B*37:90,Bw4 - 80T,1,IPD_API,2026-02-19 18:48:42.089785
B*37:91,Bw4 - 80T,2,IPD_API,2026-02-19 18:48:42.089785
B*37:93,Bw4 - 80T,1,IPD_API,2026-02-19 18:48:42.089785
B*37:94,Bw4 - 80T,1,IPD_API,2026-02-19 18:48:42.089785
B*37:95,Bw4 - 80T,1,IPD_API,2026-02-19 18:48:42.089785
B*37:96,Bw4 - 80T,1,IPD_API,2026-02-19 18:48:42.089785
B*37:97,Bw4 - 80T,1,IPD_API,2026-02-19 18:48:42.089785
B*37:98,Bw4 - 80T,1,IPD_API,2026-02-19 18:48:42.089785
B*37:99,Bw4 - 80T,1,IPD_API,2026-02-19 18:48:42.089785
B*38:01,Bw4 - 80I,45,IPD_API,2026-02-19 18:48:42.089785
B*38:02,Bw4 - 80T,21,IPD_API,2026-02-19 18:48:42.089785
B*38:03,Bw4 - 80T,1,IPD_API,2026-02-19 18:48:42.089785
B*38:04,Bw4 - 80T,1,IPD_API,2026-02-19 18:48:42.089785
B*38:05,Bw4 - 80I,1,IPD_API,2026-02-19 18:48:42.089785
B*38:06,Bw4 - 80I,1,IPD_API,2026-02-19 18:48:42.089785
B*38:07,Bw4 - 80I,1,IPD_API,2026-02-19 18:48:42.089785
B*38:08,Bw4 - 80T,1,IPD_API,2026-02-19 18:48:42.089785
B*38:09,Bw4 - 80I,1,IPD_API,2026-02-19 18:48:42.089785
B*38:10,Bw4 - 80I,1,IPD_API,2026-02-19 18:48:42.089785
B*38:100,Bw4 - 80I,1,IPD_API,2026-02-19 18:48:42.089785
B*38:101,Bw4 - 80I,1,IPD_API,2026-02-19 18:48:42.089785
B*38:102,Bw4 - 80I,1,IPD_API,2026-02-19 18:48:42.089785
B*38:104,Bw4 - 80T,1,IPD_API,2026-02-19 18:48:42.089785
B*38:105,Bw4 - 80T,1,IPD_API,2026-02-19 18:48:42.089785
B*38:106,Bw4 - 80I,1,IPD_API,2026-02-19 18:48:42.089785
B*38:107,Bw4 - 80I,1,IPD_API,2026-02-19 18:48:42.089785
B*38:108,Bw4 - 80I,1,IPD_API,2026-02-19 18:48:42.089785
B*38:109,Bw4 - 80I,1,IPD_API,2026-02-19 18:48:42.089785
B*38:11,Bw4 - 80I,1,IPD_API,2026-02-19 18:48:42.089785
B*38:110,Bw4 - 80I,1,IPD_API,2026-02-19 18:48:42.089785
B*38:111,Bw4 - 80I,1,IPD_API,2026-02-19 18:48:42.089785
B*38:112,Bw4 - 80T,1,IPD_API,2026-02-19 18:48:42.089785
B*38:114,Bw4 - 80I,1,IPD_API,2026-02-19 18:48:42.089785
B*38:115,Bw4 - 80I,1,IPD_API,2026-02-19 18:48:42.089785
B*38:116,Bw4 - 80I,1,IPD_API,2026-02-19 18:48:42.089785
B*38:117,Bw4 - 80I,1,IPD_API,2026-02-19 18:48:42.089785
B*38:118,Bw4 - 80I,1,IPD_API,2026-02-19 18:48:42.089785
B*38:119,Bw4 - 80T,1,IPD_API,2026-02-19 18:48:42.089785
B*38:12,Bw4 - 80I,1,IPD_API,2026-02-19 18:48:42.089785
B*38:120,Bw4 - 80I,1,IPD_API,2026-02-19 18:48:42.089785
B*38:121,Bw4 - 80I,1,IPD_API,2026-02-19 18:48:42.089785
B*38:122,Bw4 - 80I,1,IPD_API,2026-02-19 18:48:42.089785
B*38:123,Bw4 - 80I,1,IPD_API,2026-02-19 18:48:42.089785
B*38:124,Bw4 - 80T,1,IPD_API,2026-02-19 18:48:42.089785
B*38:125,Bw4 - 80T,1,IPD_API,2026-02-19 18:48:42.089785
B*38:126,Bw4 - 80T,1,IPD_API,2026-02-19 18:48:42.089785
B*38:127,Bw4 - 80I,1,IPD_API,2026-02-19 18:48:42.089785
B*38:128,Bw4 - 80I,1,IPD_API,2026-02-19 18:48:42.089785
B*38:129,Bw4 - 80I,1,IPD_API,2026-02-19 18:48:42.089785
B*38:13,Bw4 - 80I,1,IPD_API,2026-02-19 18:48:42.089785
B*38:130,Bw4 - 80I,1,IPD_API,2026-02-19 18:48:42.089785
B*38:131,Bw4 - 80I,1,IPD_API,2026-02-19 18:48:42.089785
B*38:14,Bw4 - 80I,1,IPD_API,2026-02-19 18:48:42.089785
B*38:15,Bw4 - 80T,1,IPD_API,2026-02-19 18:48:42.089785
B*38:16,Bw4 - 80I,1,IPD_API,2026-02-19 18:48:42.089785
B*38:160,Bw4 - 80T,1,IPD_API,2026-02-19 18:48:42.089785
B*38:161,Bw4 - 80I,1,IPD_API,2026-02-19 18:48:42.089785
B*38:162,Bw4 - 80T,1,IPD_API,2026-02-19 18:48:42.089785
B*38:163,Bw4 - 80T,1,IPD_API,2026-02-19 18:48:42.089785
B*38:164,Bw4 - 80T,1,IPD_API,2026-02-19 18:48:42.089785
B*38:166,Bw4 - 80I,1,IPD_API,2026-02-19 18:48:42.089785
B*38:167,Bw4 - 80T,1,IPD_API,2026-02-19 18:48:42.089785
B*38:168,Bw4 - 80I,1,IPD_API,2026-02-19 18:48:42.089785
B*38:169,Bw4 - 80I,1,IPD_API,2026-02-19 18:48:42.089785
B*38:17,Bw4 - 80T,1,IPD_API,2026-02-19 18:48:42.089785
B*38:170,Bw4 - 80I,1,IPD_API,2026-02-19 18:48:42.089785
B*38:171,Bw4 - 80I,1,IPD_API,2026-02-19 18:48:42.089785
B*38:172,Bw4 - 80T,1,IPD_API,2026-02-19 18:48:42.089785
B*38:173,Bw4 - 80T,1,IPD_API,2026-02-19 18:48:42.089785
B*38:18,Bw4 - 80T,1,IPD_API,2026-02-19 18:48:42.089785
B*38:19,Bw4 - 80I,1,IPD_API,2026-02-19 18:48:42.089785
B*38:20,Bw4 - 80I,2,IPD_API,2026-02-19 18:48:42.089785
B*38:21,Bw4 - 80I,1,IPD_API,2026-02-19 18:48:42.089785
B*38:22,Bw4 - 80I,1,IPD_API,2026-02-19 18:48:42.089785
B*38:23,Bw4 - 80T,1,IPD_API,2026-02-19 18:48:42.089785
B*38:24,Bw4 - 80I,1,IPD_API,2026-02-19 18:48:42.089785
B*38:25,Bw4 - 80I,1,IPD_API,2026-02-19 18:48:42.089785
B*38:26,Bw4 - 80I,1,IPD_API,2026-02-19 18:48:42.089785
B*38:27,Bw4 - 80I,1,IPD_API,2026-02-19 18:48:42.089785
B*38:28,Bw4 - 80I,1,IPD_API,2026-02-19 18:48:42.089785
B*38:29,Bw4 - 80T,1,IPD_API,2026-02-19 18:48:42.089785
B*38:30,Bw4 - 80I,1,IPD_API,2026-02-19 18:48:42.089785
B*38:31,Bw4 - 80I,1,IPD_API,2026-02-19 18:48:42.089785
B*38:32,Bw4 - 80I,1,IPD_API,2026-02-19 18:48:42.089785
B*38:33,Bw4 - 80I,1,IPD_API,2026-02-19 18:48:42.089785
B*38:35,Bw4 - 80T,1,IPD_API,2026-02-19 18:48:42.089785
B*38:36,Bw4 - 80I,1,IPD_API,2026-02-19 18:48:42.089785
B*38:37,Bw4 - 80I,1,IPD_API,2026-02-19 18:48:42.089785
B*38:38,Bw4 - 80I,1,IPD_API,2026-02-19 18:48:42.089785
B*38:39,Bw4 - 80I,1,IPD_API,2026-02-19 18:48:42.089785
B*38:40,Bw4 - 80I,1,IPD_API,2026-02-19 18:48:42.089785
B*38:42,Bw4 - 80I,1,IPD_API,2026-02-19 18:48:42.089785
B*38:43,Bw4 - 80T,1,IPD_API,2026-02-19 18:48:42.089785
B*38:44,Bw4 - 80T,1,IPD_API,2026-02-19 18:48:42.089785
B*38:45,Bw4 - 80T,1,IPD_API,2026-02-19 18:48:42.089785
B*38:46,Bw4 - 80T,1,IPD_API,2026-02-19 18:48:42.089785
B*38:47,Bw4 - 80T,1,IPD_API,2026-02-19 18:48:42.089785
B*38:48,Bw4 - 80T,1,IPD_API,2026-02-19 18:48:42.089785
B*38:49,Bw4 - 80T,1,IPD_API,2026-02-19 18:48:42.089785
B*38:50,Bw4 - 80T,1,IPD_API,2026-02-19 18:48:42.089785
B*38:51,Bw4 - 80I,1,IPD_API,2026-02-19 18:48:42.089785
B*38:52,Bw4 - 80I,1,IPD_API,2026-02-19 18:48:42.089785
B*38:53,Bw4 - 80I,1,IPD_API,2026-02-19 18:48:42.089785
B*38:54,Bw4 - 80I,1,IPD_API,2026-02-19 18:48:42.089785
B*38:55,Bw4 - 80I,1,IPD_API,2026-02-19 18:48:42.089785
B*38:56,Bw4 - 80I,1,IPD_API,2026-02-19 18:48:42.089785
B*38:57,Bw4 - 80I,1,IPD_API,2026-02-19 18:48:42.089785
B*38:58,Bw4 - 80I,1,IPD_API,2026-02-19 18:48:42.089785
B*38:59,Bw4 - 80I,1,IPD_API,2026-02-19 18:48:42.089785
B*38:60,Bw4 - 80I,1,IPD_API,2026-02-19 18:48:42.089785
B*38:61,Bw4 - 80I,1,IPD_API,2026-02-19 18:48:42.089785
B*38:62,Bw4 - 80T,1,IPD_API,2026-02-19 18:48:42.089785
B*38:63,Bw4 - 80I,1,IPD_API,2026-02-19 18:48:42.089785
B*38:64,Bw4 - 80T,1,IPD_API,2026-02-19 18:48:42.089785
B*38:65,Bw4 - 80I,1,IPD_API,2026-02-19 18:48:42.089785
B*38:66,Bw4 - 80I,1,IPD_API,2026-02-19 18:48:42.089785
B*38:68,Bw4 - 80I,1,IPD_API,2026-02-19 18:48:42.089785
B*38:69,Bw4 - 80I,1,IPD_API,2026-02-19 18:48:42.089785
B*38:70,Bw4 - 80I,1,IPD_API,2026-02-19 18:48:42.089785
B*38:71,Bw4 - 80I,1,IPD_API,2026-02-19 18:48:42.089785
B*38:72,Bw4 - 80T,1,IPD_API,2026-02-19 18:48:42.089785
B*38:73,Bw4 - 80I,1,IPD_API,2026-02-19 18:48:42.089785
B*38:74,Bw4 - 80T,1,IPD_API,2026-02-19 18:48:42.089785
B*38:75,Bw4 - 80T,1,IPD_API,2026-02-19 18:48:42.089785
B*38:76,Bw4 - 80T,1,IPD_API,2026-02-19 18:48:42.089785
B*38:77,Bw4 - 80I,1,IPD_API,2026-02-19 18:48:42.089785
B*38:78,Bw4 - 80I,1,IPD_API,2026-02-19 18:48:42.089785
B*38:79,Bw4 - 80T,1,IPD_API,2026-02-19 18:48:42.089785
B*38:81,Bw4 - 80I,1,IPD_API,2026-02-19 18:48:42.089785
B*38:82,Bw4 - 80T,1,IPD_API,2026-02-19 18:48:42.089785
B*38:84,Bw4 - 80T,1,IPD_API,2026-02-19 18:48:42.089785
B*38:85,Bw4 - 80T,1,IPD_API,2026-02-19 18:48:42.089785
B*38:86,Bw4 - 80I,1,IPD_API,2026-02-19 18:48:42.089785
B*38:87,Bw4 - 80I,1,IPD_API,2026-02-19 18:48:42.089785
B*38:88,Bw4 - 80I,1,IPD_API,2026-02-19 18:48:42.089785
B*38:89,Bw4 - 80T,1,IPD_API,2026-02-19 18:48:42.089785
B*38:90,Bw4 - 80I,1,IPD_API,2026-02-19 18:48:42.089785
B*38:91,Bw4 - 80I,1,IPD_API,2026-02-19 18:48:42.089785
B*38:92,Bw4 - 80T,1,IPD_API,2026-02-19 18:48:42.089785
B*38:93,Bw4 - 80I,1,IPD_API,2026-02-19 18:48:42.089785
B*38:94,Bw4 - 80I,1,IPD_API,2026-02-19 18:48:42.089785
B*38:95,Bw4 - 80I,1,IPD_API,2026-02-19 18:48:42.089785
B*38:96,Bw4 - 80I,1,IPD_API,2026-02-19 18:48:42.089785
B*38:97,Bw4 - 80T,1,IPD_API,2026-02-19 18:48:42.089785
B*38:98,Bw4 - 80T,1,IPD_API,2026-02-19 18:48:42.089785
B*38:99,Bw4 - 80I,1,IPD_API,2026-02-19 18:48:42.089785
B*39:01,Bw6,75,IPD_API,2026-02-19 18:48:42.089785
B*39:02,Bw6,7,IPD_API,2026-02-19 18:48:42.089785
B*39:03,Bw6,4,IPD_API,2026-02-19 18:48:42.089785
B*39:04,Bw6,1,IPD_API,2026-02-19 18:48:42.089785
B*39:05,Bw6,9,IPD_API,2026-02-19 18:48:42.089785
B*39:06,Bw6,19,IPD_API,2026-02-19 18:48:42.089785
B*39:07,Bw6,1,IPD_API,2026-02-19 18:48:42.089785
B*39:08,Bw6,1,IPD_API,2026-02-19 18:48:42.089785
B*39:09,Bw6,12,IPD_API,2026-02-19 18:48:42.089785
B*39:10,Bw6,4,IPD_API,2026-02-19 18:48:42.089785
B*39:100,Bw6,1,IPD_API,2026-02-19 18:48:42.089785
B*39:101,Bw6,1,IPD_API,2026-02-19 18:48:42.089785
B*39:102,Bw6,1,IPD_API,2026-02-19 18:48:42.089785
B*39:103,Bw6,1,IPD_API,2026-02-19 18:48:42.089785
B*39:105,Bw6,1,IPD_API,2026-02-19 18:48:42.089785
B*39:106,Bw6,1,IPD_API,2026-02-19 18:48:42.089785
B*39:107,Bw6,1,IPD_API,2026-02-19 18:48:42.089785
B*39:108,Bw6,1,IPD_API,2026-02-19 18:48:42.089785
B*39:109,Bw6,1,IPD_API,2026-02-19 18:48:42.089785
B*39:11,Bw6,1,IPD_API,2026-02-19 18:48:42.089785
B*39:110,Bw6,1,IPD_API,2026-02-19 18:48:42.089785
B*39:111,Bw6,1,IPD_API,2026-02-19 18:48:42.089785
B*39:112,Bw6,1,IPD_API,2026-02-19 18:48:42.089785
B*39:113,Bw6,1,IPD_API,2026-02-19 18:48:42.089785
B*39:114,Bw6,1,IPD_API,2026-02-19 18:48:42.089785
B*39:115,Bw6,1,IPD_API,2026-02-19 18:48:42.089785
B*39:117,Bw6,1,IPD_API,2026-02-19 18:48:42.089785
B*39:118,Bw6,1,IPD_API,2026-02-19 18:48:42.089785
B*39:119,Bw6,1,IPD_API,2026-02-19 18:48:42.089785
B*39:12,Bw6,2,IPD_API,2026-02-19 18:48:42.089785
B*39:120,Bw6,1,IPD_API,2026-02-19 18:48:42.089785
B*39:121,Bw6,1,IPD_API,2026-02-19 18:48:42.089785
B*39:122,Bw6,1,IPD_API,2026-02-19 18:48:42.089785
B*39:123,Bw6,1,IPD_API,2026-02-19 18:48:42.089785
B*39:125,Bw6,1,IPD_API,2026-02-19 18:48:42.089785
B*39:126,Bw6,1,IPD_API,2026-02-19 18:48:42.089785
B*39:127,Bw6,1,IPD_API,2026-02-19 18:48:42.089785
B*39:128,Bw6,1,IPD_API,2026-02-19 18:48:42.089785
B*39:129,Bw6,1,IPD_API,2026-02-19 18:48:42.089785
B*39:13,Bw6,3,IPD_API,2026-02-19 18:48:42.089785
B*39:130,Bw6,1,IPD_API,2026-02-19 18:48:42.089785
B*39:131,Bw6,1,IPD_API,2026-02-19 18:48:42.089785
B*39:132,Bw6,1,IPD_API,2026-02-19 18:48:42.089785
B*39:134,Bw6,1,IPD_API,2026-02-19 18:48:42.089785
B*39:135,Bw6,1,IPD_API,2026-02-19 18:48:42.089785
B*39:136,Bw6,1,IPD_API,2026-02-19 18:48:42.089785
B*39:137,Bw6,1,IPD_API,2026-02-19 18:48:42.089785
B*39:138,Bw6,1,IPD_API,2026-02-19 18:48:42.089785
B*39:14,Bw6,3,IPD_API,2026-02-19 18:48:42.089785
B*39:140,Bw6,1,IPD_API,2026-02-19 18:48:42.089785
B*39:141,Bw6,1,IPD_API,2026-02-19 18:48:42.089785
B*39:143,Bw6,1,IPD_API,2026-02-19 18:48:42.089785
B*39:144,Bw6,1,IPD_API,2026-02-19 18:48:42.089785
B*39:145,Bw6,1,IPD_API,2026-02-19 18:48:42.089785
B*39:148,Bw6,1,IPD_API,2026-02-19 18:48:42.089785
B*39:149,Bw6,1,IPD_API,2026-02-19 18:48:42.089785
B*39:15,Bw6,1,IPD_API,2026-02-19 18:48:42.089785
B*39:150,Bw6,1,IPD_API,2026-02-19 18:48:42.089785
B*39:151,Bw6,1,IPD_API,2026-02-19 18:48:42.089785
B*39:152,Bw6,1,IPD_API,2026-02-19 18:48:42.089785
B*39:153,Bw6,1,IPD_API,2026-02-19 18:48:42.089785
B*39:154,Bw6,1,IPD_API,2026-02-19 18:48:42.089785
B*39:155,Bw6,1,IPD_API,2026-02-19 18:48:42.089785
B*39:156,Bw6,1,IPD_API,2026-02-19 18:48:42.089785
B*39:158,Bw6,1,IPD_API,2026-02-19 18:48:42.089785
B*39:159,Bw6,1,IPD_API,2026-02-19 18:48:42.089785
B*39:16,Bw6,1,IPD_API,2026-02-19 18:48:42.089785
B*39:160,Bw6,1,IPD_API,2026-02-19 18:48:42.089785
B*39:162,Bw6,1,IPD_API,2026-02-19 18:48:42.089785
B*39:163,Bw6,1,IPD_API,2026-02-19 18:48:42.089785
B*39:164,Bw6,1,IPD_API,2026-02-19 18:48:42.089785
B*39:165,Bw6,1,IPD_API,2026-02-19 18:48:42.089785
B*39:166,Bw6,1,IPD_API,2026-02-19 18:48:42.089785
B*39:167,Bw6,1,IPD_API,2026-02-19 18:48:42.089785
B*39:169,Bw6,1,IPD_API,2026-02-19 18:48:42.089785
B*39:17,Bw6,1,IPD_API,2026-02-19 18:48:42.089785
B*39:170,Bw6,1,IPD_API,2026-02-19 18:48:42.089785
B*39:171,Bw6,1,IPD_API,2026-02-19 18:48:42.089785
B*39:172,Bw6,1,IPD_API,2026-02-19 18:48:42.089785
B*39:173,Bw6,1,IPD_API,2026-02-19 18:48:42.089785
B*39:174,Bw6,1,IPD_API,2026-02-19 18:48:42.089785
B*39:176,Bw6,1,IPD_API,2026-02-19 18:48:42.089785
B*39:177,Bw6,1,IPD_API,2026-02-19 18:48:42.089785
B*39:178,Bw6,1,IPD_API,2026-02-19 18:48:42.089785
B*39:179,Bw6,1,IPD_API,2026-02-19 18:48:42.089785
B*39:18,Bw6,1,IPD_API,2026-02-19 18:48:42.089785
B*39:180,Bw6,1,IPD_API,2026-02-19 18:48:42.089785
B*39:181,Bw6,1,IPD_API,2026-02-19 18:48:42.089785
B*39:182,Bw6,1,IPD_API,2026-02-19 18:48:42.089785
B*39:183,Bw6,1,IPD_API,2026-02-19 18:48:42.089785
B*39:184,Bw6,1,IPD_API,2026-02-19 18:48:42.089785
B*39:185,Bw6,1,IPD_API,2026-02-19 18:48:42.089785
B*39:186,Bw6,1,IPD_API,2026-02-19 18:48:42.089785
B*39:187,Bw6,1,IPD_API,2026-02-19 18:48:42.089785
B*39:188,Bw6,1,IPD_API,2026-02-19 18:48:42.089785
B*39:189,Bw6,1,IPD_API,2026-02-19 18:48:42.089785
B*39:19,Bw6,2,IPD_API,2026-02-19 18:48:42.089785
B*39:190,Bw6,1,IPD_API,2026-02-19 18:48:42.089785
B*39:191,Bw6,1,IPD_API,2026-02-19 18:48:42.089785
B*39:192,Bw6,1,IPD_API,2026-02-19 18:48:42.089785
B*39:193,Bw6,1,IPD_API,2026-02-19 18:48:42.089785
B*39:194,Bw6,1,IPD_API,2026-02-19 18:48:42.089785
B*39:195,Bw6,1,IPD_API,2026-02-19 18:48:42.089785
B*39:196,Bw6,1,IPD_API,2026-02-19 18:48:42.089785
B*39:197,Bw6,1,IPD_API,2026-02-19 18:48:42.089785
B*39:198,Bw6,1,IPD_API,2026-02-19 18:48:42.089785
B*39:199,Bw6,1,IPD_API,2026-02-19 18:48:42.089785
B*39:200,Bw6,1,IPD_API,2026-02-19 18:48:42.089785
B*39:202,Bw6,1,IPD_API,2026-02-19 18:48:42.089785
B*39:203,Bw6,1,IPD_API,2026-02-19 18:48:42.089785
B*39:204,Bw6,1,IPD_API,2026-02-19 18:48:42.089785
B*39:205,Bw6,1,IPD_API,2026-02-19 18:48:42.089785
B*39:206,Bw6,1,IPD_API,2026-02-19 18:48:42.089785
B*39:208,Bw6,1,IPD_API,2026-02-19 18:48:42.089785
B*39:209,Bw6,1,IPD_API,2026-02-19 18:48:42.089785
B*39:210,Bw6,1,IPD_API,2026-02-19 18:48:42.089785
B*39:211,Bw6,1,IPD_API,2026-02-19 18:48:42.089785
B*39:212,Bw6,1,IPD_API,2026-02-19 18:48:42.089785
B*39:213,Bw6,1,IPD_API,2026-02-19 18:48:42.089785
B*39:215,Bw6,1,IPD_API,2026-02-19 18:48:42.089785
B*39:216,Bw6,1,IPD_API,2026-02-19 18:48:42.089785
B*39:217,Bw6,1,IPD_API,2026-02-19 18:48:42.089785
B*39:218,Bw6,1,IPD_API,2026-02-19 18:48:42.089785
B*39:219,Bw6,1,IPD_API,2026-02-19 18:48:42.089785
B*39:22,Bw6,1,IPD_API,2026-02-19 18:48:42.089785
B*39:220,Bw6,1,IPD_API,2026-02-19 18:48:42.089785
B*39:221,Bw6,1,IPD_API,2026-02-19 18:48:42.089785
B*39:222,Bw6,1,IPD_API,2026-02-19 18:48:42.089785
B*39:223,Bw6,1,IPD_API,2026-02-19 18:48:42.089785
B*39:224,Bw6,1,IPD_API,2026-02-19 18:48:42.089785
B*39:225,Bw6,1,IPD_API,2026-02-19 18:48:42.089785
B*39:226,Bw6,1,IPD_API,2026-02-19 18:48:42.089785
B*39:227,Bw6,1,IPD_API,2026-02-19 18:48:42.089785
B*39:228,Bw6,1,IPD_API,2026-02-19 18:48:42.089785
B*39:229,Bw6,1,IPD_API,2026-02-19 18:48:42.089785
B*39:23,Bw6,1,IPD_API,2026-02-19 18:48:42.089785
B*39:230,Bw6,1,IPD_API,2026-02-19 18:48:42.089785
B*39:231,Bw6,1,IPD_API,2026-02-19 18:48:42.089785
B*39:232,Bw6,1,IPD_API,2026-02-19 18:48:42.089785
B*39:233,Bw6,1,IPD_API,2026-02-19 18:48:42.089785
B*39:234,Bw6,1,IPD_API,2026-02-19 18:48:42.089785
B*39:235,Bw6,1,IPD_API,2026-02-19 18:48:42.089785
B*39:237,Bw6,1,IPD_API,2026-02-19 18:48:42.089785
B*39:238,Bw6,1,IPD_API,2026-02-19 18:48:42.089785
B*39:24,Bw6,4,IPD_API,2026-02-19 18:48:42.089785
B*39:26,Bw6,1,IPD_API,2026-02-19 18:48:42.089785
B*39:27,Bw6,1,IPD_API,2026-02-19 18:48:42.089785
B*39:28,Bw6,1,IPD_API,2026-02-19 18:48:42.089785
B*39:29,Bw6,1,IPD_API,2026-02-19 18:48:42.089785
B*39:30,Bw6,1,IPD_API,2026-02-19 18:48:42.089785
B*39:31,Bw6,2,IPD_API,2026-02-19 18:48:42.089785
B*39:32,Bw6,1,IPD_API,2026-02-19 18:48:42.089785
B*39:33,Bw6,1,IPD_API,2026-02-19 18:48:42.089785
B*39:34,Bw6,1,IPD_API,2026-02-19 18:48:42.089785
B*39:35,Bw6,1,IPD_API,2026-02-19 18:48:42.089785
B*39:36,Bw6,1,IPD_API,2026-02-19 18:48:42.089785
B*39:37,Bw6,2,IPD_API,2026-02-19 18:48:42.089785
B*39:38,Bw6,1,IPD_API,2026-02-19 18:48:42.089785
B*39:39,Bw6,2,IPD_API,2026-02-19 18:48:42.089785
B*39:41,Bw6,1,IPD_API,2026-02-19 18:48:42.089785
B*39:42,Bw6,1,IPD_API,2026-02-19 18:48:42.089785
B*39:43,Bw6,1,IPD_API,2026-02-19 18:48:42.089785
B*39:44,Bw6,1,IPD_API,2026-02-19 18:48:42.089785
B*39:45,Bw6,1,IPD_API,2026-02-19 18:48:42.089785
B*39:46,Bw6,1,IPD_API,2026-02-19 18:48:42.089785
B*39:47,Bw6,1,IPD_API,2026-02-19 18:48:42.089785
B*39:48,Bw6,1,IPD_API,2026-02-19 18:48:42.089785
B*39:49,Bw6,1,IPD_API,2026-02-19 18:48:42.089785
B*39:50,Bw6,1,IPD_API,2026-02-19 18:48:42.089785
B*39:51,Bw6,1,IPD_API,2026-02-19 18:48:42.089785
B*39:52,Bw6,1,IPD_API,2026-02-19 18:48:42.089785
B*39:53,Bw6,1,IPD_API,2026-02-19 18:48:42.089785
B*39:54,Bw6,1,IPD_API,2026-02-19 18:48:42.089785
B*39:55,Bw6,1,IPD_API,2026-02-19 18:48:42.089785
B*39:56,Bw6,1,IPD_API,2026-02-19 18:48:42.089785
B*39:57,Bw6,1,IPD_API,2026-02-19 18:48:42.089785
B*39:58,Bw6,2,IPD_API,2026-02-19 18:48:42.089785
B*39:59,Bw6,1,IPD_API,2026-02-19 18:48:42.089785
B*39:60,Bw6,1,IPD_API,2026-02-19 18:48:42.089785
B*39:61,Bw6,1,IPD_API,2026-02-19 18:48:42.089785
B*39:62,Bw6,1,IPD_API,2026-02-19 18:48:42.089785
B*39:63,Bw6,1,IPD_API,2026-02-19 18:48:42.089785
B*39:64,Bw6,1,IPD_API,2026-02-19 18:48:42.089785
B*39:65,Bw6,1,IPD_API,2026-02-19 18:48:42.089785
B*39:66,Bw6,1,IPD_API,2026-02-19 18:48:42.089785
B*39:67,Bw6,1,IPD_API,2026-02-19 18:48:42.089785
B*39:68,Bw6,1,IPD_API,2026-02-19 18:48:42.089785
B*39:69,Bw6,1,IPD_API,2026-02-19 18:48:42.089785
B*39:70,Bw6,1,IPD_API,2026-02-19 18:48:42.089785
B*39:71,Bw6,1,IPD_API,2026-02-19 18:48:42.089785
B*39:72,Bw6,1,IPD_API,2026-02-19 18:48:42.089785
B*39:73,Bw6,1,IPD_API,2026-02-19 18:48:42.089785
B*39:74,Bw6,1,IPD_API,2026-02-19 18:48:42.089785
B*39:75,Bw6,1,IPD_API,2026-02-19 18:48:42.089785
B*39:76,Bw6,1,IPD_API,2026-02-19 18:48:42.089785
B*39:77,Bw6,1,IPD_API,2026-02-19 18:48:42.089785
B*39:78,Bw6,1,IPD_API,2026-02-19 18:48:42.089785
B*39:79,Bw6,1,IPD_API,2026-02-19 18:48:42.089785
B*39:80,Bw6,1,IPD_API,2026-02-19 18:48:42.089785
B*39:81,Bw6,1,IPD_API,2026-02-19 18:48:42.089785
B*39:82,Bw6,1,IPD_API,2026-02-19 18:48:42.089785
B*39:83,Bw6,3,IPD_API,2026-02-19 18:48:42.089785
B*39:84,Bw6,1,IPD_API,2026-02-19 18:48:42.089785
B*39:85,Bw6,1,IPD_API,2026-02-19 18:48:42.089785
B*39:86,Bw6,1,IPD_API,2026-02-19 18:48:42.089785
B*39:88,Bw6,1,IPD_API,2026-02-19 18:48:42.089785
B*39:89,Bw6,1,IPD_API,2026-02-19 18:48:42.089785
B*39:90,Bw6,1,IPD_API,2026-02-19 18:48:42.089785
B*39:91,Bw6,1,IPD_API,2026-02-19 18:48:42.089785
B*39:92,Bw6,1,IPD_API,2026-02-19 18:48:42.089785
B*39:93,Bw6,1,IPD_API,2026-02-19 18:48:42.089785
B*39:94,Bw6,1,IPD_API,2026-02-19 18:48:42.089785
B*39:96,Bw6,1,IPD_API,2026-02-19 18:48:42.089785
B*39:98,Bw6,1,IPD_API,2026-02-19 18:48:42.089785
B*39:99,Bw6,1,IPD_API,2026-02-19 18:48:42.089785
B*40:01,Bw6,165,IPD_API,2026-02-19 18:48:42.089785
B*40:02,Bw6,83,IPD_API,2026-02-19 18:48:42.089785
B*40:03,Bw6,4,IPD_API,2026-02-19 18:48:42.089785
B*40:04,Bw6,6,IPD_API,2026-02-19 18:48:42.089785
B*40:05,Bw6,4,IPD_API,2026-02-19 18:48:42.089785
B*40:06,Bw6,56,IPD_API,2026-02-19 18:48:42.089785
B*40:07,Bw6,1,IPD_API,2026-02-19 18:48:42.089785
B*40:08,Bw6,2,IPD_API,2026-02-19 18:48:42.089785
B*40:09,Bw6,1,IPD_API,2026-02-19 18:48:42.089785
B*40:10,Bw6,3,IPD_API,2026-02-19 18:48:42.089785
B*40:100,Bw6,1,IPD_API,2026-02-19 18:48:42.089785
B*40:101,Bw6,1,IPD_API,2026-02-19 18:48:42.089785
B*40:102,Bw6,1,IPD_API,2026-02-19 18:48:42.089785
B*40:103,Bw6,1,IPD_API,2026-02-19 18:48:42.089785
B*40:104,Bw6,1,IPD_API,2026-02-19 18:48:42.089785
B*40:105,Bw6,1,IPD_API,2026-02-19 18:48:42.089785
B*40:106,Bw6,1,IPD_API,2026-02-19 18:48:42.089785
B*40:107,Bw6,1,IPD_API,2026-02-19 18:48:42.089785
B*40:108,Bw6,1,IPD_API,2026-02-19 18:48:42.089785
B*40:11,Bw6,4,IPD_API,2026-02-19 18:48:42.089785
B*40:110,Bw4 - 80T,1,IPD_API,2026-02-19 18:48:42.089785
B*40:111,Bw6,1,IPD_API,2026-02-19 18:48:42.089785
B*40:112,Bw6,1,IPD_API,2026-02-19 18:48:42.089785
B*40:113,Bw6,1,IPD_API,2026-02-19 18:48:42.089785
B*40:114,Bw6,3,IPD_API,2026-02-19 18:48:42.089785
B*40:115,Bw6,1,IPD_API,2026-02-19 18:48:42.089785
B*40:116,Bw6,1,IPD_API,2026-02-19 18:48:42.089785
B*40:117,Bw4 - 80I,1,IPD_API,2026-02-19 18:48:42.089785
B*40:119,Bw6,1,IPD_API,2026-02-19 18:48:42.089785
B*40:12,Bw6,2,IPD_API,2026-02-19 18:48:42.089785
B*40:120,Bw6,1,IPD_API,2026-02-19 18:48:42.089785
B*40:121,Bw6,1,IPD_API,2026-02-19 18:48:42.089785
B*40:122,Bw6,1,IPD_API,2026-02-19 18:48:42.089785
B*40:123,Bw6,1,IPD_API,2026-02-19 18:48:42.089785
B*40:124,Bw6,2,IPD_API,2026-02-19 18:48:42.089785
B*40:125,Bw6,4,IPD_API,2026-02-19 18:48:42.089785
B*40:126,Bw6,1,IPD_API,2026-02-19 18:48:42.089785
B*40:127,Bw6,1,IPD_API,2026-02-19 18:48:42.089785
B*40:128,Bw6,1,IPD_API,2026-02-19 18:48:42.089785
B*40:129,Bw6,1,IPD_API,2026-02-19 18:48:42.089785
B*40:13,Bw4 - 80I,1,IPD_API,2026-02-19 18:48:42.089785
B*40:130,Bw6,2,IPD_API,2026-02-19 18:48:42.089785
B*40:131,Bw6,1,IPD_API,2026-02-19 18:48:42.089785
B*40:132,Bw6,1,IPD_API,2026-02-19 18:48:42.089785
B*40:133,Bw6,1,IPD_API,2026-02-19 18:48:42.089785
B*40:134,Bw6,1,IPD_API,2026-02-19 18:48:42.089785
B*40:135,Bw6,1,IPD_API,2026-02-19 18:48:42.089785
B*40:136,Bw6,1,IPD_API,2026-02-19 18:48:42.089785
B*40:137,Bw6,1,IPD_API,2026-02-19 18:48:42.089785
B*40:138,Bw6,1,IPD_API,2026-02-19 18:48:42.089785
B*40:139,Bw6,1,IPD_API,2026-02-19 18:48:42.089785
B*40:14,Bw6,3,IPD_API,2026-02-19 18:48:42.089785
B*40:140,Bw6,1,IPD_API,2026-02-19 18:48:42.089785
B*40:141,Bw6,1,IPD_API,2026-02-19 18:48:42.089785
B*40:143,Bw6,1,IPD_API,2026-02-19 18:48:42.089785
B*40:145,Bw6,1,IPD_API,2026-02-19 18:48:42.089785
B*40:146,Bw6,1,IPD_API,2026-02-19 18:48:42.089785
B*40:147,Bw6,1,IPD_API,2026-02-19 18:48:42.089785
B*40:148,Bw6,1,IPD_API,2026-02-19 18:48:42.089785
B*40:149,Bw6,1,IPD_API,2026-02-19 18:48:42.089785
B*40:15,Bw6,1,IPD_API,2026-02-19 18:48:42.089785
B*40:150,Bw6,1,IPD_API,2026-02-19 18:48:42.089785
B*40:151,Bw6,1,IPD_API,2026-02-19 18:48:42.089785
B*40:152,Bw6,1,IPD_API,2026-02-19 18:48:42.089785
B*40:153,Bw6,1,IPD_API,2026-02-19 18:48:42.089785
B*40:154,Bw6,1,IPD_API,2026-02-19 18:48:42.089785
B*40:156,Bw6,1,IPD_API,2026-02-19 18:48:42.089785
B*40:157,Bw4 - 80T,1,IPD_API,2026-02-19 18:48:42.089785
B*40:158,Bw6,1,IPD_API,2026-02-19 18:48:42.089785
B*40:159,Bw6,1,IPD_API,2026-02-19 18:48:42.089785
B*40:16,Bw6,2,IPD_API,2026-02-19 18:48:42.089785
B*40:160,Bw6,3,IPD_API,2026-02-19 18:48:42.089785
B*40:161,Bw6,1,IPD_API,2026-02-19 18:48:42.089785
B*40:162,Bw6,1,IPD_API,2026-02-19 18:48:42.089785
B*40:163,Bw6,1,IPD_API,2026-02-19 18:48:42.089785
B*40:164,Bw6,1,IPD_API,2026-02-19 18:48:42.089785
B*40:165,Bw6,1,IPD_API,2026-02-19 18:48:42.089785
B*40:166,Bw6,1,IPD_API,2026-02-19 18:48:42.089785
B*40:167,Bw6,1,IPD_API,2026-02-19 18:48:42.089785
B*40:168,Bw6,1,IPD_API,2026-02-19 18:48:42.089785
B*40:169,Bw6,1,IPD_API,2026-02-19 18:48:42.089785
B*40:170,Bw6,1,IPD_API,2026-02-19 18:48:42.089785
B*40:171,Bw6,1,IPD_API,2026-02-19 18:48:42.089785
B*40:172,Bw6,1,IPD_API,2026-02-19 18:48:42.089785
B*40:173,Bw6,1,IPD_API,2026-02-19 18:48:42.089785
B*40:174,Bw6,1,IPD_API,2026-02-19 18:48:42.089785
B*40:175,Bw6,1,IPD_API,2026-02-19 18:48:42.089785
B*40:176,Bw6,1,IPD_API,2026-02-19 18:48:42.089785
B*40:177,Bw6,1,IPD_API,2026-02-19 18:48:42.089785
B*40:178,Bw6,1,IPD_API,2026-02-19 18:48:42.089785
B*40:179,Bw6,1,IPD_API,2026-02-19 18:48:42.089785
B*40:18,Bw6,1,IPD_API,2026-02-19 18:48:42.089785
B*40:180,Bw6,1,IPD_API,2026-02-19 18:48:42.089785
B*40:181,Bw6,1,IPD_API,2026-02-19 18:48:42.089785
B*40:182,Bw6,1,IPD_API,2026-02-19 18:48:42.089785
B*40:183,Bw6,1,IPD_API,2026-02-19 18:48:42.089785
B*40:184,Bw6,1,IPD_API,2026-02-19 18:48:42.089785
B*40:185,Bw6,1,IPD_API,2026-02-19 18:48:42.089785
B*40:186,Bw6,2,IPD_API,2026-02-19 18:48:42.089785
B*40:187,Bw6,1,IPD_API,2026-02-19 18:48:42.089785
B*40:188,Bw4 - 80T,1,IPD_API,2026-02-19 18:48:42.089785
B*40:189,Bw6,1,IPD_API,2026-02-19 18:48:42.089785
B*40:19,Bw4 - 80I,1,IPD_API,2026-02-19 18:48:42.089785
B*40:190,Bw6,1,IPD_API,2026-02-19 18:48:42.089785
B*40:191,Bw6,1,IPD_API,2026-02-19 18:48:42.089785
B*40:192,Bw6,1,IPD_API,2026-02-19 18:48:42.089785
B*40:193,Bw6,1,IPD_API,2026-02-19 18:48:42.089785
B*40:194,Bw6,1,IPD_API,2026-02-19 18:48:42.089785
B*40:195,Bw6,1,IPD_API,2026-02-19 18:48:42.089785
B*40:196,Bw6,1,IPD_API,2026-02-19 18:48:42.089785
B*40:197,Bw6,1,IPD_API,2026-02-19 18:48:42.089785
B*40:198,Bw6,1,IPD_API,2026-02-19 18:48:42.089785
B*40:199,Bw6,1,IPD_API,2026-02-19 18:48:42.089785
B*40:20,Bw6,2,IPD_API,2026-02-19 18:48:42.089785
B*40:200,Bw6,1,IPD_API,2026-02-19 18:48:42.089785
B*40:201,Bw4 - 80T,1,IPD_API,2026-02-19 18:48:42.089785
B*40:202,Bw6,1,IPD_API,2026-02-19 18:48:42.089785
B*40:203,Bw6,1,IPD_API,2026-02-19 18:48:42.089785
B*40:204,Bw6,1,IPD_API,2026-02-19 18:48:42.089785
B*40:205,Bw6,1,IPD_API,2026-02-19 18:48:42.089785
B*40:206,Bw6,1,IPD_API,2026-02-19 18:48:42.089785
B*40:207,Bw6,1,IPD_API,2026-02-19 18:48:42.089785
B*40:208,Bw6,1,IPD_API,2026-02-19 18:48:42.089785
B*40:209,Bw6,1,IPD_API,2026-02-19 18:48:42.089785
B*40:21,Bw6,1,IPD_API,2026-02-19 18:48:42.089785
B*40:210,Bw6,1,IPD_API,2026-02-19 18:48:42.089785
B*40:211,Bw6,1,IPD_API,2026-02-19 18:48:42.089785
B*40:212,Bw6,1,IPD_API,2026-02-19 18:48:42.089785
B*40:213,Bw6,1,IPD_API,2026-02-19 18:48:42.089785
B*40:214,Bw6,1,IPD_API,2026-02-19 18:48:42.089785
B*40:215,Bw6,1,IPD_API,2026-02-19 18:48:42.089785
B*40:217,Bw6,1,IPD_API,2026-02-19 18:48:42.089785
B*40:218,Bw6,1,IPD_API,2026-02-19 18:48:42.089785
B*40:219,Bw6,1,IPD_API,2026-02-19 18:48:42.089785
B*40:220,Bw6,1,IPD_API,2026-02-19 18:48:42.089785
B*40:221,Bw6,1,IPD_API,2026-02-19 18:48:42.089785
B*40:222,Bw6,1,IPD_API,2026-02-19 18:48:42.089785
B*40:223,Bw6,1,IPD_API,2026-02-19 18:48:42.089785
B*40:224,Bw6,1,IPD_API,2026-02-19 18:48:42.089785
B*40:225,Bw6,2,IPD_API,2026-02-19 18:48:42.089785
B*40:226,Bw6,1,IPD_API,2026-02-19 18:48:42.089785
B*40:227,Bw6,1,IPD_API,2026-02-19 18:48:42.089785
B*40:228,Bw6,1,IPD_API,2026-02-19 18:48:42.089785
B*40:229,Bw6,1,IPD_API,2026-02-19 18:48:42.089785
B*40:23,Bw6,1,IPD_API,2026-02-19 18:48:42.089785
B*40:230,Bw6,1,IPD_API,2026-02-19 18:48:42.089785
B*40:231,Bw6,1,IPD_API,2026-02-19 18:48:42.089785
B*40:232,Bw6,1,IPD_API,2026-02-19 18:48:42.089785
B*40:233,Bw6,1,IPD_API,2026-02-19 18:48:42.089785
B*40:234,Bw6,1,IPD_API,2026-02-19 18:48:42.089785
B*40:235,Bw6,1,IPD_API,2026-02-19 18:48:42.089785
B*40:236,Bw6,1,IPD_API,2026-02-19 18:48:42.089785
B*40:237,Bw6,1,IPD_API,2026-02-19 18:48:42.089785
B*40:238,Bw6,1,IPD_API,2026-02-19 18:48:42.089785
B*40:239,Bw6,1,IPD_API,2026-02-19 18:48:42.089785
B*40:24,Bw6,1,IPD_API,2026-02-19 18:48:42.089785
B*40:240,Bw6,1,IPD_API,2026-02-19 18:48:42.089785
B*40:241,Bw6,1,IPD_API,2026-02-19 18:48:42.089785
B*40:242,Bw6,1,IPD_API,2026-02-19 18:48:42.089785
B*40:243,Bw6,1,IPD_API,2026-02-19 18:48:42.089785
B*40:244,Bw6,1,IPD_API,2026-02-19 18:48:42.089785
B*40:245,Bw6,2,IPD_API,2026-02-19 18:48:42.089785
B*40:246,Bw6,1,IPD_API,2026-02-19 18:48:42.089785
B*40:247,Bw6,1,IPD_API,2026-02-19 18:48:42.089785
B*40:248,Bw6,1,IPD_API,2026-02-19 18:48:42.089785
B*40:249,Bw6,1,IPD_API,2026-02-19 18:48:42.089785
B*40:25,Bw6,1,IPD_API,2026-02-19 18:48:42.089785
B*40:250,Bw6,1,IPD_API,2026-02-19 18:48:42.089785
B*40:251,Bw6,1,IPD_API,2026-02-19 18:48:42.089785
B*40:252,Bw6,1,IPD_API,2026-02-19 18:48:42.089785
B*40:253,Bw6,1,IPD_API,2026-02-19 18:48:42.089785
B*40:254,Bw6,1,IPD_API,2026-02-19 18:48:42.089785
B*40:255,Bw6,1,IPD_API,2026-02-19 18:48:42.089785
B*40:257,Bw6,1,IPD_API,2026-02-19 18:48:42.089785
B*40:258,Bw6,1,IPD_API,2026-02-19 18:48:42.089785
B*40:259,Bw6,1,IPD_API,2026-02-19 18:48:42.089785
B*40:26,Bw6,1,IPD_API,2026-02-19 18:48:42.089785
B*40:260,Bw6,1,IPD_API,2026-02-19 18:48:42.089785
B*40:261,Bw6,1,IPD_API,2026-02-19 18:48:42.089785
B*40:262,Bw6,1,IPD_API,2026-02-19 18:48:42.089785
B*40:264,Bw6,1,IPD_API,2026-02-19 18:48:42.089785
B*40:266,Bw6,1,IPD_API,2026-02-19 18:48:42.089785
B*40:267,Bw6,1,IPD_API,2026-02-19 18:48:42.089785
B*40:268,Bw6,1,IPD_API,2026-02-19 18:48:42.089785
B*40:269,Bw6,1,IPD_API,2026-02-19 18:48:42.089785
B*40:27,Bw6,3,IPD_API,2026-02-19 18:48:42.089785
B*40:270,Bw6,1,IPD_API,2026-02-19 18:48:42.089785
B*40:271,Bw6,1,IPD_API,2026-02-19 18:48:42.089785
B*40:272,Bw6,1,IPD_API,2026-02-19 18:48:42.089785
B*40:273,Bw6,1,IPD_API,2026-02-19 18:48:42.089785
B*40:274,Bw6,1,IPD_API,2026-02-19 18:48:42.089785
B*40:275,Bw6,1,IPD_API,2026-02-19 18:48:42.089785
B*40:276,Bw6,1,IPD_API,2026-02-19 18:48:42.089785
B*40:277,Bw6,1,IPD_API,2026-02-19 18:48:42.089785
B*40:278,Bw6,1,IPD_API,2026-02-19 18:48:42.089785
B*40:279,Bw6,1,IPD_API,2026-02-19 18:48:42.089785
B*40:28,Bw6,1,IPD_API,2026-02-19 18:48:42.089785
B*40:280,Bw6,1,IPD_API,2026-02-19 18:48:42.089785
B*40:281,Bw6,1,IPD_API,2026-02-19 18:48:42.089785
B*40:282,Bw6,1,IPD_API,2026-02-19 18:48:42.089785
B*40:283,Bw6,1,IPD_API,2026-02-19 18:48:42.089785
B*40:284,Bw6,1,IPD_API,2026-02-19 18:48:42.089785
B*40:285,Bw6,1,IPD_API,2026-02-19 18:48:42.089785
B*40:287,Bw6,1,IPD_API,2026-02-19 18:48:42.089785
B*40:288,Bw6,1,IPD_API,2026-02-19 18:48:42.089785
B*40:289,Bw6,1,IPD_API,2026-02-19 18:48:42.089785
B*40:29,Bw6,1,IPD_API,2026-02-19 18:48:42.089785
B*40:290,Bw6,1,IPD_API,2026-02-19 18:48:42.089785
B*40:293,Bw6,1,IPD_API,2026-02-19 18:48:42.089785
B*40:294,Bw6,1,IPD_API,2026-02-19 18:48:42.089785
B*40:295,Bw6,1,IPD_API,2026-02-19 18:48:42.089785
B*40:296,Bw6,1,IPD_API,2026-02-19 18:48:42.089785
B*40:297,Bw6,1,IPD_API,2026-02-19 18:48:42.089785
B*40:298,Bw6,2,IPD_API,2026-02-19 18:48:42.089785
B*40:299,Bw6,1,IPD_API,2026-02-19 18:48:42.089785
B*40:30,Bw6,1,IPD_API,2026-02-19 18:48:42.089785
B*40:300,Bw6,1,IPD_API,2026-02-19 18:48:42.089785
B*40:301,Bw6,1,IPD_API,2026-02-19 18:48:42.089785
B*40:302,Bw6,1,IPD_API,2026-02-19 18:48:42.089785
B*40:303,Bw6,1,IPD_API,2026-02-19 18:48:42.089785
B*40:304,Bw6,1,IPD_API,2026-02-19 18:48:42.089785
B*40:305,Bw6,1,IPD_API,2026-02-19 18:48:42.089785
B*40:306,Bw6,1,IPD_API,2026-02-19 18:48:42.089785
B*40:307,Bw6,1,IPD_API,2026-02-19 18:48:42.089785
B*40:308,Bw6,1,IPD_API,2026-02-19 18:48:42.089785
B*40:309,Bw6,1,IPD_API,2026-02-19 18:48:42.089785
B*40:31,Bw6,1,IPD_API,2026-02-19 18:48:42.089785
B*40:310,Bw6,1,IPD_API,2026-02-19 18:48:42.089785
B*40:311,Bw6,1,IPD_API,2026-02-19 18:48:42.089785
B*40:312,Bw6,1,IPD_API,2026-02-19 18:48:42.089785
B*40:313,Bw6,1,IPD_API,2026-02-19 18:48:42.089785
B*40:314,Bw6,1,IPD_API,2026-02-19 18:48:42.089785
B*40:315,Bw6,1,IPD_API,2026-02-19 18:48:42.089785
B*40:316,Bw6,1,IPD_API,2026-02-19 18:48:42.089785
B*40:317,Bw6,1,IPD_API,2026-02-19 18:48:42.089785
B*40:318,Bw6,1,IPD_API,2026-02-19 18:48:42.089785
B*40:319,Bw6,1,IPD_API,2026-02-19 18:48:42.089785
B*40:32,Bw6,1,IPD_API,2026-02-19 18:48:42.089785
B*40:320,Bw6,1,IPD_API,2026-02-19 18:48:42.089785
B*40:321,Bw6,1,IPD_API,2026-02-19 18:48:42.089785
B*40:322,Bw6,1,IPD_API,2026-02-19 18:48:42.089785
B*40:323,Bw6,2,IPD_API,2026-02-19 18:48:42.089785
B*40:324,Bw6,1,IPD_API,2026-02-19 18:48:42.089785
B*40:325,Bw6,1,IPD_API,2026-02-19 18:48:42.089785
B*40:326,Bw6,1,IPD_API,2026-02-19 18:48:42.089785
B*40:327,Bw6,1,IPD_API,2026-02-19 18:48:42.089785
B*40:328,Bw6,1,IPD_API,2026-02-19 18:48:42.089785
B*40:329,Bw6,1,IPD_API,2026-02-19 18:48:42.089785
B*40:33,Bw6,1,IPD_API,2026-02-19 18:48:42.089785
B*40:330,Bw6,1,IPD_API,2026-02-19 18:48:42.089785
B*40:331,Bw6,1,IPD_API,2026-02-19 18:48:42.089785
B*40:332,Bw6,1,IPD_API,2026-02-19 18:48:42.089785
B*40:333,Bw6,1,IPD_API,2026-02-19 18:48:42.089785
B*40:334,Bw6,2,IPD_API,2026-02-19 18:48:42.089785
B*40:336,Bw6,1,IPD_API,2026-02-19 18:48:42.089785
B*40:339,Bw6,1,IPD_API,2026-02-19 18:48:42.089785
B*40:34,Bw6,1,IPD_API,2026-02-19 18:48:42.089785
B*40:340,Bw4 - 80I,1,IPD_API,2026-02-19 18:48:42.089785
B*40:341,Bw6,1,IPD_API,2026-02-19 18:48:42.089785
B*40:342,Bw6,1,IPD_API,2026-02-19 18:48:42.089785
B*40:343,Bw6,1,IPD_API,2026-02-19 18:48:42.089785
B*40:346,Bw6,1,IPD_API,2026-02-19 18:48:42.089785
B*40:347,Bw6,1,IPD_API,2026-02-19 18:48:42.089785
B*40:348,Bw6,1,IPD_API,2026-02-19 18:48:42.089785
B*40:349,Bw6,1,IPD_API,2026-02-19 18:48:42.089785
B*40:35,Bw6,3,IPD_API,2026-02-19 18:48:42.089785
B*40:350,Bw6,1,IPD_API,2026-02-19 18:48:42.089785
B*40:351,Bw6,1,IPD_API,2026-02-19 18:48:42.089785
B*40:352,Bw6,1,IPD_API,2026-02-19 18:48:42.089785
B*40:353,Bw6,3,IPD_API,2026-02-19 18:48:42.089785
B*40:354,Bw6,1,IPD_API,2026-02-19 18:48:42.089785
B*40:355,Bw6,1,IPD_API,2026-02-19 18:48:42.089785
B*40:356,Bw6,1,IPD_API,2026-02-19 18:48:42.089785
B*40:357,Bw6,1,IPD_API,2026-02-19 18:48:42.089785
B*40:358,Bw6,1,IPD_API,2026-02-19 18:48:42.089785
B*40:359,Bw6,1,IPD_API,2026-02-19 18:48:42.089785
B*40:36,Bw6,1,IPD_API,2026-02-19 18:48:42.089785
B*40:360,Bw6,1,IPD_API,2026-02-19 18:48:42.089785
B*40:362,Bw6,1,IPD_API,2026-02-19 18:48:42.089785
B*40:363,Bw6,1,IPD_API,2026-02-19 18:48:42.089785
B*40:364,Bw6,1,IPD_API,2026-02-19 18:48:42.089785
B*40:365,Bw6,1,IPD_API,2026-02-19 18:48:42.089785
B*40:366,Bw6,1,IPD_API,2026-02-19 18:48:42.089785
B*40:367,Bw6,1,IPD_API,2026-02-19 18:48:42.089785
B*40:368,Bw6,1,IPD_API,2026-02-19 18:48:42.089785
B*40:369,Bw6,1,IPD_API,2026-02-19 18:48:42.089785
B*40:370,Bw6,1,IPD_API,2026-02-19 18:48:42.089785
B*40:371,Bw6,1,IPD_API,2026-02-19 18:48:42.089785
B*40:373,Bw6,1,IPD_API,2026-02-19 18:48:42.089785
B*40:374,Bw6,1,IPD_API,2026-02-19 18:48:42.089785
B*40:375,Bw6,1,IPD_API,2026-02-19 18:48:42.089785
B*40:376,Bw6,1,IPD_API,2026-02-19 18:48:42.089785
B*40:377,Bw6,1,IPD_API,2026-02-19 18:48:42.089785
B*40:378,Bw6,1,IPD_API,2026-02-19 18:48:42.089785
B*40:379,Bw6,3,IPD_API,2026-02-19 18:48:42.089785
B*40:38,Bw6,1,IPD_API,2026-02-19 18:48:42.089785
B*40:380,Bw6,1,IPD_API,2026-02-19 18:48:42.089785
B*40:381,Bw6,2,IPD_API,2026-02-19 18:48:42.089785
B*40:382,Bw6,1,IPD_API,2026-02-19 18:48:42.089785
B*40:383,Bw6,1,IPD_API,2026-02-19 18:48:42.089785
B*40:384,Bw6,1,IPD_API,2026-02-19 18:48:42.089785
B*40:385,Bw6,1,IPD_API,2026-02-19 18:48:42.089785
B*40:386,Bw6,1,IPD_API,2026-02-19 18:48:42.089785
B*40:387,Bw6,1,IPD_API,2026-02-19 18:48:42.089785
B*40:388,Bw6,1,IPD_API,2026-02-19 18:48:42.089785
B*40:389,Bw6,1,IPD_API,2026-02-19 18:48:42.089785
B*40:39,Bw6,1,IPD_API,2026-02-19 18:48:42.089785
B*40:390,Bw6,1,IPD_API,2026-02-19 18:48:42.089785
B*40:391,Bw6,1,IPD_API,2026-02-19 18:48:42.089785
B*40:392,Bw6,1,IPD_API,2026-02-19 18:48:42.089785
B*40:393,Bw6,1,IPD_API,2026-02-19 18:48:42.089785
B*40:395,Bw6,1,IPD_API,2026-02-19 18:48:42.089785
B*40:396,Bw6,1,IPD_API,2026-02-19 18:48:42.089785
B*40:397,Bw6,1,IPD_API,2026-02-19 18:48:42.089785
B*40:398,Bw6,1,IPD_API,2026-02-19 18:48:42.089785
B*40:40,Bw6,1,IPD_API,2026-02-19 18:48:42.089785
B*40:400,Bw6,1,IPD_API,2026-02-19 18:48:42.089785
B*40:401,Bw6,1,IPD_API,2026-02-19 18:48:42.089785
B*40:402,Bw6,1,IPD_API,2026-02-19 18:48:42.089785
B*40:403,Bw6,1,IPD_API,2026-02-19 18:48:42.089785
B*40:404,Bw6,1,IPD_API,2026-02-19 18:48:42.089785
B*40:405,Bw6,1,IPD_API,2026-02-19 18:48:42.089785
B*40:406,Bw6,1,IPD_API,2026-02-19 18:48:42.089785
B*40:407,Bw6,1,IPD_API,2026-02-19 18:48:42.089785
B*40:408,Bw6,1,IPD_API,2026-02-19 18:48:42.089785
B*40:409,Bw6,1,IPD_API,2026-02-19 18:48:42.089785
B*40:410,Bw6,1,IPD_API,2026-02-19 18:48:42.089785
B*40:411,Bw6,1,IPD_API,2026-02-19 18:48:42.089785
B*40:412,Bw6,1,IPD_API,2026-02-19 18:48:42.089785
B*40:413,Bw6,1,IPD_API,2026-02-19 18:48:42.089785
B*40:414,Bw6,1,IPD_API,2026-02-19 18:48:42.089785
B*40:415,Bw6,1,IPD_API,2026-02-19 18:48:42.089785
B*40:416,Bw6,1,IPD_API,2026-02-19 18:48:42.089785
B*40:417,Bw6,1,IPD_API,2026-02-19 18:48:42.089785
B*40:418,Bw6,1,IPD_API,2026-02-19 18:48:42.089785
B*40:419,Bw6,1,IPD_API,2026-02-19 18:48:42.089785
B*40:42,Bw6,1,IPD_API,2026-02-19 18:48:42.089785
B*40:420,Bw6,1,IPD_API,2026-02-19 18:48:42.089785
B*40:421,Bw6,1,IPD_API,2026-02-19 18:48:42.089785
B*40:422,Bw6,1,IPD_API,2026-02-19 18:48:42.089785
B*40:424,Bw6,1,IPD_API,2026-02-19 18:48:42.089785
B*40:425,Bw6,1,IPD_API,2026-02-19 18:48:42.089785
B*40:427,Bw6,1,IPD_API,2026-02-19 18:48:42.089785
B*40:429,Bw6,1,IPD_API,2026-02-19 18:48:42.089785
B*40:43,Bw6,1,IPD_API,2026-02-19 18:48:42.089785
B*40:430,Bw6,1,IPD_API,2026-02-19 18:48:42.089785
B*40:431,Bw6,2,IPD_API,2026-02-19 18:48:42.089785
B*40:432,Bw6,1,IPD_API,2026-02-19 18:48:42.089785
B*40:433,Bw6,1,IPD_API,2026-02-19 18:48:42.089785
B*40:434,Bw6,1,IPD_API,2026-02-19 18:48:42.089785
B*40:435,Bw6,1,IPD_API,2026-02-19 18:48:42.089785
B*40:436,Bw6,1,IPD_API,2026-02-19 18:48:42.089785
B*40:437,Bw6,1,IPD_API,2026-02-19 18:48:42.089785
B*40:439,Bw6,1,IPD_API,2026-02-19 18:48:42.089785
B*40:44,Bw6,1,IPD_API,2026-02-19 18:48:42.089785
B*40:440,Bw6,1,IPD_API,2026-02-19 18:48:42.089785
B*40:441,Bw6,1,IPD_API,2026-02-19 18:48:42.089785
B*40:442,Bw6,1,IPD_API,2026-02-19 18:48:42.089785
B*40:443,Bw6,1,IPD_API,2026-02-19 18:48:42.089785
B*40:444,Bw6,2,IPD_API,2026-02-19 18:48:42.089785
B*40:445,Bw6,1,IPD_API,2026-02-19 18:48:42.089785
B*40:446,Bw6,1,IPD_API,2026-02-19 18:48:42.089785
B*40:447,Bw6,1,IPD_API,2026-02-19 18:48:42.089785
B*40:448,Bw6,1,IPD_API,2026-02-19 18:48:42.089785
B*40:449,Bw6,1,IPD_API,2026-02-19 18:48:42.089785
B*40:45,Bw6,1,IPD_API,2026-02-19 18:48:42.089785
B*40:450,Bw6,1,IPD_API,2026-02-19 18:48:42.089785
B*40:451,Bw6,1,IPD_API,2026-02-19 18:48:42.089785
B*40:452,Bw6,1,IPD_API,2026-02-19 18:48:42.089785
B*40:453,Bw6,1,IPD_API,2026-02-19 18:48:42.089785
B*40:454,Bw6,1,IPD_API,2026-02-19 18:48:42.089785
B*40:455,Bw6,1,IPD_API,2026-02-19 18:48:42.089785
B*40:456,Bw6,1,IPD_API,2026-02-19 18:48:42.089785
B*40:457,Bw6,1,IPD_API,2026-02-19 18:48:42.089785
B*40:458,Bw6,1,IPD_API,2026-02-19 18:48:42.089785
B*40:459,Bw6,1,IPD_API,2026-02-19 18:48:42.089785
B*40:46,Bw6,1,IPD_API,2026-02-19 18:48:42.089785
B*40:460,Bw6,1,IPD_API,2026-02-19 18:48:42.089785
B*40:461,Bw6,1,IPD_API,2026-02-19 18:48:42.089785
B*40:462,Bw6,1,IPD_API,2026-02-19 18:48:42.089785
B*40:463,Bw6,1,IPD_API,2026-02-19 18:48:42.089785
B*40:464,Bw6,1,IPD_API,2026-02-19 18:48:42.089785
B*40:465,Bw6,1,IPD_API,2026-02-19 18:48:42.089785
B*40:466,Bw6,1,IPD_API,2026-02-19 18:48:42.089785
B*40:467,Bw6,1,IPD_API,2026-02-19 18:48:42.089785
B*40:468,Bw6,1,IPD_API,2026-02-19 18:48:42.089785
B*40:469,Bw6,1,IPD_API,2026-02-19 18:48:42.089785
B*40:47,Bw4 - 80T,1,IPD_API,2026-02-19 18:48:42.089785
B*40:470,Bw6,1,IPD_API,2026-02-19 18:48:42.089785
B*40:471,Bw6,1,IPD_API,2026-02-19 18:48:42.089785
B*40:472,Bw6,1,IPD_API,2026-02-19 18:48:42.089785
B*40:473,Bw6,1,IPD_API,2026-02-19 18:48:42.089785
B*40:474,Bw6,1,IPD_API,2026-02-19 18:48:42.089785
B*40:475,Bw6,2,IPD_API,2026-02-19 18:48:42.089785
B*40:476,Bw6,1,IPD_API,2026-02-19 18:48:42.089785
B*40:477,Bw6,1,IPD_API,2026-02-19 18:48:42.089785
B*40:478,Bw6,1,IPD_API,2026-02-19 18:48:42.089785
B*40:479,Bw6,1,IPD_API,2026-02-19 18:48:42.089785
B*40:48,Bw6,1,IPD_API,2026-02-19 18:48:42.089785
B*40:480,Bw6,1,IPD_API,2026-02-19 18:48:42.089785
B*40:482,Bw6,1,IPD_API,2026-02-19 18:48:42.089785
B*40:484,Bw6,1,IPD_API,2026-02-19 18:48:42.089785
B*40:485,Bw6,1,IPD_API,2026-02-19 18:48:42.089785
B*40:486,Bw6,1,IPD_API,2026-02-19 18:48:42.089785
B*40:489,Bw6,1,IPD_API,2026-02-19 18:48:42.089785
B*40:49,Bw6,1,IPD_API,2026-02-19 18:48:42.089785
B*40:490,Bw6,1,IPD_API,2026-02-19 18:48:42.089785
B*40:491,Bw6,1,IPD_API,2026-02-19 18:48:42.089785
B*40:492,Bw6,1,IPD_API,2026-02-19 18:48:42.089785
B*40:493,Bw6,1,IPD_API,2026-02-19 18:48:42.089785
B*40:494,Bw6,1,IPD_API,2026-02-19 18:48:42.089785
B*40:495,Bw6,1,IPD_API,2026-02-19 18:48:42.089785
B*40:496,Bw6,1,IPD_API,2026-02-19 18:48:42.089785
B*40:497,Bw6,1,IPD_API,2026-02-19 18:48:42.089785
B*40:498,Bw6,1,IPD_API,2026-02-19 18:48:42.089785
B*40:499,Bw6,1,IPD_API,2026-02-19 18:48:42.089785
B*40:50,Bw6,2,IPD_API,2026-02-19 18:48:42.089785
B*40:500,Bw6,1,IPD_API,2026-02-19 18:48:42.089785
B*40:501,Bw6,1,IPD_API,2026-02-19 18:48:42.089785
B*40:502,Bw6,1,IPD_API,2026-02-19 18:48:42.089785
B*40:503,Bw6,1,IPD_API,2026-02-19 18:48:42.089785
B*40:504,Bw6,1,IPD_API,2026-02-19 18:48:42.089785
B*40:505,Bw6,1,IPD_API,2026-02-19 18:48:42.089785
B*40:509,Bw6,1,IPD_API,2026-02-19 18:48:42.089785
B*40:51,Bw6,1,IPD_API,2026-02-19 18:48:42.089785
B*40:512,Bw6,1,IPD_API,2026-02-19 18:48:42.089785
B*40:513,Bw6,1,IPD_API,2026-02-19 18:48:42.089785
B*40:515,Bw6,1,IPD_API,2026-02-19 18:48:42.089785
B*40:516,Bw6,1,IPD_API,2026-02-19 18:48:42.089785
B*40:517,Bw6,1,IPD_API,2026-02-19 18:48:42.089785
B*40:518,Bw6,1,IPD_API,2026-02-19 18:48:42.089785
B*40:519,Bw6,1,IPD_API,2026-02-19 18:48:42.089785
B*40:52,Bw6,1,IPD_API,2026-02-19 18:48:42.089785
B*40:520,Bw6,1,IPD_API,2026-02-19 18:48:42.089785
B*40:521,Bw6,1,IPD_API,2026-02-19 18:48:42.089785
B*40:522,Bw6,1,IPD_API,2026-02-19 18:48:42.089785
B*40:523,Bw6,1,IPD_API,2026-02-19 18:48:42.089785
B*40:524,Bw6,1,IPD_API,2026-02-19 18:48:42.089785
B*40:525,Bw6,1,IPD_API,2026-02-19 18:48:42.089785
B*40:526,Bw6,1,IPD_API,2026-02-19 18:48:42.089785
B*40:527,Bw6,1,IPD_API,2026-02-19 18:48:42.089785
B*40:529,Bw6,1,IPD_API,2026-02-19 18:48:42.089785
B*40:53,Bw6,1,IPD_API,2026-02-19 18:48:42.089785
B*40:530,Bw6,1,IPD_API,2026-02-19 18:48:42.089785
B*40:531,Bw6,1,IPD_API,2026-02-19 18:48:42.089785
B*40:533,Bw6,1,IPD_API,2026-02-19 18:48:42.089785
B*40:534,Bw6,1,IPD_API,2026-02-19 18:48:42.089785
B*40:535,Bw6,1,IPD_API,2026-02-19 18:48:42.089785
B*40:537,Bw6,1,IPD_API,2026-02-19 18:48:42.089785
B*40:538,Bw6,1,IPD_API,2026-02-19 18:48:42.089785
B*40:539,Bw6,1,IPD_API,2026-02-19 18:48:42.089785
B*40:54,Bw6,1,IPD_API,2026-02-19 18:48:42.089785
B*40:541,Bw6,1,IPD_API,2026-02-19 18:48:42.089785
B*40:542,Bw6,1,IPD_API,2026-02-19 18:48:42.089785
B*40:543,Bw6,1,IPD_API,2026-02-19 18:48:42.089785
B*40:544,Bw6,2,IPD_API,2026-02-19 18:48:42.089785
B*40:546,Bw6,1,IPD_API,2026-02-19 18:48:42.089785
B*40:547,Bw6,1,IPD_API,2026-02-19 18:48:42.089785
B*40:548,Bw6,1,IPD_API,2026-02-19 18:48:42.089785
B*40:549,Bw6,1,IPD_API,2026-02-19 18:48:42.089785
B*40:55,Bw6,1,IPD_API,2026-02-19 18:48:42.089785
B*40:550,Bw6,1,IPD_API,2026-02-19 18:48:42.089785
B*40:551,Bw6,1,IPD_API,2026-02-19 18:48:42.089785
B*40:552,Bw6,1,IPD_API,2026-02-19 18:48:42.089785
B*40:553,Bw6,1,IPD_API,2026-02-19 18:48:42.089785
B*40:554,Bw6,1,IPD_API,2026-02-19 18:48:42.089785
B*40:555,Bw6,1,IPD_API,2026-02-19 18:48:42.089785
B*40:556,Bw6,1,IPD_API,2026-02-19 18:48:42.089785
B*40:557,Bw6,1,IPD_API,2026-02-19 18:48:42.089785
B*40:558,Bw6,1,IPD_API,2026-02-19 18:48:42.089785
B*40:559,Bw6,1,IPD_API,2026-02-19 18:48:42.089785
B*40:56,Bw6,1,IPD_API,2026-02-19 18:48:42.089785
B*40:560,Bw4 - 80T,1,IPD_API,2026-02-19 18:48:42.089785
B*40:561,Bw6,1,IPD_API,2026-02-19 18:48:42.089785
B*40:562,Bw6,1,IPD_API,2026-02-19 18:48:42.089785
B*40:564,Bw6,1,IPD_API,2026-02-19 18:48:42.089785
B*40:565,Bw6,1,IPD_API,2026-02-19 18:48:42.089785
B*40:566,Bw6,1,IPD_API,2026-02-19 18:48:42.089785
B*40:567,Bw6,1,IPD_API,2026-02-19 18:48:42.089785
B*40:568,Bw4 - 80T,1,IPD_API,2026-02-19 18:48:42.089785
B*40:569,Bw6,1,IPD_API,2026-02-19 18:48:42.089785
B*40:57,Bw6,1,IPD_API,2026-02-19 18:48:42.089785
B*40:570,Bw6,1,IPD_API,2026-02-19 18:48:42.089785
B*40:573,Bw6,1,IPD_API,2026-02-19 18:48:42.089785
B*40:574,Bw6,1,IPD_API,2026-02-19 18:48:42.089785
B*40:575,Bw6,1,IPD_API,2026-02-19 18:48:42.089785
B*40:576,Bw6,1,IPD_API,2026-02-19 18:48:42.089785
B*40:577,Bw6,1,IPD_API,2026-02-19 18:48:42.089785
B*40:578,Bw6,1,IPD_API,2026-02-19 18:48:42.089785
B*40:579,Bw6,1,IPD_API,2026-02-19 18:48:42.089785
B*40:58,Bw6,1,IPD_API,2026-02-19 18:48:42.089785
B*40:580,Bw6,1,IPD_API,2026-02-19 18:48:42.089785
B*40:582,Bw6,1,IPD_API,2026-02-19 18:48:42.089785
B*40:583,Bw6,1,IPD_API,2026-02-19 18:48:42.089785
B*40:584,Bw6,1,IPD_API,2026-02-19 18:48:42.089785
B*40:585,Bw6,1,IPD_API,2026-02-19 18:48:42.089785
B*40:586,Bw6,1,IPD_API,2026-02-19 18:48:42.089785
B*40:587,Bw6,1,IPD_API,2026-02-19 18:48:42.089785
B*40:588,Bw6,1,IPD_API,2026-02-19 18:48:42.089785
B*40:589,Bw6,1,IPD_API,2026-02-19 18:48:42.089785
B*40:59,Bw6,1,IPD_API,2026-02-19 18:48:42.089785
B*40:591,Bw6,1,IPD_API,2026-02-19 18:48:42.089785
B*40:592,Bw6,1,IPD_API,2026-02-19 18:48:42.089785
B*40:593,Bw6,1,IPD_API,2026-02-19 18:48:42.089785
B*40:595,Bw6,1,IPD_API,2026-02-19 18:48:42.089785
B*40:596,Bw6,2,IPD_API,2026-02-19 18:48:42.089785
B*40:597,Bw6,1,IPD_API,2026-02-19 18:48:42.089785
B*40:598,Bw6,1,IPD_API,2026-02-19 18:48:42.089785
B*40:599,Bw6,1,IPD_API,2026-02-19 18:48:42.089785
B*40:60,Bw6,1,IPD_API,2026-02-19 18:48:42.089785
B*40:600,Bw6,1,IPD_API,2026-02-19 18:48:42.089785
B*40:601,Bw6,1,IPD_API,2026-02-19 18:48:42.089785
B*40:602,Bw6,1,IPD_API,2026-02-19 18:48:42.089785
B*40:603,Bw6,1,IPD_API,2026-02-19 18:48:42.089785
B*40:604,Bw6,1,IPD_API,2026-02-19 18:48:42.089785
B*40:605,Bw6,1,IPD_API,2026-02-19 18:48:42.089785
B*40:607,Bw6,1,IPD_API,2026-02-19 18:48:42.089785
B*40:608,Bw6,1,IPD_API,2026-02-19 18:48:42.089785
B*40:609,Bw6,1,IPD_API,2026-02-19 18:48:42.089785
B*40:61,Bw6,1,IPD_API,2026-02-19 18:48:42.089785
B*40:612,Bw6,1,IPD_API,2026-02-19 18:48:42.089785
B*40:613,Bw6,1,IPD_API,2026-02-19 18:48:42.089785
B*40:614,Bw6,1,IPD_API,2026-02-19 18:48:42.089785
B*40:615,Bw6,1,IPD_API,2026-02-19 18:48:42.089785
B*40:616,Bw6,1,IPD_API,2026-02-19 18:48:42.089785
B*40:617,Bw6,1,IPD_API,2026-02-19 18:48:42.089785
B*40:618,Bw6,1,IPD_API,2026-02-19 18:48:42.089785
B*40:619,Bw6,1,IPD_API,2026-02-19 18:48:42.089785
B*40:62,Bw6,1,IPD_API,2026-02-19 18:48:42.089785
B*40:620,Bw6,1,IPD_API,2026-02-19 18:48:42.089785
B*40:621,Bw6,1,IPD_API,2026-02-19 18:48:42.089785
B*40:622,Bw6,1,IPD_API,2026-02-19 18:48:42.089785
B*40:623,Bw6,1,IPD_API,2026-02-19 18:48:42.089785
B*40:624,Bw6,1,IPD_API,2026-02-19 18:48:42.089785
B*40:625,Bw6,1,IPD_API,2026-02-19 18:48:42.089785
B*40:626,Bw6,1,IPD_API,2026-02-19 18:48:42.089785
B*40:63,Bw6,1,IPD_API,2026-02-19 18:48:42.089785
B*40:64,Bw6,3,IPD_API,2026-02-19 18:48:42.089785
B*40:65,Bw6,1,IPD_API,2026-02-19 18:48:42.089785
B*40:66,Bw6,1,IPD_API,2026-02-19 18:48:42.089785
B*40:67,Bw6,1,IPD_API,2026-02-19 18:48:42.089785
B*40:68,Bw6,1,IPD_API,2026-02-19 18:48:42.089785
B*40:69,Bw6,1,IPD_API,2026-02-19 18:48:42.089785
B*40:70,Bw6,2,IPD_API,2026-02-19 18:48:42.089785
B*40:71,Bw6,1,IPD_API,2026-02-19 18:48:42.089785
B*40:72,Bw6,3,IPD_API,2026-02-19 18:48:42.089785
B*40:73,Bw6,1,IPD_API,2026-02-19 18:48:42.089785
B*40:74,Bw6,1,IPD_API,2026-02-19 18:48:42.089785
B*40:75,Bw6,1,IPD_API,2026-02-19 18:48:42.089785
B*40:77,Bw6,1,IPD_API,2026-02-19 18:48:42.089785
B*40:78,Bw6,1,IPD_API,2026-02-19 18:48:42.089785
B*40:79,Bw6,1,IPD_API,2026-02-19 18:48:42.089785
B*40:80,Bw6,1,IPD_API,2026-02-19 18:48:42.089785
B*40:81,Bw6,1,IPD_API,2026-02-19 18:48:42.089785
B*40:82,Bw6,1,IPD_API,2026-02-19 18:48:42.089785
B*40:83,Bw6,1,IPD_API,2026-02-19 18:48:42.089785
B*40:84,Bw6,1,IPD_API,2026-02-19 18:48:42.089785
B*40:85,Bw6,1,IPD_API,2026-02-19 18:48:42.089785
B*40:86,Bw6,1,IPD_API,2026-02-19 18:48:42.089785
B*40:87,Bw6,2,IPD_API,2026-02-19 18:48:42.089785
B*40:88,Bw6,1,IPD_API,2026-02-19 18:48:42.089785
B*40:89,Bw6,1,IPD_API,2026-02-19 18:48:42.089785
B*40:90,Bw6,1,IPD_API,2026-02-19 18:48:42.089785
B*40:91,Bw6,1,IPD_API,2026-02-19 18:48:42.089785
B*40:92,Bw6,1,IPD_API,2026-02-19 18:48:42.089785
B*40:93,Bw6,1,IPD_API,2026-02-19 18:48:42.089785
B*40:94,Bw6,1,IPD_API,2026-02-19 18:48:42.089785
B*40:95,Bw6,1,IPD_API,2026-02-19 18:48:42.089785
B*40:96,Bw4 - 80T,1,IPD_API,2026-02-19 18:48:42.089785
B*40:97,Bw6,1,IPD_API,2026-02-19 18:48:42.089785
B*40:98,Bw6,1,IPD_API,2026-02-19 18:48:42.089785
B*40:99,Bw6,1,IPD_API,2026-02-19 18:48:42.089785
B*41:01,Bw6,18,IPD_API,2026-02-19 18:48:42.089785
B*41:02,Bw6,24,IPD_API,2026-02-19 18:48:42.089785
B*41:03,Bw6,2,IPD_API,2026-02-19 18:48:42.089785
B*41:04,Bw6,1,IPD_API,2026-02-19 18:48:42.089785
B*41:06,Bw6,1,IPD_API,2026-02-19 18:48:42.089785
B*41:07,Bw6,1,IPD_API,2026-02-19 18:48:42.089785
B*41:08,Bw6,1,IPD_API,2026-02-19 18:48:42.089785
B*41:09,Bw6,1,IPD_API,2026-02-19 18:48:42.089785
B*41:10,Bw6,1,IPD_API,2026-02-19 18:48:42.089785
B*41:11,Bw6,1,IPD_API,2026-02-19 18:48:42.089785
B*41:12,Bw6,1,IPD_API,2026-02-19 18:48:42.089785
B*41:13,Bw6,1,IPD_API,2026-02-19 18:48:42.089785
B*41:14,Bw6,1,IPD_API,2026-02-19 18:48:42.089785
B*41:15,Bw6,1,IPD_API,2026-02-19 18:48:42.089785
B*41:16,Bw6,1,IPD_API,2026-02-19 18:48:42.089785
B*41:17,Bw6,1,IPD_API,2026-02-19 18:48:42.089785
B*41:18,Bw6,1,IPD_API,2026-02-19 18:48:42.089785
B*41:19,Bw6,1,IPD_API,2026-02-19 18:48:42.089785
B*41:20,Bw6,1,IPD_API,2026-02-19 18:48:42.089785
B*41:21,Bw6,1,IPD_API,2026-02-19 18:48:42.089785
B*41:22,Bw6,1,IPD_API,2026-02-19 18:48:42.089785
B*41:23,Bw6,1,IPD_API,2026-02-19 18:48:42.089785
B*41:24,Bw6,1,IPD_API,2026-02-19 18:48:42.089785
B*41:25,Bw6,1,IPD_API,2026-02-19 18:48:42.089785
B*41:26,Bw6,1,IPD_API,2026-02-19 18:48:42.089785
B*41:27,Bw6,1,IPD_API,2026-02-19 18:48:42.089785
B*41:28,Bw6,1,IPD_API,2026-02-19 18:48:42.089785
B*41:29,Bw6,1,IPD_API,2026-02-19 18:48:42.089785
B*41:30,Bw6,1,IPD_API,2026-02-19 18:48:42.089785
B*41:31,Bw6,1,IPD_API,2026-02-19 18:48:42.089785
B*41:32,Bw6,1,IPD_API,2026-02-19 18:48:42.089785
B*41:33,Bw6,1,IPD_API,2026-02-19 18:48:42.089785
B*41:34,Bw6,1,IPD_API,2026-02-19 18:48:42.089785
B*41:35,Bw6,1,IPD_API,2026-02-19 18:48:42.089785
B*41:36,Bw6,1,IPD_API,2026-02-19 18:48:42.089785
B*41:37,Bw6,1,IPD_API,2026-02-19 18:48:42.089785
B*41:38,Bw6,1,IPD_API,2026-02-19 18:48:42.089785
B*41:39,Bw6,1,IPD_API,2026-02-19 18:48:42.089785
B*41:40,Bw6,1,IPD_API,2026-02-19 18:48:42.089785
B*41:41,Bw6,1,IPD_API,2026-02-19 18:48:42.089785
B*41:42,Bw6,1,IPD_API,2026-02-19 18:48:42.089785
B*41:43,Bw6,1,IPD_API,2026-02-19 18:48:42.089785
B*41:44,Bw6,1,IPD_API,2026-02-19 18:48:42.089785
B*41:46,Bw4 - 80I,1,IPD_API,2026-02-19 18:48:42.089785
B*41:47,Bw6,1,IPD_API,2026-02-19 18:48:42.089785
B*41:48,Bw6,1,IPD_API,2026-02-19 18:48:42.089785
B*41:49,Bw6,1,IPD_API,2026-02-19 18:48:42.089785
B*41:50,Bw6,1,IPD_API,2026-02-19 18:48:42.089785
B*41:51,Bw6,1,IPD_API,2026-02-19 18:48:42.089785
B*41:52,Bw6,1,IPD_API,2026-02-19 18:48:42.089785
B*41:53,Bw6,1,IPD_API,2026-02-19 18:48:42.089785
B*41:54,Bw6,1,IPD_API,2026-02-19 18:48:42.089785
B*41:55,Bw6,1,IPD_API,2026-02-19 18:48:42.089785
B*41:56,Bw6,1,IPD_API,2026-02-19 18:48:42.089785
B*41:57,Bw6,1,IPD_API,2026-02-19 18:48:42.089785
B*41:58,Bw6,1,IPD_API,2026-02-19 18:48:42.089785
B*41:59,Bw6,1,IPD_API,2026-02-19 18:48:42.089785
B*41:60,Bw4 - 80I,1,IPD_API,2026-02-19 18:48:42.089785
B*41:61,Bw6,1,IPD_API,2026-02-19 18:48:42.089785
B*41:62,Bw6,1,IPD_API,2026-02-19 18:48:42.089785
B*41:63,Bw6,1,IPD_API,2026-02-19 18:48:42.089785
B*41:64,Bw6,1,IPD_API,2026-02-19 18:48:42.089785
B*41:65,Bw6,1,IPD_API,2026-02-19 18:48:42.089785
B*41:66,Bw6,1,IPD_API,2026-02-19 18:48:42.089785
B*41:67,Bw6,1,IPD_API,2026-02-19 18:48:42.089785
B*41:68,Bw6,1,IPD_API,2026-02-19 18:48:42.089785
B*41:69,Bw6,1,IPD_API,2026-02-19 18:48:42.089785
B*41:70,Bw6,1,IPD_API,2026-02-19 18:48:42.089785
B*41:71,Bw6,1,IPD_API,2026-02-19 18:48:42.089785
B*41:72,Bw6,1,IPD_API,2026-02-19 18:48:42.089785
B*41:73,Bw6,1,IPD_API,2026-02-19 18:48:42.089785
B*41:74,Bw6,1,IPD_API,2026-02-19 18:48:42.089785
B*41:75,Bw6,1,IPD_API,2026-02-19 18:48:42.089785
B*41:76,Bw6,1,IPD_API,2026-02-19 18:48:42.089785
B*41:77,Bw6,1,IPD_API,2026-02-19 18:48:42.089785
B*41:78,Bw6,1,IPD_API,2026-02-19 18:48:42.089785
B*41:79,Bw6,1,IPD_API,2026-02-19 18:48:42.089785
B*41:80,Bw6,1,IPD_API,2026-02-19 18:48:42.089785
B*41:81,Bw6,1,IPD_API,2026-02-19 18:48:42.089785
B*41:82,Bw6,1,IPD_API,2026-02-19 18:48:42.089785
B*41:83,Bw6,1,IPD_API,2026-02-19 18:48:42.089785
B*41:84,Bw6,1,IPD_API,2026-02-19 18:48:42.089785
B*41:85,Bw6,1,IPD_API,2026-02-19 18:48:42.089785
B*41:86,Bw6,1,IPD_API,2026-02-19 18:48:42.089785
B*41:87,Bw6,1,IPD_API,2026-02-19 18:48:42.089785
B*41:88,Bw6,1,IPD_API,2026-02-19 18:48:42.089785
B*41:89,Bw6,1,IPD_API,2026-02-19 18:48:42.089785
B*41:90,Bw6,1,IPD_API,2026-02-19 18:48:42.089785
B*41:91,Bw6,1,IPD_API,2026-02-19 18:48:42.089785
B*41:92,Bw6,1,IPD_API,2026-02-19 18:48:42.089785
B*41:93,Bw6,1,IPD_API,2026-02-19 18:48:42.089785
B*41:94,Bw6,1,IPD_API,2026-02-19 18:48:42.089785
B*41:95,Bw6,1,IPD_API,2026-02-19 18:48:42.089785
B*41:96,Bw6,1,IPD_API,2026-02-19 18:48:42.089785
B*41:97,Bw6,1,IPD_API,2026-02-19 18:48:42.089785
B*42:01,Bw6,12,IPD_API,2026-02-19 18:48:42.089785
B*42:02,Bw6,4,IPD_API,2026-02-19 18:48:42.089785
B*42:04,Bw6,1,IPD_API,2026-02-19 18:48:42.089785
B*42:05,Bw6,2,IPD_API,2026-02-19 18:48:42.089785
B*42:06,Bw6,1,IPD_API,2026-02-19 18:48:42.089785
B*42:07,Bw6,1,IPD_API,2026-02-19 18:48:42.089785
B*42:08,Bw6,1,IPD_API,2026-02-19 18:48:42.089785
B*42:09,Bw6,1,IPD_API,2026-02-19 18:48:42.089785
B*42:10,Bw6,1,IPD_API,2026-02-19 18:48:42.089785
B*42:11,Bw6,1,IPD_API,2026-02-19 18:48:42.089785
B*42:12,Bw6,1,IPD_API,2026-02-19 18:48:42.089785
B*42:13,Bw6,1,IPD_API,2026-02-19 18:48:42.089785
B*42:14,Bw6,1,IPD_API,2026-02-19 18:48:42.089785
B*42:16,Bw6,2,IPD_API,2026-02-19 18:48:42.089785
B*42:17,Bw6,1,IPD_API,2026-02-19 18:48:42.089785
B*42:18,Bw6,1,IPD_API,2026-02-19 18:48:42.089785
B*42:19,Bw6,1,IPD_API,2026-02-19 18:48:42.089785
B*42:20,Bw6,1,IPD_API,2026-02-19 18:48:42.089785
B*42:21,Bw6,1,IPD_API,2026-02-19 18:48:42.089785
B*42:23,Bw6,1,IPD_API,2026-02-19 18:48:42.089785
B*42:24,Bw6,1,IPD_API,2026-02-19 18:48:42.089785
B*42:25,Bw6,1,IPD_API,2026-02-19 18:48:42.089785
B*42:26,Bw6,1,IPD_API,2026-02-19 18:48:42.089785
B*42:27,Bw6,1,IPD_API,2026-02-19 18:48:42.089785
B*42:28,Bw6,1,IPD_API,2026-02-19 18:48:42.089785
B*42:29,Bw6,1,IPD_API,2026-02-19 18:48:42.089785
B*42:30,Bw6,1,IPD_API,2026-02-19 18:48:42.089785
B*42:31,Bw6,1,IPD_API,2026-02-19 18:48:42.089785
B*42:32,Bw6,1,IPD_API,2026-02-19 18:48:42.089785
B*42:33,Bw6,1,IPD_API,2026-02-19 18:48:42.089785
B*42:34,Bw6,1,IPD_API,2026-02-19 18:48:42.089785
B*42:35,Bw6,1,IPD_API,2026-02-19 18:48:42.089785
B*42:36,Bw6,1,IPD_API,2026-02-19 18:48:42.089785
B*42:37,Bw6,1,IPD_API,2026-02-19 18:48:42.089785
B*42:38,Bw6,1,IPD_API,2026-02-19 18:48:42.089785
B*42:39,Bw6,1,IPD_API,2026-02-19 18:48:42.089785
B*42:40,Bw6,1,IPD_API,2026-02-19 18:48:42.089785
B*44:02,Bw4 - 80T,190,IPD_API,2026-02-19 18:48:42.089785
B*44:03,Bw4 - 80T,163,IPD_API,2026-02-19 18:48:42.089785
B*44:04,Bw4 - 80T,1,IPD_API,2026-02-19 18:48:42.089785
B*44:05,Bw4 - 80T,9,IPD_API,2026-02-19 18:48:42.089785
B*44:06,Bw4 - 80I,1,IPD_API,2026-02-19 18:48:42.089785
B*44:07,Bw4 - 80T,1,IPD_API,2026-02-19 18:48:42.089785
B*44:08,Bw4 - 80T,1,IPD_API,2026-02-19 18:48:42.089785
B*44:09,Bw6,1,IPD_API,2026-02-19 18:48:42.089785
B*44:10,Bw4 - 80T,1,IPD_API,2026-02-19 18:48:42.089785
B*44:100,Bw4 - 80T,1,IPD_API,2026-02-19 18:48:42.089785
B*44:101,Bw4 - 80T,1,IPD_API,2026-02-19 18:48:42.089785
B*44:102,Bw4 - 80T,1,IPD_API,2026-02-19 18:48:42.089785
B*44:103,Bw4 - 80T,1,IPD_API,2026-02-19 18:48:42.089785
B*44:104,Bw4 - 80T,1,IPD_API,2026-02-19 18:48:42.089785
B*44:105,Bw4 - 80T,1,IPD_API,2026-02-19 18:48:42.089785
B*44:106,Bw4 - 80T,1,IPD_API,2026-02-19 18:48:42.089785
B*44:107,Bw4 - 80T,1,IPD_API,2026-02-19 18:48:42.089785
B*44:109,Bw4 - 80T,1,IPD_API,2026-02-19 18:48:42.089785
B*44:11,Bw4 - 80T,1,IPD_API,2026-02-19 18:48:42.089785
B*44:110,Bw4 - 80T,1,IPD_API,2026-02-19 18:48:42.089785
B*44:111,Bw4 - 80T,1,IPD_API,2026-02-19 18:48:42.089785
B*44:112,Bw4 - 80T,1,IPD_API,2026-02-19 18:48:42.089785
B*44:113,Bw4 - 80T,1,IPD_API,2026-02-19 18:48:42.089785
B*44:114,Bw4 - 80T,1,IPD_API,2026-02-19 18:48:42.089785
B*44:115,Bw4 - 80T,1,IPD_API,2026-02-19 18:48:42.089785
B*44:116,Bw4 - 80T,1,IPD_API,2026-02-19 18:48:42.089785
B*44:117,Bw4 - 80T,1,IPD_API,2026-02-19 18:48:42.089785
B*44:118,Bw4 - 80T,1,IPD_API,2026-02-19 18:48:42.089785
B*44:119,Bw4 - 80T,1,IPD_API,2026-02-19 18:48:42.089785
B*44:12,Bw4 - 80T,1,IPD_API,2026-02-19 18:48:42.089785
B*44:120,Bw4 - 80T,1,IPD_API,2026-02-19 18:48:42.089785
B*44:121,Bw4 - 80T,1,IPD_API,2026-02-19 18:48:42.089785
B*44:122,Bw4 - 80T,1,IPD_API,2026-02-19 18:48:42.089785
B*44:123,Bw4 - 80T,1,IPD_API,2026-02-19 18:48:42.089785
B*44:124,Bw4 - 80T,1,IPD_API,2026-02-19 18:48:42.089785
B*44:125,Bw4 - 80T,1,IPD_API,2026-02-19 18:48:42.089785
B*44:126,Bw4 - 80T,2,IPD_API,2026-02-19 18:48:42.089785
B*44:127,Bw4 - 80T,1,IPD_API,2026-02-19 18:48:42.089785
B*44:128,Bw4 - 80T,2,IPD_API,2026-02-19 18:48:42.089785
B*44:129,Bw6,1,IPD_API,2026-02-19 18:48:42.089785
B*44:13,Bw4 - 80T,1,IPD_API,2026-02-19 18:48:42.089785
B*44:130,Bw4 - 80T,1,IPD_API,2026-02-19 18:48:42.089785
B*44:131,Bw6,1,IPD_API,2026-02-19 18:48:42.089785
B*44:132,Bw4 - 80T,1,IPD_API,2026-02-19 18:48:42.089785
B*44:133,Bw4 - 80T,1,IPD_API,2026-02-19 18:48:42.089785
B*44:134,Bw4 - 80T,1,IPD_API,2026-02-19 18:48:42.089785
B*44:135,Bw4 - 80T,1,IPD_API,2026-02-19 18:48:42.089785
B*44:136,Bw4 - 80T,1,IPD_API,2026-02-19 18:48:42.089785
B*44:137,Bw4 - 80T,1,IPD_API,2026-02-19 18:48:42.089785
B*44:138,Bw4 - 80T,1,IPD_API,2026-02-19 18:48:42.089785
B*44:139,Bw4 - 80T,1,IPD_API,2026-02-19 18:48:42.089785
B*44:14,Bw4 - 80T,1,IPD_API,2026-02-19 18:48:42.089785
B*44:140,Bw4 - 80T,1,IPD_API,2026-02-19 18:48:42.089785
B*44:141,Bw4 - 80T,1,IPD_API,2026-02-19 18:48:42.089785
B*44:142,Bw4 - 80T,1,IPD_API,2026-02-19 18:48:42.089785
B*44:143,Bw4 - 80T,1,IPD_API,2026-02-19 18:48:42.089785
B*44:144,Bw4 - 80T,1,IPD_API,2026-02-19 18:48:42.089785
B*44:145,Bw4 - 80T,1,IPD_API,2026-02-19 18:48:42.089785
B*44:146,Bw4 - 80T,1,IPD_API,2026-02-19 18:48:42.089785
B*44:147,Bw4 - 80T,1,IPD_API,2026-02-19 18:48:42.089785
B*44:148,Bw4 - 80T,1,IPD_API,2026-02-19 18:48:42.089785
B*44:15,Bw4 - 80T,2,IPD_API,2026-02-19 18:48:42.089785
B*44:150,Bw4 - 80T,1,IPD_API,2026-02-19 18:48:42.089785
B*44:151,Bw4 - 80T,1,IPD_API,2026-02-19 18:48:42.089785
B*44:152,Bw4 - 80T,1,IPD_API,2026-02-19 18:48:42.089785
B*44:153,Bw4 - 80T,1,IPD_API,2026-02-19 18:48:42.089785
B*44:154,Bw4 - 80T,1,IPD_API,2026-02-19 18:48:42.089785
B*44:155,Bw4 - 80T,1,IPD_API,2026-02-19 18:48:42.089785
B*44:156,Bw4 - 80T,1,IPD_API,2026-02-19 18:48:42.089785
B*44:157,Bw4 - 80T,1,IPD_API,2026-02-19 18:48:42.089785
B*44:158,Bw4 - 80T,1,IPD_API,2026-02-19 18:48:42.089785
B*44:159,Bw4 - 80T,1,IPD_API,2026-02-19 18:48:42.089785
B*44:16,Bw4 - 80T,1,IPD_API,2026-02-19 18:48:42.089785
B*44:160,Bw4 - 80T,1,IPD_API,2026-02-19 18:48:42.089785
B*44:161,Bw4 - 80T,1,IPD_API,2026-02-19 18:48:42.089785
B*44:162,Bw4 - 80T,1,IPD_API,2026-02-19 18:48:42.089785
B*44:163,Bw4 - 80T,2,IPD_API,2026-02-19 18:48:42.089785
B*44:164,Bw4 - 80T,1,IPD_API,2026-02-19 18:48:42.089785
B*44:165,Bw4 - 80T,1,IPD_API,2026-02-19 18:48:42.089785
B*44:166,Bw4 - 80T,1,IPD_API,2026-02-19 18:48:42.089785
B*44:167,Bw4 - 80T,1,IPD_API,2026-02-19 18:48:42.089785
B*44:168,Bw4 - 80T,1,IPD_API,2026-02-19 18:48:42.089785
B*44:169,Bw4 - 80T,1,IPD_API,2026-02-19 18:48:42.089785
B*44:17,Bw4 - 80T,2,IPD_API,2026-02-19 18:48:42.089785
B*44:172,Bw4 - 80T,1,IPD_API,2026-02-19 18:48:42.089785
B*44:173,Bw4 - 80T,1,IPD_API,2026-02-19 18:48:42.089785
B*44:174,Bw4 - 80T,1,IPD_API,2026-02-19 18:48:42.089785
B*44:175,Bw4 - 80T,1,IPD_API,2026-02-19 18:48:42.089785
B*44:176,Bw4 - 80T,1,IPD_API,2026-02-19 18:48:42.089785
B*44:177,Bw4 - 80T,1,IPD_API,2026-02-19 18:48:42.089785
B*44:178,Bw4 - 80T,1,IPD_API,2026-02-19 18:48:42.089785
B*44:179,Bw4 - 80T,1,IPD_API,2026-02-19 18:48:42.089785
B*44:18,Bw4 - 80I,2,IPD_API,2026-02-19 18:48:42.089785
B*44:180,Bw4 - 80T,1,IPD_API,2026-02-19 18:48:42.089785
B*44:181,Bw4 - 80T,1,IPD_API,2026-02-19 18:48:42.089785
B*44:182,Bw4 - 80T,1,IPD_API,2026-02-19 18:48:42.089785
B*44:183,Bw4 - 80T,1,IPD_API,2026-02-19 18:48:42.089785
B*44:184,Bw4 - 80T,1,IPD_API,2026-02-19 18:48:42.089785
B*44:185,Bw4 - 80T,1,IPD_API,2026-02-19 18:48:42.089785
B*44:186,Bw4 - 80T,2,IPD_API,2026-02-19 18:48:42.089785
B*44:187,Bw4 - 80T,1,IPD_API,2026-02-19 18:48:42.089785
B*44:188,Bw4 - 80T,1,IPD_API,2026-02-19 18:48:42.089785
B*44:189,Bw4 - 80T,1,IPD_API,2026-02-19 18:48:42.089785
B*44:190,Bw4 - 80T,1,IPD_API,2026-02-19 18:48:42.089785
B*44:191,Bw4 - 80T,1,IPD_API,2026-02-19 18:48:42.089785
B*44:192,Bw4 - 80T,4,IPD_API,2026-02-19 18:48:42.089785
B*44:193,Bw4 - 80T,1,IPD_API,2026-02-19 18:48:42.089785
B*44:194,Bw4 - 80T,2,IPD_API,2026-02-19 18:48:42.089785
B*44:196,Bw4 - 80T,1,IPD_API,2026-02-19 18:48:42.089785
B*44:197,Bw4 - 80T,1,IPD_API,2026-02-19 18:48:42.089785
B*44:199,Bw4 - 80T,1,IPD_API,2026-02-19 18:48:42.089785
B*44:20,Bw4 - 80T,1,IPD_API,2026-02-19 18:48:42.089785
B*44:200,Bw4 - 80T,1,IPD_API,2026-02-19 18:48:42.089785
B*44:201,Bw4 - 80T,1,IPD_API,2026-02-19 18:48:42.089785
B*44:202,Bw4 - 80T,1,IPD_API,2026-02-19 18:48:42.089785
B*44:203,Bw4 - 80T,2,IPD_API,2026-02-19 18:48:42.089785
B*44:204,Bw4 - 80T,2,IPD_API,2026-02-19 18:48:42.089785
B*44:205,Bw4 - 80T,2,IPD_API,2026-02-19 18:48:42.089785
B*44:206,Bw4 - 80T,1,IPD_API,2026-02-19 18:48:42.089785
B*44:207,Bw4 - 80T,1,IPD_API,2026-02-19 18:48:42.089785
B*44:208,Bw4 - 80T,1,IPD_API,2026-02-19 18:48:42.089785
B*44:209,Bw4 - 80T,1,IPD_API,2026-02-19 18:48:42.089785
B*44:21,Bw4 - 80T,1,IPD_API,2026-02-19 18:48:42.089785
B*44:210,Bw4 - 80T,2,IPD_API,2026-02-19 18:48:42.089785
B*44:211,Bw4 - 80T,1,IPD_API,2026-02-19 18:48:42.089785
B*44:212,Bw4 - 80T,1,IPD_API,2026-02-19 18:48:42.089785
B*44:213,Bw4 - 80T,1,IPD_API,2026-02-19 18:48:42.089785
B*44:214,Bw4 - 80T,1,IPD_API,2026-02-19 18:48:42.089785
B*44:215,Bw4 - 80T,1,IPD_API,2026-02-19 18:48:42.089785
B*44:216,Bw4 - 80T,1,IPD_API,2026-02-19 18:48:42.089785
B*44:218,Bw4 - 80T,1,IPD_API,2026-02-19 18:48:42.089785
B*44:219,Bw4 - 80T,1,IPD_API,2026-02-19 18:48:42.089785
B*44:22,Bw4 - 80T,1,IPD_API,2026-02-19 18:48:42.089785
B*44:220,Bw4 - 80T,1,IPD_API,2026-02-19 18:48:42.089785
B*44:221,Bw4 - 80T,1,IPD_API,2026-02-19 18:48:42.089785
B*44:222,Bw4 - 80T,1,IPD_API,2026-02-19 18:48:42.089785
B*44:223,Bw4 - 80T,1,IPD_API,2026-02-19 18:48:42.089785
B*44:224,Bw4 - 80T,1,IPD_API,2026-02-19 18:48:42.089785
B*44:225,Bw4 - 80T,1,IPD_API,2026-02-19 18:48:42.089785
B*44:226,Bw4 - 80T,1,IPD_API,2026-02-19 18:48:42.089785
B*44:227,Bw4 - 80T,1,IPD_API,2026-02-19 18:48:42.089785
B*44:228,Bw4 - 80T,1,IPD_API,2026-02-19 18:48:42.089785
B*44:229,Bw4 - 80T,1,IPD_API,2026-02-19 18:48:42.089785
B*44:230,Bw4 - 80T,1,IPD_API,2026-02-19 18:48:42.089785
B*44:231,Bw4 - 80T,1,IPD_API,2026-02-19 18:48:42.089785
B*44:232,Bw4 - 80T,1,IPD_API,2026-02-19 18:48:42.089785
B*44:233,Bw4 - 80T,1,IPD_API,2026-02-19 18:48:42.089785
B*44:234,Bw4 - 80T,1,IPD_API,2026-02-19 18:48:42.089785
B*44:235,Bw4 - 80T,1,IPD_API,2026-02-19 18:48:42.089785
B*44:236,Bw4 - 80T,1,IPD_API,2026-02-19 18:48:42.089785
B*44:238,Bw4 - 80T,1,IPD_API,2026-02-19 18:48:42.089785
B*44:239,Bw4 - 80T,2,IPD_API,2026-02-19 18:48:42.089785
B*44:24,Bw4 - 80T,1,IPD_API,2026-02-19 18:48:42.089785
B*44:240,Bw4 - 80T,1,IPD_API,2026-02-19 18:48:42.089785
B*44:241,Bw4 - 80T,1,IPD_API,2026-02-19 18:48:42.089785
B*44:242,Bw4 - 80T,1,IPD_API,2026-02-19 18:48:42.089785
B*44:243,Bw4 - 80T,1,IPD_API,2026-02-19 18:48:42.089785
B*44:244,Bw4 - 80T,1,IPD_API,2026-02-19 18:48:42.089785
B*44:245,Bw4 - 80T,2,IPD_API,2026-02-19 18:48:42.089785
B*44:247,Bw4 - 80T,1,IPD_API,2026-02-19 18:48:42.089785
B*44:248,Bw4 - 80T,2,IPD_API,2026-02-19 18:48:42.089785
B*44:249,Bw4 - 80T,1,IPD_API,2026-02-19 18:48:42.089785
B*44:25,Bw4 - 80I,1,IPD_API,2026-02-19 18:48:42.089785
B*44:250,Bw4 - 80T,1,IPD_API,2026-02-19 18:48:42.089785
B*44:251,Bw4 - 80T,1,IPD_API,2026-02-19 18:48:42.089785
B*44:252,Bw4 - 80T,1,IPD_API,2026-02-19 18:48:42.089785
B*44:253,Bw4 - 80T,1,IPD_API,2026-02-19 18:48:42.089785
B*44:255,Bw4 - 80T,1,IPD_API,2026-02-19 18:48:42.089785
B*44:256,Bw4 - 80T,1,IPD_API,2026-02-19 18:48:42.089785
B*44:257,Bw4 - 80T,1,IPD_API,2026-02-19 18:48:42.089785
B*44:258,Bw4 - 80T,1,IPD_API,2026-02-19 18:48:42.089785
B*44:259,Bw4 - 80T,1,IPD_API,2026-02-19 18:48:42.089785
B*44:26,Bw4 - 80T,1,IPD_API,2026-02-19 18:48:42.089785
B*44:260,Bw4 - 80T,1,IPD_API,2026-02-19 18:48:42.089785
B*44:261,Bw4 - 80T,1,IPD_API,2026-02-19 18:48:42.089785
B*44:262,Bw4 - 80T,1,IPD_API,2026-02-19 18:48:42.089785
B*44:263,Bw4 - 80T,1,IPD_API,2026-02-19 18:48:42.089785
B*44:264,Bw4 - 80T,1,IPD_API,2026-02-19 18:48:42.089785
B*44:265,Bw4 - 80T,1,IPD_API,2026-02-19 18:48:42.089785
B*44:266,Bw4 - 80T,2,IPD_API,2026-02-19 18:48:42.089785
B*44:268,Bw4 - 80T,2,IPD_API,2026-02-19 18:48:42.089785
B*44:269,Bw4 - 80T,1,IPD_API,2026-02-19 18:48:42.089785
B*44:27,Bw4 - 80T,8,IPD_API,2026-02-19 18:48:42.089785
B*44:270,Bw4 - 80T,2,IPD_API,2026-02-19 18:48:42.089785
B*44:271,Bw4 - 80T,1,IPD_API,2026-02-19 18:48:42.089785
B*44:272,Bw4 - 80T,1,IPD_API,2026-02-19 18:48:42.089785
B*44:273,Bw4 - 80T,1,IPD_API,2026-02-19 18:48:42.089785
B*44:274,Bw4 - 80T,1,IPD_API,2026-02-19 18:48:42.089785
B*44:275,Bw4 - 80T,1,IPD_API,2026-02-19 18:48:42.089785
B*44:276,Bw4 - 80T,1,IPD_API,2026-02-19 18:48:42.089785
B*44:277,Bw6,1,IPD_API,2026-02-19 18:48:42.089785
B*44:278,Bw4 - 80T,1,IPD_API,2026-02-19 18:48:42.089785
B*44:279,Bw4 - 80T,1,IPD_API,2026-02-19 18:48:42.089785
B*44:28,Bw4 - 80T,2,IPD_API,2026-02-19 18:48:42.089785
B*44:280,Bw4 - 80T,1,IPD_API,2026-02-19 18:48:42.089785
B*44:281,Bw4 - 80T,2,IPD_API,2026-02-19 18:48:42.089785
B*44:282,Bw4 - 80T,1,IPD_API,2026-02-19 18:48:42.089785
B*44:283,Bw4 - 80T,1,IPD_API,2026-02-19 18:48:42.089785
B*44:284,Bw4 - 80T,1,IPD_API,2026-02-19 18:48:42.089785
B*44:285,Bw4 - 80T,1,IPD_API,2026-02-19 18:48:42.089785
B*44:286,Bw4 - 80T,1,IPD_API,2026-02-19 18:48:42.089785
B*44:287,Bw4 - 80T,1,IPD_API,2026-02-19 18:48:42.089785
B*44:288,Bw4 - 80T,1,IPD_API,2026-02-19 18:48:42.089785
B*44:289,Bw4 - 80T,1,IPD_API,2026-02-19 18:48:42.089785
B*44:29,Bw4 - 80T,1,IPD_API,2026-02-19 18:48:42.089785
B*44:290,Bw4 - 80T,1,IPD_API,2026-02-19 18:48:42.089785
B*44:291,Bw4 - 80T,1,IPD_API,2026-02-19 18:48:42.089785
B*44:292,Bw4 - 80T,1,IPD_API,2026-02-19 18:48:42.089785
B*44:293,Bw4 - 80T,1,IPD_API,2026-02-19 18:48:42.089785
B*44:294,Bw4 - 80T,1,IPD_API,2026-02-19 18:48:42.089785
B*44:295,Bw4 - 80T,2,IPD_API,2026-02-19 18:48:42.089785
B*44:296,Bw4 - 80T,1,IPD_API,2026-02-19 18:48:42.089785
B*44:297,Bw4 - 80T,1,IPD_API,2026-02-19 18:48:42.089785
B*44:298,Bw4 - 80T,1,IPD_API,2026-02-19 18:48:42.089785
B*44:299,Bw4 - 80T,1,IPD_API,2026-02-19 18:48:42.089785
B*44:30,Bw4 - 80T,1,IPD_API,2026-02-19 18:48:42.089785
B*44:300,Bw4 - 80T,1,IPD_API,2026-02-19 18:48:42.089785
B*44:301,Bw4 - 80T,1,IPD_API,2026-02-19 18:48:42.089785
B*44:302,Bw4 - 80T,2,IPD_API,2026-02-19 18:48:42.089785
B*44:304,Bw4 - 80T,1,IPD_API,2026-02-19 18:48:42.089785
B*44:305,Bw4 - 80T,1,IPD_API,2026-02-19 18:48:42.089785
B*44:307,Bw4 - 80T,1,IPD_API,2026-02-19 18:48:42.089785
B*44:308,Bw4 - 80T,1,IPD_API,2026-02-19 18:48:42.089785
B*44:31,Bw4 - 80T,1,IPD_API,2026-02-19 18:48:42.089785
B*44:311,Bw4 - 80T,1,IPD_API,2026-02-19 18:48:42.089785
B*44:312,Bw4 - 80T,1,IPD_API,2026-02-19 18:48:42.089785
B*44:313,Bw4 - 80T,1,IPD_API,2026-02-19 18:48:42.089785
B*44:315,Bw4 - 80T,1,IPD_API,2026-02-19 18:48:42.089785
B*44:316,Bw4 - 80T,1,IPD_API,2026-02-19 18:48:42.089785
B*44:317,Bw4 - 80T,1,IPD_API,2026-02-19 18:48:42.089785
B*44:318,Bw4 - 80T,1,IPD_API,2026-02-19 18:48:42.089785
B*44:319,Bw4 - 80T,1,IPD_API,2026-02-19 18:48:42.089785
B*44:32,Bw4 - 80T,1,IPD_API,2026-02-19 18:48:42.089785
B*44:320,Bw4 - 80T,1,IPD_API,2026-02-19 18:48:42.089785
B*44:321,Bw4 - 80T,1,IPD_API,2026-02-19 18:48:42.089785
B*44:322,Bw4 - 80T,1,IPD_API,2026-02-19 18:48:42.089785
B*44:323,Bw4 - 80T,1,IPD_API,2026-02-19 18:48:42.089785
B*44:324,Bw4 - 80T,2,IPD_API,2026-02-19 18:48:42.089785
B*44:325,Bw4 - 80T,1,IPD_API,2026-02-19 18:48:42.089785
B*44:326,Bw4 - 80T,1,IPD_API,2026-02-19 18:48:42.089785
B*44:327,Bw4 - 80T,1,IPD_API,2026-02-19 18:48:42.089785
B*44:329,Bw4 - 80T,1,IPD_API,2026-02-19 18:48:42.089785
B*44:33,Bw4 - 80T,1,IPD_API,2026-02-19 18:48:42.089785
B*44:330,Bw4 - 80T,1,IPD_API,2026-02-19 18:48:42.089785
B*44:331,Bw4 - 80T,1,IPD_API,2026-02-19 18:48:42.089785
B*44:332,Bw4 - 80T,1,IPD_API,2026-02-19 18:48:42.089785
B*44:335,Bw4 - 80T,1,IPD_API,2026-02-19 18:48:42.089785
B*44:336,Bw4 - 80T,1,IPD_API,2026-02-19 18:48:42.089785
B*44:337,Bw4 - 80T,1,IPD_API,2026-02-19 18:48:42.089785
B*44:338,Bw4 - 80T,1,IPD_API,2026-02-19 18:48:42.089785
B*44:339,Bw4 - 80T,1,IPD_API,2026-02-19 18:48:42.089785
B*44:34,Bw4 - 80T,2,IPD_API,2026-02-19 18:48:42.089785
B*44:340,Bw4 - 80T,1,IPD_API,2026-02-19 18:48:42.089785
B*44:342,Bw4 - 80T,1,IPD_API,2026-02-19 18:48:42.089785
B*44:343,Bw4 - 80T,1,IPD_API,2026-02-19 18:48:42.089785
B*44:344,Bw4 - 80T,1,IPD_API,2026-02-19 18:48:42.089785
B*44:346,Bw4 - 80T,1,IPD_API,2026-02-19 18:48:42.089785
B*44:347,Bw4 - 80T,1,IPD_API,2026-02-19 18:48:42.089785
B*44:348,Bw4 - 80T,1,IPD_API,2026-02-19 18:48:42.089785
B*44:349,Bw4 - 80T,1,IPD_API,2026-02-19 18:48:42.089785
B*44:35,Bw4 - 80T,1,IPD_API,2026-02-19 18:48:42.089785
B*44:350,Bw4 - 80T,1,IPD_API,2026-02-19 18:48:42.089785
B*44:351,Bw4 - 80T,1,IPD_API,2026-02-19 18:48:42.089785
B*44:352,Bw4 - 80T,1,IPD_API,2026-02-19 18:48:42.089785
B*44:353,Bw4 - 80T,1,IPD_API,2026-02-19 18:48:42.089785
B*44:356,Bw6,1,IPD_API,2026-02-19 18:48:42.089785
B*44:357,Bw4 - 80T,2,IPD_API,2026-02-19 18:48:42.089785
B*44:358,Bw4 - 80T,1,IPD_API,2026-02-19 18:48:42.089785
B*44:359,Bw4 - 80T,1,IPD_API,2026-02-19 18:48:42.089785
B*44:36,Bw4 - 80T,1,IPD_API,2026-02-19 18:48:42.089785
B*44:360,Bw4 - 80T,1,IPD_API,2026-02-19 18:48:42.089785
B*44:361,Bw4 - 80T,1,IPD_API,2026-02-19 18:48:42.089785
B*44:362,Bw4 - 80T,1,IPD_API,2026-02-19 18:48:42.089785
B*44:363,Bw4 - 80T,1,IPD_API,2026-02-19 18:48:42.089785
B*44:364,Bw6,1,IPD_API,2026-02-19 18:48:42.089785
B*44:365,Bw4 - 80T,1,IPD_API,2026-02-19 18:48:42.089785
B*44:367,Bw4 - 80T,1,IPD_API,2026-02-19 18:48:42.089785
B*44:368,Bw4 - 80T,1,IPD_API,2026-02-19 18:48:42.089785
B*44:369,Bw4 - 80T,1,IPD_API,2026-02-19 18:48:42.089785
B*44:37,Bw4 - 80T,3,IPD_API,2026-02-19 18:48:42.089785
B*44:371,Bw4 - 80T,1,IPD_API,2026-02-19 18:48:42.089785
B*44:372,Bw4 - 80T,1,IPD_API,2026-02-19 18:48:42.089785
B*44:373,Bw4 - 80T,1,IPD_API,2026-02-19 18:48:42.089785
B*44:374,Bw4 - 80T,1,IPD_API,2026-02-19 18:48:42.089785
B*44:375,Bw4 - 80T,1,IPD_API,2026-02-19 18:48:42.089785
B*44:376,Bw4 - 80T,1,IPD_API,2026-02-19 18:48:42.089785
B*44:378,Bw4 - 80T,1,IPD_API,2026-02-19 18:48:42.089785
B*44:379,Bw4 - 80T,1,IPD_API,2026-02-19 18:48:42.089785
B*44:38,Bw4 - 80T,1,IPD_API,2026-02-19 18:48:42.089785
B*44:380,Bw4 - 80T,1,IPD_API,2026-02-19 18:48:42.089785
B*44:381,Bw4 - 80T,2,IPD_API,2026-02-19 18:48:42.089785
B*44:382,Bw4 - 80T,1,IPD_API,2026-02-19 18:48:42.089785
B*44:383,Bw4 - 80T,1,IPD_API,2026-02-19 18:48:42.089785
B*44:384,Bw4 - 80T,1,IPD_API,2026-02-19 18:48:42.089785
B*44:385,Bw4 - 80T,1,IPD_API,2026-02-19 18:48:42.089785
B*44:386,Bw4 - 80T,1,IPD_API,2026-02-19 18:48:42.089785
B*44:387,Bw4 - 80T,1,IPD_API,2026-02-19 18:48:42.089785
B*44:388,Bw4 - 80T,1,IPD_API,2026-02-19 18:48:42.089785
B*44:389,Bw4 - 80T,1,IPD_API,2026-02-19 18:48:42.089785
B*44:39,Bw4 - 80T,1,IPD_API,2026-02-19 18:48:42.089785
B*44:390,Bw4 - 80T,1,IPD_API,2026-02-19 18:48:42.089785
B*44:391,Bw4 - 80T,1,IPD_API,2026-02-19 18:48:42.089785
B*44:392,Bw4 - 80T,1,IPD_API,2026-02-19 18:48:42.089785
B*44:393,Bw4 - 80T,1,IPD_API,2026-02-19 18:48:42.089785
B*44:394,Bw6,1,IPD_API,2026-02-19 18:48:42.089785
B*44:395,Bw4 - 80T,1,IPD_API,2026-02-19 18:48:42.089785
B*44:396,Bw4 - 80T,1,IPD_API,2026-02-19 18:48:42.089785
B*44:397,Bw4 - 80T,1,IPD_API,2026-02-19 18:48:42.089785
B*44:398,Bw4 - 80T,1,IPD_API,2026-02-19 18:48:42.089785
B*44:399,Bw4 - 80T,1,IPD_API,2026-02-19 18:48:42.089785
B*44:40,Bw4 - 80T,1,IPD_API,2026-02-19 18:48:42.089785
B*44:400,Bw4 - 80T,1,IPD_API,2026-02-19 18:48:42.089785
B*44:401,Bw4 - 80T,1,IPD_API,2026-02-19 18:48:42.089785
B*44:402,Bw4 - 80T,1,IPD_API,2026-02-19 18:48:42.089785
B*44:403,Bw4 - 80T,1,IPD_API,2026-02-19 18:48:42.089785
B*44:404,Bw4 - 80T,1,IPD_API,2026-02-19 18:48:42.089785
B*44:405,Bw4 - 80T,1,IPD_API,2026-02-19 18:48:42.089785
B*44:406,Bw4 - 80T,1,IPD_API,2026-02-19 18:48:42.089785
B*44:407,Bw4 - 80T,1,IPD_API,2026-02-19 18:48:42.089785
B*44:408,Bw4 - 80T,1,IPD_API,2026-02-19 18:48:42.089785
B*44:409,Bw4 - 80T,1,IPD_API,2026-02-19 18:48:42.089785
B*44:41,Bw4 - 80T,2,IPD_API,2026-02-19 18:48:42.089785
B*44:410,Bw4 - 80T,1,IPD_API,2026-02-19 18:48:42.089785
B*44:411,Bw4 - 80T,1,IPD_API,2026-02-19 18:48:42.089785
B*44:412,Bw4 - 80T,1,IPD_API,2026-02-19 18:48:42.089785
B*44:413,Bw4 - 80T,1,IPD_API,2026-02-19 18:48:42.089785
B*44:414,Bw4 - 80T,1,IPD_API,2026-02-19 18:48:42.089785
B*44:415,Bw4 - 80T,1,IPD_API,2026-02-19 18:48:42.089785
B*44:416,Bw4 - 80T,1,IPD_API,2026-02-19 18:48:42.089785
B*44:417,Bw4 - 80T,1,IPD_API,2026-02-19 18:48:42.089785
B*44:418,Bw4 - 80T,1,IPD_API,2026-02-19 18:48:42.089785
B*44:419,Bw4 - 80T,1,IPD_API,2026-02-19 18:48:42.089785
B*44:42,Bw4 - 80T,1,IPD_API,2026-02-19 18:48:42.089785
B*44:420,Bw4 - 80T,1,IPD_API,2026-02-19 18:48:42.089785
B*44:421,Bw4 - 80T,1,IPD_API,2026-02-19 18:48:42.089785
B*44:422,Bw4 - 80T,1,IPD_API,2026-02-19 18:48:42.089785
B*44:423,Bw4 - 80T,1,IPD_API,2026-02-19 18:48:42.089785
B*44:424,Bw4 - 80T,1,IPD_API,2026-02-19 18:48:42.089785
B*44:425,Bw4 - 80T,1,IPD_API,2026-02-19 18:48:42.089785
B*44:426,Bw4 - 80T,1,IPD_API,2026-02-19 18:48:42.089785
B*44:427,Bw4 - 80T,1,IPD_API,2026-02-19 18:48:42.089785
B*44:428,Bw4 - 80T,1,IPD_API,2026-02-19 18:48:42.089785
B*44:43,Bw4 - 80T,2,IPD_API,2026-02-19 18:48:42.089785
B*44:430,Bw4 - 80T,1,IPD_API,2026-02-19 18:48:42.089785
B*44:431,Bw4 - 80T,1,IPD_API,2026-02-19 18:48:42.089785
B*44:432,Bw4 - 80T,1,IPD_API,2026-02-19 18:48:42.089785
B*44:433,Bw4 - 80T,1,IPD_API,2026-02-19 18:48:42.089785
B*44:434,Bw4 - 80T,1,IPD_API,2026-02-19 18:48:42.089785
B*44:435,Bw4 - 80T,1,IPD_API,2026-02-19 18:48:42.089785
B*44:436,Bw4 - 80T,1,IPD_API,2026-02-19 18:48:42.089785
B*44:437,Bw4 - 80T,1,IPD_API,2026-02-19 18:48:42.089785
B*44:439,Bw4 - 80T,1,IPD_API,2026-02-19 18:48:42.089785
B*44:44,Bw4 - 80T,1,IPD_API,2026-02-19 18:48:42.089785
B*44:440,Bw4 - 80T,1,IPD_API,2026-02-19 18:48:42.089785
B*44:441,Bw4 - 80T,1,IPD_API,2026-02-19 18:48:42.089785
B*44:442,Bw4 - 80T,1,IPD_API,2026-02-19 18:48:42.089785
B*44:443,Bw4 - 80T,1,IPD_API,2026-02-19 18:48:42.089785
B*44:444,Bw4 - 80T,2,IPD_API,2026-02-19 18:48:42.089785
B*44:445,Bw4 - 80T,1,IPD_API,2026-02-19 18:48:42.089785
B*44:446,Bw4 - 80T,1,IPD_API,2026-02-19 18:48:42.089785
B*44:447,Bw4 - 80T,1,IPD_API,2026-02-19 18:48:42.089785
B*44:45,Bw4 - 80T,1,IPD_API,2026-02-19 18:48:42.089785
B*44:450,Bw4 - 80T,1,IPD_API,2026-02-19 18:48:42.089785
B*44:451,Bw4 - 80T,1,IPD_API,2026-02-19 18:48:42.089785
B*44:452,Bw4 - 80T,2,IPD_API,2026-02-19 18:48:42.089785
B*44:453,Bw4 - 80T,1,IPD_API,2026-02-19 18:48:42.089785
B*44:454,Bw4 - 80T,1,IPD_API,2026-02-19 18:48:42.089785
B*44:456,Bw4 - 80T,1,IPD_API,2026-02-19 18:48:42.089785
B*44:457,Bw4 - 80T,1,IPD_API,2026-02-19 18:48:42.089785
B*44:458,Bw4 - 80T,1,IPD_API,2026-02-19 18:48:42.089785
B*44:459,Bw4 - 80T,1,IPD_API,2026-02-19 18:48:42.089785
B*44:46,Bw6,2,IPD_API,2026-02-19 18:48:42.089785
B*44:460,Bw4 - 80T,1,IPD_API,2026-02-19 18:48:42.089785
B*44:461,Bw4 - 80T,1,IPD_API,2026-02-19 18:48:42.089785
B*44:462,Bw4 - 80T,1,IPD_API,2026-02-19 18:48:42.089785
B*44:463,Bw4 - 80T,1,IPD_API,2026-02-19 18:48:42.089785
B*44:464,Bw4 - 80T,2,IPD_API,2026-02-19 18:48:42.089785
B*44:465,Bw4 - 80T,1,IPD_API,2026-02-19 18:48:42.089785
B*44:467,Bw4 - 80T,1,IPD_API,2026-02-19 18:48:42.089785
B*44:468,Bw4 - 80T,1,IPD_API,2026-02-19 18:48:42.089785
B*44:469,Bw4 - 80T,1,IPD_API,2026-02-19 18:48:42.089785
B*44:47,Bw4 - 80T,1,IPD_API,2026-02-19 18:48:42.089785
B*44:470,Bw4 - 80T,1,IPD_API,2026-02-19 18:48:42.089785
B*44:471,Bw4 - 80T,1,IPD_API,2026-02-19 18:48:42.089785
B*44:472,Bw4 - 80T,1,IPD_API,2026-02-19 18:48:42.089785
B*44:473,Bw4 - 80T,1,IPD_API,2026-02-19 18:48:42.089785
B*44:474,Bw4 - 80T,1,IPD_API,2026-02-19 18:48:42.089785
B*44:475,Bw4 - 80T,1,IPD_API,2026-02-19 18:48:42.089785
B*44:476,Bw4 - 80T,1,IPD_API,2026-02-19 18:48:42.089785
B*44:477,Bw4 - 80T,1,IPD_API,2026-02-19 18:48:42.089785
B*44:478,Bw4 - 80T,1,IPD_API,2026-02-19 18:48:42.089785
B*44:479,Bw4 - 80T,1,IPD_API,2026-02-19 18:48:42.089785
B*44:48,Bw4 - 80T,2,IPD_API,2026-02-19 18:48:42.089785
B*44:480,Bw4 - 80T,1,IPD_API,2026-02-19 18:48:42.089785
B*44:481,Bw4 - 80T,2,IPD_API,2026-02-19 18:48:42.089785
B*44:482,Bw4 - 80T,1,IPD_API,2026-02-19 18:48:42.089785
B*44:483,Bw4 - 80T,1,IPD_API,2026-02-19 18:48:42.089785
B*44:484,Bw4 - 80T,1,IPD_API,2026-02-19 18:48:42.089785
B*44:485,Bw4 - 80T,1,IPD_API,2026-02-19 18:48:42.089785
B*44:486,Bw4 - 80T,1,IPD_API,2026-02-19 18:48:42.089785
B*44:487,Bw4 - 80T,1,IPD_API,2026-02-19 18:48:42.089785
B*44:488,Bw4 - 80T,1,IPD_API,2026-02-19 18:48:42.089785
B*44:489,Bw4 - 80T,1,IPD_API,2026-02-19 18:48:42.089785
B*44:49,Bw4 - 80T,1,IPD_API,2026-02-19 18:48:42.089785
B*44:490,Bw4 - 80T,1,IPD_API,2026-02-19 18:48:42.089785
B*44:491,Bw4 - 80T,1,IPD_API,2026-02-19 18:48:42.089785
B*44:492,Bw4 - 80T,1,IPD_API,2026-02-19 18:48:42.089785
B*44:493,Bw4 - 80T,1,IPD_API,2026-02-19 18:48:42.089785
B*44:494,Bw4 - 80T,1,IPD_API,2026-02-19 18:48:42.089785
B*44:495,Bw4 - 80T,1,IPD_API,2026-02-19 18:48:42.089785
B*44:496,Bw4 - 80T,1,IPD_API,2026-02-19 18:48:42.089785
B*44:497,Bw4 - 80T,1,IPD_API,2026-02-19 18:48:42.089785
B*44:498,Bw4 - 80T,1,IPD_API,2026-02-19 18:48:42.089785
B*44:499,Bw4 - 80T,1,IPD_API,2026-02-19 18:48:42.089785
B*44:50,Bw4 - 80I,3,IPD_API,2026-02-19 18:48:42.089785
B*44:500,Bw4 - 80T,1,IPD_API,2026-02-19 18:48:42.089785
B*44:501,Bw4 - 80T,1,IPD_API,2026-02-19 18:48:42.089785
B*44:502,Bw4 - 80T,1,IPD_API,2026-02-19 18:48:42.089785
B*44:503,Bw4 - 80T,1,IPD_API,2026-02-19 18:48:42.089785
B*44:504,Bw4 - 80T,1,IPD_API,2026-02-19 18:48:42.089785
B*44:505,Bw4 - 80T,1,IPD_API,2026-02-19 18:48:42.089785
B*44:506,Bw4 - 80T,1,IPD_API,2026-02-19 18:48:42.089785
B*44:507,Bw4 - 80T,1,IPD_API,2026-02-19 18:48:42.089785
B*44:508,Bw4 - 80T,1,IPD_API,2026-02-19 18:48:42.089785
B*44:509,Bw4 - 80T,1,IPD_API,2026-02-19 18:48:42.089785
B*44:51,Bw4 - 80T,1,IPD_API,2026-02-19 18:48:42.089785
B*44:510,Bw4 - 80T,1,IPD_API,2026-02-19 18:48:42.089785
B*44:511,Bw4 - 80T,1,IPD_API,2026-02-19 18:48:42.089785
B*44:513,Bw4 - 80T,1,IPD_API,2026-02-19 18:48:42.089785
B*44:514,Bw4 - 80T,2,IPD_API,2026-02-19 18:48:42.089785
B*44:515,Bw4 - 80T,1,IPD_API,2026-02-19 18:48:42.089785
B*44:516,Bw4 - 80T,1,IPD_API,2026-02-19 18:48:42.089785
B*44:517,Bw4 - 80T,1,IPD_API,2026-02-19 18:48:42.089785
B*44:518,Bw4 - 80T,1,IPD_API,2026-02-19 18:48:42.089785
B*44:519,Bw4 - 80T,1,IPD_API,2026-02-19 18:48:42.089785
B*44:520,Bw4 - 80T,1,IPD_API,2026-02-19 18:48:42.089785
B*44:521,Bw4 - 80T,1,IPD_API,2026-02-19 18:48:42.089785
B*44:522,Bw4 - 80T,1,IPD_API,2026-02-19 18:48:42.089785
B*44:524,Bw4 - 80T,1,IPD_API,2026-02-19 18:48:42.089785
B*44:526,Bw4 - 80T,1,IPD_API,2026-02-19 18:48:42.089785
B*44:527,Bw4 - 80T,1,IPD_API,2026-02-19 18:48:42.089785
B*44:528,Bw4 - 80T,1,IPD_API,2026-02-19 18:48:42.089785
B*44:529,Bw4 - 80T,1,IPD_API,2026-02-19 18:48:42.089785
B*44:53,Bw4 - 80T,2,IPD_API,2026-02-19 18:48:42.089785
B*44:530,Bw4 - 80T,1,IPD_API,2026-02-19 18:48:42.089785
B*44:531,Bw4 - 80T,1,IPD_API,2026-02-19 18:48:42.089785
B*44:532,Bw4 - 80T,1,IPD_API,2026-02-19 18:48:42.089785
B*44:533,Bw4 - 80T,1,IPD_API,2026-02-19 18:48:42.089785
B*44:534,Bw4 - 80T,1,IPD_API,2026-02-19 18:48:42.089785
B*44:535,Bw4 - 80T,1,IPD_API,2026-02-19 18:48:42.089785
B*44:536,Bw4 - 80T,1,IPD_API,2026-02-19 18:48:42.089785
B*44:537,Bw4 - 80T,1,IPD_API,2026-02-19 18:48:42.089785
B*44:538,Bw4 - 80T,1,IPD_API,2026-02-19 18:48:42.089785
B*44:539,Bw4 - 80T,1,IPD_API,2026-02-19 18:48:42.089785
B*44:54,Bw4 - 80T,1,IPD_API,2026-02-19 18:48:42.089785
B*44:540,Bw4 - 80T,1,IPD_API,2026-02-19 18:48:42.089785
B*44:541,Bw4 - 80T,1,IPD_API,2026-02-19 18:48:42.089785
B*44:542,Bw4 - 80T,1,IPD_API,2026-02-19 18:48:42.089785
B*44:543,Bw4 - 80T,1,IPD_API,2026-02-19 18:48:42.089785
B*44:545,Bw4 - 80T,1,IPD_API,2026-02-19 18:48:42.089785
B*44:546,Bw4 - 80T,1,IPD_API,2026-02-19 18:48:42.089785
B*44:547,Bw4 - 80T,1,IPD_API,2026-02-19 18:48:42.089785
B*44:548,Bw4 - 80T,1,IPD_API,2026-02-19 18:48:42.089785
B*44:549,Bw4 - 80T,1,IPD_API,2026-02-19 18:48:42.089785
B*44:55,Bw4 - 80T,1,IPD_API,2026-02-19 18:48:42.089785
B*44:550,Bw4 - 80T,1,IPD_API,2026-02-19 18:48:42.089785
B*44:551,Bw4 - 80T,1,IPD_API,2026-02-19 18:48:42.089785
B*44:552,Bw4 - 80T,1,IPD_API,2026-02-19 18:48:42.089785
B*44:553,Bw4 - 80T,1,IPD_API,2026-02-19 18:48:42.089785
B*44:554,Bw4 - 80T,1,IPD_API,2026-02-19 18:48:42.089785
B*44:556,Bw4 - 80T,1,IPD_API,2026-02-19 18:48:42.089785
B*44:557,Bw4 - 80T,1,IPD_API,2026-02-19 18:48:42.089785
B*44:558,Bw4 - 80T,1,IPD_API,2026-02-19 18:48:42.089785
B*44:559,Bw4 - 80T,1,IPD_API,2026-02-19 18:48:42.089785
B*44:57,Bw4 - 80T,1,IPD_API,2026-02-19 18:48:42.089785
B*44:59,Bw4 - 80T,2,IPD_API,2026-02-19 18:48:42.089785
B*44:60,Bw4 - 80T,1,IPD_API,2026-02-19 18:48:42.089785
B*44:62,Bw4 - 80T,1,IPD_API,2026-02-19 18:48:42.089785
B*44:63,Bw4 - 80T,1,IPD_API,2026-02-19 18:48:42.089785
B*44:64,Bw4 - 80T,2,IPD_API,2026-02-19 18:48:42.089785
B*44:65,Bw4 - 80T,1,IPD_API,2026-02-19 18:48:42.089785
B*44:66,Bw4 - 80T,1,IPD_API,2026-02-19 18:48:42.089785
B*44:67,Bw4 - 80T,1,IPD_API,2026-02-19 18:48:42.089785
B*44:68,Bw4 - 80T,1,IPD_API,2026-02-19 18:48:42.089785
B*44:69,Bw4 - 80T,2,IPD_API,2026-02-19 18:48:42.089785
B*44:70,Bw4 - 80T,1,IPD_API,2026-02-19 18:48:42.089785
B*44:71,Bw4 - 80T,1,IPD_API,2026-02-19 18:48:42.089785
B*44:72,Bw4 - 80T,1,IPD_API,2026-02-19 18:48:42.089785
B*44:73,Bw4 - 80T,1,IPD_API,2026-02-19 18:48:42.089785
B*44:74,Bw4 - 80T,1,IPD_API,2026-02-19 18:48:42.089785
B*44:76,Bw4 - 80T,1,IPD_API,2026-02-19 18:48:42.089785
B*44:77,Bw4 - 80T,1,IPD_API,2026-02-19 18:48:42.089785
B*44:78,Bw4 - 80T,1,IPD_API,2026-02-19 18:48:42.089785
B*44:79,Bw4 - 80T,2,IPD_API,2026-02-19 18:48:42.089785
B*44:80,Bw4 - 80T,1,IPD_API,2026-02-19 18:48:42.089785
B*44:81,Bw4 - 80T,1,IPD_API,2026-02-19 18:48:42.089785
B*44:82,Bw4 - 80T,1,IPD_API,2026-02-19 18:48:42.089785
B*44:83,Bw4 - 80T,1,IPD_API,2026-02-19 18:48:42.089785
B*44:84,Bw4 - 80T,2,IPD_API,2026-02-19 18:48:42.089785
B*44:85,Bw4 - 80T,2,IPD_API,2026-02-19 18:48:42.089785
B*44:86,Bw4 - 80T,1,IPD_API,2026-02-19 18:48:42.089785
B*44:87,Bw4 - 80T,1,IPD_API,2026-02-19 18:48:42.089785
B*44:88,Bw4 - 80T,1,IPD_API,2026-02-19 18:48:42.089785
B*44:89,Bw4 - 80T,1,IPD_API,2026-02-19 18:48:42.089785
B*44:90,Bw6,1,IPD_API,2026-02-19 18:48:42.089785
B*44:91,Bw4 - 80T,1,IPD_API,2026-02-19 18:48:42.089785
B*44:92,Bw4 - 80T,1,IPD_API,2026-02-19 18:48:42.089785
B*44:93,Bw4 - 80T,1,IPD_API,2026-02-19 18:48:42.089785
B*44:94,Bw4 - 80T,1,IPD_API,2026-02-19 18:48:42.089785
B*44:95,Bw4 - 80I,1,IPD_API,2026-02-19 18:48:42.089785
B*44:96,Bw4 - 80T,1,IPD_API,2026-02-19 18:48:42.089785
B*44:97,Bw4 - 80T,1,IPD_API,2026-02-19 18:48:42.089785
B*44:98,Bw4 - 80T,1,IPD_API,2026-02-19 18:48:42.089785
B*44:99,Bw4 - 80T,1,IPD_API,2026-02-19 18:48:42.089785
B*45:01,Bw6,27,IPD_API,2026-02-19 18:48:42.089785
B*45:02,Bw6,1,IPD_API,2026-02-19 18:48:42.089785
B*45:03,Bw6,1,IPD_API,2026-02-19 18:48:42.089785
B*45:04,Bw6,1,IPD_API,2026-02-19 18:48:42.089785
B*45:05,Bw6,1,IPD_API,2026-02-19 18:48:42.089785
B*45:06,Bw6,1,IPD_API,2026-02-19 18:48:42.089785
B*45:07,Bw6,2,IPD_API,2026-02-19 18:48:42.089785
B*45:08,Bw6,1,IPD_API,2026-02-19 18:48:42.089785
B*45:09,Bw6,1,IPD_API,2026-02-19 18:48:42.089785
B*45:10,Bw6,1,IPD_API,2026-02-19 18:48:42.089785
B*45:11,Bw6,1,IPD_API,2026-02-19 18:48:42.089785
B*45:12,Bw6,1,IPD_API,2026-02-19 18:48:42.089785
B*45:13,Bw6,1,IPD_API,2026-02-19 18:48:42.089785
B*45:14,Bw6,1,IPD_API,2026-02-19 18:48:42.089785
B*45:15,Bw6,1,IPD_API,2026-02-19 18:48:42.089785
B*45:16,Bw6,1,IPD_API,2026-02-19 18:48:42.089785
B*45:17,Bw6,1,IPD_API,2026-02-19 18:48:42.089785
B*45:18,Bw6,1,IPD_API,2026-02-19 18:48:42.089785
B*45:19,Bw6,1,IPD_API,2026-02-19 18:48:42.089785
B*45:20,Bw6,1,IPD_API,2026-02-19 18:48:42.089785
B*45:21,Bw6,1,IPD_API,2026-02-19 18:48:42.089785
B*45:22,Bw6,1,IPD_API,2026-02-19 18:48:42.089785
B*45:23,Bw6,1,IPD_API,2026-02-19 18:48:42.089785
B*45:24,Bw6,1,IPD_API,2026-02-19 18:48:42.089785
B*45:25,Bw6,1,IPD_API,2026-02-19 18:48:42.089785
B*45:27,Bw6,1,IPD_API,2026-02-19 18:48:42.089785
B*45:29,Bw6,1,IPD_API,2026-02-19 18:48:42.089785
B*45:30,Bw6,1,IPD_API,2026-02-19 18:48:42.089785
B*45:31,Bw6,1,IPD_API,2026-02-19 18:48:42.089785
B*45:32,Bw6,1,IPD_API,2026-02-19 18:48:42.089785
B*45:33,Bw6,1,IPD_API,2026-02-19 18:48:42.089785
B*45:34,Bw6,1,IPD_API,2026-02-19 18:48:42.089785
B*45:35,Bw6,1,IPD_API,2026-02-19 18:48:42.089785
B*45:36,Bw6,1,IPD_API,2026-02-19 18:48:42.089785
B*45:37,Bw6,1,IPD_API,2026-02-19 18:48:42.089785
B*45:38,Bw6,1,IPD_API,2026-02-19 18:48:42.089785
B*45:39,Bw6,1,IPD_API,2026-02-19 18:48:42.089785
B*46:01,Bw6,53,IPD_API,2026-02-19 18:48:42.089785
B*46:02,Bw6,1,IPD_API,2026-02-19 18:48:42.089785
B*46:03,Bw6,1,IPD_API,2026-02-19 18:48:42.089785
B*46:04,Bw6,1,IPD_API,2026-02-19 18:48:42.089785
B*46:05,Bw6,1,IPD_API,2026-02-19 18:48:42.089785
B*46:06,Bw6,1,IPD_API,2026-02-19 18:48:42.089785
B*46:08,Bw6,1,IPD_API,2026-02-19 18:48:42.089785
B*46:09,Bw6,1,IPD_API,2026-02-19 18:48:42.089785
B*46:10,Bw6,1,IPD_API,2026-02-19 18:48:42.089785
B*46:100,Bw6,1,IPD_API,2026-02-19 18:48:42.089785
B*46:101,Bw6,1,IPD_API,2026-02-19 18:48:42.089785
B*46:102,Bw6,1,IPD_API,2026-02-19 18:48:42.089785
B*46:103,Bw6,1,IPD_API,2026-02-19 18:48:42.089785
B*46:104,Bw6,1,IPD_API,2026-02-19 18:48:42.089785
B*46:105,Bw6,1,IPD_API,2026-02-19 18:48:42.089785
B*46:106,Bw6,1,IPD_API,2026-02-19 18:48:42.089785
B*46:107,Bw6,1,IPD_API,2026-02-19 18:48:42.089785
B*46:108,Bw6,1,IPD_API,2026-02-19 18:48:42.089785
B*46:11,Bw6,1,IPD_API,2026-02-19 18:48:42.089785
B*46:12,Bw6,1,IPD_API,2026-02-19 18:48:42.089785
B*46:13,Bw6,3,IPD_API,2026-02-19 18:48:42.089785
B*46:14,Bw6,1,IPD_API,2026-02-19 18:48:42.089785
B*46:16,Bw6,1,IPD_API,2026-02-19 18:48:42.089785
B*46:17,Bw6,1,IPD_API,2026-02-19 18:48:42.089785
B*46:18,Bw6,1,IPD_API,2026-02-19 18:48:42.089785
B*46:19,Bw6,1,IPD_API,2026-02-19 18:48:42.089785
B*46:20,Bw6,1,IPD_API,2026-02-19 18:48:42.089785
B*46:21,Bw6,2,IPD_API,2026-02-19 18:48:42.089785
B*46:22,Bw6,1,IPD_API,2026-02-19 18:48:42.089785
B*46:23,Bw6,1,IPD_API,2026-02-19 18:48:42.089785
B*46:24,Bw6,1,IPD_API,2026-02-19 18:48:42.089785
B*46:25,Bw6,1,IPD_API,2026-02-19 18:48:42.089785
B*46:26,Bw6,1,IPD_API,2026-02-19 18:48:42.089785
B*46:27,Bw6,1,IPD_API,2026-02-19 18:48:42.089785
B*46:28,Bw6,1,IPD_API,2026-02-19 18:48:42.089785
B*46:29,Bw6,1,IPD_API,2026-02-19 18:48:42.089785
B*46:30,Bw6,1,IPD_API,2026-02-19 18:48:42.089785
B*46:31,Bw6,1,IPD_API,2026-02-19 18:48:42.089785
B*46:32,Bw6,2,IPD_API,2026-02-19 18:48:42.089785
B*46:33,Bw6,1,IPD_API,2026-02-19 18:48:42.089785
B*46:34,Bw6,1,IPD_API,2026-02-19 18:48:42.089785
B*46:35,Bw6,1,IPD_API,2026-02-19 18:48:42.089785
B*46:36,Bw6,1,IPD_API,2026-02-19 18:48:42.089785
B*46:37,Bw6,1,IPD_API,2026-02-19 18:48:42.089785
B*46:38,Bw6,1,IPD_API,2026-02-19 18:48:42.089785
B*46:39,Bw6,1,IPD_API,2026-02-19 18:48:42.089785
B*46:40,Bw6,2,IPD_API,2026-02-19 18:48:42.089785
B*46:42,Bw6,1,IPD_API,2026-02-19 18:48:42.089785
B*46:43,Bw6,1,IPD_API,2026-02-19 18:48:42.089785
B*46:44,Bw6,1,IPD_API,2026-02-19 18:48:42.089785
B*46:45,Bw6,1,IPD_API,2026-02-19 18:48:42.089785
B*46:46,Bw6,1,IPD_API,2026-02-19 18:48:42.089785
B*46:47,Bw6,1,IPD_API,2026-02-19 18:48:42.089785
B*46:48,Bw6,1,IPD_API,2026-02-19 18:48:42.089785
B*46:49,Bw6,1,IPD_API,2026-02-19 18:48:42.089785
B*46:50,Bw6,1,IPD_API,2026-02-19 18:48:42.089785
B*46:51,Bw6,1,IPD_API,2026-02-19 18:48:42.089785
B*46:52,Bw6,1,IPD_API,2026-02-19 18:48:42.089785
B*46:53,Bw6,1,IPD_API,2026-02-19 18:48:42.089785
B*46:54,Bw6,1,IPD_API,2026-02-19 18:48:42.089785
B*46:56,Bw6,1,IPD_API,2026-02-19 18:48:42.089785
B*46:57,Bw6,1,IPD_API,2026-02-19 18:48:42.089785
B*46:58,Bw6,1,IPD_API,2026-02-19 18:48:42.089785
B*46:59,Bw6,1,IPD_API,2026-02-19 18:48:42.089785
B*46:60,Bw6,1,IPD_API,2026-02-19 18:48:42.089785
B*46:61,Bw6,1,IPD_API,2026-02-19 18:48:42.089785
B*46:62,Bw6,1,IPD_API,2026-02-19 18:48:42.089785
B*46:63,Bw6,1,IPD_API,2026-02-19 18:48:42.089785
B*46:64,Bw6,1,IPD_API,2026-02-19 18:48:42.089785
B*46:65,Bw6,1,IPD_API,2026-02-19 18:48:42.089785
B*46:66,Bw6,1,IPD_API,2026-02-19 18:48:42.089785
B*46:67,Bw6,1,IPD_API,2026-02-19 18:48:42.089785
B*46:68,Bw6,1,IPD_API,2026-02-19 18:48:42.089785
B*46:69,Bw6,1,IPD_API,2026-02-19 18:48:42.089785
B*46:70,Bw6,1,IPD_API,2026-02-19 18:48:42.089785
B*46:71,Bw6,1,IPD_API,2026-02-19 18:48:42.089785
B*46:72,Bw6,1,IPD_API,2026-02-19 18:48:42.089785
B*46:73,Bw6,1,IPD_API,2026-02-19 18:48:42.089785
B*46:74,Bw6,1,IPD_API,2026-02-19 18:48:42.089785
B*46:75,Bw6,1,IPD_API,2026-02-19 18:48:42.089785
B*46:76,Bw6,1,IPD_API,2026-02-19 18:48:42.089785
B*46:77,Bw6,1,IPD_API,2026-02-19 18:48:42.089785
B*46:78,Bw6,1,IPD_API,2026-02-19 18:48:42.089785
B*46:80,Bw6,1,IPD_API,2026-02-19 18:48:42.089785
B*46:81,Bw6,1,IPD_API,2026-02-19 18:48:42.089785
B*46:82,Bw6,1,IPD_API,2026-02-19 18:48:42.089785
B*46:83,Bw6,1,IPD_API,2026-02-19 18:48:42.089785
B*46:84,Bw6,1,IPD_API,2026-02-19 18:48:42.089785
B*46:85,Bw6,1,IPD_API,2026-02-19 18:48:42.089785
B*46:86,Bw6,1,IPD_API,2026-02-19 18:48:42.089785
B*46:87,Bw6,1,IPD_API,2026-02-19 18:48:42.089785
B*46:88,Bw6,1,IPD_API,2026-02-19 18:48:42.089785
B*46:89,Bw6,1,IPD_API,2026-02-19 18:48:42.089785
B*46:90,Bw6,1,IPD_API,2026-02-19 18:48:42.089785
B*46:91,Bw6,1,IPD_API,2026-02-19 18:48:42.089785
B*46:92,Bw6,1,IPD_API,2026-02-19 18:48:42.089785
B*46:93,Bw6,1,IPD_API,2026-02-19 18:48:42.089785
B*46:94,Bw6,1,IPD_API,2026-02-19 18:48:42.089785
B*46:96,Bw6,1,IPD_API,2026-02-19 18:48:42.089785
B*46:97,Bw6,1,IPD_API,2026-02-19 18:48:42.089785
B*46:99,Bw6,1,IPD_API,2026-02-19 18:48:42.089785
B*47:01,Bw4 - 80T,12,IPD_API,2026-02-19 18:48:42.089785
B*47:02,Bw6,1,IPD_API,2026-02-19 18:48:42.089785
B*47:03,Bw4 - 80N,1,IPD_API,2026-02-19 18:48:42.089785
B*47:04,Bw4 - 80T,1,IPD_API,2026-02-19 18:48:42.089785
B*47:05,Bw4 - 80T,1,IPD_API,2026-02-19 18:48:42.089785
B*47:06,Bw4 - 80T,1,IPD_API,2026-02-19 18:48:42.089785
B*47:07,Bw4 - 80T,1,IPD_API,2026-02-19 18:48:42.089785
B*47:08,Bw4 - 80T,1,IPD_API,2026-02-19 18:48:42.089785
B*47:09,Bw4 - 80T,1,IPD_API,2026-02-19 18:48:42.089785
B*47:10,Bw4 - 80T,1,IPD_API,2026-02-19 18:48:42.089785
B*47:11,Bw4 - 80T,1,IPD_API,2026-02-19 18:48:42.089785
B*47:12,Bw4 - 80T,1,IPD_API,2026-02-19 18:48:42.089785
B*47:13,Bw4 - 80T,1,IPD_API,2026-02-19 18:48:42.089785
B*47:14,Bw4 - 80T,1,IPD_API,2026-02-19 18:48:42.089785
B*48:01,Bw6,28,IPD_API,2026-02-19 18:48:42.089785
B*48:02,Bw6,3,IPD_API,2026-02-19 18:48:42.089785
B*48:03,Bw6,5,IPD_API,2026-02-19 18:48:42.089785
B*48:04,Bw6,3,IPD_API,2026-02-19 18:48:42.089785
B*48:05,Bw6,2,IPD_API,2026-02-19 18:48:42.089785
B*48:06,Bw6,1,IPD_API,2026-02-19 18:48:42.089785
B*48:07,Bw6,1,IPD_API,2026-02-19 18:48:42.089785
B*48:08,Bw6,1,IPD_API,2026-02-19 18:48:42.089785
B*48:09,Bw6,1,IPD_API,2026-02-19 18:48:42.089785
B*48:10,Bw6,1,IPD_API,2026-02-19 18:48:42.089785
B*48:11,Bw6,1,IPD_API,2026-02-19 18:48:42.089785
B*48:12,Bw6,1,IPD_API,2026-02-19 18:48:42.089785
B*48:13,Bw6,1,IPD_API,2026-02-19 18:48:42.089785
B*48:14,Bw6,1,IPD_API,2026-02-19 18:48:42.089785
B*48:15,Bw6,1,IPD_API,2026-02-19 18:48:42.089785
B*48:16,Bw6,1,IPD_API,2026-02-19 18:48:42.089785
B*48:17,Bw6,1,IPD_API,2026-02-19 18:48:42.089785
B*48:19,Bw6,1,IPD_API,2026-02-19 18:48:42.089785
B*48:20,Bw6,1,IPD_API,2026-02-19 18:48:42.089785
B*48:21,Bw6,1,IPD_API,2026-02-19 18:48:42.089785
B*48:22,Bw6,1,IPD_API,2026-02-19 18:48:42.089785
B*48:23,Bw6,1,IPD_API,2026-02-19 18:48:42.089785
B*48:24,Bw6,1,IPD_API,2026-02-19 18:48:42.089785
B*48:25,Bw6,1,IPD_API,2026-02-19 18:48:42.089785
B*48:26,Bw6,1,IPD_API,2026-02-19 18:48:42.089785
B*48:27,Bw6,1,IPD_API,2026-02-19 18:48:42.089785
B*48:28,Bw6,1,IPD_API,2026-02-19 18:48:42.089785
B*48:29,Bw6,1,IPD_API,2026-02-19 18:48:42.089785
B*48:30,Bw6,1,IPD_API,2026-02-19 18:48:42.089785
B*48:31,Bw6,1,IPD_API,2026-02-19 18:48:42.089785
B*48:32,Bw6,1,IPD_API,2026-02-19 18:48:42.089785
B*48:33,Bw6,1,IPD_API,2026-02-19 18:48:42.089785
B*48:34,Bw6,1,IPD_API,2026-02-19 18:48:42.089785
B*48:35,Bw6,1,IPD_API,2026-02-19 18:48:42.089785
B*48:36,Bw6,1,IPD_API,2026-02-19 18:48:42.089785
B*48:37,Bw6,1,IPD_API,2026-02-19 18:48:42.089785
B*48:38,Bw6,1,IPD_API,2026-02-19 18:48:42.089785
B*48:39,Bw6,1,IPD_API,2026-02-19 18:48:42.089785
B*48:40,Bw6,1,IPD_API,2026-02-19 18:48:42.089785
B*48:41,Bw6,1,IPD_API,2026-02-19 18:48:42.089785
B*48:42,Bw6,1,IPD_API,2026-02-19 18:48:42.089785
B*48:43,Bw6,2,IPD_API,2026-02-19 18:48:42.089785
B*48:44,Bw6,1,IPD_API,2026-02-19 18:48:42.089785
B*48:45,Bw6,1,IPD_API,2026-02-19 18:48:42.089785
B*48:46,Bw6,1,IPD_API,2026-02-19 18:48:42.089785
B*48:47,Bw6,1,IPD_API,2026-02-19 18:48:42.089785
B*48:48,Bw6,1,IPD_API,2026-02-19 18:48:42.089785
B*48:49,Bw6,1,IPD_API,2026-02-19 18:48:42.089785
B*48:50,Bw6,1,IPD_API,2026-02-19 18:48:42.089785
B*48:51,Bw6,1,IPD_API,2026-02-19 18:48:42.089785
B*48:52,Bw6,1,IPD_API,2026-02-19 18:48:42.089785
B*48:53,Bw6,1,IPD_API,2026-02-19 18:48:42.089785
B*48:54,Bw6,1,IPD_API,2026-02-19 18:48:42.089785
B*48:55,Bw6,1,IPD_API,2026-02-19 18:48:42.089785
B*48:56,Bw4 - 80T,1,IPD_API,2026-02-19 18:48:42.089785
B*48:57,Bw6,1,IPD_API,2026-02-19 18:48:42.089785
B*48:58,Bw6,1,IPD_API,2026-02-19 18:48:42.089785
B*48:60,Bw6,1,IPD_API,2026-02-19 18:48:42.089785
B*48:61,Bw6,1,IPD_API,2026-02-19 18:48:42.089785
B*48:62,Bw6,1,IPD_API,2026-02-19 18:48:42.089785
B*48:63,Bw6,1,IPD_API,2026-02-19 18:48:42.089785
B*48:64,Bw6,1,IPD_API,2026-02-19 18:48:42.089785
B*48:65,Bw6,1,IPD_API,2026-02-19 18:48:42.089785
B*48:66,Bw6,1,IPD_API,2026-02-19 18:48:42.089785
B*48:67,Bw6,1,IPD_API,2026-02-19 18:48:42.089785
B*48:68,Bw6,1,IPD_API,2026-02-19 18:48:42.089785
B*49:01,Bw4 - 80I,51,IPD_API,2026-02-19 18:48:42.089785
B*49:02,Bw4 - 80T,1,IPD_API,2026-02-19 18:48:42.089785
B*49:03,Bw4 - 80I,1,IPD_API,2026-02-19 18:48:42.089785
B*49:04,Bw4 - 80I,2,IPD_API,2026-02-19 18:48:42.089785
B*49:05,Bw4 - 80I,2,IPD_API,2026-02-19 18:48:42.089785
B*49:06,Bw4 - 80I,1,IPD_API,2026-02-19 18:48:42.089785
B*49:07,Bw4 - 80I,1,IPD_API,2026-02-19 18:48:42.089785
B*49:08,Bw4 - 80I,1,IPD_API,2026-02-19 18:48:42.089785
B*49:09,Bw4 - 80I,1,IPD_API,2026-02-19 18:48:42.089785
B*49:10,Bw4 - 80I,1,IPD_API,2026-02-19 18:48:42.089785
B*49:11,Bw4 - 80I,1,IPD_API,2026-02-19 18:48:42.089785
B*49:12,Bw4 - 80I,1,IPD_API,2026-02-19 18:48:42.089785
B*49:13,Bw4 - 80I,1,IPD_API,2026-02-19 18:48:42.089785
B*49:14,Bw4 - 80I,1,IPD_API,2026-02-19 18:48:42.089785
B*49:16,Bw4 - 80I,1,IPD_API,2026-02-19 18:48:42.089785
B*49:17,Bw4 - 80I,1,IPD_API,2026-02-19 18:48:42.089785
B*49:18,Bw4 - 80I,2,IPD_API,2026-02-19 18:48:42.089785
B*49:20,Bw4 - 80I,1,IPD_API,2026-02-19 18:48:42.089785
B*49:21,Bw4 - 80I,1,IPD_API,2026-02-19 18:48:42.089785
B*49:22,Bw4 - 80I,1,IPD_API,2026-02-19 18:48:42.089785
B*49:23,Bw4 - 80I,1,IPD_API,2026-02-19 18:48:42.089785
B*49:24,Bw4 - 80I,1,IPD_API,2026-02-19 18:48:42.089785
B*49:25,Bw4 - 80I,1,IPD_API,2026-02-19 18:48:42.089785
B*49:26,Bw4 - 80I,1,IPD_API,2026-02-19 18:48:42.089785
B*49:27,Bw4 - 80I,1,IPD_API,2026-02-19 18:48:42.089785
B*49:28,Bw4 - 80I,2,IPD_API,2026-02-19 18:48:42.089785
B*49:29,Bw4 - 80I,1,IPD_API,2026-02-19 18:48:42.089785
B*49:30,Bw4 - 80I,1,IPD_API,2026-02-19 18:48:42.089785
B*49:31,Bw4 - 80I,1,IPD_API,2026-02-19 18:48:42.089785
B*49:32,Bw4 - 80I,1,IPD_API,2026-02-19 18:48:42.089785
B*49:33,Bw4 - 80I,1,IPD_API,2026-02-19 18:48:42.089785
B*49:34,Bw4 - 80I,1,IPD_API,2026-02-19 18:48:42.089785
B*49:35,Bw4 - 80I,1,IPD_API,2026-02-19 18:48:42.089785
B*49:36,Bw4 - 80I,1,IPD_API,2026-02-19 18:48:42.089785
B*49:37,Bw4 - 80I,1,IPD_API,2026-02-19 18:48:42.089785
B*49:38,Bw4 - 80I,1,IPD_API,2026-02-19 18:48:42.089785
B*49:39,Bw4 - 80I,1,IPD_API,2026-02-19 18:48:42.089785
B*49:40,Bw4 - 80I,1,IPD_API,2026-02-19 18:48:42.089785
B*49:41,Bw4 - 80I,1,IPD_API,2026-02-19 18:48:42.089785
B*49:42,Bw4 - 80I,1,IPD_API,2026-02-19 18:48:42.089785
B*49:43,Bw4 - 80I,1,IPD_API,2026-02-19 18:48:42.089785
B*49:44,Bw4 - 80I,1,IPD_API,2026-02-19 18:48:42.089785
B*49:45,Bw4 - 80I,1,IPD_API,2026-02-19 18:48:42.089785
B*49:46,Bw4 - 80I,1,IPD_API,2026-02-19 18:48:42.089785
B*49:47,Bw4 - 80I,2,IPD_API,2026-02-19 18:48:42.089785
B*49:48,Bw4 - 80I,1,IPD_API,2026-02-19 18:48:42.089785
B*49:49,Bw4 - 80I,1,IPD_API,2026-02-19 18:48:42.089785
B*49:50,Bw4 - 80I,1,IPD_API,2026-02-19 18:48:42.089785
B*49:51,Bw4 - 80I,1,IPD_API,2026-02-19 18:48:42.089785
B*49:52,Bw4 - 80I,1,IPD_API,2026-02-19 18:48:42.089785
B*49:53,Bw4 - 80I,1,IPD_API,2026-02-19 18:48:42.089785
B*49:54,Bw4 - 80I,1,IPD_API,2026-02-19 18:48:42.089785
B*49:55,Bw4 - 80I,1,IPD_API,2026-02-19 18:48:42.089785
B*49:56,Bw4 - 80I,1,IPD_API,2026-02-19 18:48:42.089785
B*49:57,Bw4 - 80I,1,IPD_API,2026-02-19 18:48:42.089785
B*49:58,Bw4 - 80I,1,IPD_API,2026-02-19 18:48:42.089785
B*49:59,Bw4 - 80I,1,IPD_API,2026-02-19 18:48:42.089785
B*49:61,Bw4 - 80I,1,IPD_API,2026-02-19 18:48:42.089785
B*49:62,Bw4 - 80I,1,IPD_API,2026-02-19 18:48:42.089785
B*49:63,Bw4 - 80I,1,IPD_API,2026-02-19 18:48:42.089785
B*49:64,Bw4 - 80I,1,IPD_API,2026-02-19 18:48:42.089785
B*49:65,Bw4 - 80I,1,IPD_API,2026-02-19 18:48:42.089785
B*49:66,Bw4 - 80I,1,IPD_API,2026-02-19 18:48:42.089785
B*49:68,Bw4 - 80I,1,IPD_API,2026-02-19 18:48:42.089785
B*49:69,Bw4 - 80I,1,IPD_API,2026-02-19 18:48:42.089785
B*49:70,Bw4 - 80T,1,IPD_API,2026-02-19 18:48:42.089785
B*49:71,Bw4 - 80I,1,IPD_API,2026-02-19 18:48:42.089785
B*49:72,Bw4 - 80I,1,IPD_API,2026-02-19 18:48:42.089785
B*49:73,Bw4 - 80I,1,IPD_API,2026-02-19 18:48:42.089785
B*49:74,Bw4 - 80I,1,IPD_API,2026-02-19 18:48:42.089785
B*49:76,Bw4 - 80I,1,IPD_API,2026-02-19 18:48:42.089785
B*49:77,Bw4 - 80I,1,IPD_API,2026-02-19 18:48:42.089785
B*49:78,Bw4 - 80I,1,IPD_API,2026-02-19 18:48:42.089785
B*49:79,Bw4 - 80I,1,IPD_API,2026-02-19 18:48:42.089785
B*49:80,Bw4 - 80I,1,IPD_API,2026-02-19 18:48:42.089785
B*49:81,Bw4 - 80I,1,IPD_API,2026-02-19 18:48:42.089785
B*49:82,Bw4 - 80I,1,IPD_API,2026-02-19 18:48:42.089785
B*49:83,Bw4 - 80I,1,IPD_API,2026-02-19 18:48:42.089785
B*49:84,Bw4 - 80I,1,IPD_API,2026-02-19 18:48:42.089785
B*49:85,Bw4 - 80I,1,IPD_API,2026-02-19 18:48:42.089785
B*49:86,Bw4 - 80I,1,IPD_API,2026-02-19 18:48:42.089785
B*49:87,Bw4 - 80I,1,IPD_API,2026-02-19 18:48:42.089785
B*49:88,Bw4 - 80I,1,IPD_API,2026-02-19 18:48:42.089785
B*49:90,Bw4 - 80I,1,IPD_API,2026-02-19 18:48:42.089785
B*49:91,Bw4 - 80I,1,IPD_API,2026-02-19 18:48:42.089785
B*49:92,Bw4 - 80T,1,IPD_API,2026-02-19 18:48:42.089785
B*49:93,Bw4 - 80I,1,IPD_API,2026-02-19 18:48:42.089785
B*49:94,Bw4 - 80I,1,IPD_API,2026-02-19 18:48:42.089785
B*49:95,Bw4 - 80I,1,IPD_API,2026-02-19 18:48:42.089785
B*49:96,Bw4 - 80I,1,IPD_API,2026-02-19 18:48:42.089785
B*50:01,Bw6,40,IPD_API,2026-02-19 18:48:42.089785
B*50:02,Bw6,2,IPD_API,2026-02-19 18:48:42.089785
B*50:04,Bw6,2,IPD_API,2026-02-19 18:48:42.089785
B*50:05,Bw6,1,IPD_API,2026-02-19 18:48:42.089785
B*50:06,Bw6,1,IPD_API,2026-02-19 18:48:42.089785
B*50:07,Bw6,1,IPD_API,2026-02-19 18:48:42.089785
B*50:08,Bw6,1,IPD_API,2026-02-19 18:48:42.089785
B*50:09,Bw6,1,IPD_API,2026-02-19 18:48:42.089785
B*50:10,Bw6,1,IPD_API,2026-02-19 18:48:42.089785
B*50:11,Bw6,1,IPD_API,2026-02-19 18:48:42.089785
B*50:12,Bw6,1,IPD_API,2026-02-19 18:48:42.089785
B*50:13,Bw6,1,IPD_API,2026-02-19 18:48:42.089785
B*50:14,Bw6,1,IPD_API,2026-02-19 18:48:42.089785
B*50:15,Bw6,1,IPD_API,2026-02-19 18:48:42.089785
B*50:16,Bw6,1,IPD_API,2026-02-19 18:48:42.089785
B*50:17,Bw6,1,IPD_API,2026-02-19 18:48:42.089785
B*50:18,Bw6,1,IPD_API,2026-02-19 18:48:42.089785
B*50:19,Bw6,1,IPD_API,2026-02-19 18:48:42.089785
B*50:20,Bw6,1,IPD_API,2026-02-19 18:48:42.089785
B*50:21,Bw6,1,IPD_API,2026-02-19 18:48:42.089785
B*50:22,Bw6,1,IPD_API,2026-02-19 18:48:42.089785
B*50:23,Bw6,1,IPD_API,2026-02-19 18:48:42.089785
B*50:24,Bw6,1,IPD_API,2026-02-19 18:48:42.089785
B*50:25,Bw6,1,IPD_API,2026-02-19 18:48:42.089785
B*50:26,Bw6,1,IPD_API,2026-02-19 18:48:42.089785
B*50:28,Bw6,1,IPD_API,2026-02-19 18:48:42.089785
B*50:29,Bw6,1,IPD_API,2026-02-19 18:48:42.089785
B*50:30,Bw6,1,IPD_API,2026-02-19 18:48:42.089785
B*50:31,Bw6,1,IPD_API,2026-02-19 18:48:42.089785
B*50:32,Bw6,1,IPD_API,2026-02-19 18:48:42.089785
B*50:33,Bw6,1,IPD_API,2026-02-19 18:48:42.089785
B*50:34,Bw6,1,IPD_API,2026-02-19 18:48:42.089785
B*50:35,Bw6,1,IPD_API,2026-02-19 18:48:42.089785
B*50:36,Bw6,1,IPD_API,2026-02-19 18:48:42.089785
B*50:37,Bw6,1,IPD_API,2026-02-19 18:48:42.089785
B*50:38,Bw6,1,IPD_API,2026-02-19 18:48:42.089785
B*50:39,Bw6,1,IPD_API,2026-02-19 18:48:42.089785
B*50:40,Bw6,1,IPD_API,2026-02-19 18:48:42.089785
B*50:41,Bw6,1,IPD_API,2026-02-19 18:48:42.089785
B*50:42,Bw6,1,IPD_API,2026-02-19 18:48:42.089785
B*50:43,Bw6,1,IPD_API,2026-02-19 18:48:42.089785
B*50:44,Bw6,1,IPD_API,2026-02-19 18:48:42.089785
B*50:45,Bw6,1,IPD_API,2026-02-19 18:48:42.089785
B*50:46,Bw6,1,IPD_API,2026-02-19 18:48:42.089785
B*50:47,Bw6,1,IPD_API,2026-02-19 18:48:42.089785
B*50:48,Bw6,1,IPD_API,2026-02-19 18:48:42.089785
B*50:49,Bw6,1,IPD_API,2026-02-19 18:48:42.089785
B*50:50,Bw6,1,IPD_API,2026-02-19 18:48:42.089785
B*50:51,Bw6,1,IPD_API,2026-02-19 18:48:42.089785
B*50:52,Bw6,1,IPD_API,2026-02-19 18:48:42.089785
B*50:53,Bw6,1,IPD_API,2026-02-19 18:48:42.089785
B*50:54,Bw6,1,IPD_API,2026-02-19 18:48:42.089785
B*50:55,Bw6,1,IPD_API,2026-02-19 18:48:42.089785
B*50:56,Bw6,1,IPD_API,2026-02-19 18:48:42.089785
B*50:57,Bw6,1,IPD_API,2026-02-19 18:48:42.089785
B*50:58,Bw6,1,IPD_API,2026-02-19 18:48:42.089785
B*50:59,Bw6,1,IPD_API,2026-02-19 18:48:42.089785
B*50:60,Bw6,1,IPD_API,2026-02-19 18:48:42.089785
B*50:61,Bw6,1,IPD_API,2026-02-19 18:48:42.089785
B*50:62,Bw6,1,IPD_API,2026-02-19 18:48:42.089785
B*50:63,Bw6,1,IPD_API,2026-02-19 18:48:42.089785
B*50:64,Bw6,1,IPD_API,2026-02-19 18:48:42.089785
B*50:65,Bw6,1,IPD_API,2026-02-19 18:48:42.089785
B*50:66,Bw6,1,IPD_API,2026-02-19 18:48:42.089785
B*50:67,Bw6,1,IPD_API,2026-02-19 18:48:42.089785
B*50:68,Bw6,1,IPD_API,2026-02-19 18:48:42.089785
B*50:69,Bw6,1,IPD_API,2026-02-19 18:48:42.089785
B*50:70,Bw6,1,IPD_API,2026-02-19 18:48:42.089785
B*50:71,Bw6,1,IPD_API,2026-02-19 18:48:42.089785
B*50:73,Bw6,1,IPD_API,2026-02-19 18:48:42.089785
B*50:74,Bw6,1,IPD_API,2026-02-19 18:48:42.089785
B*50:75,Bw6,1,IPD_API,2026-02-19 18:48:42.089785
B*50:76,Bw6,1,IPD_API,2026-02-19 18:48:42.089785
B*50:77,Bw6,1,IPD_API,2026-02-19 18:48:42.089785
B*50:78,Bw6,1,IPD_API,2026-02-19 18:48:42.089785
B*50:79,Bw6,1,IPD_API,2026-02-19 18:48:42.089785
B*50:80,Bw6,1,IPD_API,2026-02-19 18:48:42.089785
B*51:01,Bw4 - 80I,250,IPD_API,2026-02-19 18:48:42.089785
B*51:02,Bw4 - 80I,10,IPD_API,2026-02-19 18:48:42.089785
B*51:03,Bw4 - 80I,1,IPD_API,2026-02-19 18:48:42.089785
B*51:04,Bw4 - 80I,2,IPD_API,2026-02-19 18:48:42.089785
B*51:05,Bw4 - 80I,3,IPD_API,2026-02-19 18:48:42.089785
B*51:06,Bw4 - 80I,6,IPD_API,2026-02-19 18:48:42.089785
B*51:07,Bw4 - 80I,2,IPD_API,2026-02-19 18:48:42.089785
B*51:08,Bw4 - 80I,12,IPD_API,2026-02-19 18:48:42.089785
B*51:09,Bw4 - 80I,3,IPD_API,2026-02-19 18:48:42.089785
B*51:10,Bw4 - 80I,1,IPD_API,2026-02-19 18:48:42.089785
B*51:100,Bw4 - 80I,1,IPD_API,2026-02-19 18:48:42.089785
B*51:101,Bw4 - 80I,1,IPD_API,2026-02-19 18:48:42.089785
B*51:102,Bw4 - 80I,1,IPD_API,2026-02-19 18:48:42.089785
B*51:103,Bw4 - 80I,1,IPD_API,2026-02-19 18:48:42.089785
B*51:104,Bw4 - 80I,2,IPD_API,2026-02-19 18:48:42.089785
B*51:105,Bw4 - 80I,1,IPD_API,2026-02-19 18:48:42.089785
B*51:106,Bw4 - 80I,2,IPD_API,2026-02-19 18:48:42.089785
B*51:107,Bw4 - 80I,1,IPD_API,2026-02-19 18:48:42.089785
B*51:108,Bw4 - 80I,1,IPD_API,2026-02-19 18:48:42.089785
B*51:109,Bw4 - 80I,1,IPD_API,2026-02-19 18:48:42.089785
B*51:111,Bw4 - 80I,1,IPD_API,2026-02-19 18:48:42.089785
B*51:112,Bw4 - 80I,1,IPD_API,2026-02-19 18:48:42.089785
B*51:113,Bw4 - 80I,1,IPD_API,2026-02-19 18:48:42.089785
B*51:114,Bw4 - 80I,1,IPD_API,2026-02-19 18:48:42.089785
B*51:115,Bw4 - 80I,1,IPD_API,2026-02-19 18:48:42.089785
B*51:116,Bw4 - 80I,1,IPD_API,2026-02-19 18:48:42.089785
B*51:117,Bw4 - 80I,1,IPD_API,2026-02-19 18:48:42.089785
B*51:119,Bw4 - 80I,1,IPD_API,2026-02-19 18:48:42.089785
B*51:12,Bw4 - 80I,1,IPD_API,2026-02-19 18:48:42.089785
B*51:120,Bw4 - 80I,1,IPD_API,2026-02-19 18:48:42.089785
B*51:121,Bw4 - 80I,1,IPD_API,2026-02-19 18:48:42.089785
B*51:122,Bw4 - 80I,1,IPD_API,2026-02-19 18:48:42.089785
B*51:123,Bw4 - 80I,1,IPD_API,2026-02-19 18:48:42.089785
B*51:124,Bw4 - 80I,1,IPD_API,2026-02-19 18:48:42.089785
B*51:125,Bw4 - 80I,1,IPD_API,2026-02-19 18:48:42.089785
B*51:126,Bw4 - 80I,1,IPD_API,2026-02-19 18:48:42.089785
B*51:127,Bw4 - 80I,1,IPD_API,2026-02-19 18:48:42.089785
B*51:128,Bw4 - 80I,1,IPD_API,2026-02-19 18:48:42.089785
B*51:129,Bw4 - 80I,1,IPD_API,2026-02-19 18:48:42.089785
B*51:13,Bw4 - 80I,2,IPD_API,2026-02-19 18:48:42.089785
B*51:130,Bw4 - 80I,1,IPD_API,2026-02-19 18:48:42.089785
B*51:131,Bw4 - 80I,1,IPD_API,2026-02-19 18:48:42.089785
B*51:132,Bw4 - 80I,1,IPD_API,2026-02-19 18:48:42.089785
B*51:133,Bw4 - 80I,1,IPD_API,2026-02-19 18:48:42.089785
B*51:134,Bw4 - 80I,1,IPD_API,2026-02-19 18:48:42.089785
B*51:135,Bw4 - 80I,1,IPD_API,2026-02-19 18:48:42.089785
B*51:136,Bw4 - 80I,1,IPD_API,2026-02-19 18:48:42.089785
B*51:137,Bw4 - 80I,1,IPD_API,2026-02-19 18:48:42.089785
B*51:138,Bw4 - 80I,1,IPD_API,2026-02-19 18:48:42.089785
B*51:139,Bw4 - 80I,1,IPD_API,2026-02-19 18:48:42.089785
B*51:14,Bw4 - 80I,1,IPD_API,2026-02-19 18:48:42.089785
B*51:140,Bw4 - 80I,1,IPD_API,2026-02-19 18:48:42.089785
B*51:141,Bw4 - 80I,1,IPD_API,2026-02-19 18:48:42.089785
B*51:142,Bw4 - 80I,1,IPD_API,2026-02-19 18:48:42.089785
B*51:143,Bw4 - 80I,1,IPD_API,2026-02-19 18:48:42.089785
B*51:144,Bw4 - 80I,1,IPD_API,2026-02-19 18:48:42.089785
B*51:145,Bw4 - 80I,1,IPD_API,2026-02-19 18:48:42.089785
B*51:146,Bw4 - 80I,1,IPD_API,2026-02-19 18:48:42.089785
B*51:147,Bw4 - 80I,1,IPD_API,2026-02-19 18:48:42.089785
B*51:148,Bw4 - 80I,1,IPD_API,2026-02-19 18:48:42.089785
B*51:15,Bw4 - 80I,1,IPD_API,2026-02-19 18:48:42.089785
B*51:150,Bw4 - 80I,1,IPD_API,2026-02-19 18:48:42.089785
B*51:151,Bw4 - 80I,1,IPD_API,2026-02-19 18:48:42.089785
B*51:152,Bw4 - 80I,1,IPD_API,2026-02-19 18:48:42.089785
B*51:153,Bw4 - 80I,2,IPD_API,2026-02-19 18:48:42.089785
B*51:154,Bw4 - 80I,1,IPD_API,2026-02-19 18:48:42.089785
B*51:155,Bw4 - 80I,1,IPD_API,2026-02-19 18:48:42.089785
B*51:156,Bw4 - 80I,1,IPD_API,2026-02-19 18:48:42.089785
B*51:157,Bw4 - 80I,1,IPD_API,2026-02-19 18:48:42.089785
B*51:158,Bw4 - 80I,2,IPD_API,2026-02-19 18:48:42.089785
B*51:159,Bw4 - 80I,1,IPD_API,2026-02-19 18:48:42.089785
B*51:16,Bw4 - 80I,1,IPD_API,2026-02-19 18:48:42.089785
B*51:160,Bw4 - 80I,1,IPD_API,2026-02-19 18:48:42.089785
B*51:161,Bw4 - 80I,1,IPD_API,2026-02-19 18:48:42.089785
B*51:162,Bw4 - 80I,2,IPD_API,2026-02-19 18:48:42.089785
B*51:163,Bw4 - 80I,1,IPD_API,2026-02-19 18:48:42.089785
B*51:164,Bw4 - 80I,1,IPD_API,2026-02-19 18:48:42.089785
B*51:165,Bw4 - 80I,1,IPD_API,2026-02-19 18:48:42.089785
B*51:166,Bw4 - 80I,1,IPD_API,2026-02-19 18:48:42.089785
B*51:167,Bw4 - 80I,1,IPD_API,2026-02-19 18:48:42.089785
B*51:168,Bw4 - 80I,1,IPD_API,2026-02-19 18:48:42.089785
B*51:169,Bw4 - 80I,1,IPD_API,2026-02-19 18:48:42.089785
B*51:17,Bw4 - 80I,2,IPD_API,2026-02-19 18:48:42.089785
B*51:170,Bw4 - 80I,1,IPD_API,2026-02-19 18:48:42.089785
B*51:171,Bw4 - 80I,1,IPD_API,2026-02-19 18:48:42.089785
B*51:172,Bw4 - 80I,1,IPD_API,2026-02-19 18:48:42.089785
B*51:173,Bw4 - 80I,1,IPD_API,2026-02-19 18:48:42.089785
B*51:174,Bw4 - 80I,2,IPD_API,2026-02-19 18:48:42.089785
B*51:175,Bw4 - 80I,1,IPD_API,2026-02-19 18:48:42.089785
B*51:176,Bw4 - 80I,1,IPD_API,2026-02-19 18:48:42.089785
B*51:177,Bw4 - 80I,1,IPD_API,2026-02-19 18:48:42.089785
B*51:179,Bw4 - 80I,1,IPD_API,2026-02-19 18:48:42.089785
B*51:18,Bw4 - 80I,1,IPD_API,2026-02-19 18:48:42.089785
B*51:180,Bw4 - 80I,1,IPD_API,2026-02-19 18:48:42.089785
B*51:181,Bw4 - 80I,1,IPD_API,2026-02-19 18:48:42.089785
B*51:182,Bw4 - 80I,1,IPD_API,2026-02-19 18:48:42.089785
B*51:183,Bw4 - 80I,1,IPD_API,2026-02-19 18:48:42.089785
B*51:186,Bw4 - 80I,1,IPD_API,2026-02-19 18:48:42.089785
B*51:187,Bw4 - 80I,1,IPD_API,2026-02-19 18:48:42.089785
B*51:188,Bw4 - 80I,1,IPD_API,2026-02-19 18:48:42.089785
B*51:189,Bw4 - 80I,1,IPD_API,2026-02-19 18:48:42.089785
B*51:19,Bw4 - 80I,1,IPD_API,2026-02-19 18:48:42.089785
B*51:190,Bw4 - 80I,1,IPD_API,2026-02-19 18:48:42.089785
B*51:191,Bw4 - 80I,1,IPD_API,2026-02-19 18:48:42.089785
B*51:192,Bw4 - 80I,1,IPD_API,2026-02-19 18:48:42.089785
B*51:193,Bw4 - 80I,2,IPD_API,2026-02-19 18:48:42.089785
B*51:194,Bw4 - 80I,1,IPD_API,2026-02-19 18:48:42.089785
B*51:195,Bw4 - 80I,1,IPD_API,2026-02-19 18:48:42.089785
B*51:196,Bw4 - 80I,1,IPD_API,2026-02-19 18:48:42.089785
B*51:197,Bw4 - 80I,1,IPD_API,2026-02-19 18:48:42.089785
B*51:198,Bw4 - 80I,1,IPD_API,2026-02-19 18:48:42.089785
B*51:199,Bw4 - 80I,1,IPD_API,2026-02-19 18:48:42.089785
B*51:20,Bw4 - 80I,1,IPD_API,2026-02-19 18:48:42.089785
B*51:200,Bw4 - 80I,1,IPD_API,2026-02-19 18:48:42.089785
B*51:201,Bw4 - 80I,1,IPD_API,2026-02-19 18:48:42.089785
B*51:202,Bw4 - 80I,1,IPD_API,2026-02-19 18:48:42.089785
B*51:203,Bw4 - 80I,1,IPD_API,2026-02-19 18:48:42.089785
B*51:204,Bw4 - 80I,2,IPD_API,2026-02-19 18:48:42.089785
B*51:205,Bw4 - 80I,1,IPD_API,2026-02-19 18:48:42.089785
B*51:206,Bw4 - 80I,1,IPD_API,2026-02-19 18:48:42.089785
B*51:207,Bw4 - 80I,1,IPD_API,2026-02-19 18:48:42.089785
B*51:208,Bw4 - 80I,1,IPD_API,2026-02-19 18:48:42.089785
B*51:209,Bw4 - 80I,1,IPD_API,2026-02-19 18:48:42.089785
B*51:21,Bw4 - 80I,1,IPD_API,2026-02-19 18:48:42.089785
B*51:210,Bw4 - 80I,1,IPD_API,2026-02-19 18:48:42.089785
B*51:211,Bw4 - 80I,1,IPD_API,2026-02-19 18:48:42.089785
B*51:212,Bw4 - 80I,1,IPD_API,2026-02-19 18:48:42.089785
B*51:213,Bw4 - 80I,1,IPD_API,2026-02-19 18:48:42.089785
B*51:214,Bw4 - 80I,1,IPD_API,2026-02-19 18:48:42.089785
B*51:215,Bw4 - 80I,1,IPD_API,2026-02-19 18:48:42.089785
B*51:216,Bw4 - 80I,1,IPD_API,2026-02-19 18:48:42.089785
B*51:217,Bw4 - 80I,1,IPD_API,2026-02-19 18:48:42.089785
B*51:218,Bw4 - 80I,1,IPD_API,2026-02-19 18:48:42.089785
B*51:219,Bw4 - 80I,1,IPD_API,2026-02-19 18:48:42.089785
B*51:22,Bw4 - 80I,1,IPD_API,2026-02-19 18:48:42.089785
B*51:220,Bw4 - 80I,1,IPD_API,2026-02-19 18:48:42.089785
B*51:221,Bw4 - 80I,1,IPD_API,2026-02-19 18:48:42.089785
B*51:222,Bw4 - 80I,1,IPD_API,2026-02-19 18:48:42.089785
B*51:223,Bw4 - 80I,1,IPD_API,2026-02-19 18:48:42.089785
B*51:224,Bw4 - 80I,1,IPD_API,2026-02-19 18:48:42.089785
B*51:225,Bw4 - 80I,1,IPD_API,2026-02-19 18:48:42.089785
B*51:226,Bw4 - 80I,1,IPD_API,2026-02-19 18:48:42.089785
B*51:227,Bw4 - 80I,1,IPD_API,2026-02-19 18:48:42.089785
B*51:228,Bw4 - 80I,1,IPD_API,2026-02-19 18:48:42.089785
B*51:229,Bw4 - 80I,1,IPD_API,2026-02-19 18:48:42.089785
B*51:23,Bw4 - 80I,1,IPD_API,2026-02-19 18:48:42.089785
B*51:230,Bw4 - 80I,4,IPD_API,2026-02-19 18:48:42.089785
B*51:231,Bw4 - 80I,1,IPD_API,2026-02-19 18:48:42.089785
B*51:232,Bw4 - 80I,2,IPD_API,2026-02-19 18:48:42.089785
B*51:233,Bw4 - 80I,1,IPD_API,2026-02-19 18:48:42.089785
B*51:234,Bw4 - 80I,1,IPD_API,2026-02-19 18:48:42.089785
B*51:236,Bw4 - 80I,1,IPD_API,2026-02-19 18:48:42.089785
B*51:237,Bw4 - 80I,3,IPD_API,2026-02-19 18:48:42.089785
B*51:238,Bw4 - 80I,1,IPD_API,2026-02-19 18:48:42.089785
B*51:239,Bw4 - 80I,1,IPD_API,2026-02-19 18:48:42.089785
B*51:24,Bw4 - 80I,5,IPD_API,2026-02-19 18:48:42.089785
B*51:240,Bw4 - 80I,1,IPD_API,2026-02-19 18:48:42.089785
B*51:241,Bw4 - 80I,1,IPD_API,2026-02-19 18:48:42.089785
B*51:242,Bw4 - 80I,1,IPD_API,2026-02-19 18:48:42.089785
B*51:243,Bw4 - 80I,1,IPD_API,2026-02-19 18:48:42.089785
B*51:244,Bw4 - 80I,1,IPD_API,2026-02-19 18:48:42.089785
B*51:246,Bw4 - 80I,1,IPD_API,2026-02-19 18:48:42.089785
B*51:247,Bw4 - 80I,1,IPD_API,2026-02-19 18:48:42.089785
B*51:248,Bw4 - 80I,1,IPD_API,2026-02-19 18:48:42.089785
B*51:249,Bw4 - 80I,1,IPD_API,2026-02-19 18:48:42.089785
B*51:250,Bw4 - 80I,1,IPD_API,2026-02-19 18:48:42.089785
B*51:251,Bw4 - 80I,1,IPD_API,2026-02-19 18:48:42.089785
B*51:252,Bw4 - 80I,1,IPD_API,2026-02-19 18:48:42.089785
B*51:253,Bw4 - 80I,1,IPD_API,2026-02-19 18:48:42.089785
B*51:254,Bw4 - 80I,1,IPD_API,2026-02-19 18:48:42.089785
B*51:255,Bw4 - 80I,1,IPD_API,2026-02-19 18:48:42.089785
B*51:257,Bw4 - 80I,1,IPD_API,2026-02-19 18:48:42.089785
B*51:258,Bw4 - 80I,1,IPD_API,2026-02-19 18:48:42.089785
B*51:259,Bw4 - 80I,1,IPD_API,2026-02-19 18:48:42.089785
B*51:26,Bw4 - 80I,1,IPD_API,2026-02-19 18:48:42.089785
B*51:260,Bw4 - 80I,1,IPD_API,2026-02-19 18:48:42.089785
B*51:261,Bw4 - 80I,1,IPD_API,2026-02-19 18:48:42.089785
B*51:262,Bw4 - 80I,1,IPD_API,2026-02-19 18:48:42.089785
B*51:263,Bw4 - 80I,1,IPD_API,2026-02-19 18:48:42.089785
B*51:265,Bw4 - 80I,1,IPD_API,2026-02-19 18:48:42.089785
B*51:266,Bw4 - 80I,1,IPD_API,2026-02-19 18:48:42.089785
B*51:267,Bw4 - 80I,1,IPD_API,2026-02-19 18:48:42.089785
B*51:268,Bw4 - 80I,1,IPD_API,2026-02-19 18:48:42.089785
B*51:269,Bw4 - 80I,1,IPD_API,2026-02-19 18:48:42.089785
B*51:270,Bw4 - 80I,1,IPD_API,2026-02-19 18:48:42.089785
B*51:271,Bw4 - 80I,1,IPD_API,2026-02-19 18:48:42.089785
B*51:272,Bw4 - 80I,1,IPD_API,2026-02-19 18:48:42.089785
B*51:274,Bw4 - 80I,1,IPD_API,2026-02-19 18:48:42.089785
B*51:275,Bw4 - 80I,1,IPD_API,2026-02-19 18:48:42.089785
B*51:276,Bw4 - 80I,1,IPD_API,2026-02-19 18:48:42.089785
B*51:277,Bw4 - 80I,1,IPD_API,2026-02-19 18:48:42.089785
B*51:278,Bw4 - 80I,1,IPD_API,2026-02-19 18:48:42.089785
B*51:279,Bw4 - 80I,1,IPD_API,2026-02-19 18:48:42.089785
B*51:28,Bw4 - 80I,1,IPD_API,2026-02-19 18:48:42.089785
B*51:280,Bw4 - 80I,1,IPD_API,2026-02-19 18:48:42.089785
B*51:281,Bw4 - 80I,1,IPD_API,2026-02-19 18:48:42.089785
B*51:282,Bw4 - 80I,1,IPD_API,2026-02-19 18:48:42.089785
B*51:283,Bw4 - 80I,1,IPD_API,2026-02-19 18:48:42.089785
B*51:284,Bw4 - 80I,1,IPD_API,2026-02-19 18:48:42.089785
B*51:285,Bw4 - 80I,1,IPD_API,2026-02-19 18:48:42.089785
B*51:286,Bw4 - 80I,1,IPD_API,2026-02-19 18:48:42.089785
B*51:288,Bw4 - 80I,1,IPD_API,2026-02-19 18:48:42.089785
B*51:289,Bw4 - 80I,1,IPD_API,2026-02-19 18:48:42.089785
B*51:29,Bw4 - 80I,1,IPD_API,2026-02-19 18:48:42.089785
B*51:290,Bw4 - 80I,1,IPD_API,2026-02-19 18:48:42.089785
B*51:291,Bw4 - 80I,1,IPD_API,2026-02-19 18:48:42.089785
B*51:292,Bw4 - 80I,1,IPD_API,2026-02-19 18:48:42.089785
B*51:293,Bw4 - 80I,1,IPD_API,2026-02-19 18:48:42.089785
B*51:294,Bw4 - 80I,1,IPD_API,2026-02-19 18:48:42.089785
B*51:295,Bw4 - 80I,1,IPD_API,2026-02-19 18:48:42.089785
B*51:296,Bw4 - 80I,1,IPD_API,2026-02-19 18:48:42.089785
B*51:297,Bw4 - 80I,1,IPD_API,2026-02-19 18:48:42.089785
B*51:298,Bw4 - 80I,1,IPD_API,2026-02-19 18:48:42.089785
B*51:299,Bw4 - 80I,1,IPD_API,2026-02-19 18:48:42.089785
B*51:30,Bw4 - 80I,1,IPD_API,2026-02-19 18:48:42.089785
B*51:300,Bw4 - 80I,1,IPD_API,2026-02-19 18:48:42.089785
B*51:301,Bw4 - 80I,1,IPD_API,2026-02-19 18:48:42.089785
B*51:302,Bw4 - 80I,1,IPD_API,2026-02-19 18:48:42.089785
B*51:303,Bw4 - 80I,1,IPD_API,2026-02-19 18:48:42.089785
B*51:304,Bw4 - 80I,1,IPD_API,2026-02-19 18:48:42.089785
B*51:305,Bw4 - 80I,1,IPD_API,2026-02-19 18:48:42.089785
B*51:307,Bw4 - 80I,1,IPD_API,2026-02-19 18:48:42.089785
B*51:308,Bw4 - 80I,1,IPD_API,2026-02-19 18:48:42.089785
B*51:309,Bw4 - 80I,1,IPD_API,2026-02-19 18:48:42.089785
B*51:31,Bw4 - 80I,1,IPD_API,2026-02-19 18:48:42.089785
B*51:310,Bw4 - 80I,1,IPD_API,2026-02-19 18:48:42.089785
B*51:311,Bw4 - 80I,1,IPD_API,2026-02-19 18:48:42.089785
B*51:312,Bw4 - 80I,1,IPD_API,2026-02-19 18:48:42.089785
B*51:314,Bw4 - 80I,1,IPD_API,2026-02-19 18:48:42.089785
B*51:315,Bw4 - 80I,1,IPD_API,2026-02-19 18:48:42.089785
B*51:316,Bw4 - 80I,1,IPD_API,2026-02-19 18:48:42.089785
B*51:317,Bw4 - 80I,1,IPD_API,2026-02-19 18:48:42.089785
B*51:319,Bw4 - 80I,1,IPD_API,2026-02-19 18:48:42.089785
B*51:32,Bw4 - 80I,1,IPD_API,2026-02-19 18:48:42.089785
B*51:320,Bw4 - 80I,1,IPD_API,2026-02-19 18:48:42.089785
B*51:321,Bw4 - 80I,1,IPD_API,2026-02-19 18:48:42.089785
B*51:322,Bw4 - 80I,1,IPD_API,2026-02-19 18:48:42.089785
B*51:323,Bw4 - 80I,1,IPD_API,2026-02-19 18:48:42.089785
B*51:324,Bw4 - 80I,1,IPD_API,2026-02-19 18:48:42.089785
B*51:326,Bw4 - 80I,1,IPD_API,2026-02-19 18:48:42.089785
B*51:327,Bw4 - 80I,1,IPD_API,2026-02-19 18:48:42.089785
B*51:328,Bw4 - 80I,1,IPD_API,2026-02-19 18:48:42.089785
B*51:329,Bw4 - 80I,1,IPD_API,2026-02-19 18:48:42.089785
B*51:33,Bw4 - 80I,1,IPD_API,2026-02-19 18:48:42.089785
B*51:330,Bw4 - 80I,1,IPD_API,2026-02-19 18:48:42.089785
B*51:331,Bw4 - 80I,1,IPD_API,2026-02-19 18:48:42.089785
B*51:332,Bw4 - 80I,1,IPD_API,2026-02-19 18:48:42.089785
B*51:333,Bw4 - 80I,1,IPD_API,2026-02-19 18:48:42.089785
B*51:334,Bw4 - 80I,1,IPD_API,2026-02-19 18:48:42.089785
B*51:335,Bw4 - 80I,1,IPD_API,2026-02-19 18:48:42.089785
B*51:336,Bw4 - 80I,1,IPD_API,2026-02-19 18:48:42.089785
B*51:337,Bw4 - 80I,1,IPD_API,2026-02-19 18:48:42.089785
B*51:338,Bw4 - 80I,1,IPD_API,2026-02-19 18:48:42.089785
B*51:339,Bw4 - 80I,1,IPD_API,2026-02-19 18:48:42.089785
B*51:34,Bw4 - 80I,1,IPD_API,2026-02-19 18:48:42.089785
B*51:340,Bw4 - 80I,1,IPD_API,2026-02-19 18:48:42.089785
B*51:341,Bw4 - 80T,1,IPD_API,2026-02-19 18:48:42.089785
B*51:342,Bw4 - 80I,1,IPD_API,2026-02-19 18:48:42.089785
B*51:343,Bw4 - 80I,1,IPD_API,2026-02-19 18:48:42.089785
B*51:345,Bw4 - 80I,1,IPD_API,2026-02-19 18:48:42.089785
B*51:346,Bw4 - 80I,1,IPD_API,2026-02-19 18:48:42.089785
B*51:347,Bw4 - 80I,1,IPD_API,2026-02-19 18:48:42.089785
B*51:348,Bw4 - 80I,1,IPD_API,2026-02-19 18:48:42.089785
B*51:349,Bw4 - 80I,1,IPD_API,2026-02-19 18:48:42.089785
B*51:35,Bw4 - 80I,1,IPD_API,2026-02-19 18:48:42.089785
B*51:350,Bw4 - 80I,1,IPD_API,2026-02-19 18:48:42.089785
B*51:351,Bw4 - 80I,1,IPD_API,2026-02-19 18:48:42.089785
B*51:352,Bw4 - 80I,1,IPD_API,2026-02-19 18:48:42.089785
B*51:353,Bw4 - 80I,1,IPD_API,2026-02-19 18:48:42.089785
B*51:354,Bw4 - 80I,1,IPD_API,2026-02-19 18:48:42.089785
B*51:355,Bw4 - 80I,1,IPD_API,2026-02-19 18:48:42.089785
B*51:356,Bw4 - 80I,1,IPD_API,2026-02-19 18:48:42.089785
B*51:358,Bw4 - 80I,1,IPD_API,2026-02-19 18:48:42.089785
B*51:359,Bw4 - 80I,1,IPD_API,2026-02-19 18:48:42.089785
B*51:36,Bw4 - 80I,1,IPD_API,2026-02-19 18:48:42.089785
B*51:360,Bw4 - 80I,1,IPD_API,2026-02-19 18:48:42.089785
B*51:362,Bw4 - 80I,1,IPD_API,2026-02-19 18:48:42.089785
B*51:363,Bw4 - 80I,1,IPD_API,2026-02-19 18:48:42.089785
B*51:364,Bw4 - 80I,1,IPD_API,2026-02-19 18:48:42.089785
B*51:366,Bw4 - 80I,1,IPD_API,2026-02-19 18:48:42.089785
B*51:367,Bw4 - 80I,1,IPD_API,2026-02-19 18:48:42.089785
B*51:368,Bw4 - 80I,1,IPD_API,2026-02-19 18:48:42.089785
B*51:369,Bw4 - 80I,1,IPD_API,2026-02-19 18:48:42.089785
B*51:37,Bw4 - 80I,1,IPD_API,2026-02-19 18:48:42.089785
B*51:370,Bw4 - 80I,1,IPD_API,2026-02-19 18:48:42.089785
B*51:371,Bw4 - 80T,1,IPD_API,2026-02-19 18:48:42.089785
B*51:372,Bw4 - 80I,1,IPD_API,2026-02-19 18:48:42.089785
B*51:373,Bw4 - 80I,1,IPD_API,2026-02-19 18:48:42.089785
B*51:374,Bw4 - 80I,1,IPD_API,2026-02-19 18:48:42.089785
B*51:375,Bw4 - 80I,1,IPD_API,2026-02-19 18:48:42.089785
B*51:376,Bw4 - 80I,1,IPD_API,2026-02-19 18:48:42.089785
B*51:378,Bw4 - 80I,1,IPD_API,2026-02-19 18:48:42.089785
B*51:379,Bw4 - 80I,1,IPD_API,2026-02-19 18:48:42.089785
B*51:38,Bw4 - 80I,1,IPD_API,2026-02-19 18:48:42.089785
B*51:380,Bw4 - 80I,1,IPD_API,2026-02-19 18:48:42.089785
B*51:381,Bw4 - 80I,1,IPD_API,2026-02-19 18:48:42.089785
B*51:382,Bw4 - 80I,1,IPD_API,2026-02-19 18:48:42.089785
B*51:383,Bw4 - 80I,1,IPD_API,2026-02-19 18:48:42.089785
B*51:384,Bw4 - 80I,1,IPD_API,2026-02-19 18:48:42.089785
B*51:385,Bw4 - 80I,1,IPD_API,2026-02-19 18:48:42.089785
B*51:386,Bw4 - 80I,1,IPD_API,2026-02-19 18:48:42.089785
B*51:388,Bw4 - 80I,1,IPD_API,2026-02-19 18:48:42.089785
B*51:389,Bw4 - 80I,1,IPD_API,2026-02-19 18:48:42.089785
B*51:39,Bw4 - 80I,2,IPD_API,2026-02-19 18:48:42.089785
B*51:390,Bw4 - 80I,1,IPD_API,2026-02-19 18:48:42.089785
B*51:392,Bw4 - 80I,1,IPD_API,2026-02-19 18:48:42.089785
B*51:393,Bw4 - 80I,1,IPD_API,2026-02-19 18:48:42.089785
B*51:394,Bw4 - 80I,1,IPD_API,2026-02-19 18:48:42.089785
B*51:395,Bw4 - 80I,1,IPD_API,2026-02-19 18:48:42.089785
B*51:396,Bw4 - 80I,1,IPD_API,2026-02-19 18:48:42.089785
B*51:397,Bw4 - 80I,1,IPD_API,2026-02-19 18:48:42.089785
B*51:398,Bw4 - 80I,1,IPD_API,2026-02-19 18:48:42.089785
B*51:399,Bw4 - 80I,1,IPD_API,2026-02-19 18:48:42.089785
B*51:40,Bw4 - 80I,2,IPD_API,2026-02-19 18:48:42.089785
B*51:400,Bw4 - 80I,1,IPD_API,2026-02-19 18:48:42.089785
B*51:401,Bw4 - 80I,1,IPD_API,2026-02-19 18:48:42.089785
B*51:402,Bw4 - 80I,1,IPD_API,2026-02-19 18:48:42.089785
B*51:403,Bw4 - 80I,1,IPD_API,2026-02-19 18:48:42.089785
B*51:404,Bw4 - 80I,1,IPD_API,2026-02-19 18:48:42.089785
B*51:405,Bw4 - 80I,1,IPD_API,2026-02-19 18:48:42.089785
B*51:406,Bw4 - 80I,1,IPD_API,2026-02-19 18:48:42.089785
B*51:407,Bw4 - 80I,1,IPD_API,2026-02-19 18:48:42.089785
B*51:408,Bw4 - 80I,1,IPD_API,2026-02-19 18:48:42.089785
B*51:410,Bw4 - 80I,1,IPD_API,2026-02-19 18:48:42.089785
B*51:411,Bw4 - 80I,1,IPD_API,2026-02-19 18:48:42.089785
B*51:412,Bw4 - 80I,1,IPD_API,2026-02-19 18:48:42.089785
B*51:413,Bw4 - 80I,1,IPD_API,2026-02-19 18:48:42.089785
B*51:414,Bw4 - 80I,1,IPD_API,2026-02-19 18:48:42.089785
B*51:416,Bw4 - 80I,1,IPD_API,2026-02-19 18:48:42.089785
B*51:417,Bw4 - 80I,1,IPD_API,2026-02-19 18:48:42.089785
B*51:418,Bw4 - 80I,1,IPD_API,2026-02-19 18:48:42.089785
B*51:419,Bw4 - 80I,1,IPD_API,2026-02-19 18:48:42.089785
B*51:42,Bw4 - 80I,1,IPD_API,2026-02-19 18:48:42.089785
B*51:420,Bw4 - 80I,1,IPD_API,2026-02-19 18:48:42.089785
B*51:421,Bw4 - 80I,1,IPD_API,2026-02-19 18:48:42.089785
B*51:422,Bw4 - 80I,1,IPD_API,2026-02-19 18:48:42.089785
B*51:423,Bw4 - 80I,1,IPD_API,2026-02-19 18:48:42.089785
B*51:424,Bw4 - 80I,1,IPD_API,2026-02-19 18:48:42.089785
B*51:426,Bw4 - 80I,1,IPD_API,2026-02-19 18:48:42.089785
B*51:427,Bw4 - 80I,1,IPD_API,2026-02-19 18:48:42.089785
B*51:428,Bw4 - 80I,1,IPD_API,2026-02-19 18:48:42.089785
B*51:429,Bw4 - 80I,1,IPD_API,2026-02-19 18:48:42.089785
B*51:43,Bw4 - 80I,1,IPD_API,2026-02-19 18:48:42.089785
B*51:430,Bw4 - 80I,1,IPD_API,2026-02-19 18:48:42.089785
B*51:431,Bw4 - 80I,1,IPD_API,2026-02-19 18:48:42.089785
B*51:432,Bw4 - 80I,1,IPD_API,2026-02-19 18:48:42.089785
B*51:433,Bw4 - 80I,1,IPD_API,2026-02-19 18:48:42.089785
B*51:434,Bw4 - 80I,1,IPD_API,2026-02-19 18:48:42.089785
B*51:435,Bw4 - 80I,1,IPD_API,2026-02-19 18:48:42.089785
B*51:436,Bw4 - 80I,1,IPD_API,2026-02-19 18:48:42.089785
B*51:437,Bw4 - 80I,1,IPD_API,2026-02-19 18:48:42.089785
B*51:45,Bw4 - 80I,1,IPD_API,2026-02-19 18:48:42.089785
B*51:46,Bw4 - 80I,1,IPD_API,2026-02-19 18:48:42.089785
B*51:48,Bw4 - 80I,1,IPD_API,2026-02-19 18:48:42.089785
B*51:49,Bw4 - 80I,1,IPD_API,2026-02-19 18:48:42.089785
B*51:50,Bw4 - 80I,1,IPD_API,2026-02-19 18:48:42.089785
B*51:51,Bw4 - 80I,1,IPD_API,2026-02-19 18:48:42.089785
B*51:52,Bw4 - 80I,1,IPD_API,2026-02-19 18:48:42.089785
B*51:53,Bw4 - 80I,1,IPD_API,2026-02-19 18:48:42.089785
B*51:54,Bw4 - 80T,1,IPD_API,2026-02-19 18:48:42.089785
B*51:55,Bw4 - 80I,1,IPD_API,2026-02-19 18:48:42.089785
B*51:56,Bw4 - 80I,3,IPD_API,2026-02-19 18:48:42.089785
B*51:57,Bw4 - 80I,1,IPD_API,2026-02-19 18:48:42.089785
B*51:58,Bw4 - 80I,1,IPD_API,2026-02-19 18:48:42.089785
B*51:59,Bw4 - 80I,1,IPD_API,2026-02-19 18:48:42.089785
B*51:60,Bw4 - 80I,1,IPD_API,2026-02-19 18:48:42.089785
B*51:61,Bw4 - 80I,2,IPD_API,2026-02-19 18:48:42.089785
B*51:62,Bw4 - 80I,1,IPD_API,2026-02-19 18:48:42.089785
B*51:63,Bw4 - 80I,2,IPD_API,2026-02-19 18:48:42.089785
B*51:64,Bw4 - 80I,1,IPD_API,2026-02-19 18:48:42.089785
B*51:65,Bw4 - 80I,1,IPD_API,2026-02-19 18:48:42.089785
B*51:66,Bw4 - 80I,1,IPD_API,2026-02-19 18:48:42.089785
B*51:67,Bw4 - 80I,1,IPD_API,2026-02-19 18:48:42.089785
B*51:68,Bw4 - 80I,1,IPD_API,2026-02-19 18:48:42.089785
B*51:69,Bw4 - 80I,1,IPD_API,2026-02-19 18:48:42.089785
B*51:70,Bw4 - 80I,1,IPD_API,2026-02-19 18:48:42.089785
B*51:71,Bw4 - 80I,1,IPD_API,2026-02-19 18:48:42.089785
B*51:72,Bw4 - 80I,1,IPD_API,2026-02-19 18:48:42.089785
B*51:73,Bw4 - 80I,1,IPD_API,2026-02-19 18:48:42.089785
B*51:74,Bw4 - 80I,1,IPD_API,2026-02-19 18:48:42.089785
B*51:75,Bw4 - 80I,1,IPD_API,2026-02-19 18:48:42.089785
B*51:76,Bw4 - 80I,1,IPD_API,2026-02-19 18:48:42.089785
B*51:77,Bw4 - 80I,1,IPD_API,2026-02-19 18:48:42.089785
B*51:78,Bw4 - 80T,2,IPD_API,2026-02-19 18:48:42.089785
B*51:79,Bw4 - 80I,1,IPD_API,2026-02-19 18:48:42.089785
B*51:80,Bw4 - 80I,1,IPD_API,2026-02-19 18:48:42.089785
B*51:81,Bw4 - 80I,1,IPD_API,2026-02-19 18:48:42.089785
B*51:82,Bw4 - 80I,1,IPD_API,2026-02-19 18:48:42.089785
B*51:83,Bw4 - 80I,1,IPD_API,2026-02-19 18:48:42.089785
B*51:84,Bw4 - 80I,1,IPD_API,2026-02-19 18:48:42.089785
B*51:85,Bw4 - 80I,1,IPD_API,2026-02-19 18:48:42.089785
B*51:86,Bw4 - 80I,1,IPD_API,2026-02-19 18:48:42.089785
B*51:87,Bw4 - 80I,1,IPD_API,2026-02-19 18:48:42.089785
B*51:88,Bw4 - 80I,1,IPD_API,2026-02-19 18:48:42.089785
B*51:89,Bw4 - 80I,2,IPD_API,2026-02-19 18:48:42.089785
B*51:90,Bw4 - 80I,1,IPD_API,2026-02-19 18:48:42.089785
B*51:91,Bw4 - 80I,1,IPD_API,2026-02-19 18:48:42.089785
B*51:92,Bw4 - 80I,2,IPD_API,2026-02-19 18:48:42.089785
B*51:93,Bw4 - 80I,1,IPD_API,2026-02-19 18:48:42.089785
B*51:94,Bw4 - 80I,1,IPD_API,2026-02-19 18:48:42.089785
B*51:95,Bw4 - 80I,1,IPD_API,2026-02-19 18:48:42.089785
B*51:96,Bw4 - 80I,1,IPD_API,2026-02-19 18:48:42.089785
B*51:97,Bw4 - 80I,1,IPD_API,2026-02-19 18:48:42.089785
B*51:99,Bw4 - 80I,1,IPD_API,2026-02-19 18:48:42.089785
B*52:01,Bw4 - 80I,97,IPD_API,2026-02-19 18:48:42.089785
B*52:02,Bw4 - 80I,2,IPD_API,2026-02-19 18:48:42.089785
B*52:03,Bw4 - 80I,1,IPD_API,2026-02-19 18:48:42.089785
B*52:04,Bw4 - 80I,1,IPD_API,2026-02-19 18:48:42.089785
B*52:05,Bw4 - 80I,1,IPD_API,2026-02-19 18:48:42.089785
B*52:06,Bw4 - 80I,3,IPD_API,2026-02-19 18:48:42.089785
B*52:07,Bw4 - 80I,2,IPD_API,2026-02-19 18:48:42.089785
B*52:08,Bw4 - 80I,1,IPD_API,2026-02-19 18:48:42.089785
B*52:10,Bw4 - 80I,3,IPD_API,2026-02-19 18:48:42.089785
B*52:100,Bw4 - 80I,1,IPD_API,2026-02-19 18:48:42.089785
B*52:101,Bw4 - 80I,1,IPD_API,2026-02-19 18:48:42.089785
B*52:102,Bw4 - 80I,1,IPD_API,2026-02-19 18:48:42.089785
B*52:104,Bw4 - 80I,1,IPD_API,2026-02-19 18:48:42.089785
B*52:105,Bw4 - 80I,1,IPD_API,2026-02-19 18:48:42.089785
B*52:106,Bw4 - 80I,1,IPD_API,2026-02-19 18:48:42.089785
B*52:107,Bw4 - 80I,1,IPD_API,2026-02-19 18:48:42.089785
B*52:108,Bw4 - 80I,1,IPD_API,2026-02-19 18:48:42.089785
B*52:109,Bw4 - 80I,1,IPD_API,2026-02-19 18:48:42.089785
B*52:11,Bw4 - 80I,2,IPD_API,2026-02-19 18:48:42.089785
B*52:111,Bw4 - 80I,1,IPD_API,2026-02-19 18:48:42.089785
B*52:112,Bw4 - 80I,1,IPD_API,2026-02-19 18:48:42.089785
B*52:113,Bw4 - 80I,1,IPD_API,2026-02-19 18:48:42.089785
B*52:114,Bw4 - 80I,1,IPD_API,2026-02-19 18:48:42.089785
B*52:116,Bw4 - 80I,1,IPD_API,2026-02-19 18:48:42.089785
B*52:117,Bw4 - 80I,1,IPD_API,2026-02-19 18:48:42.089785
B*52:118,Bw4 - 80I,1,IPD_API,2026-02-19 18:48:42.089785
B*52:119,Bw4 - 80I,1,IPD_API,2026-02-19 18:48:42.089785
B*52:12,Bw4 - 80I,1,IPD_API,2026-02-19 18:48:42.089785
B*52:121,Bw4 - 80I,1,IPD_API,2026-02-19 18:48:42.089785
B*52:122,Bw4 - 80I,1,IPD_API,2026-02-19 18:48:42.089785
B*52:123,Bw4 - 80I,1,IPD_API,2026-02-19 18:48:42.089785
B*52:125,Bw4 - 80I,1,IPD_API,2026-02-19 18:48:42.089785
B*52:126,Bw4 - 80I,1,IPD_API,2026-02-19 18:48:42.089785
B*52:127,Bw4 - 80I,1,IPD_API,2026-02-19 18:48:42.089785
B*52:128,Bw4 - 80I,1,IPD_API,2026-02-19 18:48:42.089785
B*52:129,Bw4 - 80I,1,IPD_API,2026-02-19 18:48:42.089785
B*52:13,Bw4 - 80I,1,IPD_API,2026-02-19 18:48:42.089785
B*52:130,Bw4 - 80I,1,IPD_API,2026-02-19 18:48:42.089785
B*52:131,Bw4 - 80I,1,IPD_API,2026-02-19 18:48:42.089785
B*52:132,Bw6,1,IPD_API,2026-02-19 18:48:42.089785
B*52:133,Bw4 - 80I,1,IPD_API,2026-02-19 18:48:42.089785
B*52:134,Bw4 - 80I,1,IPD_API,2026-02-19 18:48:42.089785
B*52:135,Bw4 - 80I,1,IPD_API,2026-02-19 18:48:42.089785
B*52:14,Bw4 - 80I,2,IPD_API,2026-02-19 18:48:42.089785
B*52:15,Bw4 - 80I,1,IPD_API,2026-02-19 18:48:42.089785
B*52:16,Bw4 - 80I,1,IPD_API,2026-02-19 18:48:42.089785
B*52:17,Bw4 - 80I,1,IPD_API,2026-02-19 18:48:42.089785
B*52:18,Bw4 - 80I,1,IPD_API,2026-02-19 18:48:42.089785
B*52:19,Bw4 - 80I,1,IPD_API,2026-02-19 18:48:42.089785
B*52:20,Bw4 - 80T,1,IPD_API,2026-02-19 18:48:42.089785
B*52:21,Bw4 - 80I,2,IPD_API,2026-02-19 18:48:42.089785
B*52:22,Bw4 - 80I,1,IPD_API,2026-02-19 18:48:42.089785
B*52:23,Bw4 - 80I,1,IPD_API,2026-02-19 18:48:42.089785
B*52:24,Bw4 - 80I,1,IPD_API,2026-02-19 18:48:42.089785
B*52:25,Bw4 - 80I,2,IPD_API,2026-02-19 18:48:42.089785
B*52:26,Bw4 - 80I,1,IPD_API,2026-02-19 18:48:42.089785
B*52:27,Bw4 - 80I,1,IPD_API,2026-02-19 18:48:42.089785
B*52:28,Bw4 - 80I,1,IPD_API,2026-02-19 18:48:42.089785
B*52:29,Bw4 - 80I,1,IPD_API,2026-02-19 18:48:42.089785
B*52:30,Bw4 - 80I,2,IPD_API,2026-02-19 18:48:42.089785
B*52:31,Bw4 - 80I,2,IPD_API,2026-02-19 18:48:42.089785
B*52:32,Bw4 - 80I,1,IPD_API,2026-02-19 18:48:42.089785
B*52:33,Bw4 - 80I,1,IPD_API,2026-02-19 18:48:42.089785
B*52:34,Bw4 - 80I,1,IPD_API,2026-02-19 18:48:42.089785
B*52:35,Bw4 - 80I,1,IPD_API,2026-02-19 18:48:42.089785
B*52:36,Bw4 - 80I,1,IPD_API,2026-02-19 18:48:42.089785
B*52:37,Bw4 - 80I,1,IPD_API,2026-02-19 18:48:42.089785
B*52:38,Bw4 - 80I,1,IPD_API,2026-02-19 18:48:42.089785
B*52:39,Bw4 - 80I,1,IPD_API,2026-02-19 18:48:42.089785
B*52:40,Bw4 - 80I,1,IPD_API,2026-02-19 18:48:42.089785
B*52:41,Bw4 - 80I,1,IPD_API,2026-02-19 18:48:42.089785
B*52:42,Bw4 - 80I,1,IPD_API,2026-02-19 18:48:42.089785
B*52:43,Bw4 - 80I,1,IPD_API,2026-02-19 18:48:42.089785
B*52:44,Bw4 - 80I,1,IPD_API,2026-02-19 18:48:42.089785
B*52:45,Bw4 - 80I,1,IPD_API,2026-02-19 18:48:42.089785
B*52:46,Bw4 - 80I,1,IPD_API,2026-02-19 18:48:42.089785
B*52:47,Bw4 - 80I,1,IPD_API,2026-02-19 18:48:42.089785
B*52:48,Bw4 - 80I,1,IPD_API,2026-02-19 18:48:42.089785
B*52:50,Bw4 - 80I,1,IPD_API,2026-02-19 18:48:42.089785
B*52:51,Bw4 - 80I,1,IPD_API,2026-02-19 18:48:42.089785
B*52:52,Bw4 - 80I,1,IPD_API,2026-02-19 18:48:42.089785
B*52:53,Bw4 - 80I,1,IPD_API,2026-02-19 18:48:42.089785
B*52:54,Bw4 - 80I,1,IPD_API,2026-02-19 18:48:42.089785
B*52:55,Bw4 - 80I,1,IPD_API,2026-02-19 18:48:42.089785
B*52:56,Bw4 - 80I,1,IPD_API,2026-02-19 18:48:42.089785
B*52:57,Bw4 - 80I,1,IPD_API,2026-02-19 18:48:42.089785
B*52:58,Bw4 - 80I,1,IPD_API,2026-02-19 18:48:42.089785
B*52:59,Bw4 - 80I,1,IPD_API,2026-02-19 18:48:42.089785
B*52:60,Bw4 - 80I,1,IPD_API,2026-02-19 18:48:42.089785
B*52:61,Bw4 - 80I,1,IPD_API,2026-02-19 18:48:42.089785
B*52:62,Bw4 - 80I,1,IPD_API,2026-02-19 18:48:42.089785
B*52:63,Bw4 - 80I,1,IPD_API,2026-02-19 18:48:42.089785
B*52:64,Bw4 - 80I,1,IPD_API,2026-02-19 18:48:42.089785
B*52:65,Bw4 - 80I,1,IPD_API,2026-02-19 18:48:42.089785
B*52:66,Bw4 - 80I,1,IPD_API,2026-02-19 18:48:42.089785
B*52:67,Bw4 - 80I,1,IPD_API,2026-02-19 18:48:42.089785
B*52:68,Bw4 - 80I,1,IPD_API,2026-02-19 18:48:42.089785
B*52:69,Bw4 - 80I,1,IPD_API,2026-02-19 18:48:42.089785
B*52:70,Bw4 - 80I,1,IPD_API,2026-02-19 18:48:42.089785
B*52:71,Bw4 - 80I,1,IPD_API,2026-02-19 18:48:42.089785
B*52:72,Bw4 - 80I,1,IPD_API,2026-02-19 18:48:42.089785
B*52:73,Bw4 - 80I,1,IPD_API,2026-02-19 18:48:42.089785
B*52:74,Bw4 - 80I,1,IPD_API,2026-02-19 18:48:42.089785
B*52:75,Bw4 - 80I,1,IPD_API,2026-02-19 18:48:42.089785
B*52:76,Bw4 - 80I,1,IPD_API,2026-02-19 18:48:42.089785
B*52:77,Bw4 - 80I,1,IPD_API,2026-02-19 18:48:42.089785
B*52:78,Bw4 - 80I,1,IPD_API,2026-02-19 18:48:42.089785
B*52:79,Bw4 - 80I,1,IPD_API,2026-02-19 18:48:42.089785
B*52:80,Bw4 - 80I,1,IPD_API,2026-02-19 18:48:42.089785
B*52:81,Bw4 - 80I,1,IPD_API,2026-02-19 18:48:42.089785
B*52:82,Bw4 - 80I,1,IPD_API,2026-02-19 18:48:42.089785
B*52:83,Bw4 - 80I,1,IPD_API,2026-02-19 18:48:42.089785
B*52:84,Bw4 - 80I,1,IPD_API,2026-02-19 18:48:42.089785
B*52:85,Bw4 - 80I,1,IPD_API,2026-02-19 18:48:42.089785
B*52:86,Bw4 - 80I,1,IPD_API,2026-02-19 18:48:42.089785
B*52:87,Bw4 - 80I,1,IPD_API,2026-02-19 18:48:42.089785
B*52:88,Bw4 - 80I,1,IPD_API,2026-02-19 18:48:42.089785
B*52:90,Bw4 - 80I,1,IPD_API,2026-02-19 18:48:42.089785
B*52:91,Bw4 - 80I,1,IPD_API,2026-02-19 18:48:42.089785
B*52:92,Bw4 - 80I,1,IPD_API,2026-02-19 18:48:42.089785
B*52:93,Bw4 - 80I,1,IPD_API,2026-02-19 18:48:42.089785
B*52:95,Bw4 - 80I,1,IPD_API,2026-02-19 18:48:42.089785
B*52:97,Bw4 - 80I,1,IPD_API,2026-02-19 18:48:42.089785
B*52:98,Bw4 - 80I,1,IPD_API,2026-02-19 18:48:42.089785
B*52:99,Bw4 - 80I,1,IPD_API,2026-02-19 18:48:42.089785
B*53:01,Bw4 - 80I,46,IPD_API,2026-02-19 18:48:42.089785
B*53:02,Bw4 - 80I,1,IPD_API,2026-02-19 18:48:42.089785
B*53:03,Bw4 - 80T,1,IPD_API,2026-02-19 18:48:42.089785
B*53:04,Bw4 - 80I,1,IPD_API,2026-02-19 18:48:42.089785
B*53:06,Bw4 - 80I,1,IPD_API,2026-02-19 18:48:42.089785
B*53:07,Bw4 - 80I,1,IPD_API,2026-02-19 18:48:42.089785
B*53:08,Bw4 - 80I,2,IPD_API,2026-02-19 18:48:42.089785
B*53:09,Bw4 - 80T,1,IPD_API,2026-02-19 18:48:42.089785
B*53:10,Bw4 - 80I,1,IPD_API,2026-02-19 18:48:42.089785
B*53:11,Bw4 - 80T,1,IPD_API,2026-02-19 18:48:42.089785
B*53:12,Bw4 - 80T,1,IPD_API,2026-02-19 18:48:42.089785
B*53:13,Bw4 - 80T,1,IPD_API,2026-02-19 18:48:42.089785
B*53:14,Bw4 - 80I,1,IPD_API,2026-02-19 18:48:42.089785
B*53:15,Bw4 - 80I,1,IPD_API,2026-02-19 18:48:42.089785
B*53:17,Bw4 - 80I,2,IPD_API,2026-02-19 18:48:42.089785
B*53:18,Bw4 - 80I,1,IPD_API,2026-02-19 18:48:42.089785
B*53:19,Bw4 - 80I,1,IPD_API,2026-02-19 18:48:42.089785
B*53:20,Bw4 - 80I,1,IPD_API,2026-02-19 18:48:42.089785
B*53:21,Bw4 - 80I,1,IPD_API,2026-02-19 18:48:42.089785
B*53:22,Bw4 - 80I,1,IPD_API,2026-02-19 18:48:42.089785
B*53:23,Bw4 - 80I,1,IPD_API,2026-02-19 18:48:42.089785
B*53:24,Bw4 - 80I,1,IPD_API,2026-02-19 18:48:42.089785
B*53:25,Bw4 - 80I,1,IPD_API,2026-02-19 18:48:42.089785
B*53:26,Bw4 - 80I,1,IPD_API,2026-02-19 18:48:42.089785
B*53:27,Bw4 - 80I,1,IPD_API,2026-02-19 18:48:42.089785
B*53:28,Bw4 - 80I,1,IPD_API,2026-02-19 18:48:42.089785
B*53:29,Bw4 - 80I,1,IPD_API,2026-02-19 18:48:42.089785
B*53:30,Bw4 - 80I,1,IPD_API,2026-02-19 18:48:42.089785
B*53:31,Bw4 - 80T,1,IPD_API,2026-02-19 18:48:42.089785
B*53:32,Bw4 - 80I,1,IPD_API,2026-02-19 18:48:42.089785
B*53:34,Bw4 - 80I,1,IPD_API,2026-02-19 18:48:42.089785
B*53:35,Bw4 - 80I,1,IPD_API,2026-02-19 18:48:42.089785
B*53:36,Bw4 - 80T,1,IPD_API,2026-02-19 18:48:42.089785
B*53:37,Bw4 - 80I,1,IPD_API,2026-02-19 18:48:42.089785
B*53:38,Bw4 - 80T,1,IPD_API,2026-02-19 18:48:42.089785
B*53:39,Bw4 - 80I,1,IPD_API,2026-02-19 18:48:42.089785
B*53:40,Bw4 - 80I,1,IPD_API,2026-02-19 18:48:42.089785
B*53:41,Bw4 - 80I,1,IPD_API,2026-02-19 18:48:42.089785
B*53:42,Bw4 - 80I,1,IPD_API,2026-02-19 18:48:42.089785
B*53:43,Bw4 - 80I,2,IPD_API,2026-02-19 18:48:42.089785
B*53:44,Bw4 - 80I,1,IPD_API,2026-02-19 18:48:42.089785
B*53:45,Bw4 - 80I,1,IPD_API,2026-02-19 18:48:42.089785
B*53:46,Bw4 - 80I,1,IPD_API,2026-02-19 18:48:42.089785
B*53:47,Bw4 - 80I,1,IPD_API,2026-02-19 18:48:42.089785
B*53:49,Bw4 - 80I,1,IPD_API,2026-02-19 18:48:42.089785
B*53:50,Bw4 - 80I,1,IPD_API,2026-02-19 18:48:42.089785
B*53:51,Bw4 - 80I,1,IPD_API,2026-02-19 18:48:42.089785
B*53:52,Bw4 - 80I,1,IPD_API,2026-02-19 18:48:42.089785
B*53:53,Bw4 - 80I,1,IPD_API,2026-02-19 18:48:42.089785
B*53:54,Bw4 - 80I,1,IPD_API,2026-02-19 18:48:42.089785
B*53:55,Bw4 - 80T,1,IPD_API,2026-02-19 18:48:42.089785
B*53:56,Bw4 - 80I,1,IPD_API,2026-02-19 18:48:42.089785
B*53:57,Bw4 - 80I,1,IPD_API,2026-02-19 18:48:42.089785
B*53:58,Bw4 - 80I,1,IPD_API,2026-02-19 18:48:42.089785
B*53:59,Bw4 - 80I,1,IPD_API,2026-02-19 18:48:42.089785
B*53:60,Bw4 - 80I,1,IPD_API,2026-02-19 18:48:42.089785
B*53:61,Bw4 - 80I,1,IPD_API,2026-02-19 18:48:42.089785
B*53:62,Bw4 - 80I,1,IPD_API,2026-02-19 18:48:42.089785
B*53:63,Bw4 - 80I,1,IPD_API,2026-02-19 18:48:42.089785
B*53:64,Bw4 - 80I,1,IPD_API,2026-02-19 18:48:42.089785
B*53:65,Bw4 - 80I,1,IPD_API,2026-02-19 18:48:42.089785
B*53:66,Bw4 - 80I,1,IPD_API,2026-02-19 18:48:42.089785
B*53:67,Bw4 - 80T,1,IPD_API,2026-02-19 18:48:42.089785
B*53:68,Bw4 - 80I,1,IPD_API,2026-02-19 18:48:42.089785
B*53:69,Bw4 - 80I,1,IPD_API,2026-02-19 18:48:42.089785
B*53:70,Bw4 - 80I,1,IPD_API,2026-02-19 18:48:42.089785
B*53:71,Bw4 - 80I,1,IPD_API,2026-02-19 18:48:42.089785
B*53:72,Bw4 - 80I,1,IPD_API,2026-02-19 18:48:42.089785
B*53:73,Bw4 - 80I,1,IPD_API,2026-02-19 18:48:42.089785
B*53:74,Bw4 - 80I,1,IPD_API,2026-02-19 18:48:42.089785
B*53:76,Bw4 - 80I,1,IPD_API,2026-02-19 18:48:42.089785
B*53:77,Bw4 - 80I,1,IPD_API,2026-02-19 18:48:42.089785
B*53:78,Bw4 - 80I,1,IPD_API,2026-02-19 18:48:42.089785
B*53:79,Bw4 - 80I,1,IPD_API,2026-02-19 18:48:42.089785
B*53:82,Bw4 - 80I,1,IPD_API,2026-02-19 18:48:42.089785
B*53:83,Bw4 - 80I,1,IPD_API,2026-02-19 18:48:42.089785
B*53:84,Bw4 - 80I,1,IPD_API,2026-02-19 18:48:42.089785
B*54:01,Bw6,21,IPD_API,2026-02-19 18:48:42.089785
B*54:02,Bw6,1,IPD_API,2026-02-19 18:48:42.089785
B*54:03,Bw6,1,IPD_API,2026-02-19 18:48:42.089785
B*54:04,Bw6,1,IPD_API,2026-02-19 18:48:42.089785
B*54:06,Bw6,1,IPD_API,2026-02-19 18:48:42.089785
B*54:07,Bw6,1,IPD_API,2026-02-19 18:48:42.089785
B*54:09,Bw6,1,IPD_API,2026-02-19 18:48:42.089785
B*54:10,Bw6,1,IPD_API,2026-02-19 18:48:42.089785
B*54:11,Bw6,1,IPD_API,2026-02-19 18:48:42.089785
B*54:12,Bw4 - 80I,1,IPD_API,2026-02-19 18:48:42.089785
B*54:13,Bw6,1,IPD_API,2026-02-19 18:48:42.089785
B*54:14,Bw6,1,IPD_API,2026-02-19 18:48:42.089785
B*54:15,Bw6,1,IPD_API,2026-02-19 18:48:42.089785
B*54:16,Bw6,1,IPD_API,2026-02-19 18:48:42.089785
B*54:17,Bw6,1,IPD_API,2026-02-19 18:48:42.089785
B*54:18,Bw6,1,IPD_API,2026-02-19 18:48:42.089785
B*54:19,Bw6,1,IPD_API,2026-02-19 18:48:42.089785
B*54:20,Bw6,1,IPD_API,2026-02-19 18:48:42.089785
B*54:21,Bw6,1,IPD_API,2026-02-19 18:48:42.089785
B*54:22,Bw6,1,IPD_API,2026-02-19 18:48:42.089785
B*54:23,Bw6,1,IPD_API,2026-02-19 18:48:42.089785
B*54:24,Bw6,1,IPD_API,2026-02-19 18:48:42.089785
B*54:25,Bw6,1,IPD_API,2026-02-19 18:48:42.089785
B*54:26,Bw6,1,IPD_API,2026-02-19 18:48:42.089785
B*54:27,Bw6,1,IPD_API,2026-02-19 18:48:42.089785
B*54:28,Bw6,1,IPD_API,2026-02-19 18:48:42.089785
B*54:29,Bw6,1,IPD_API,2026-02-19 18:48:42.089785
B*54:30,Bw6,1,IPD_API,2026-02-19 18:48:42.089785
B*54:31,Bw6,1,IPD_API,2026-02-19 18:48:42.089785
B*54:32,Bw6,1,IPD_API,2026-02-19 18:48:42.089785
B*54:33,Bw6,1,IPD_API,2026-02-19 18:48:42.089785
B*54:34,Bw6,1,IPD_API,2026-02-19 18:48:42.089785
B*54:35,Bw6,1,IPD_API,2026-02-19 18:48:42.089785
B*54:36,Bw6,1,IPD_API,2026-02-19 18:48:42.089785
B*54:37,Bw6,1,IPD_API,2026-02-19 18:48:42.089785
B*54:38,Bw6,1,IPD_API,2026-02-19 18:48:42.089785
B*54:39,Bw6,1,IPD_API,2026-02-19 18:48:42.089785
B*54:40,Bw6,1,IPD_API,2026-02-19 18:48:42.089785
B*54:41,Bw6,1,IPD_API,2026-02-19 18:48:42.089785
B*54:42,Bw6,1,IPD_API,2026-02-19 18:48:42.089785
B*54:43,Bw6,1,IPD_API,2026-02-19 18:48:42.089785
B*54:44,Bw6,1,IPD_API,2026-02-19 18:48:42.089785
B*54:45,Bw6,1,IPD_API,2026-02-19 18:48:42.089785
B*54:46,Bw6,1,IPD_API,2026-02-19 18:48:42.089785
B*54:47,Bw6,1,IPD_API,2026-02-19 18:48:42.089785
B*54:48,Bw6,1,IPD_API,2026-02-19 18:48:42.089785
B*54:50,Bw6,1,IPD_API,2026-02-19 18:48:42.089785
B*54:51,Bw6,1,IPD_API,2026-02-19 18:48:42.089785
B*54:52,Bw6,1,IPD_API,2026-02-19 18:48:42.089785
B*55:01,Bw6,58,IPD_API,2026-02-19 18:48:42.089785
B*55:02,Bw6,27,IPD_API,2026-02-19 18:48:42.089785
B*55:03,Bw6,1,IPD_API,2026-02-19 18:48:42.089785
B*55:04,Bw6,1,IPD_API,2026-02-19 18:48:42.089785
B*55:05,Bw6,1,IPD_API,2026-02-19 18:48:42.089785
B*55:07,Bw6,1,IPD_API,2026-02-19 18:48:42.089785
B*55:08,Bw6,1,IPD_API,2026-02-19 18:48:42.089785
B*55:09,Bw6,1,IPD_API,2026-02-19 18:48:42.089785
B*55:10,Bw6,1,IPD_API,2026-02-19 18:48:42.089785
B*55:100,Bw6,1,IPD_API,2026-02-19 18:48:42.089785
B*55:102,Bw6,1,IPD_API,2026-02-19 18:48:42.089785
B*55:103,Bw4 - 80I,1,IPD_API,2026-02-19 18:48:42.089785
B*55:104,Bw6,1,IPD_API,2026-02-19 18:48:42.089785
B*55:105,Bw6,1,IPD_API,2026-02-19 18:48:42.089785
B*55:106,Bw6,1,IPD_API,2026-02-19 18:48:42.089785
B*55:107,Bw6,1,IPD_API,2026-02-19 18:48:42.089785
B*55:108,Bw6,1,IPD_API,2026-02-19 18:48:42.089785
B*55:109,Bw6,1,IPD_API,2026-02-19 18:48:42.089785
B*55:11,Bw6,1,IPD_API,2026-02-19 18:48:42.089785
B*55:110,Bw6,1,IPD_API,2026-02-19 18:48:42.089785
B*55:111,Bw6,1,IPD_API,2026-02-19 18:48:42.089785
B*55:112,Bw6,1,IPD_API,2026-02-19 18:48:42.089785
B*55:113,Bw6,1,IPD_API,2026-02-19 18:48:42.089785
B*55:114,Bw6,1,IPD_API,2026-02-19 18:48:42.089785
B*55:115,Bw6,1,IPD_API,2026-02-19 18:48:42.089785
B*55:116,Bw6,2,IPD_API,2026-02-19 18:48:42.089785
B*55:119,Bw6,1,IPD_API,2026-02-19 18:48:42.089785
B*55:120,Bw6,1,IPD_API,2026-02-19 18:48:42.089785
B*55:121,Bw4 - 80T,1,IPD_API,2026-02-19 18:48:42.089785
B*55:122,Bw6,1,IPD_API,2026-02-19 18:48:42.089785
B*55:123,Bw6,1,IPD_API,2026-02-19 18:48:42.089785
B*55:124,Bw6,1,IPD_API,2026-02-19 18:48:42.089785
B*55:126,Bw6,1,IPD_API,2026-02-19 18:48:42.089785
B*55:127,Bw6,1,IPD_API,2026-02-19 18:48:42.089785
B*55:128,Bw6,1,IPD_API,2026-02-19 18:48:42.089785
B*55:129,Bw6,1,IPD_API,2026-02-19 18:48:42.089785
B*55:13,Bw6,1,IPD_API,2026-02-19 18:48:42.089785
B*55:130,Bw6,1,IPD_API,2026-02-19 18:48:42.089785
B*55:131,Bw6,1,IPD_API,2026-02-19 18:48:42.089785
B*55:133,Bw6,1,IPD_API,2026-02-19 18:48:42.089785
B*55:135,Bw6,1,IPD_API,2026-02-19 18:48:42.089785
B*55:136,Bw6,1,IPD_API,2026-02-19 18:48:42.089785
B*55:137,Bw6,1,IPD_API,2026-02-19 18:48:42.089785
B*55:138,Bw6,1,IPD_API,2026-02-19 18:48:42.089785
B*55:139,Bw6,1,IPD_API,2026-02-19 18:48:42.089785
B*55:14,Bw6,1,IPD_API,2026-02-19 18:48:42.089785
B*55:140,Bw6,1,IPD_API,2026-02-19 18:48:42.089785
B*55:141,Bw6,1,IPD_API,2026-02-19 18:48:42.089785
B*55:142,Bw6,1,IPD_API,2026-02-19 18:48:42.089785
B*55:143,Bw6,1,IPD_API,2026-02-19 18:48:42.089785
B*55:144,Bw6,1,IPD_API,2026-02-19 18:48:42.089785
B*55:145,Bw6,1,IPD_API,2026-02-19 18:48:42.089785
B*55:146,Bw6,1,IPD_API,2026-02-19 18:48:42.089785
B*55:147,Bw6,1,IPD_API,2026-02-19 18:48:42.089785
B*55:15,Bw6,1,IPD_API,2026-02-19 18:48:42.089785
B*55:16,Bw6,1,IPD_API,2026-02-19 18:48:42.089785
B*55:17,Bw6,1,IPD_API,2026-02-19 18:48:42.089785
B*55:18,Bw6,1,IPD_API,2026-02-19 18:48:42.089785
B*55:19,Bw6,1,IPD_API,2026-02-19 18:48:42.089785
B*55:20,Bw6,1,IPD_API,2026-02-19 18:48:42.089785
B*55:21,Bw6,1,IPD_API,2026-02-19 18:48:42.089785
B*55:22,Bw6,1,IPD_API,2026-02-19 18:48:42.089785
B*55:23,Bw6,1,IPD_API,2026-02-19 18:48:42.089785
B*55:24,Bw6,1,IPD_API,2026-02-19 18:48:42.089785
B*55:25,Bw6,1,IPD_API,2026-02-19 18:48:42.089785
B*55:26,Bw6,1,IPD_API,2026-02-19 18:48:42.089785
B*55:27,Bw6,1,IPD_API,2026-02-19 18:48:42.089785
B*55:28,Bw6,2,IPD_API,2026-02-19 18:48:42.089785
B*55:29,Bw6,1,IPD_API,2026-02-19 18:48:42.089785
B*55:30,Bw6,1,IPD_API,2026-02-19 18:48:42.089785
B*55:31,Bw6,1,IPD_API,2026-02-19 18:48:42.089785
B*55:32,Bw6,1,IPD_API,2026-02-19 18:48:42.089785
B*55:33,Bw6,1,IPD_API,2026-02-19 18:48:42.089785
B*55:34,Bw6,1,IPD_API,2026-02-19 18:48:42.089785
B*55:35,Bw6,1,IPD_API,2026-02-19 18:48:42.089785
B*55:36,Bw6,1,IPD_API,2026-02-19 18:48:42.089785
B*55:37,Bw6,1,IPD_API,2026-02-19 18:48:42.089785
B*55:38,Bw6,1,IPD_API,2026-02-19 18:48:42.089785
B*55:39,Bw6,1,IPD_API,2026-02-19 18:48:42.089785
B*55:40,Bw6,1,IPD_API,2026-02-19 18:48:42.089785
B*55:41,Bw6,1,IPD_API,2026-02-19 18:48:42.089785
B*55:42,Bw6,1,IPD_API,2026-02-19 18:48:42.089785
B*55:43,Bw6,1,IPD_API,2026-02-19 18:48:42.089785
B*55:44,Bw6,1,IPD_API,2026-02-19 18:48:42.089785
B*55:45,Bw6,1,IPD_API,2026-02-19 18:48:42.089785
B*55:46,Bw6,1,IPD_API,2026-02-19 18:48:42.089785
B*55:47,Bw6,1,IPD_API,2026-02-19 18:48:42.089785
B*55:48,Bw6,1,IPD_API,2026-02-19 18:48:42.089785
B*55:49,Bw6,1,IPD_API,2026-02-19 18:48:42.089785
B*55:50,Bw6,1,IPD_API,2026-02-19 18:48:42.089785
B*55:51,Bw6,1,IPD_API,2026-02-19 18:48:42.089785
B*55:52,Bw6,1,IPD_API,2026-02-19 18:48:42.089785
B*55:53,Bw6,1,IPD_API,2026-02-19 18:48:42.089785
B*55:54,Bw6,1,IPD_API,2026-02-19 18:48:42.089785
B*55:56,Bw6,1,IPD_API,2026-02-19 18:48:42.089785
B*55:57,Bw6,1,IPD_API,2026-02-19 18:48:42.089785
B*55:58,Bw6,1,IPD_API,2026-02-19 18:48:42.089785
B*55:59,Bw6,1,IPD_API,2026-02-19 18:48:42.089785
B*55:60,Bw6,1,IPD_API,2026-02-19 18:48:42.089785
B*55:61,Bw6,1,IPD_API,2026-02-19 18:48:42.089785
B*55:62,Bw6,1,IPD_API,2026-02-19 18:48:42.089785
B*55:63,Bw6,1,IPD_API,2026-02-19 18:48:42.089785
B*55:64,Bw6,1,IPD_API,2026-02-19 18:48:42.089785
B*55:65,Bw6,1,IPD_API,2026-02-19 18:48:42.089785
B*55:66,Bw6,1,IPD_API,2026-02-19 18:48:42.089785
B*55:67,Bw6,1,IPD_API,2026-02-19 18:48:42.089785
B*55:68,Bw6,1,IPD_API,2026-02-19 18:48:42.089785
B*55:69,Bw6,1,IPD_API,2026-02-19 18:48:42.089785
B*55:70,Bw6,1,IPD_API,2026-02-19 18:48:42.089785
B*55:71,Bw6,1,IPD_API,2026-02-19 18:48:42.089785
B*55:72,Bw6,1,IPD_API,2026-02-19 18:48:42.089785
B*55:73,Bw6,1,IPD_API,2026-02-19 18:48:42.089785
B*55:74,Bw6,1,IPD_API,2026-02-19 18:48:42.089785
B*55:75,Bw6,1,IPD_API,2026-02-19 18:48:42.089785
B*55:76,Bw6,1,IPD_API,2026-02-19 18:48:42.089785
B*55:77,Bw6,1,IPD_API,2026-02-19 18:48:42.089785
B*55:78,Bw6,1,IPD_API,2026-02-19 18:48:42.089785
B*55:79,Bw6,1,IPD_API,2026-02-19 18:48:42.089785
B*55:80,Bw6,1,IPD_API,2026-02-19 18:48:42.089785
B*55:81,Bw6,1,IPD_API,2026-02-19 18:48:42.089785
B*55:82,Bw6,1,IPD_API,2026-02-19 18:48:42.089785
B*55:84,Bw6,1,IPD_API,2026-02-19 18:48:42.089785
B*55:85,Bw6,1,IPD_API,2026-02-19 18:48:42.089785
B*55:86,Bw6,1,IPD_API,2026-02-19 18:48:42.089785
B*55:87,Bw6,1,IPD_API,2026-02-19 18:48:42.089785
B*55:88,Bw6,1,IPD_API,2026-02-19 18:48:42.089785
B*55:90,Bw4 - 80T,1,IPD_API,2026-02-19 18:48:42.089785
B*55:91,Bw6,1,IPD_API,2026-02-19 18:48:42.089785
B*55:92,Bw6,1,IPD_API,2026-02-19 18:48:42.089785
B*55:93,Bw6,1,IPD_API,2026-02-19 18:48:42.089785
B*55:94,Bw6,1,IPD_API,2026-02-19 18:48:42.089785
B*55:95,Bw6,1,IPD_API,2026-02-19 18:48:42.089785
B*55:96,Bw6,1,IPD_API,2026-02-19 18:48:42.089785
B*55:98,Bw6,1,IPD_API,2026-02-19 18:48:42.089785
B*55:99,Bw6,1,IPD_API,2026-02-19 18:48:42.089785
B*56:01,Bw6,40,IPD_API,2026-02-19 18:48:42.089785
B*56:02,Bw6,4,IPD_API,2026-02-19 18:48:42.089785
B*56:03,Bw6,1,IPD_API,2026-02-19 18:48:42.089785
B*56:04,Bw6,7,IPD_API,2026-02-19 18:48:42.089785
B*56:05,Bw6,1,IPD_API,2026-02-19 18:48:42.089785
B*56:06,Bw6,1,IPD_API,2026-02-19 18:48:42.089785
B*56:07,Bw4 - 80T,1,IPD_API,2026-02-19 18:48:42.089785
B*56:08,Bw6,1,IPD_API,2026-02-19 18:48:42.089785
B*56:09,Bw6,1,IPD_API,2026-02-19 18:48:42.089785
B*56:10,Bw6,1,IPD_API,2026-02-19 18:48:42.089785
B*56:100,Bw6,1,IPD_API,2026-02-19 18:48:42.089785
B*56:101,Bw6,1,IPD_API,2026-02-19 18:48:42.089785
B*56:102,Bw6,1,IPD_API,2026-02-19 18:48:42.089785
B*56:103,Bw6,1,IPD_API,2026-02-19 18:48:42.089785
B*56:104,Bw6,1,IPD_API,2026-02-19 18:48:42.089785
B*56:11,Bw6,1,IPD_API,2026-02-19 18:48:42.089785
B*56:12,Bw6,1,IPD_API,2026-02-19 18:48:42.089785
B*56:13,Bw6,1,IPD_API,2026-02-19 18:48:42.089785
B*56:14,Bw6,1,IPD_API,2026-02-19 18:48:42.089785
B*56:15,Bw6,1,IPD_API,2026-02-19 18:48:42.089785
B*56:16,Bw6,1,IPD_API,2026-02-19 18:48:42.089785
B*56:17,Bw6,1,IPD_API,2026-02-19 18:48:42.089785
B*56:18,Bw6,1,IPD_API,2026-02-19 18:48:42.089785
B*56:20,Bw6,2,IPD_API,2026-02-19 18:48:42.089785
B*56:21,Bw4 - 80I,1,IPD_API,2026-02-19 18:48:42.089785
B*56:22,Bw6,1,IPD_API,2026-02-19 18:48:42.089785
B*56:23,Bw6,1,IPD_API,2026-02-19 18:48:42.089785
B*56:24,Bw6,1,IPD_API,2026-02-19 18:48:42.089785
B*56:25,Bw6,1,IPD_API,2026-02-19 18:48:42.089785
B*56:26,Bw6,1,IPD_API,2026-02-19 18:48:42.089785
B*56:27,Bw6,1,IPD_API,2026-02-19 18:48:42.089785
B*56:29,Bw6,1,IPD_API,2026-02-19 18:48:42.089785
B*56:30,Bw6,1,IPD_API,2026-02-19 18:48:42.089785
B*56:31,Bw6,1,IPD_API,2026-02-19 18:48:42.089785
B*56:32,Bw6,1,IPD_API,2026-02-19 18:48:42.089785
B*56:33,Bw6,1,IPD_API,2026-02-19 18:48:42.089785
B*56:34,Bw6,1,IPD_API,2026-02-19 18:48:42.089785
B*56:35,Bw6,1,IPD_API,2026-02-19 18:48:42.089785
B*56:36,Bw6,1,IPD_API,2026-02-19 18:48:42.089785
B*56:37,Bw6,1,IPD_API,2026-02-19 18:48:42.089785
B*56:39,Bw6,1,IPD_API,2026-02-19 18:48:42.089785
B*56:40,Bw6,1,IPD_API,2026-02-19 18:48:42.089785
B*56:42,Bw6,1,IPD_API,2026-02-19 18:48:42.089785
B*56:43,Bw6,1,IPD_API,2026-02-19 18:48:42.089785
B*56:44,Bw6,1,IPD_API,2026-02-19 18:48:42.089785
B*56:45,Bw6,1,IPD_API,2026-02-19 18:48:42.089785
B*56:46,Bw4 - 80T,1,IPD_API,2026-02-19 18:48:42.089785
B*56:47,Bw6,1,IPD_API,2026-02-19 18:48:42.089785
B*56:48,Bw6,1,IPD_API,2026-02-19 18:48:42.089785
B*56:49,Bw6,1,IPD_API,2026-02-19 18:48:42.089785
B*56:50,Bw6,1,IPD_API,2026-02-19 18:48:42.089785
B*56:51,Bw6,1,IPD_API,2026-02-19 18:48:42.089785
B*56:52,Bw6,1,IPD_API,2026-02-19 18:48:42.089785
B*56:53,Bw6,1,IPD_API,2026-02-19 18:48:42.089785
B*56:54,Bw6,1,IPD_API,2026-02-19 18:48:42.089785
B*56:55,Bw6,1,IPD_API,2026-02-19 18:48:42.089785
B*56:56,Bw6,1,IPD_API,2026-02-19 18:48:42.089785
B*56:57,Bw6,1,IPD_API,2026-02-19 18:48:42.089785
B*56:58,Bw6,1,IPD_API,2026-02-19 18:48:42.089785
B*56:59,Bw6,1,IPD_API,2026-02-19 18:48:42.089785
B*56:60,Bw6,1,IPD_API,2026-02-19 18:48:42.089785
B*56:61,Bw6,1,IPD_API,2026-02-19 18:48:42.089785
B*56:62,Bw6,1,IPD_API,2026-02-19 18:48:42.089785
B*56:63,Bw6,1,IPD_API,2026-02-19 18:48:42.089785
B*56:64,Bw6,1,IPD_API,2026-02-19 18:48:42.089785
B*56:65,Bw4 - 80I,1,IPD_API,2026-02-19 18:48:42.089785
B*56:66,Bw6,1,IPD_API,2026-02-19 18:48:42.089785
B*56:67,Bw6,1,IPD_API,2026-02-19 18:48:42.089785
B*56:68,Bw6,1,IPD_API,2026-02-19 18:48:42.089785
B*56:69,Bw6,1,IPD_API,2026-02-19 18:48:42.089785
B*56:70,Bw6,1,IPD_API,2026-02-19 18:48:42.089785
B*56:71,Bw6,1,IPD_API,2026-02-19 18:48:42.089785
B*56:72,Bw6,1,IPD_API,2026-02-19 18:48:42.089785
B*56:73,Bw6,1,IPD_API,2026-02-19 18:48:42.089785
B*56:74,Bw6,1,IPD_API,2026-02-19 18:48:42.089785
B*56:75,Bw6,1,IPD_API,2026-02-19 18:48:42.089785
B*56:76,Bw6,1,IPD_API,2026-02-19 18:48:42.089785
B*56:78,Bw6,1,IPD_API,2026-02-19 18:48:42.089785
B*56:79,Bw6,1,IPD_API,2026-02-19 18:48:42.089785
B*56:80,Bw6,1,IPD_API,2026-02-19 18:48:42.089785
B*56:81,Bw6,1,IPD_API,2026-02-19 18:48:42.089785
B*56:82,Bw6,1,IPD_API,2026-02-19 18:48:42.089785
B*56:83,Bw6,1,IPD_API,2026-02-19 18:48:42.089785
B*56:84,Bw6,1,IPD_API,2026-02-19 18:48:42.089785
B*56:85,Bw6,2,IPD_API,2026-02-19 18:48:42.089785
B*56:86,Bw6,1,IPD_API,2026-02-19 18:48:42.089785
B*56:87,Bw6,1,IPD_API,2026-02-19 18:48:42.089785
B*56:88,Bw6,1,IPD_API,2026-02-19 18:48:42.089785
B*56:89,Bw6,1,IPD_API,2026-02-19 18:48:42.089785
B*56:90,Bw6,1,IPD_API,2026-02-19 18:48:42.089785
B*56:91,Bw6,1,IPD_API,2026-02-19 18:48:42.089785
B*56:92,Bw6,1,IPD_API,2026-02-19 18:48:42.089785
B*56:93,Bw6,1,IPD_API,2026-02-19 18:48:42.089785
B*56:94,Bw6,1,IPD_API,2026-02-19 18:48:42.089785
B*56:95,Bw6,1,IPD_API,2026-02-19 18:48:42.089785
B*56:96,Bw6,1,IPD_API,2026-02-19 18:48:42.089785
B*56:97,Bw6,1,IPD_API,2026-02-19 18:48:42.089785
B*56:98,Bw6,1,IPD_API,2026-02-19 18:48:42.089785
B*56:99,Bw6,1,IPD_API,2026-02-19 18:48:42.089785
B*57:01,Bw4 - 80I,87,IPD_API,2026-02-19 18:48:42.089785
B*57:02,Bw4 - 80I,6,IPD_API,2026-02-19 18:48:42.089785
B*57:03,Bw4 - 80I,20,IPD_API,2026-02-19 18:48:42.089785
B*57:04,Bw4 - 80I,3,IPD_API,2026-02-19 18:48:42.089785
B*57:05,Bw4 - 80I,1,IPD_API,2026-02-19 18:48:42.089785
B*57:06,Bw4 - 80I,1,IPD_API,2026-02-19 18:48:42.089785
B*57:07,Bw4 - 80I,1,IPD_API,2026-02-19 18:48:42.089785
B*57:08,Bw4 - 80I,1,IPD_API,2026-02-19 18:48:42.089785
B*57:09,Bw4 - 80I,1,IPD_API,2026-02-19 18:48:42.089785
B*57:10,Bw4 - 80I,1,IPD_API,2026-02-19 18:48:42.089785
B*57:100,Bw4 - 80I,1,IPD_API,2026-02-19 18:48:42.089785
B*57:101,Bw4 - 80I,1,IPD_API,2026-02-19 18:48:42.089785
B*57:102,Bw4 - 80I,1,IPD_API,2026-02-19 18:48:42.089785
B*57:103,Bw4 - 80I,1,IPD_API,2026-02-19 18:48:42.089785
B*57:104,Bw4 - 80I,1,IPD_API,2026-02-19 18:48:42.089785
B*57:105,Bw4 - 80I,1,IPD_API,2026-02-19 18:48:42.089785
B*57:106,Bw4 - 80I,1,IPD_API,2026-02-19 18:48:42.089785
B*57:107,Bw4 - 80I,1,IPD_API,2026-02-19 18:48:42.089785
B*57:108,Bw4 - 80I,1,IPD_API,2026-02-19 18:48:42.089785
B*57:109,Bw4 - 80I,1,IPD_API,2026-02-19 18:48:42.089785
B*57:11,Bw4 - 80I,1,IPD_API,2026-02-19 18:48:42.089785
B*57:110,Bw4 - 80I,1,IPD_API,2026-02-19 18:48:42.089785
B*57:111,Bw4 - 80I,1,IPD_API,2026-02-19 18:48:42.089785
B*57:112,Bw4 - 80I,1,IPD_API,2026-02-19 18:48:42.089785
B*57:113,Bw4 - 80I,1,IPD_API,2026-02-19 18:48:42.089785
B*57:114,Bw4 - 80I,1,IPD_API,2026-02-19 18:48:42.089785
B*57:115,Bw4 - 80I,1,IPD_API,2026-02-19 18:48:42.089785
B*57:116,Bw4 - 80I,1,IPD_API,2026-02-19 18:48:42.089785
B*57:117,Bw4 - 80I,1,IPD_API,2026-02-19 18:48:42.089785
B*57:118,Bw4 - 80I,1,IPD_API,2026-02-19 18:48:42.089785
B*57:119,Bw4 - 80I,1,IPD_API,2026-02-19 18:48:42.089785
B*57:12,Bw6,1,IPD_API,2026-02-19 18:48:42.089785
B*57:120,Bw4 - 80I,1,IPD_API,2026-02-19 18:48:42.089785
B*57:121,Bw4 - 80I,1,IPD_API,2026-02-19 18:48:42.089785
B*57:123,Bw4 - 80I,1,IPD_API,2026-02-19 18:48:42.089785
B*57:124,Bw4 - 80I,1,IPD_API,2026-02-19 18:48:42.089785
B*57:125,Bw4 - 80I,1,IPD_API,2026-02-19 18:48:42.089785
B*57:126,Bw4 - 80I,1,IPD_API,2026-02-19 18:48:42.089785
B*57:127,Bw4 - 80I,1,IPD_API,2026-02-19 18:48:42.089785
B*57:128,Bw4 - 80I,1,IPD_API,2026-02-19 18:48:42.089785
B*57:129,Bw4 - 80I,1,IPD_API,2026-02-19 18:48:42.089785
B*57:13,Bw4 - 80I,1,IPD_API,2026-02-19 18:48:42.089785
B*57:131,Bw4 - 80I,1,IPD_API,2026-02-19 18:48:42.089785
B*57:132,Bw4 - 80I,1,IPD_API,2026-02-19 18:48:42.089785
B*57:133,Bw4 - 80I,1,IPD_API,2026-02-19 18:48:42.089785
B*57:134,Bw4 - 80I,1,IPD_API,2026-02-19 18:48:42.089785
B*57:135,Bw4 - 80I,1,IPD_API,2026-02-19 18:48:42.089785
B*57:136,Bw4 - 80I,1,IPD_API,2026-02-19 18:48:42.089785
B*57:137,Bw4 - 80I,1,IPD_API,2026-02-19 18:48:42.089785
B*57:138,Bw4 - 80I,1,IPD_API,2026-02-19 18:48:42.089785
B*57:14,Bw4 - 80I,2,IPD_API,2026-02-19 18:48:42.089785
B*57:140,Bw4 - 80I,1,IPD_API,2026-02-19 18:48:42.089785
B*57:141,Bw4 - 80I,1,IPD_API,2026-02-19 18:48:42.089785
B*57:144,Bw4 - 80I,1,IPD_API,2026-02-19 18:48:42.089785
B*57:145,Bw4 - 80I,1,IPD_API,2026-02-19 18:48:42.089785
B*57:146,Bw4 - 80I,1,IPD_API,2026-02-19 18:48:42.089785
B*57:147,Bw4 - 80I,1,IPD_API,2026-02-19 18:48:42.089785
B*57:148,Bw4 - 80I,1,IPD_API,2026-02-19 18:48:42.089785
B*57:149,Bw4 - 80I,1,IPD_API,2026-02-19 18:48:42.089785
B*57:15,Bw4 - 80I,1,IPD_API,2026-02-19 18:48:42.089785
B*57:150,Bw4 - 80I,1,IPD_API,2026-02-19 18:48:42.089785
B*57:151,Bw4 - 80I,1,IPD_API,2026-02-19 18:48:42.089785
B*57:152,Bw4 - 80I,1,IPD_API,2026-02-19 18:48:42.089785
B*57:153,Bw4 - 80I,1,IPD_API,2026-02-19 18:48:42.089785
B*57:154,Bw4 - 80I,1,IPD_API,2026-02-19 18:48:42.089785
B*57:155,Bw4 - 80I,1,IPD_API,2026-02-19 18:48:42.089785
B*57:156,Bw4 - 80I,1,IPD_API,2026-02-19 18:48:42.089785
B*57:157,Bw4 - 80I,1,IPD_API,2026-02-19 18:48:42.089785
B*57:158,Bw4 - 80I,1,IPD_API,2026-02-19 18:48:42.089785
B*57:159,Bw4 - 80I,1,IPD_API,2026-02-19 18:48:42.089785
B*57:16,Bw4 - 80I,1,IPD_API,2026-02-19 18:48:42.089785
B*57:160,Bw4 - 80I,1,IPD_API,2026-02-19 18:48:42.089785
B*57:161,Bw4 - 80I,1,IPD_API,2026-02-19 18:48:42.089785
B*57:163,Bw4 - 80I,1,IPD_API,2026-02-19 18:48:42.089785
B*57:164,Bw4 - 80I,1,IPD_API,2026-02-19 18:48:42.089785
B*57:165,Bw4 - 80I,1,IPD_API,2026-02-19 18:48:42.089785
B*57:166,Bw4 - 80I,1,IPD_API,2026-02-19 18:48:42.089785
B*57:167,Bw4 - 80I,1,IPD_API,2026-02-19 18:48:42.089785
B*57:168,Bw4 - 80I,1,IPD_API,2026-02-19 18:48:42.089785
B*57:169,Bw4 - 80I,1,IPD_API,2026-02-19 18:48:42.089785
B*57:17,Bw4 - 80I,1,IPD_API,2026-02-19 18:48:42.089785
B*57:170,Bw4 - 80I,1,IPD_API,2026-02-19 18:48:42.089785
B*57:171,Bw4 - 80I,1,IPD_API,2026-02-19 18:48:42.089785
B*57:172,Bw4 - 80I,1,IPD_API,2026-02-19 18:48:42.089785
B*57:173,Bw4 - 80I,1,IPD_API,2026-02-19 18:48:42.089785
B*57:174,Bw4 - 80I,1,IPD_API,2026-02-19 18:48:42.089785
B*57:175,Bw4 - 80I,1,IPD_API,2026-02-19 18:48:42.089785
B*57:176,Bw4 - 80I,1,IPD_API,2026-02-19 18:48:42.089785
B*57:177,Bw4 - 80I,1,IPD_API,2026-02-19 18:48:42.089785
B*57:178,Bw4 - 80I,1,IPD_API,2026-02-19 18:48:42.089785
B*57:179,Bw4 - 80I,1,IPD_API,2026-02-19 18:48:42.089785
B*57:18,Bw4 - 80I,1,IPD_API,2026-02-19 18:48:42.089785
B*57:180,Bw4 - 80I,1,IPD_API,2026-02-19 18:48:42.089785
B*57:182,Bw4 - 80I,1,IPD_API,2026-02-19 18:48:42.089785
B*57:183,Bw4 - 80I,1,IPD_API,2026-02-19 18:48:42.089785
B*57:184,Bw4 - 80I,1,IPD_API,2026-02-19 18:48:42.089785
B*57:185,Bw4 - 80I,1,IPD_API,2026-02-19 18:48:42.089785
B*57:186,Bw4 - 80I,1,IPD_API,2026-02-19 18:48:42.089785
B*57:187,Bw4 - 80I,1,IPD_API,2026-02-19 18:48:42.089785
B*57:188,Bw4 - 80I,1,IPD_API,2026-02-19 18:48:42.089785
B*57:189,Bw4 - 80I,1,IPD_API,2026-02-19 18:48:42.089785
B*57:19,Bw4 - 80I,1,IPD_API,2026-02-19 18:48:42.089785
B*57:190,Bw4 - 80I,1,IPD_API,2026-02-19 18:48:42.089785
B*57:191,Bw4 - 80I,1,IPD_API,2026-02-19 18:48:42.089785
B*57:192,Bw4 - 80I,1,IPD_API,2026-02-19 18:48:42.089785
B*57:193,Bw4 - 80I,1,IPD_API,2026-02-19 18:48:42.089785
B*57:194,Bw4 - 80I,1,IPD_API,2026-02-19 18:48:42.089785
B*57:195,Bw4 - 80I,1,IPD_API,2026-02-19 18:48:42.089785
B*57:196,Bw4 - 80I,1,IPD_API,2026-02-19 18:48:42.089785
B*57:197,Bw4 - 80I,1,IPD_API,2026-02-19 18:48:42.089785
B*57:198,Bw4 - 80I,1,IPD_API,2026-02-19 18:48:42.089785
B*57:199,Bw4 - 80I,1,IPD_API,2026-02-19 18:48:42.089785
B*57:20,Bw4 - 80I,1,IPD_API,2026-02-19 18:48:42.089785
B*57:200,Bw4 - 80I,1,IPD_API,2026-02-19 18:48:42.089785
B*57:201,Bw4 - 80I,1,IPD_API,2026-02-19 18:48:42.089785
B*57:202,Bw4 - 80I,1,IPD_API,2026-02-19 18:48:42.089785
B*57:203,Bw4 - 80I,1,IPD_API,2026-02-19 18:48:42.089785
B*57:204,Bw4 - 80I,1,IPD_API,2026-02-19 18:48:42.089785
B*57:205,Bw4 - 80I,1,IPD_API,2026-02-19 18:48:42.089785
B*57:21,Bw4 - 80I,1,IPD_API,2026-02-19 18:48:42.089785
B*57:22,Bw4 - 80I,1,IPD_API,2026-02-19 18:48:42.089785
B*57:23,Bw4 - 80I,1,IPD_API,2026-02-19 18:48:42.089785
B*57:24,Bw4 - 80I,1,IPD_API,2026-02-19 18:48:42.089785
B*57:25,Bw4 - 80I,1,IPD_API,2026-02-19 18:48:42.089785
B*57:26,Bw4 - 80I,1,IPD_API,2026-02-19 18:48:42.089785
B*57:27,Bw4 - 80I,1,IPD_API,2026-02-19 18:48:42.089785
B*57:29,Bw4 - 80I,1,IPD_API,2026-02-19 18:48:42.089785
B*57:30,Bw4 - 80I,1,IPD_API,2026-02-19 18:48:42.089785
B*57:31,Bw4 - 80I,2,IPD_API,2026-02-19 18:48:42.089785
B*57:32,Bw4 - 80I,1,IPD_API,2026-02-19 18:48:42.089785
B*57:33,Bw4 - 80I,1,IPD_API,2026-02-19 18:48:42.089785
B*57:34,Bw4 - 80I,1,IPD_API,2026-02-19 18:48:42.089785
B*57:35,Bw4 - 80I,1,IPD_API,2026-02-19 18:48:42.089785
B*57:36,Bw4 - 80I,1,IPD_API,2026-02-19 18:48:42.089785
B*57:37,Bw4 - 80I,1,IPD_API,2026-02-19 18:48:42.089785
B*57:39,Bw4 - 80I,1,IPD_API,2026-02-19 18:48:42.089785
B*57:40,Bw4 - 80I,1,IPD_API,2026-02-19 18:48:42.089785
B*57:41,Bw4 - 80I,1,IPD_API,2026-02-19 18:48:42.089785
B*57:42,Bw4 - 80I,1,IPD_API,2026-02-19 18:48:42.089785
B*57:43,Bw4 - 80I,1,IPD_API,2026-02-19 18:48:42.089785
B*57:44,Bw4 - 80I,1,IPD_API,2026-02-19 18:48:42.089785
B*57:45,Bw4 - 80I,1,IPD_API,2026-02-19 18:48:42.089785
B*57:46,Bw4 - 80I,1,IPD_API,2026-02-19 18:48:42.089785
B*57:47,Bw4 - 80I,1,IPD_API,2026-02-19 18:48:42.089785
B*57:48,Bw4 - 80I,1,IPD_API,2026-02-19 18:48:42.089785
B*57:49,Bw4 - 80I,1,IPD_API,2026-02-19 18:48:42.089785
B*57:50,Bw4 - 80I,1,IPD_API,2026-02-19 18:48:42.089785
B*57:51,Bw4 - 80I,1,IPD_API,2026-02-19 18:48:42.089785
B*57:52,Bw4 - 80I,1,IPD_API,2026-02-19 18:48:42.089785
B*57:53,Bw4 - 80I,1,IPD_API,2026-02-19 18:48:42.089785
B*57:54,Bw4 - 80I,1,IPD_API,2026-02-19 18:48:42.089785
B*57:55,Bw4 - 80I,1,IPD_API,2026-02-19 18:48:42.089785
B*57:56,Bw4 - 80I,1,IPD_API,2026-02-19 18:48:42.089785
B*57:57,Bw4 - 80I,1,IPD_API,2026-02-19 18:48:42.089785
B*57:58,Bw4 - 80I,1,IPD_API,2026-02-19 18:48:42.089785
B*57:59,Bw4 - 80I,1,IPD_API,2026-02-19 18:48:42.089785
B*57:61,Bw4 - 80I,1,IPD_API,2026-02-19 18:48:42.089785
B*57:62,Bw4 - 80I,1,IPD_API,2026-02-19 18:48:42.089785
B*57:63,Bw4 - 80I,1,IPD_API,2026-02-19 18:48:42.089785
B*57:64,Bw4 - 80I,1,IPD_API,2026-02-19 18:48:42.089785
B*57:65,Bw4 - 80I,1,IPD_API,2026-02-19 18:48:42.089785
B*57:66,Bw4 - 80I,1,IPD_API,2026-02-19 18:48:42.089785
B*57:67,Bw4 - 80I,2,IPD_API,2026-02-19 18:48:42.089785
B*57:68,Bw4 - 80I,1,IPD_API,2026-02-19 18:48:42.089785
B*57:69,Bw4 - 80I,1,IPD_API,2026-02-19 18:48:42.089785
B*57:70,Bw4 - 80I,1,IPD_API,2026-02-19 18:48:42.089785
B*57:71,Bw4 - 80I,1,IPD_API,2026-02-19 18:48:42.089785
B*57:72,Bw4 - 80I,1,IPD_API,2026-02-19 18:48:42.089785
B*57:73,Bw4 - 80I,1,IPD_API,2026-02-19 18:48:42.089785
B*57:74,Bw4 - 80I,1,IPD_API,2026-02-19 18:48:42.089785
B*57:75,Bw4 - 80I,1,IPD_API,2026-02-19 18:48:42.089785
B*57:76,Bw4 - 80I,1,IPD_API,2026-02-19 18:48:42.089785
B*57:77,Bw4 - 80I,1,IPD_API,2026-02-19 18:48:42.089785
B*57:78,Bw4 - 80I,1,IPD_API,2026-02-19 18:48:42.089785
B*57:80,Bw4 - 80I,1,IPD_API,2026-02-19 18:48:42.089785
B*57:81,Bw4 - 80I,1,IPD_API,2026-02-19 18:48:42.089785
B*57:82,Bw4 - 80I,1,IPD_API,2026-02-19 18:48:42.089785
B*57:83,Bw4 - 80I,1,IPD_API,2026-02-19 18:48:42.089785
B*57:84,Bw4 - 80I,1,IPD_API,2026-02-19 18:48:42.089785
B*57:85,Bw4 - 80I,1,IPD_API,2026-02-19 18:48:42.089785
B*57:86,Bw4 - 80I,1,IPD_API,2026-02-19 18:48:42.089785
B*57:87,Bw4 - 80I,1,IPD_API,2026-02-19 18:48:42.089785
B*57:88,Bw4 - 80I,1,IPD_API,2026-02-19 18:48:42.089785
B*57:89,Bw4 - 80I,1,IPD_API,2026-02-19 18:48:42.089785
B*57:90,Bw4 - 80I,1,IPD_API,2026-02-19 18:48:42.089785
B*57:91,Bw4 - 80I,1,IPD_API,2026-02-19 18:48:42.089785
B*57:92,Bw4 - 80I,1,IPD_API,2026-02-19 18:48:42.089785
B*57:93,Bw4 - 80I,1,IPD_API,2026-02-19 18:48:42.089785
B*57:94,Bw4 - 80I,1,IPD_API,2026-02-19 18:48:42.089785
B*57:95,Bw4 - 80I,1,IPD_API,2026-02-19 18:48:42.089785
B*57:96,Bw4 - 80I,1,IPD_API,2026-02-19 18:48:42.089785
B*57:97,Bw4 - 80I,1,IPD_API,2026-02-19 18:48:42.089785
B*57:98,Bw4 - 80I,1,IPD_API,2026-02-19 18:48:42.089785
B*57:99,Bw4 - 80I,1,IPD_API,2026-02-19 18:48:42.089785
B*58:01,Bw4 - 80I,73,IPD_API,2026-02-19 18:48:42.089785
B*58:02,Bw4 - 80I,7,IPD_API,2026-02-19 18:48:42.089785
B*58:04,Bw4 - 80I,1,IPD_API,2026-02-19 18:48:42.089785
B*58:05,Bw4 - 80I,1,IPD_API,2026-02-19 18:48:42.089785
B*58:06,Bw4 - 80I,1,IPD_API,2026-02-19 18:48:42.089785
B*58:07,Bw4 - 80I,1,IPD_API,2026-02-19 18:48:42.089785
B*58:08,Bw4 - 80I,2,IPD_API,2026-02-19 18:48:42.089785
B*58:09,Bw4 - 80I,1,IPD_API,2026-02-19 18:48:42.089785
B*58:100,Bw4 - 80I,1,IPD_API,2026-02-19 18:48:42.089785
B*58:101,Bw4 - 80I,1,IPD_API,2026-02-19 18:48:42.089785
B*58:102,Bw4 - 80I,1,IPD_API,2026-02-19 18:48:42.089785
B*58:103,Bw4 - 80I,1,IPD_API,2026-02-19 18:48:42.089785
B*58:104,Bw4 - 80I,1,IPD_API,2026-02-19 18:48:42.089785
B*58:105,Bw4 - 80I,1,IPD_API,2026-02-19 18:48:42.089785
B*58:106,Bw4 - 80I,1,IPD_API,2026-02-19 18:48:42.089785
B*58:107,Bw4 - 80I,1,IPD_API,2026-02-19 18:48:42.089785
B*58:108,Bw4 - 80I,1,IPD_API,2026-02-19 18:48:42.089785
B*58:109,Bw4 - 80I,1,IPD_API,2026-02-19 18:48:42.089785
B*58:11,Bw4 - 80I,1,IPD_API,2026-02-19 18:48:42.089785
B*58:110,Bw4 - 80I,1,IPD_API,2026-02-19 18:48:42.089785
B*58:111,Bw4 - 80I,1,IPD_API,2026-02-19 18:48:42.089785
B*58:112,Bw4 - 80I,1,IPD_API,2026-02-19 18:48:42.089785
B*58:113,Bw4 - 80I,1,IPD_API,2026-02-19 18:48:42.089785
B*58:114,Bw4 - 80I,1,IPD_API,2026-02-19 18:48:42.089785
B*58:115,Bw4 - 80I,1,IPD_API,2026-02-19 18:48:42.089785
B*58:116,Bw4 - 80I,1,IPD_API,2026-02-19 18:48:42.089785
B*58:117,Bw4 - 80I,1,IPD_API,2026-02-19 18:48:42.089785
B*58:118,Bw4 - 80I,1,IPD_API,2026-02-19 18:48:42.089785
B*58:119,Bw4 - 80I,1,IPD_API,2026-02-19 18:48:42.089785
B*58:12,Bw4 - 80I,1,IPD_API,2026-02-19 18:48:42.089785
B*58:120,Bw4 - 80I,1,IPD_API,2026-02-19 18:48:42.089785
B*58:121,Bw4 - 80I,1,IPD_API,2026-02-19 18:48:42.089785
B*58:122,Bw4 - 80I,1,IPD_API,2026-02-19 18:48:42.089785
B*58:123,Bw4 - 80I,1,IPD_API,2026-02-19 18:48:42.089785
B*58:124,Bw4 - 80I,1,IPD_API,2026-02-19 18:48:42.089785
B*58:125,Bw4 - 80I,1,IPD_API,2026-02-19 18:48:42.089785
B*58:126,Bw4 - 80I,1,IPD_API,2026-02-19 18:48:42.089785
B*58:127,Bw4 - 80I,1,IPD_API,2026-02-19 18:48:42.089785
B*58:129,Bw4 - 80I,1,IPD_API,2026-02-19 18:48:42.089785
B*58:13,Bw4 - 80I,1,IPD_API,2026-02-19 18:48:42.089785
B*58:131,Bw4 - 80I,2,IPD_API,2026-02-19 18:48:42.089785
B*58:132,Bw4 - 80I,1,IPD_API,2026-02-19 18:48:42.089785
B*58:134,Bw4 - 80I,1,IPD_API,2026-02-19 18:48:42.089785
B*58:135,Bw4 - 80I,1,IPD_API,2026-02-19 18:48:42.089785
B*58:136,Bw4 - 80I,1,IPD_API,2026-02-19 18:48:42.089785
B*58:137,Bw4 - 80T,1,IPD_API,2026-02-19 18:48:42.089785
B*58:138,Bw4 - 80I,1,IPD_API,2026-02-19 18:48:42.089785
B*58:139,Bw4 - 80I,1,IPD_API,2026-02-19 18:48:42.089785
B*58:14,Bw4 - 80I,1,IPD_API,2026-02-19 18:48:42.089785
B*58:140,Bw4 - 80I,1,IPD_API,2026-02-19 18:48:42.089785
B*58:141,Bw4 - 80I,1,IPD_API,2026-02-19 18:48:42.089785
B*58:142,Bw4 - 80I,1,IPD_API,2026-02-19 18:48:42.089785
B*58:143,Bw4 - 80I,1,IPD_API,2026-02-19 18:48:42.089785
B*58:145,Bw4 - 80I,1,IPD_API,2026-02-19 18:48:42.089785
B*58:146,Bw4 - 80I,1,IPD_API,2026-02-19 18:48:42.089785
B*58:147,Bw4 - 80I,1,IPD_API,2026-02-19 18:48:42.089785
B*58:148,Bw4 - 80I,1,IPD_API,2026-02-19 18:48:42.089785
B*58:149,Bw4 - 80I,1,IPD_API,2026-02-19 18:48:42.089785
B*58:15,Bw4 - 80I,1,IPD_API,2026-02-19 18:48:42.089785
B*58:150,Bw4 - 80T,1,IPD_API,2026-02-19 18:48:42.089785
B*58:151,Bw4 - 80I,1,IPD_API,2026-02-19 18:48:42.089785
B*58:152,Bw4 - 80I,1,IPD_API,2026-02-19 18:48:42.089785
B*58:153,Bw4 - 80I,1,IPD_API,2026-02-19 18:48:42.089785
B*58:154,Bw4 - 80I,1,IPD_API,2026-02-19 18:48:42.089785
B*58:155,Bw4 - 80I,1,IPD_API,2026-02-19 18:48:42.089785
B*58:156,Bw4 - 80I,1,IPD_API,2026-02-19 18:48:42.089785
B*58:157,Bw4 - 80I,1,IPD_API,2026-02-19 18:48:42.089785
B*58:158,Bw4 - 80I,1,IPD_API,2026-02-19 18:48:42.089785
B*58:159,Bw4 - 80I,1,IPD_API,2026-02-19 18:48:42.089785
B*58:16,Bw4 - 80I,2,IPD_API,2026-02-19 18:48:42.089785
B*58:160,Bw4 - 80I,1,IPD_API,2026-02-19 18:48:42.089785
B*58:161,Bw4 - 80I,1,IPD_API,2026-02-19 18:48:42.089785
B*58:162,Bw4 - 80I,1,IPD_API,2026-02-19 18:48:42.089785
B*58:163,Bw4 - 80I,1,IPD_API,2026-02-19 18:48:42.089785
B*58:164,Bw4 - 80I,1,IPD_API,2026-02-19 18:48:42.089785
B*58:165,Bw4 - 80I,1,IPD_API,2026-02-19 18:48:42.089785
B*58:166,Bw4 - 80I,1,IPD_API,2026-02-19 18:48:42.089785
B*58:167,Bw4 - 80I,1,IPD_API,2026-02-19 18:48:42.089785
B*58:168,Bw4 - 80I,1,IPD_API,2026-02-19 18:48:42.089785
B*58:169,Bw4 - 80I,1,IPD_API,2026-02-19 18:48:42.089785
B*58:18,Bw4 - 80I,1,IPD_API,2026-02-19 18:48:42.089785
B*58:19,Bw4 - 80I,1,IPD_API,2026-02-19 18:48:42.089785
B*58:20,Bw4 - 80I,1,IPD_API,2026-02-19 18:48:42.089785
B*58:21,Bw4 - 80I,1,IPD_API,2026-02-19 18:48:42.089785
B*58:22,Bw4 - 80I,1,IPD_API,2026-02-19 18:48:42.089785
B*58:23,Bw4 - 80I,1,IPD_API,2026-02-19 18:48:42.089785
B*58:24,Bw4 - 80I,1,IPD_API,2026-02-19 18:48:42.089785
B*58:25,Bw4 - 80I,1,IPD_API,2026-02-19 18:48:42.089785
B*58:26,Bw4 - 80I,1,IPD_API,2026-02-19 18:48:42.089785
B*58:27,Bw4 - 80I,1,IPD_API,2026-02-19 18:48:42.089785
B*58:28,Bw4 - 80I,2,IPD_API,2026-02-19 18:48:42.089785
B*58:29,Bw4 - 80I,1,IPD_API,2026-02-19 18:48:42.089785
B*58:32,Bw4 - 80I,1,IPD_API,2026-02-19 18:48:42.089785
B*58:33,Bw4 - 80I,1,IPD_API,2026-02-19 18:48:42.089785
B*58:34,Bw4 - 80I,1,IPD_API,2026-02-19 18:48:42.089785
B*58:35,Bw4 - 80I,1,IPD_API,2026-02-19 18:48:42.089785
B*58:36,Bw4 - 80I,1,IPD_API,2026-02-19 18:48:42.089785
B*58:37,Bw4 - 80I,1,IPD_API,2026-02-19 18:48:42.089785
B*58:38,Bw4 - 80I,1,IPD_API,2026-02-19 18:48:42.089785
B*58:40,Bw4 - 80I,1,IPD_API,2026-02-19 18:48:42.089785
B*58:41,Bw4 - 80I,1,IPD_API,2026-02-19 18:48:42.089785
B*58:42,Bw4 - 80I,1,IPD_API,2026-02-19 18:48:42.089785
B*58:43,Bw4 - 80I,1,IPD_API,2026-02-19 18:48:42.089785
B*58:44,Bw4 - 80I,1,IPD_API,2026-02-19 18:48:42.089785
B*58:45,Bw4 - 80I,2,IPD_API,2026-02-19 18:48:42.089785
B*58:46,Bw4 - 80I,1,IPD_API,2026-02-19 18:48:42.089785
B*58:47,Bw4 - 80I,1,IPD_API,2026-02-19 18:48:42.089785
B*58:48,Bw4 - 80I,1,IPD_API,2026-02-19 18:48:42.089785
B*58:49,Bw4 - 80I,1,IPD_API,2026-02-19 18:48:42.089785
B*58:50,Bw4 - 80I,1,IPD_API,2026-02-19 18:48:42.089785
B*58:51,Bw4 - 80I,1,IPD_API,2026-02-19 18:48:42.089785
B*58:52,Bw4 - 80I,1,IPD_API,2026-02-19 18:48:42.089785
B*58:53,Bw4 - 80I,1,IPD_API,2026-02-19 18:48:42.089785
B*58:54,Bw4 - 80I,1,IPD_API,2026-02-19 18:48:42.089785
B*58:55,Bw4 - 80I,1,IPD_API,2026-02-19 18:48:42.089785
B*58:56,Bw4 - 80I,1,IPD_API,2026-02-19 18:48:42.089785
B*58:57,Bw4 - 80I,1,IPD_API,2026-02-19 18:48:42.089785
B*58:58,Bw4 - 80I,1,IPD_API,2026-02-19 18:48:42.089785
B*58:59,Bw4 - 80I,2,IPD_API,2026-02-19 18:48:42.089785
B*58:60,Bw4 - 80I,1,IPD_API,2026-02-19 18:48:42.089785
B*58:61,Bw4 - 80I,1,IPD_API,2026-02-19 18:48:42.089785
B*58:62,Bw4 - 80I,1,IPD_API,2026-02-19 18:48:42.089785
B*58:63,Bw4 - 80I,1,IPD_API,2026-02-19 18:48:42.089785
B*58:64,Bw6,1,IPD_API,2026-02-19 18:48:42.089785
B*58:65,Bw4 - 80I,1,IPD_API,2026-02-19 18:48:42.089785
B*58:66,Bw4 - 80I,1,IPD_API,2026-02-19 18:48:42.089785
B*58:67,Bw4 - 80I,1,IPD_API,2026-02-19 18:48:42.089785
B*58:68,Bw4 - 80I,1,IPD_API,2026-02-19 18:48:42.089785
B*58:69,Bw4 - 80I,1,IPD_API,2026-02-19 18:48:42.089785
B*58:70,Bw4 - 80I,1,IPD_API,2026-02-19 18:48:42.089785
B*58:71,Bw4 - 80I,1,IPD_API,2026-02-19 18:48:42.089785
B*58:73,Bw4 - 80I,1,IPD_API,2026-02-19 18:48:42.089785
B*58:74,Bw4 - 80I,1,IPD_API,2026-02-19 18:48:42.089785
B*58:76,Bw4 - 80I,1,IPD_API,2026-02-19 18:48:42.089785
B*58:77,Bw4 - 80I,1,IPD_API,2026-02-19 18:48:42.089785
B*58:78,Bw4 - 80I,1,IPD_API,2026-02-19 18:48:42.089785
B*58:79,Bw4 - 80I,1,IPD_API,2026-02-19 18:48:42.089785
B*58:80,Bw4 - 80I,1,IPD_API,2026-02-19 18:48:42.089785
B*58:81,Bw4 - 80I,1,IPD_API,2026-02-19 18:48:42.089785
B*58:82,Bw4 - 80I,1,IPD_API,2026-02-19 18:48:42.089785
B*58:83,Bw4 - 80I,1,IPD_API,2026-02-19 18:48:42.089785
B*58:84,Bw4 - 80I,1,IPD_API,2026-02-19 18:48:42.089785
B*58:85,Bw4 - 80I,1,IPD_API,2026-02-19 18:48:42.089785
B*58:86,Bw4 - 80I,1,IPD_API,2026-02-19 18:48:42.089785
B*58:87,Bw4 - 80I,1,IPD_API,2026-02-19 18:48:42.089785
B*58:88,Bw4 - 80I,1,IPD_API,2026-02-19 18:48:42.089785
B*58:89,Bw4 - 80I,1,IPD_API,2026-02-19 18:48:42.089785
B*58:90,Bw4 - 80I,1,IPD_API,2026-02-19 18:48:42.089785
B*58:91,Bw4 - 80I,1,IPD_API,2026-02-19 18:48:42.089785
B*58:92,Bw4 - 80I,1,IPD_API,2026-02-19 18:48:42.089785
B*58:95,Bw4 - 80I,1,IPD_API,2026-02-19 18:48:42.089785
B*58:96,Bw4 - 80I,1,IPD_API,2026-02-19 18:48:42.089785
B*58:97,Bw4 - 80I,1,IPD_API,2026-02-19 18:48:42.089785
B*58:98,Bw4 - 80I,1,IPD_API,2026-02-19 18:48:42.089785
B*58:99,Bw4 - 80I,1,IPD_API,2026-02-19 18:48:42.089785
B*59:01,Bw4 - 80I,2,IPD_API,2026-02-19 18:48:42.089785
B*59:02,Bw4 - 80I,1,IPD_API,2026-02-19 18:48:42.089785
B*59:03,Bw4 - 80I,1,IPD_API,2026-02-19 18:48:42.089785
B*59:04,Bw4 - 80I,1,IPD_API,2026-02-19 18:48:42.089785
B*59:05,Bw4 - 80I,1,IPD_API,2026-02-19 18:48:42.089785
B*59:06,Bw4 - 80I,1,IPD_API,2026-02-19 18:48:42.089785
B*59:07,Bw4 - 80I,1,IPD_API,2026-02-19 18:48:42.089785
B*59:08,Bw4 - 80T,1,IPD_API,2026-02-19 18:48:42.089785
B*59:09,Bw4 - 80I,1,IPD_API,2026-02-19 18:48:42.089785
B*59:11,Bw4 - 80I,1,IPD_API,2026-02-19 18:48:42.089785
B*59:12,Bw4 - 80I,1,IPD_API,2026-02-19 18:48:42.089785
B*67:01,Bw6,3,IPD_API,2026-02-19 18:48:42.089785
B*67:02,Bw6,2,IPD_API,2026-02-19 18:48:42.089785
B*67:03,Bw6,2,IPD_API,2026-02-19 18:48:42.089785
B*67:04,Bw6,1,IPD_API,2026-02-19 18:48:42.089785
B*67:05,Bw6,1,IPD_API,2026-02-19 18:48:42.089785
B*67:06,Bw6,1,IPD_API,2026-02-19 18:48:42.089785
B*67:07,Bw6,1,IPD_API,2026-02-19 18:48:42.089785
B*73:01,Bw6,2,IPD_API,2026-02-19 18:48:42.089785
B*73:02,Bw6,1,IPD_API,2026-02-19 18:48:42.089785
B*73:03,Bw6,1,IPD_API,2026-02-19 18:48:42.089785
B*73:04,Bw6,1,IPD_API,2026-02-19 18:48:42.089785
B*73:05,Bw6,1,IPD_API,2026-02-19 18:48:42.089785
B*73:06,Bw6,1,IPD_API,2026-02-19 18:48:42.089785
B*78:01,Bw6,3,IPD_API,2026-02-19 18:48:42.089785
B*78:02,Bw6,2,IPD_API,2026-02-19 18:48:42.089785
B*78:03,Bw6,1,IPD_API,2026-02-19 18:48:42.089785
B*78:04,Bw6,1,IPD_API,2026-02-19 18:48:42.089785
B*78:05,Bw6,1,IPD_API,2026-02-19 18:48:42.089785
B*78:07,Bw6,1,IPD_API,2026-02-19 18:48:42.089785
B*78:08,Bw6,1,IPD_API,2026-02-19 18:48:42.089785
B*81:01,Bw6,9,IPD_API,2026-02-19 18:48:42.089785
B*81:02,Bw6,2,IPD_API,2026-02-19 18:48:42.089785
B*81:03,Bw6,1,IPD_API,2026-02-19 18:48:42.089785
B*81:05,Bw6,1,IPD_API,2026-02-19 18:48:42.089785
B*81:06,Bw6,1,IPD_API,2026-02-19 18:48:42.089785
B*81:07,Bw6,1,IPD_API,2026-02-19 18:48:42.089785
B*81:08,Bw6,1,IPD_API,2026-02-19 18:48:42.089785
B*81:09,Bw6,1,IPD_API,2026-02-19 18:48:42.089785
B*81:10,Bw6,1,IPD_API,2026-02-19 18:48:42.089785
B*81:11,Bw6,1,IPD_API,2026-02-19 18:48:42.089785
B*81:12,Bw6,1,IPD_API,2026-02-19 18:48:42.089785
B*81:13,Bw6,1,IPD_API,2026-02-19 18:48:42.089785
B*81:14,Bw6,1,IPD_API,2026-02-19 18:48:42.089785
B*81:15,Bw6,1,IPD_API,2026-02-19 18:48:42.089785
B*81:16,Bw6,1,IPD_API,2026-02-19 18:48:42.089785
B*82:01,Bw6,4,IPD_API,2026-02-19 18:48:42.089785
B*82:02,Bw6,3,IPD_API,2026-02-19 18:48:42.089785
B*82:03,Bw6,1,IPD_API,2026-02-19 18:48:42.089785
B*82:04,Bw6,1,IPD_API,2026-02-19 18:48:42.089785
B*83:01,Bw6,1,IPD_API,2026-02-19 18:48:42.089785
