allele,allele_2field,locus,kir_ligand,kir_ligand_code,classification_status,pos80,bw4_motif_77_83,api_kir_ligand,source,ipd_version,fetch_date
A*01:289,A*01:289,A,Bw4 - 80I,Bw4_80I,classified,I,NA,NA,HLAtools_protein_alignment,IPD-IMGT/HLA 3.63.0,2026-02-19 18:49:27.965744
A*01:298,A*01:298,A,Bw4 - 80I,Bw4_80I,classified,I,NA,NA,HLAtools_protein_alignment,IPD-IMGT/HLA 3.63.0,2026-02-19 18:49:27.965744
A*01:95,A*01:95,A,Bw4 - 80I,Bw4_80I,classified,I,NA,NA,HLAtools_protein_alignment,IPD-IMGT/HLA 3.63.0,2026-02-19 18:49:27.965744
A*02:112,A*02:112,A,Bw4 - 80I,Bw4_80I,classified,I,NA,NA,HLAtools_protein_alignment,IPD-IMGT/HLA 3.63.0,2026-02-19 18:49:27.965744
A*02:1129,A*02:1129,A,Bw4 - 80I,Bw4_80I,classified,I,NA,NA,HLAtools_protein_alignment,IPD-IMGT/HLA 3.63.0,2026-02-19 18:49:27.965744
A*02:124,A*02:124,A,Bw4 - 80I,Bw4_80I,classified,I,NA,NA,HLAtools_protein_alignment,IPD-IMGT/HLA 3.63.0,2026-02-19 18:49:27.965744
A*02:129,A*02:129,A,Bw4 - 80I,Bw4_80I,classified,I,NA,NA,HLAtools_protein_alignment,IPD-IMGT/HLA 3.63.0,2026-02-19 18:49:27.965744
A*02:136,A*02:136,A,Bw4 - 80I,Bw4_80I,classified,I,NA,NA,HLAtools_protein_alignment,IPD-IMGT/HLA 3.63.0,2026-02-19 18:49:27.965744
A*02:571,A*02:571,A,Bw4 - 80I,Bw4_80I,classified,I,NA,NA,HLAtools_protein_alignment,IPD-IMGT/HLA 3.63.0,2026-02-19 18:49:27.965744
A*02:81,A*02:81,A,Bw4 - 80I,Bw4_80I,classified,I,NA,NA,HLAtools_protein_alignment,IPD-IMGT/HLA 3.63.0,2026-02-19 18:49:27.965744
A*02:829,A*02:829,A,Bw4 - 80I,Bw4_80I,classified,I,NA,NA,HLAtools_protein_alignment,IPD-IMGT/HLA 3.63.0,2026-02-19 18:49:27.965744
A*02:87,A*02:87,A,Bw4 - 80I,Bw4_80I,classified,I,NA,NA,HLAtools_protein_alignment,IPD-IMGT/HLA 3.63.0,2026-02-19 18:49:27.965744
A*02:933,A*02:933,A,Bw4 - 80T,Bw4_80T,classified,T,NA,NA,HLAtools_protein_alignment,IPD-IMGT/HLA 3.63.0,2026-02-19 18:49:27.965744
A*03:152,A*03:152,A,Bw4 - 80I,Bw4_80I,classified,I,NA,NA,HLAtools_protein_alignment,IPD-IMGT/HLA 3.63.0,2026-02-19 18:49:27.965744
A*03:219,A*03:219,A,Bw4 - 80I,Bw4_80I,classified,I,NA,NA,HLAtools_protein_alignment,IPD-IMGT/HLA 3.63.0,2026-02-19 18:49:27.965744
A*11:178,A*11:178,A,Bw4 - 80I,Bw4_80I,classified,I,NA,NA,HLAtools_protein_alignment,IPD-IMGT/HLA 3.63.0,2026-02-19 18:49:27.965744
A*11:190,A*11:190,A,Bw4 - 80I,Bw4_80I,classified,I,NA,NA,HLAtools_protein_alignment,IPD-IMGT/HLA 3.63.0,2026-02-19 18:49:27.965744
A*23:01,A*23:01,A,Bw4 - 80I,Bw4_80I,classified,I,NA,NA,HLAtools_protein_alignment,IPD-IMGT/HLA 3.63.0,2026-02-19 18:49:27.965744
A*23:02,A*23:02,A,Bw4 - 80I,Bw4_80I,classified,I,NA,NA,HLAtools_protein_alignment,IPD-IMGT/HLA 3.63.0,2026-02-19 18:49:27.965744
A*23:03,A*23:03,A,Bw4 - 80I,Bw4_80I,classified,I,NA,NA,HLAtools_protein_alignment,IPD-IMGT/HLA 3.63.0,2026-02-19 18:49:27.965744
A*23:04,A*23:04,A,Bw4 - 80I,Bw4_80I,classified,I,NA,NA,HLAtools_protein_alignment,IPD-IMGT/HLA 3.63.0,2026-02-19 18:49:27.965744
A*23:05,A*23:05,A,Bw4 - 80I,Bw4_80I,classified,I,NA,NA,HLAtools_protein_alignment,IPD-IMGT/HLA 3.63.0,2026-02-19 18:49:27.965744
A*23:06,A*23:06,A,Bw4 - 80I,Bw4_80I,classified,I,NA,NA,HLAtools_protein_alignment,IPD-IMGT/HLA 3.63.0,2026-02-19 18:49:27.965744
A*23:09,A*23:09,A,Bw4 - 80I,Bw4_80I,classified,I,NA,NA,HLAtools_protein_alignment,IPD-IMGT/HLA 3.63.0,2026-02-19 18:49:27.965744
A*23:10,A*23:10,A,Bw4 - 80I,Bw4_80I,classified,I,NA,NA,HLAtools_protein_alignment,IPD-IMGT/HLA 3.63.0,2026-02-19 18:49:27.965744
A*23:100,A*23:100,A,Bw4 - 80I,Bw4_80I,classified,I,NA,NA,HLAtools_protein_alignment,IPD-IMGT/HLA 3.63.0,2026-02-19 18:49:27.965744
A*23:101,A*23:101,A,Bw4 - 80I,Bw4_80I,classified,I,NA,NA,HLAtools_protein_alignment,IPD-IMGT/HLA 3.63.0,2026-02-19 18:49:27.965744
A*23:102,A*23:102,A,Bw4 - 80I,Bw4_80I,classified,I,NA,NA,HLAtools_protein_alignment,IPD-IMGT/HLA 3.63.0,2026-02-19 18:49:27.965744
A*23:104,A*23:104,A,Bw4 - 80I,Bw4_80I,classified,I,NA,NA,HLAtools_protein_alignment,IPD-IMGT/HLA 3.63.0,2026-02-19 18:49:27.965744
A*23:105,A*23:105,A,Bw4 - 80I,Bw4_80I,classified,I,NA,NA,HLAtools_protein_alignment,IPD-IMGT/HLA 3.63.0,2026-02-19 18:49:27.965744
A*23:107Q,A*23:107Q,A,Bw4 - 80I,Bw4_80I,classified,I,NA,NA,HLAtools_protein_alignment,IPD-IMGT/HLA 3.63.0,2026-02-19 18:49:27.965744
A*23:109,A*23:109,A,Bw4 - 80I,Bw4_80I,classified,I,NA,NA,HLAtools_protein_alignment,IPD-IMGT/HLA 3.63.0,2026-02-19 18:49:27.965744
A*23:110,A*23:110,A,Bw4 - 80I,Bw4_80I,classified,I,NA,NA,HLAtools_protein_alignment,IPD-IMGT/HLA 3.63.0,2026-02-19 18:49:27.965744
A*23:111,A*23:111,A,Bw4 - 80I,Bw4_80I,classified,I,NA,NA,HLAtools_protein_alignment,IPD-IMGT/HLA 3.63.0,2026-02-19 18:49:27.965744
A*23:114,A*23:114,A,Bw4 - 80I,Bw4_80I,classified,I,NA,NA,HLAtools_protein_alignment,IPD-IMGT/HLA 3.63.0,2026-02-19 18:49:27.965744
A*23:115,A*23:115,A,Bw4 - 80I,Bw4_80I,classified,I,NA,NA,HLAtools_protein_alignment,IPD-IMGT/HLA 3.63.0,2026-02-19 18:49:27.965744
A*23:116,A*23:116,A,Bw4 - 80I,Bw4_80I,classified,I,NA,NA,HLAtools_protein_alignment,IPD-IMGT/HLA 3.63.0,2026-02-19 18:49:27.965744
A*23:117,A*23:117,A,Bw4 - 80I,Bw4_80I,classified,I,NA,NA,HLAtools_protein_alignment,IPD-IMGT/HLA 3.63.0,2026-02-19 18:49:27.965744
A*23:118,A*23:118,A,Bw4 - 80I,Bw4_80I,classified,I,NA,NA,HLAtools_protein_alignment,IPD-IMGT/HLA 3.63.0,2026-02-19 18:49:27.965744
A*23:119,A*23:119,A,Bw4 - 80I,Bw4_80I,classified,I,NA,NA,HLAtools_protein_alignment,IPD-IMGT/HLA 3.63.0,2026-02-19 18:49:27.965744
A*23:12,A*23:12,A,Bw4 - 80I,Bw4_80I,classified,I,NA,NA,HLAtools_protein_alignment,IPD-IMGT/HLA 3.63.0,2026-02-19 18:49:27.965744
A*23:120,A*23:120,A,Bw4 - 80I,Bw4_80I,classified,I,NA,NA,HLAtools_protein_alignment,IPD-IMGT/HLA 3.63.0,2026-02-19 18:49:27.965744
A*23:121,A*23:121,A,Bw4 - 80I,Bw4_80I,classified,I,NA,NA,HLAtools_protein_alignment,IPD-IMGT/HLA 3.63.0,2026-02-19 18:49:27.965744
A*23:123,A*23:123,A,Bw4 - 80I,Bw4_80I,classified,I,NA,NA,HLAtools_protein_alignment,IPD-IMGT/HLA 3.63.0,2026-02-19 18:49:27.965744
A*23:124,A*23:124,A,Bw4 - 80I,Bw4_80I,classified,I,NA,NA,HLAtools_protein_alignment,IPD-IMGT/HLA 3.63.0,2026-02-19 18:49:27.965744
A*23:125,A*23:125,A,Bw4 - 80I,Bw4_80I,classified,I,NA,NA,HLAtools_protein_alignment,IPD-IMGT/HLA 3.63.0,2026-02-19 18:49:27.965744
A*23:126,A*23:126,A,Bw4 - 80I,Bw4_80I,classified,I,NA,NA,HLAtools_protein_alignment,IPD-IMGT/HLA 3.63.0,2026-02-19 18:49:27.965744
A*23:127,A*23:127,A,Bw4 - 80I,Bw4_80I,classified,I,NA,NA,HLAtools_protein_alignment,IPD-IMGT/HLA 3.63.0,2026-02-19 18:49:27.965744
A*23:128,A*23:128,A,Bw4 - 80I,Bw4_80I,classified,I,NA,NA,HLAtools_protein_alignment,IPD-IMGT/HLA 3.63.0,2026-02-19 18:49:27.965744
A*23:129,A*23:129,A,Bw4 - 80I,Bw4_80I,classified,I,NA,NA,HLAtools_protein_alignment,IPD-IMGT/HLA 3.63.0,2026-02-19 18:49:27.965744
A*23:13,A*23:13,A,Bw4 - 80I,Bw4_80I,classified,I,NA,NA,HLAtools_protein_alignment,IPD-IMGT/HLA 3.63.0,2026-02-19 18:49:27.965744
A*23:130,A*23:130,A,Bw4 - 80I,Bw4_80I,classified,I,NA,NA,HLAtools_protein_alignment,IPD-IMGT/HLA 3.63.0,2026-02-19 18:49:27.965744
A*23:131,A*23:131,A,Bw4 - 80I,Bw4_80I,classified,I,NA,NA,HLAtools_protein_alignment,IPD-IMGT/HLA 3.63.0,2026-02-19 18:49:27.965744
A*23:132,A*23:132,A,Bw4 - 80I,Bw4_80I,classified,I,NA,NA,HLAtools_protein_alignment,IPD-IMGT/HLA 3.63.0,2026-02-19 18:49:27.965744
A*23:133,A*23:133,A,Bw4 - 80I,Bw4_80I,classified,I,NA,NA,HLAtools_protein_alignment,IPD-IMGT/HLA 3.63.0,2026-02-19 18:49:27.965744
A*23:134,A*23:134,A,Bw4 - 80I,Bw4_80I,classified,I,NA,NA,HLAtools_protein_alignment,IPD-IMGT/HLA 3.63.0,2026-02-19 18:49:27.965744
A*23:135,A*23:135,A,Bw4 - 80I,Bw4_80I,classified,I,NA,NA,HLAtools_protein_alignment,IPD-IMGT/HLA 3.63.0,2026-02-19 18:49:27.965744
A*23:136,A*23:136,A,Bw4 - 80I,Bw4_80I,classified,I,NA,NA,HLAtools_protein_alignment,IPD-IMGT/HLA 3.63.0,2026-02-19 18:49:27.965744
A*23:137,A*23:137,A,Bw4 - 80I,Bw4_80I,classified,I,NA,NA,HLAtools_protein_alignment,IPD-IMGT/HLA 3.63.0,2026-02-19 18:49:27.965744
A*23:138,A*23:138,A,Bw4 - 80I,Bw4_80I,classified,I,NA,NA,HLAtools_protein_alignment,IPD-IMGT/HLA 3.63.0,2026-02-19 18:49:27.965744
A*23:139,A*23:139,A,Bw4 - 80I,Bw4_80I,classified,I,NA,NA,HLAtools_protein_alignment,IPD-IMGT/HLA 3.63.0,2026-02-19 18:49:27.965744
A*23:14,A*23:14,A,Bw4 - 80I,Bw4_80I,classified,I,NA,NA,HLAtools_protein_alignment,IPD-IMGT/HLA 3.63.0,2026-02-19 18:49:27.965744
A*23:140,A*23:140,A,Bw4 - 80I,Bw4_80I,classified,I,NA,NA,HLAtools_protein_alignment,IPD-IMGT/HLA 3.63.0,2026-02-19 18:49:27.965744
A*23:141,A*23:141,A,Bw4 - 80I,Bw4_80I,classified,I,NA,NA,HLAtools_protein_alignment,IPD-IMGT/HLA 3.63.0,2026-02-19 18:49:27.965744
A*23:143,A*23:143,A,Bw4 - 80I,Bw4_80I,classified,I,NA,NA,HLAtools_protein_alignment,IPD-IMGT/HLA 3.63.0,2026-02-19 18:49:27.965744
A*23:144,A*23:144,A,Bw4 - 80I,Bw4_80I,classified,I,NA,NA,HLAtools_protein_alignment,IPD-IMGT/HLA 3.63.0,2026-02-19 18:49:27.965744
A*23:145,A*23:145,A,Bw4 - 80I,Bw4_80I,classified,I,NA,NA,HLAtools_protein_alignment,IPD-IMGT/HLA 3.63.0,2026-02-19 18:49:27.965744
A*23:146,A*23:146,A,Bw4 - 80I,Bw4_80I,classified,I,NA,NA,HLAtools_protein_alignment,IPD-IMGT/HLA 3.63.0,2026-02-19 18:49:27.965744
A*23:147,A*23:147,A,Bw4 - 80I,Bw4_80I,classified,I,NA,NA,HLAtools_protein_alignment,IPD-IMGT/HLA 3.63.0,2026-02-19 18:49:27.965744
A*23:148,A*23:148,A,Bw4 - 80I,Bw4_80I,classified,I,NA,NA,HLAtools_protein_alignment,IPD-IMGT/HLA 3.63.0,2026-02-19 18:49:27.965744
A*23:149,A*23:149,A,Bw4 - 80I,Bw4_80I,classified,I,NA,NA,HLAtools_protein_alignment,IPD-IMGT/HLA 3.63.0,2026-02-19 18:49:27.965744
A*23:15,A*23:15,A,Bw4 - 80I,Bw4_80I,classified,I,NA,NA,HLAtools_protein_alignment,IPD-IMGT/HLA 3.63.0,2026-02-19 18:49:27.965744
A*23:150,A*23:150,A,Bw4 - 80I,Bw4_80I,classified,I,NA,NA,HLAtools_protein_alignment,IPD-IMGT/HLA 3.63.0,2026-02-19 18:49:27.965744
A*23:151,A*23:151,A,Bw4 - 80I,Bw4_80I,classified,I,NA,NA,HLAtools_protein_alignment,IPD-IMGT/HLA 3.63.0,2026-02-19 18:49:27.965744
A*23:152,A*23:152,A,Bw4 - 80I,Bw4_80I,classified,I,NA,NA,HLAtools_protein_alignment,IPD-IMGT/HLA 3.63.0,2026-02-19 18:49:27.965744
A*23:153,A*23:153,A,Bw4 - 80I,Bw4_80I,classified,I,NA,NA,HLAtools_protein_alignment,IPD-IMGT/HLA 3.63.0,2026-02-19 18:49:27.965744
A*23:154,A*23:154,A,Bw4 - 80I,Bw4_80I,classified,I,NA,NA,HLAtools_protein_alignment,IPD-IMGT/HLA 3.63.0,2026-02-19 18:49:27.965744
A*23:155,A*23:155,A,Bw4 - 80I,Bw4_80I,classified,I,NA,NA,HLAtools_protein_alignment,IPD-IMGT/HLA 3.63.0,2026-02-19 18:49:27.965744
A*23:16,A*23:16,A,Bw4 - 80I,Bw4_80I,classified,I,NA,NA,HLAtools_protein_alignment,IPD-IMGT/HLA 3.63.0,2026-02-19 18:49:27.965744
A*23:17,A*23:17,A,Bw4 - 80I,Bw4_80I,classified,I,NA,NA,HLAtools_protein_alignment,IPD-IMGT/HLA 3.63.0,2026-02-19 18:49:27.965744
A*23:18,A*23:18,A,Bw4 - 80I,Bw4_80I,classified,I,NA,NA,HLAtools_protein_alignment,IPD-IMGT/HLA 3.63.0,2026-02-19 18:49:27.965744
A*23:20,A*23:20,A,Bw4 - 80I,Bw4_80I,classified,I,NA,NA,HLAtools_protein_alignment,IPD-IMGT/HLA 3.63.0,2026-02-19 18:49:27.965744
A*23:21,A*23:21,A,Bw4 - 80I,Bw4_80I,classified,I,NA,NA,HLAtools_protein_alignment,IPD-IMGT/HLA 3.63.0,2026-02-19 18:49:27.965744
A*23:22,A*23:22,A,Bw4 - 80I,Bw4_80I,classified,I,NA,NA,HLAtools_protein_alignment,IPD-IMGT/HLA 3.63.0,2026-02-19 18:49:27.965744
A*23:23,A*23:23,A,Bw4 - 80I,Bw4_80I,classified,I,NA,NA,HLAtools_protein_alignment,IPD-IMGT/HLA 3.63.0,2026-02-19 18:49:27.965744
A*23:24,A*23:24,A,Bw4 - 80I,Bw4_80I,classified,I,NA,NA,HLAtools_protein_alignment,IPD-IMGT/HLA 3.63.0,2026-02-19 18:49:27.965744
A*23:25,A*23:25,A,Bw4 - 80I,Bw4_80I,classified,I,NA,NA,HLAtools_protein_alignment,IPD-IMGT/HLA 3.63.0,2026-02-19 18:49:27.965744
A*23:26,A*23:26,A,Bw4 - 80I,Bw4_80I,classified,I,NA,NA,HLAtools_protein_alignment,IPD-IMGT/HLA 3.63.0,2026-02-19 18:49:27.965744
A*23:27,A*23:27,A,Bw4 - 80I,Bw4_80I,classified,I,NA,NA,HLAtools_protein_alignment,IPD-IMGT/HLA 3.63.0,2026-02-19 18:49:27.965744
A*23:28,A*23:28,A,Bw4 - 80I,Bw4_80I,classified,I,NA,NA,HLAtools_protein_alignment,IPD-IMGT/HLA 3.63.0,2026-02-19 18:49:27.965744
A*23:29,A*23:29,A,Bw4 - 80I,Bw4_80I,classified,I,NA,NA,HLAtools_protein_alignment,IPD-IMGT/HLA 3.63.0,2026-02-19 18:49:27.965744
A*23:30,A*23:30,A,Bw4 - 80I,Bw4_80I,classified,I,NA,NA,HLAtools_protein_alignment,IPD-IMGT/HLA 3.63.0,2026-02-19 18:49:27.965744
A*23:31,A*23:31,A,Bw4 - 80I,Bw4_80I,classified,I,NA,NA,HLAtools_protein_alignment,IPD-IMGT/HLA 3.63.0,2026-02-19 18:49:27.965744
A*23:32,A*23:32,A,Bw4 - 80I,Bw4_80I,classified,I,NA,NA,HLAtools_protein_alignment,IPD-IMGT/HLA 3.63.0,2026-02-19 18:49:27.965744
A*23:33,A*23:33,A,Bw4 - 80I,Bw4_80I,classified,I,NA,NA,HLAtools_protein_alignment,IPD-IMGT/HLA 3.63.0,2026-02-19 18:49:27.965744
A*23:34,A*23:34,A,Bw4 - 80I,Bw4_80I,classified,I,NA,NA,HLAtools_protein_alignment,IPD-IMGT/HLA 3.63.0,2026-02-19 18:49:27.965744
A*23:35,A*23:35,A,Bw4 - 80I,Bw4_80I,classified,I,NA,NA,HLAtools_protein_alignment,IPD-IMGT/HLA 3.63.0,2026-02-19 18:49:27.965744
A*23:36,A*23:36,A,Bw4 - 80I,Bw4_80I,classified,I,NA,NA,HLAtools_protein_alignment,IPD-IMGT/HLA 3.63.0,2026-02-19 18:49:27.965744
A*23:37,A*23:37,A,Bw4 - 80I,Bw4_80I,classified,I,NA,NA,HLAtools_protein_alignment,IPD-IMGT/HLA 3.63.0,2026-02-19 18:49:27.965744
A*23:39,A*23:39,A,Bw4 - 80I,Bw4_80I,classified,I,NA,NA,HLAtools_protein_alignment,IPD-IMGT/HLA 3.63.0,2026-02-19 18:49:27.965744
A*23:40,A*23:40,A,Bw4 - 80I,Bw4_80I,classified,I,NA,NA,HLAtools_protein_alignment,IPD-IMGT/HLA 3.63.0,2026-02-19 18:49:27.965744
A*23:41,A*23:41,A,Bw4 - 80I,Bw4_80I,classified,I,NA,NA,HLAtools_protein_alignment,IPD-IMGT/HLA 3.63.0,2026-02-19 18:49:27.965744
A*23:42,A*23:42,A,Bw4 - 80I,Bw4_80I,classified,I,NA,NA,HLAtools_protein_alignment,IPD-IMGT/HLA 3.63.0,2026-02-19 18:49:27.965744
A*23:43,A*23:43,A,Bw4 - 80I,Bw4_80I,classified,I,NA,NA,HLAtools_protein_alignment,IPD-IMGT/HLA 3.63.0,2026-02-19 18:49:27.965744
A*23:44,A*23:44,A,Bw4 - 80I,Bw4_80I,classified,I,NA,NA,HLAtools_protein_alignment,IPD-IMGT/HLA 3.63.0,2026-02-19 18:49:27.965744
A*23:45,A*23:45,A,Bw4 - 80I,Bw4_80I,classified,I,NA,NA,HLAtools_protein_alignment,IPD-IMGT/HLA 3.63.0,2026-02-19 18:49:27.965744
A*23:46,A*23:46,A,Bw4 - 80I,Bw4_80I,classified,I,NA,NA,HLAtools_protein_alignment,IPD-IMGT/HLA 3.63.0,2026-02-19 18:49:27.965744
A*23:47,A*23:47,A,Bw4 - 80I,Bw4_80I,classified,I,NA,NA,HLAtools_protein_alignment,IPD-IMGT/HLA 3.63.0,2026-02-19 18:49:27.965744
A*23:48,A*23:48,A,Bw4 - 80I,Bw4_80I,classified,I,NA,NA,HLAtools_protein_alignment,IPD-IMGT/HLA 3.63.0,2026-02-19 18:49:27.965744
A*23:49,A*23:49,A,Bw4 - 80I,Bw4_80I,classified,I,NA,NA,HLAtools_protein_alignment,IPD-IMGT/HLA 3.63.0,2026-02-19 18:49:27.965744
A*23:50,A*23:50,A,Bw4 - 80I,Bw4_80I,classified,I,NA,NA,HLAtools_protein_alignment,IPD-IMGT/HLA 3.63.0,2026-02-19 18:49:27.965744
A*23:51,A*23:51,A,Bw4 - 80I,Bw4_80I,classified,I,NA,NA,HLAtools_protein_alignment,IPD-IMGT/HLA 3.63.0,2026-02-19 18:49:27.965744
A*23:52,A*23:52,A,Bw4 - 80I,Bw4_80I,classified,I,NA,NA,HLAtools_protein_alignment,IPD-IMGT/HLA 3.63.0,2026-02-19 18:49:27.965744
A*23:53,A*23:53,A,Bw4 - 80I,Bw4_80I,classified,I,NA,NA,HLAtools_protein_alignment,IPD-IMGT/HLA 3.63.0,2026-02-19 18:49:27.965744
A*23:54,A*23:54,A,Bw4 - 80I,Bw4_80I,classified,I,NA,NA,HLAtools_protein_alignment,IPD-IMGT/HLA 3.63.0,2026-02-19 18:49:27.965744
A*23:55,A*23:55,A,Bw4 - 80I,Bw4_80I,classified,I,NA,NA,HLAtools_protein_alignment,IPD-IMGT/HLA 3.63.0,2026-02-19 18:49:27.965744
A*23:56,A*23:56,A,Bw4 - 80I,Bw4_80I,classified,I,NA,NA,HLAtools_protein_alignment,IPD-IMGT/HLA 3.63.0,2026-02-19 18:49:27.965744
A*23:57,A*23:57,A,Bw4 - 80I,Bw4_80I,classified,I,NA,NA,HLAtools_protein_alignment,IPD-IMGT/HLA 3.63.0,2026-02-19 18:49:27.965744
A*23:58,A*23:58,A,Bw4 - 80I,Bw4_80I,classified,I,NA,NA,HLAtools_protein_alignment,IPD-IMGT/HLA 3.63.0,2026-02-19 18:49:27.965744
A*23:59,A*23:59,A,Bw4 - 80I,Bw4_80I,classified,I,NA,NA,HLAtools_protein_alignment,IPD-IMGT/HLA 3.63.0,2026-02-19 18:49:27.965744
A*23:60,A*23:60,A,Bw4 - 80I,Bw4_80I,classified,I,NA,NA,HLAtools_protein_alignment,IPD-IMGT/HLA 3.63.0,2026-02-19 18:49:27.965744
A*23:61,A*23:61,A,Bw4 - 80I,Bw4_80I,classified,I,NA,NA,HLAtools_protein_alignment,IPD-IMGT/HLA 3.63.0,2026-02-19 18:49:27.965744
A*23:62,A*23:62,A,Bw4 - 80I,Bw4_80I,classified,I,NA,NA,HLAtools_protein_alignment,IPD-IMGT/HLA 3.63.0,2026-02-19 18:49:27.965744
A*23:63,A*23:63,A,Bw4 - 80I,Bw4_80I,classified,I,NA,NA,HLAtools_protein_alignment,IPD-IMGT/HLA 3.63.0,2026-02-19 18:49:27.965744
A*23:64,A*23:64,A,Bw4 - 80I,Bw4_80I,classified,I,NA,NA,HLAtools_protein_alignment,IPD-IMGT/HLA 3.63.0,2026-02-19 18:49:27.965744
A*23:65,A*23:65,A,Bw4 - 80I,Bw4_80I,classified,I,NA,NA,HLAtools_protein_alignment,IPD-IMGT/HLA 3.63.0,2026-02-19 18:49:27.965744
A*23:66,A*23:66,A,Bw4 - 80I,Bw4_80I,classified,I,NA,NA,HLAtools_protein_alignment,IPD-IMGT/HLA 3.63.0,2026-02-19 18:49:27.965744
A*23:67,A*23:67,A,Bw4 - 80I,Bw4_80I,classified,I,NA,NA,HLAtools_protein_alignment,IPD-IMGT/HLA 3.63.0,2026-02-19 18:49:27.965744
A*23:68,A*23:68,A,Bw4 - 80I,Bw4_80I,classified,I,NA,NA,HLAtools_protein_alignment,IPD-IMGT/HLA 3.63.0,2026-02-19 18:49:27.965744
A*23:70,A*23:70,A,Bw4 - 80I,Bw4_80I,classified,I,NA,NA,HLAtools_protein_alignment,IPD-IMGT/HLA 3.63.0,2026-02-19 18:49:27.965744
A*23:71,A*23:71,A,Bw4 - 80I,Bw4_80I,classified,I,NA,NA,HLAtools_protein_alignment,IPD-IMGT/HLA 3.63.0,2026-02-19 18:49:27.965744
A*23:72,A*23:72,A,Bw4 - 80I,Bw4_80I,classified,I,NA,NA,HLAtools_protein_alignment,IPD-IMGT/HLA 3.63.0,2026-02-19 18:49:27.965744
A*23:73,A*23:73,A,Bw4 - 80I,Bw4_80I,classified,I,NA,NA,HLAtools_protein_alignment,IPD-IMGT/HLA 3.63.0,2026-02-19 18:49:27.965744
A*23:74,A*23:74,A,Bw4 - 80I,Bw4_80I,classified,I,NA,NA,HLAtools_protein_alignment,IPD-IMGT/HLA 3.63.0,2026-02-19 18:49:27.965744
A*23:75,A*23:75,A,Bw4 - 80I,Bw4_80I,classified,I,NA,NA,HLAtools_protein_alignment,IPD-IMGT/HLA 3.63.0,2026-02-19 18:49:27.965744
A*23:76,A*23:76,A,Bw4 - 80I,Bw4_80I,classified,I,NA,NA,HLAtools_protein_alignment,IPD-IMGT/HLA 3.63.0,2026-02-19 18:49:27.965744
A*23:77,A*23:77,A,Bw4 - 80I,Bw4_80I,classified,I,NA,NA,HLAtools_protein_alignment,IPD-IMGT/HLA 3.63.0,2026-02-19 18:49:27.965744
A*23:78,A*23:78,A,Bw4 - 80I,Bw4_80I,classified,I,NA,NA,HLAtools_protein_alignment,IPD-IMGT/HLA 3.63.0,2026-02-19 18:49:27.965744
A*23:79,A*23:79,A,Bw4 - 80I,Bw4_80I,classified,I,NA,NA,HLAtools_protein_alignment,IPD-IMGT/HLA 3.63.0,2026-02-19 18:49:27.965744
A*23:80,A*23:80,A,Bw4 - 80I,Bw4_80I,classified,I,NA,NA,HLAtools_protein_alignment,IPD-IMGT/HLA 3.63.0,2026-02-19 18:49:27.965744
A*23:81,A*23:81,A,Bw4 - 80I,Bw4_80I,classified,I,NA,NA,HLAtools_protein_alignment,IPD-IMGT/HLA 3.63.0,2026-02-19 18:49:27.965744
A*23:82,A*23:82,A,Bw4 - 80I,Bw4_80I,classified,I,NA,NA,HLAtools_protein_alignment,IPD-IMGT/HLA 3.63.0,2026-02-19 18:49:27.965744
A*23:83,A*23:83,A,Bw4 - 80I,Bw4_80I,classified,I,NA,NA,HLAtools_protein_alignment,IPD-IMGT/HLA 3.63.0,2026-02-19 18:49:27.965744
A*23:85,A*23:85,A,Bw4 - 80I,Bw4_80I,classified,I,NA,NA,HLAtools_protein_alignment,IPD-IMGT/HLA 3.63.0,2026-02-19 18:49:27.965744
A*23:86,A*23:86,A,Bw4 - 80I,Bw4_80I,classified,I,NA,NA,HLAtools_protein_alignment,IPD-IMGT/HLA 3.63.0,2026-02-19 18:49:27.965744
A*23:87,A*23:87,A,Bw4 - 80I,Bw4_80I,classified,I,NA,NA,HLAtools_protein_alignment,IPD-IMGT/HLA 3.63.0,2026-02-19 18:49:27.965744
A*23:88,A*23:88,A,Bw4 - 80I,Bw4_80I,classified,I,NA,NA,HLAtools_protein_alignment,IPD-IMGT/HLA 3.63.0,2026-02-19 18:49:27.965744
A*23:89,A*23:89,A,Bw4 - 80I,Bw4_80I,classified,I,NA,NA,HLAtools_protein_alignment,IPD-IMGT/HLA 3.63.0,2026-02-19 18:49:27.965744
A*23:90,A*23:90,A,Bw4 - 80I,Bw4_80I,classified,I,NA,NA,HLAtools_protein_alignment,IPD-IMGT/HLA 3.63.0,2026-02-19 18:49:27.965744
A*23:92,A*23:92,A,Bw4 - 80I,Bw4_80I,classified,I,NA,NA,HLAtools_protein_alignment,IPD-IMGT/HLA 3.63.0,2026-02-19 18:49:27.965744
A*23:93,A*23:93,A,Bw4 - 80I,Bw4_80I,classified,I,NA,NA,HLAtools_protein_alignment,IPD-IMGT/HLA 3.63.0,2026-02-19 18:49:27.965744
A*23:94,A*23:94,A,Bw4 - 80I,Bw4_80I,classified,I,NA,NA,HLAtools_protein_alignment,IPD-IMGT/HLA 3.63.0,2026-02-19 18:49:27.965744
A*23:95,A*23:95,A,Bw4 - 80I,Bw4_80I,classified,I,NA,NA,HLAtools_protein_alignment,IPD-IMGT/HLA 3.63.0,2026-02-19 18:49:27.965744
A*23:96,A*23:96,A,Bw4 - 80I,Bw4_80I,classified,I,NA,NA,HLAtools_protein_alignment,IPD-IMGT/HLA 3.63.0,2026-02-19 18:49:27.965744
A*23:97,A*23:97,A,Bw4 - 80I,Bw4_80I,classified,I,NA,NA,HLAtools_protein_alignment,IPD-IMGT/HLA 3.63.0,2026-02-19 18:49:27.965744
A*23:98,A*23:98,A,Bw4 - 80I,Bw4_80I,classified,I,NA,NA,HLAtools_protein_alignment,IPD-IMGT/HLA 3.63.0,2026-02-19 18:49:27.965744
A*23:99,A*23:99,A,Bw4 - 80I,Bw4_80I,classified,I,NA,NA,HLAtools_protein_alignment,IPD-IMGT/HLA 3.63.0,2026-02-19 18:49:27.965744
A*24:02,A*24:02,A,Bw4 - 80I,Bw4_80I,classified,I,NA,NA,HLAtools_protein_alignment,IPD-IMGT/HLA 3.63.0,2026-02-19 18:49:27.965744
A*24:02L,A*24:02L,A,Bw4 - 80I,Bw4_80I,classified,I,NA,NA,HLAtools_protein_alignment,IPD-IMGT/HLA 3.63.0,2026-02-19 18:49:27.965744
A*24:02Q,A*24:02Q,A,Bw4 - 80I,Bw4_80I,classified,I,NA,NA,HLAtools_protein_alignment,IPD-IMGT/HLA 3.63.0,2026-02-19 18:49:27.965744
A*24:03,A*24:03,A,Bw4 - 80I,Bw4_80I,classified,I,NA,NA,HLAtools_protein_alignment,IPD-IMGT/HLA 3.63.0,2026-02-19 18:49:27.965744
A*24:05,A*24:05,A,Bw4 - 80I,Bw4_80I,classified,I,NA,NA,HLAtools_protein_alignment,IPD-IMGT/HLA 3.63.0,2026-02-19 18:49:27.965744
A*24:06,A*24:06,A,Bw4 - 80I,Bw4_80I,classified,I,NA,NA,HLAtools_protein_alignment,IPD-IMGT/HLA 3.63.0,2026-02-19 18:49:27.965744
A*24:07,A*24:07,A,Bw4 - 80I,Bw4_80I,classified,I,NA,NA,HLAtools_protein_alignment,IPD-IMGT/HLA 3.63.0,2026-02-19 18:49:27.965744
A*24:08,A*24:08,A,Bw4 - 80I,Bw4_80I,classified,I,NA,NA,HLAtools_protein_alignment,IPD-IMGT/HLA 3.63.0,2026-02-19 18:49:27.965744
A*24:10,A*24:10,A,Bw4 - 80I,Bw4_80I,classified,I,NA,NA,HLAtools_protein_alignment,IPD-IMGT/HLA 3.63.0,2026-02-19 18:49:27.965744
A*24:101,A*24:101,A,Bw4 - 80I,Bw4_80I,classified,I,NA,NA,HLAtools_protein_alignment,IPD-IMGT/HLA 3.63.0,2026-02-19 18:49:27.965744
A*24:102,A*24:102,A,Bw4 - 80I,Bw4_80I,classified,I,NA,NA,HLAtools_protein_alignment,IPD-IMGT/HLA 3.63.0,2026-02-19 18:49:27.965744
A*24:103,A*24:103,A,Bw4 - 80I,Bw4_80I,classified,I,NA,NA,HLAtools_protein_alignment,IPD-IMGT/HLA 3.63.0,2026-02-19 18:49:27.965744
A*24:104,A*24:104,A,Bw4 - 80I,Bw4_80I,classified,I,NA,NA,HLAtools_protein_alignment,IPD-IMGT/HLA 3.63.0,2026-02-19 18:49:27.965744
A*24:105,A*24:105,A,Bw4 - 80I,Bw4_80I,classified,I,NA,NA,HLAtools_protein_alignment,IPD-IMGT/HLA 3.63.0,2026-02-19 18:49:27.965744
A*24:106,A*24:106,A,Bw4 - 80I,Bw4_80I,classified,I,NA,NA,HLAtools_protein_alignment,IPD-IMGT/HLA 3.63.0,2026-02-19 18:49:27.965744
A*24:107,A*24:107,A,Bw4 - 80I,Bw4_80I,classified,I,NA,NA,HLAtools_protein_alignment,IPD-IMGT/HLA 3.63.0,2026-02-19 18:49:27.965744
A*24:108,A*24:108,A,Bw4 - 80I,Bw4_80I,classified,I,NA,NA,HLAtools_protein_alignment,IPD-IMGT/HLA 3.63.0,2026-02-19 18:49:27.965744
A*24:110,A*24:110,A,Bw4 - 80I,Bw4_80I,classified,I,NA,NA,HLAtools_protein_alignment,IPD-IMGT/HLA 3.63.0,2026-02-19 18:49:27.965744
A*24:111,A*24:111,A,Bw4 - 80I,Bw4_80I,classified,I,NA,NA,HLAtools_protein_alignment,IPD-IMGT/HLA 3.63.0,2026-02-19 18:49:27.965744
A*24:112,A*24:112,A,Bw4 - 80I,Bw4_80I,classified,I,NA,NA,HLAtools_protein_alignment,IPD-IMGT/HLA 3.63.0,2026-02-19 18:49:27.965744
A*24:113,A*24:113,A,Bw4 - 80I,Bw4_80I,classified,I,NA,NA,HLAtools_protein_alignment,IPD-IMGT/HLA 3.63.0,2026-02-19 18:49:27.965744
A*24:114,A*24:114,A,Bw4 - 80I,Bw4_80I,classified,I,NA,NA,HLAtools_protein_alignment,IPD-IMGT/HLA 3.63.0,2026-02-19 18:49:27.965744
A*24:115,A*24:115,A,Bw4 - 80I,Bw4_80I,classified,I,NA,NA,HLAtools_protein_alignment,IPD-IMGT/HLA 3.63.0,2026-02-19 18:49:27.965744
A*24:116,A*24:116,A,Bw4 - 80I,Bw4_80I,classified,I,NA,NA,HLAtools_protein_alignment,IPD-IMGT/HLA 3.63.0,2026-02-19 18:49:27.965744
A*24:117,A*24:117,A,Bw4 - 80I,Bw4_80I,classified,I,NA,NA,HLAtools_protein_alignment,IPD-IMGT/HLA 3.63.0,2026-02-19 18:49:27.965744
A*24:118,A*24:118,A,Bw4 - 80I,Bw4_80I,classified,I,NA,NA,HLAtools_protein_alignment,IPD-IMGT/HLA 3.63.0,2026-02-19 18:49:27.965744
A*24:119,A*24:119,A,Bw4 - 80I,Bw4_80I,classified,I,NA,NA,HLAtools_protein_alignment,IPD-IMGT/HLA 3.63.0,2026-02-19 18:49:27.965744
A*24:120,A*24:120,A,Bw4 - 80I,Bw4_80I,classified,I,NA,NA,HLAtools_protein_alignment,IPD-IMGT/HLA 3.63.0,2026-02-19 18:49:27.965744
A*24:121,A*24:121,A,Bw4 - 80I,Bw4_80I,classified,I,NA,NA,HLAtools_protein_alignment,IPD-IMGT/HLA 3.63.0,2026-02-19 18:49:27.965744
A*24:122,A*24:122,A,Bw4 - 80I,Bw4_80I,classified,I,NA,NA,HLAtools_protein_alignment,IPD-IMGT/HLA 3.63.0,2026-02-19 18:49:27.965744
A*24:123,A*24:123,A,Bw4 - 80I,Bw4_80I,classified,I,NA,NA,HLAtools_protein_alignment,IPD-IMGT/HLA 3.63.0,2026-02-19 18:49:27.965744
A*24:124,A*24:124,A,Bw4 - 80I,Bw4_80I,classified,I,NA,NA,HLAtools_protein_alignment,IPD-IMGT/HLA 3.63.0,2026-02-19 18:49:27.965744
A*24:125,A*24:125,A,Bw4 - 80I,Bw4_80I,classified,I,NA,NA,HLAtools_protein_alignment,IPD-IMGT/HLA 3.63.0,2026-02-19 18:49:27.965744
A*24:126,A*24:126,A,Bw4 - 80I,Bw4_80I,classified,I,NA,NA,HLAtools_protein_alignment,IPD-IMGT/HLA 3.63.0,2026-02-19 18:49:27.965744
A*24:127,A*24:127,A,Bw4 - 80I,Bw4_80I,classified,I,NA,NA,HLAtools_protein_alignment,IPD-IMGT/HLA 3.63.0,2026-02-19 18:49:27.965744
A*24:128,A*24:128,A,Bw4 - 80I,Bw4_80I,classified,I,NA,NA,HLAtools_protein_alignment,IPD-IMGT/HLA 3.63.0,2026-02-19 18:49:27.965744
A*24:13,A*24:13,A,Bw4 - 80I,Bw4_80I,classified,I,NA,NA,HLAtools_protein_alignment,IPD-IMGT/HLA 3.63.0,2026-02-19 18:49:27.965744
A*24:130,A*24:130,A,Bw4 - 80I,Bw4_80I,classified,I,NA,NA,HLAtools_protein_alignment,IPD-IMGT/HLA 3.63.0,2026-02-19 18:49:27.965744
A*24:131,A*24:131,A,Bw4 - 80I,Bw4_80I,classified,I,NA,NA,HLAtools_protein_alignment,IPD-IMGT/HLA 3.63.0,2026-02-19 18:49:27.965744
A*24:133,A*24:133,A,Bw4 - 80I,Bw4_80I,classified,I,NA,NA,HLAtools_protein_alignment,IPD-IMGT/HLA 3.63.0,2026-02-19 18:49:27.965744
A*24:134,A*24:134,A,Bw4 - 80I,Bw4_80I,classified,I,NA,NA,HLAtools_protein_alignment,IPD-IMGT/HLA 3.63.0,2026-02-19 18:49:27.965744
A*24:135,A*24:135,A,Bw4 - 80I,Bw4_80I,classified,I,NA,NA,HLAtools_protein_alignment,IPD-IMGT/HLA 3.63.0,2026-02-19 18:49:27.965744
A*24:136,A*24:136,A,Bw4 - 80I,Bw4_80I,classified,I,NA,NA,HLAtools_protein_alignment,IPD-IMGT/HLA 3.63.0,2026-02-19 18:49:27.965744
A*24:137,A*24:137,A,Bw4 - 80I,Bw4_80I,classified,I,NA,NA,HLAtools_protein_alignment,IPD-IMGT/HLA 3.63.0,2026-02-19 18:49:27.965744
A*24:138,A*24:138,A,Bw4 - 80I,Bw4_80I,classified,I,NA,NA,HLAtools_protein_alignment,IPD-IMGT/HLA 3.63.0,2026-02-19 18:49:27.965744
A*24:139,A*24:139,A,Bw4 - 80I,Bw4_80I,classified,I,NA,NA,HLAtools_protein_alignment,IPD-IMGT/HLA 3.63.0,2026-02-19 18:49:27.965744
A*24:14,A*24:14,A,Bw4 - 80I,Bw4_80I,classified,I,NA,NA,HLAtools_protein_alignment,IPD-IMGT/HLA 3.63.0,2026-02-19 18:49:27.965744
A*24:140,A*24:140,A,Bw4 - 80I,Bw4_80I,classified,I,NA,NA,HLAtools_protein_alignment,IPD-IMGT/HLA 3.63.0,2026-02-19 18:49:27.965744
A*24:141,A*24:141,A,Bw4 - 80I,Bw4_80I,classified,I,NA,NA,HLAtools_protein_alignment,IPD-IMGT/HLA 3.63.0,2026-02-19 18:49:27.965744
A*24:142,A*24:142,A,Bw4 - 80I,Bw4_80I,classified,I,NA,NA,HLAtools_protein_alignment,IPD-IMGT/HLA 3.63.0,2026-02-19 18:49:27.965744
A*24:143,A*24:143,A,Bw4 - 80I,Bw4_80I,classified,I,NA,NA,HLAtools_protein_alignment,IPD-IMGT/HLA 3.63.0,2026-02-19 18:49:27.965744
A*24:144,A*24:144,A,Bw4 - 80I,Bw4_80I,classified,I,NA,NA,HLAtools_protein_alignment,IPD-IMGT/HLA 3.63.0,2026-02-19 18:49:27.965744
A*24:145,A*24:145,A,Bw4 - 80I,Bw4_80I,classified,I,NA,NA,HLAtools_protein_alignment,IPD-IMGT/HLA 3.63.0,2026-02-19 18:49:27.965744
A*24:146,A*24:146,A,Bw4 - 80I,Bw4_80I,classified,I,NA,NA,HLAtools_protein_alignment,IPD-IMGT/HLA 3.63.0,2026-02-19 18:49:27.965744
A*24:147,A*24:147,A,Bw4 - 80I,Bw4_80I,classified,I,NA,NA,HLAtools_protein_alignment,IPD-IMGT/HLA 3.63.0,2026-02-19 18:49:27.965744
A*24:148,A*24:148,A,Bw4 - 80I,Bw4_80I,classified,I,NA,NA,HLAtools_protein_alignment,IPD-IMGT/HLA 3.63.0,2026-02-19 18:49:27.965744
A*24:149,A*24:149,A,Bw4 - 80I,Bw4_80I,classified,I,NA,NA,HLAtools_protein_alignment,IPD-IMGT/HLA 3.63.0,2026-02-19 18:49:27.965744
A*24:15,A*24:15,A,Bw4 - 80I,Bw4_80I,classified,I,NA,NA,HLAtools_protein_alignment,IPD-IMGT/HLA 3.63.0,2026-02-19 18:49:27.965744
A*24:150,A*24:150,A,Bw4 - 80I,Bw4_80I,classified,I,NA,NA,HLAtools_protein_alignment,IPD-IMGT/HLA 3.63.0,2026-02-19 18:49:27.965744
A*24:151,A*24:151,A,Bw4 - 80I,Bw4_80I,classified,I,NA,NA,HLAtools_protein_alignment,IPD-IMGT/HLA 3.63.0,2026-02-19 18:49:27.965744
A*24:152,A*24:152,A,Bw4 - 80I,Bw4_80I,classified,I,NA,NA,HLAtools_protein_alignment,IPD-IMGT/HLA 3.63.0,2026-02-19 18:49:27.965744
A*24:153,A*24:153,A,Bw4 - 80I,Bw4_80I,classified,I,NA,NA,HLAtools_protein_alignment,IPD-IMGT/HLA 3.63.0,2026-02-19 18:49:27.965744
A*24:154,A*24:154,A,Bw4 - 80I,Bw4_80I,classified,I,NA,NA,HLAtools_protein_alignment,IPD-IMGT/HLA 3.63.0,2026-02-19 18:49:27.965744
A*24:156,A*24:156,A,Bw4 - 80I,Bw4_80I,classified,I,NA,NA,HLAtools_protein_alignment,IPD-IMGT/HLA 3.63.0,2026-02-19 18:49:27.965744
A*24:157,A*24:157,A,Bw4 - 80I,Bw4_80I,classified,I,NA,NA,HLAtools_protein_alignment,IPD-IMGT/HLA 3.63.0,2026-02-19 18:49:27.965744
A*24:159,A*24:159,A,Bw4 - 80I,Bw4_80I,classified,I,NA,NA,HLAtools_protein_alignment,IPD-IMGT/HLA 3.63.0,2026-02-19 18:49:27.965744
A*24:160,A*24:160,A,Bw4 - 80I,Bw4_80I,classified,I,NA,NA,HLAtools_protein_alignment,IPD-IMGT/HLA 3.63.0,2026-02-19 18:49:27.965744
A*24:161,A*24:161,A,Bw4 - 80I,Bw4_80I,classified,I,NA,NA,HLAtools_protein_alignment,IPD-IMGT/HLA 3.63.0,2026-02-19 18:49:27.965744
A*24:162,A*24:162,A,Bw4 - 80I,Bw4_80I,classified,I,NA,NA,HLAtools_protein_alignment,IPD-IMGT/HLA 3.63.0,2026-02-19 18:49:27.965744
A*24:164,A*24:164,A,Bw4 - 80I,Bw4_80I,classified,I,NA,NA,HLAtools_protein_alignment,IPD-IMGT/HLA 3.63.0,2026-02-19 18:49:27.965744
A*24:165,A*24:165,A,Bw4 - 80I,Bw4_80I,classified,I,NA,NA,HLAtools_protein_alignment,IPD-IMGT/HLA 3.63.0,2026-02-19 18:49:27.965744
A*24:166,A*24:166,A,Bw4 - 80I,Bw4_80I,classified,I,NA,NA,HLAtools_protein_alignment,IPD-IMGT/HLA 3.63.0,2026-02-19 18:49:27.965744
A*24:167,A*24:167,A,Bw4 - 80I,Bw4_80I,classified,I,NA,NA,HLAtools_protein_alignment,IPD-IMGT/HLA 3.63.0,2026-02-19 18:49:27.965744
A*24:168,A*24:168,A,Bw4 - 80I,Bw4_80I,classified,I,NA,NA,HLAtools_protein_alignment,IPD-IMGT/HLA 3.63.0,2026-02-19 18:49:27.965744
A*24:169,A*24:169,A,Bw4 - 80I,Bw4_80I,classified,I,NA,NA,HLAtools_protein_alignment,IPD-IMGT/HLA 3.63.0,2026-02-19 18:49:27.965744
A*24:17,A*24:17,A,Bw4 - 80I,Bw4_80I,classified,I,NA,NA,HLAtools_protein_alignment,IPD-IMGT/HLA 3.63.0,2026-02-19 18:49:27.965744
A*24:170,A*24:170,A,Bw4 - 80I,Bw4_80I,classified,I,NA,NA,HLAtools_protein_alignment,IPD-IMGT/HLA 3.63.0,2026-02-19 18:49:27.965744
A*24:171,A*24:171,A,Bw4 - 80I,Bw4_80I,classified,I,NA,NA,HLAtools_protein_alignment,IPD-IMGT/HLA 3.63.0,2026-02-19 18:49:27.965744
A*24:172,A*24:172,A,Bw4 - 80I,Bw4_80I,classified,I,NA,NA,HLAtools_protein_alignment,IPD-IMGT/HLA 3.63.0,2026-02-19 18:49:27.965744
A*24:173,A*24:173,A,Bw4 - 80I,Bw4_80I,classified,I,NA,NA,HLAtools_protein_alignment,IPD-IMGT/HLA 3.63.0,2026-02-19 18:49:27.965744
A*24:174,A*24:174,A,Bw4 - 80I,Bw4_80I,classified,I,NA,NA,HLAtools_protein_alignment,IPD-IMGT/HLA 3.63.0,2026-02-19 18:49:27.965744
A*24:175,A*24:175,A,Bw4 - 80I,Bw4_80I,classified,I,NA,NA,HLAtools_protein_alignment,IPD-IMGT/HLA 3.63.0,2026-02-19 18:49:27.965744
A*24:176,A*24:176,A,Bw4 - 80I,Bw4_80I,classified,I,NA,NA,HLAtools_protein_alignment,IPD-IMGT/HLA 3.63.0,2026-02-19 18:49:27.965744
A*24:177,A*24:177,A,Bw4 - 80I,Bw4_80I,classified,I,NA,NA,HLAtools_protein_alignment,IPD-IMGT/HLA 3.63.0,2026-02-19 18:49:27.965744
A*24:178,A*24:178,A,Bw4 - 80I,Bw4_80I,classified,I,NA,NA,HLAtools_protein_alignment,IPD-IMGT/HLA 3.63.0,2026-02-19 18:49:27.965744
A*24:179,A*24:179,A,Bw4 - 80I,Bw4_80I,classified,I,NA,NA,HLAtools_protein_alignment,IPD-IMGT/HLA 3.63.0,2026-02-19 18:49:27.965744
A*24:18,A*24:18,A,Bw4 - 80I,Bw4_80I,classified,I,NA,NA,HLAtools_protein_alignment,IPD-IMGT/HLA 3.63.0,2026-02-19 18:49:27.965744
A*24:180,A*24:180,A,Bw4 - 80I,Bw4_80I,classified,I,NA,NA,HLAtools_protein_alignment,IPD-IMGT/HLA 3.63.0,2026-02-19 18:49:27.965744
A*24:181,A*24:181,A,Bw4 - 80I,Bw4_80I,classified,I,NA,NA,HLAtools_protein_alignment,IPD-IMGT/HLA 3.63.0,2026-02-19 18:49:27.965744
A*24:182,A*24:182,A,Bw4 - 80I,Bw4_80I,classified,I,NA,NA,HLAtools_protein_alignment,IPD-IMGT/HLA 3.63.0,2026-02-19 18:49:27.965744
A*24:184,A*24:184,A,Bw4 - 80I,Bw4_80I,classified,I,NA,NA,HLAtools_protein_alignment,IPD-IMGT/HLA 3.63.0,2026-02-19 18:49:27.965744
A*24:186,A*24:186,A,Bw4 - 80I,Bw4_80I,classified,I,NA,NA,HLAtools_protein_alignment,IPD-IMGT/HLA 3.63.0,2026-02-19 18:49:27.965744
A*24:187,A*24:187,A,Bw4 - 80I,Bw4_80I,classified,I,NA,NA,HLAtools_protein_alignment,IPD-IMGT/HLA 3.63.0,2026-02-19 18:49:27.965744
A*24:188,A*24:188,A,Bw4 - 80I,Bw4_80I,classified,I,NA,NA,HLAtools_protein_alignment,IPD-IMGT/HLA 3.63.0,2026-02-19 18:49:27.965744
A*24:189,A*24:189,A,Bw4 - 80I,Bw4_80I,classified,I,NA,NA,HLAtools_protein_alignment,IPD-IMGT/HLA 3.63.0,2026-02-19 18:49:27.965744
A*24:190,A*24:190,A,Bw4 - 80I,Bw4_80I,classified,I,NA,NA,HLAtools_protein_alignment,IPD-IMGT/HLA 3.63.0,2026-02-19 18:49:27.965744
A*24:191,A*24:191,A,Bw4 - 80I,Bw4_80I,classified,I,NA,NA,HLAtools_protein_alignment,IPD-IMGT/HLA 3.63.0,2026-02-19 18:49:27.965744
A*24:192,A*24:192,A,Bw4 - 80I,Bw4_80I,classified,I,NA,NA,HLAtools_protein_alignment,IPD-IMGT/HLA 3.63.0,2026-02-19 18:49:27.965744
A*24:193,A*24:193,A,Bw4 - 80I,Bw4_80I,classified,I,NA,NA,HLAtools_protein_alignment,IPD-IMGT/HLA 3.63.0,2026-02-19 18:49:27.965744
A*24:194,A*24:194,A,Bw4 - 80I,Bw4_80I,classified,I,NA,NA,HLAtools_protein_alignment,IPD-IMGT/HLA 3.63.0,2026-02-19 18:49:27.965744
A*24:195,A*24:195,A,Bw4 - 80I,Bw4_80I,classified,I,NA,NA,HLAtools_protein_alignment,IPD-IMGT/HLA 3.63.0,2026-02-19 18:49:27.965744
A*24:196,A*24:196,A,Bw4 - 80I,Bw4_80I,classified,I,NA,NA,HLAtools_protein_alignment,IPD-IMGT/HLA 3.63.0,2026-02-19 18:49:27.965744
A*24:197,A*24:197,A,Bw4 - 80I,Bw4_80I,classified,I,NA,NA,HLAtools_protein_alignment,IPD-IMGT/HLA 3.63.0,2026-02-19 18:49:27.965744
A*24:198,A*24:198,A,Bw4 - 80I,Bw4_80I,classified,I,NA,NA,HLAtools_protein_alignment,IPD-IMGT/HLA 3.63.0,2026-02-19 18:49:27.965744
A*24:199,A*24:199,A,Bw4 - 80I,Bw4_80I,classified,I,NA,NA,HLAtools_protein_alignment,IPD-IMGT/HLA 3.63.0,2026-02-19 18:49:27.965744
A*24:20,A*24:20,A,Bw4 - 80I,Bw4_80I,classified,I,NA,NA,HLAtools_protein_alignment,IPD-IMGT/HLA 3.63.0,2026-02-19 18:49:27.965744
A*24:200,A*24:200,A,Bw4 - 80I,Bw4_80I,classified,I,NA,NA,HLAtools_protein_alignment,IPD-IMGT/HLA 3.63.0,2026-02-19 18:49:27.965744
A*24:201,A*24:201,A,Bw4 - 80I,Bw4_80I,classified,I,NA,NA,HLAtools_protein_alignment,IPD-IMGT/HLA 3.63.0,2026-02-19 18:49:27.965744
A*24:202,A*24:202,A,Bw4 - 80I,Bw4_80I,classified,I,NA,NA,HLAtools_protein_alignment,IPD-IMGT/HLA 3.63.0,2026-02-19 18:49:27.965744
A*24:203,A*24:203,A,Bw4 - 80I,Bw4_80I,classified,I,NA,NA,HLAtools_protein_alignment,IPD-IMGT/HLA 3.63.0,2026-02-19 18:49:27.965744
A*24:204,A*24:204,A,Bw4 - 80I,Bw4_80I,classified,I,NA,NA,HLAtools_protein_alignment,IPD-IMGT/HLA 3.63.0,2026-02-19 18:49:27.965744
A*24:205,A*24:205,A,Bw4 - 80I,Bw4_80I,classified,I,NA,NA,HLAtools_protein_alignment,IPD-IMGT/HLA 3.63.0,2026-02-19 18:49:27.965744
A*24:206,A*24:206,A,Bw4 - 80I,Bw4_80I,classified,I,NA,NA,HLAtools_protein_alignment,IPD-IMGT/HLA 3.63.0,2026-02-19 18:49:27.965744
A*24:207,A*24:207,A,Bw4 - 80I,Bw4_80I,classified,I,NA,NA,HLAtools_protein_alignment,IPD-IMGT/HLA 3.63.0,2026-02-19 18:49:27.965744
A*24:208,A*24:208,A,Bw4 - 80I,Bw4_80I,classified,I,NA,NA,HLAtools_protein_alignment,IPD-IMGT/HLA 3.63.0,2026-02-19 18:49:27.965744
A*24:209,A*24:209,A,Bw4 - 80I,Bw4_80I,classified,I,NA,NA,HLAtools_protein_alignment,IPD-IMGT/HLA 3.63.0,2026-02-19 18:49:27.965744
A*24:21,A*24:21,A,Bw4 - 80I,Bw4_80I,classified,I,NA,NA,HLAtools_protein_alignment,IPD-IMGT/HLA 3.63.0,2026-02-19 18:49:27.965744
A*24:210,A*24:210,A,Bw4 - 80I,Bw4_80I,classified,I,NA,NA,HLAtools_protein_alignment,IPD-IMGT/HLA 3.63.0,2026-02-19 18:49:27.965744
A*24:212,A*24:212,A,Bw4 - 80I,Bw4_80I,classified,I,NA,NA,HLAtools_protein_alignment,IPD-IMGT/HLA 3.63.0,2026-02-19 18:49:27.965744
A*24:213,A*24:213,A,Bw4 - 80I,Bw4_80I,classified,I,NA,NA,HLAtools_protein_alignment,IPD-IMGT/HLA 3.63.0,2026-02-19 18:49:27.965744
A*24:214,A*24:214,A,Bw4 - 80I,Bw4_80I,classified,I,NA,NA,HLAtools_protein_alignment,IPD-IMGT/HLA 3.63.0,2026-02-19 18:49:27.965744
A*24:215,A*24:215,A,Bw4 - 80I,Bw4_80I,classified,I,NA,NA,HLAtools_protein_alignment,IPD-IMGT/HLA 3.63.0,2026-02-19 18:49:27.965744
A*24:216,A*24:216,A,Bw4 - 80I,Bw4_80I,classified,I,NA,NA,HLAtools_protein_alignment,IPD-IMGT/HLA 3.63.0,2026-02-19 18:49:27.965744
A*24:217,A*24:217,A,Bw4 - 80I,Bw4_80I,classified,I,NA,NA,HLAtools_protein_alignment,IPD-IMGT/HLA 3.63.0,2026-02-19 18:49:27.965744
A*24:218,A*24:218,A,Bw4 - 80I,Bw4_80I,classified,I,NA,NA,HLAtools_protein_alignment,IPD-IMGT/HLA 3.63.0,2026-02-19 18:49:27.965744
A*24:219,A*24:219,A,Bw4 - 80I,Bw4_80I,classified,I,NA,NA,HLAtools_protein_alignment,IPD-IMGT/HLA 3.63.0,2026-02-19 18:49:27.965744
A*24:22,A*24:22,A,Bw4 - 80I,Bw4_80I,classified,I,NA,NA,HLAtools_protein_alignment,IPD-IMGT/HLA 3.63.0,2026-02-19 18:49:27.965744
A*24:220,A*24:220,A,Bw4 - 80I,Bw4_80I,classified,I,NA,NA,HLAtools_protein_alignment,IPD-IMGT/HLA 3.63.0,2026-02-19 18:49:27.965744
A*24:221,A*24:221,A,Bw4 - 80I,Bw4_80I,classified,I,NA,NA,HLAtools_protein_alignment,IPD-IMGT/HLA 3.63.0,2026-02-19 18:49:27.965744
A*24:223,A*24:223,A,Bw4 - 80I,Bw4_80I,classified,I,NA,NA,HLAtools_protein_alignment,IPD-IMGT/HLA 3.63.0,2026-02-19 18:49:27.965744
A*24:224,A*24:224,A,Bw4 - 80I,Bw4_80I,classified,I,NA,NA,HLAtools_protein_alignment,IPD-IMGT/HLA 3.63.0,2026-02-19 18:49:27.965744
A*24:225,A*24:225,A,Bw4 - 80I,Bw4_80I,classified,I,NA,NA,HLAtools_protein_alignment,IPD-IMGT/HLA 3.63.0,2026-02-19 18:49:27.965744
A*24:226,A*24:226,A,Bw4 - 80I,Bw4_80I,classified,I,NA,NA,HLAtools_protein_alignment,IPD-IMGT/HLA 3.63.0,2026-02-19 18:49:27.965744
A*24:227,A*24:227,A,Bw4 - 80I,Bw4_80I,classified,I,NA,NA,HLAtools_protein_alignment,IPD-IMGT/HLA 3.63.0,2026-02-19 18:49:27.965744
A*24:228,A*24:228,A,Bw4 - 80I,Bw4_80I,classified,I,NA,NA,HLAtools_protein_alignment,IPD-IMGT/HLA 3.63.0,2026-02-19 18:49:27.965744
A*24:229,A*24:229,A,Bw4 - 80I,Bw4_80I,classified,I,NA,NA,HLAtools_protein_alignment,IPD-IMGT/HLA 3.63.0,2026-02-19 18:49:27.965744
A*24:23,A*24:23,A,Bw4 - 80I,Bw4_80I,classified,I,NA,NA,HLAtools_protein_alignment,IPD-IMGT/HLA 3.63.0,2026-02-19 18:49:27.965744
A*24:230,A*24:230,A,Bw4 - 80I,Bw4_80I,classified,I,NA,NA,HLAtools_protein_alignment,IPD-IMGT/HLA 3.63.0,2026-02-19 18:49:27.965744
A*24:231,A*24:231,A,Bw4 - 80I,Bw4_80I,classified,I,NA,NA,HLAtools_protein_alignment,IPD-IMGT/HLA 3.63.0,2026-02-19 18:49:27.965744
A*24:233,A*24:233,A,Bw4 - 80I,Bw4_80I,classified,I,NA,NA,HLAtools_protein_alignment,IPD-IMGT/HLA 3.63.0,2026-02-19 18:49:27.965744
A*24:234,A*24:234,A,Bw4 - 80I,Bw4_80I,classified,I,NA,NA,HLAtools_protein_alignment,IPD-IMGT/HLA 3.63.0,2026-02-19 18:49:27.965744
A*24:235,A*24:235,A,Bw4 - 80I,Bw4_80I,classified,I,NA,NA,HLAtools_protein_alignment,IPD-IMGT/HLA 3.63.0,2026-02-19 18:49:27.965744
A*24:236,A*24:236,A,Bw4 - 80I,Bw4_80I,classified,I,NA,NA,HLAtools_protein_alignment,IPD-IMGT/HLA 3.63.0,2026-02-19 18:49:27.965744
A*24:237,A*24:237,A,Bw4 - 80I,Bw4_80I,classified,I,NA,NA,HLAtools_protein_alignment,IPD-IMGT/HLA 3.63.0,2026-02-19 18:49:27.965744
A*24:238,A*24:238,A,Bw4 - 80I,Bw4_80I,classified,I,NA,NA,HLAtools_protein_alignment,IPD-IMGT/HLA 3.63.0,2026-02-19 18:49:27.965744
A*24:239,A*24:239,A,Bw4 - 80I,Bw4_80I,classified,I,NA,NA,HLAtools_protein_alignment,IPD-IMGT/HLA 3.63.0,2026-02-19 18:49:27.965744
A*24:24,A*24:24,A,Bw4 - 80I,Bw4_80I,classified,I,NA,NA,HLAtools_protein_alignment,IPD-IMGT/HLA 3.63.0,2026-02-19 18:49:27.965744
A*24:242,A*24:242,A,Bw4 - 80I,Bw4_80I,classified,I,NA,NA,HLAtools_protein_alignment,IPD-IMGT/HLA 3.63.0,2026-02-19 18:49:27.965744
A*24:243,A*24:243,A,Bw4 - 80I,Bw4_80I,classified,I,NA,NA,HLAtools_protein_alignment,IPD-IMGT/HLA 3.63.0,2026-02-19 18:49:27.965744
A*24:244,A*24:244,A,Bw4 - 80I,Bw4_80I,classified,I,NA,NA,HLAtools_protein_alignment,IPD-IMGT/HLA 3.63.0,2026-02-19 18:49:27.965744
A*24:245,A*24:245,A,Bw4 - 80I,Bw4_80I,classified,I,NA,NA,HLAtools_protein_alignment,IPD-IMGT/HLA 3.63.0,2026-02-19 18:49:27.965744
A*24:246,A*24:246,A,Bw4 - 80I,Bw4_80I,classified,I,NA,NA,HLAtools_protein_alignment,IPD-IMGT/HLA 3.63.0,2026-02-19 18:49:27.965744
A*24:247,A*24:247,A,Bw4 - 80I,Bw4_80I,classified,I,NA,NA,HLAtools_protein_alignment,IPD-IMGT/HLA 3.63.0,2026-02-19 18:49:27.965744
A*24:248,A*24:248,A,Bw4 - 80I,Bw4_80I,classified,I,NA,NA,HLAtools_protein_alignment,IPD-IMGT/HLA 3.63.0,2026-02-19 18:49:27.965744
A*24:249,A*24:249,A,Bw4 - 80I,Bw4_80I,classified,I,NA,NA,HLAtools_protein_alignment,IPD-IMGT/HLA 3.63.0,2026-02-19 18:49:27.965744
A*24:25,A*24:25,A,Bw4 - 80I,Bw4_80I,classified,I,NA,NA,HLAtools_protein_alignment,IPD-IMGT/HLA 3.63.0,2026-02-19 18:49:27.965744
A*24:250,A*24:250,A,Bw4 - 80I,Bw4_80I,classified,I,NA,NA,HLAtools_protein_alignment,IPD-IMGT/HLA 3.63.0,2026-02-19 18:49:27.965744
A*24:251,A*24:251,A,Bw4 - 80I,Bw4_80I,classified,I,NA,NA,HLAtools_protein_alignment,IPD-IMGT/HLA 3.63.0,2026-02-19 18:49:27.965744
A*24:253,A*24:253,A,Bw4 - 80I,Bw4_80I,classified,I,NA,NA,HLAtools_protein_alignment,IPD-IMGT/HLA 3.63.0,2026-02-19 18:49:27.965744
A*24:254,A*24:254,A,Bw4 - 80I,Bw4_80I,classified,I,NA,NA,HLAtools_protein_alignment,IPD-IMGT/HLA 3.63.0,2026-02-19 18:49:27.965744
A*24:255,A*24:255,A,Bw4 - 80I,Bw4_80I,classified,I,NA,NA,HLAtools_protein_alignment,IPD-IMGT/HLA 3.63.0,2026-02-19 18:49:27.965744
A*24:256,A*24:256,A,Bw4 - 80I,Bw4_80I,classified,I,NA,NA,HLAtools_protein_alignment,IPD-IMGT/HLA 3.63.0,2026-02-19 18:49:27.965744
A*24:257,A*24:257,A,Bw4 - 80I,Bw4_80I,classified,I,NA,NA,HLAtools_protein_alignment,IPD-IMGT/HLA 3.63.0,2026-02-19 18:49:27.965744
A*24:258,A*24:258,A,Bw4 - 80I,Bw4_80I,classified,I,NA,NA,HLAtools_protein_alignment,IPD-IMGT/HLA 3.63.0,2026-02-19 18:49:27.965744
A*24:259,A*24:259,A,Bw4 - 80I,Bw4_80I,classified,I,NA,NA,HLAtools_protein_alignment,IPD-IMGT/HLA 3.63.0,2026-02-19 18:49:27.965744
A*24:26,A*24:26,A,Bw4 - 80I,Bw4_80I,classified,I,NA,NA,HLAtools_protein_alignment,IPD-IMGT/HLA 3.63.0,2026-02-19 18:49:27.965744
A*24:260,A*24:260,A,Bw4 - 80I,Bw4_80I,classified,I,NA,NA,HLAtools_protein_alignment,IPD-IMGT/HLA 3.63.0,2026-02-19 18:49:27.965744
A*24:261,A*24:261,A,Bw4 - 80I,Bw4_80I,classified,I,NA,NA,HLAtools_protein_alignment,IPD-IMGT/HLA 3.63.0,2026-02-19 18:49:27.965744
A*24:262,A*24:262,A,Bw4 - 80I,Bw4_80I,classified,I,NA,NA,HLAtools_protein_alignment,IPD-IMGT/HLA 3.63.0,2026-02-19 18:49:27.965744
A*24:263,A*24:263,A,Bw4 - 80I,Bw4_80I,classified,I,NA,NA,HLAtools_protein_alignment,IPD-IMGT/HLA 3.63.0,2026-02-19 18:49:27.965744
A*24:264,A*24:264,A,Bw4 - 80I,Bw4_80I,classified,I,NA,NA,HLAtools_protein_alignment,IPD-IMGT/HLA 3.63.0,2026-02-19 18:49:27.965744
A*24:265,A*24:265,A,Bw4 - 80I,Bw4_80I,classified,I,NA,NA,HLAtools_protein_alignment,IPD-IMGT/HLA 3.63.0,2026-02-19 18:49:27.965744
A*24:266,A*24:266,A,Bw4 - 80I,Bw4_80I,classified,I,NA,NA,HLAtools_protein_alignment,IPD-IMGT/HLA 3.63.0,2026-02-19 18:49:27.965744
A*24:267,A*24:267,A,Bw4 - 80I,Bw4_80I,classified,I,NA,NA,HLAtools_protein_alignment,IPD-IMGT/HLA 3.63.0,2026-02-19 18:49:27.965744
A*24:268,A*24:268,A,Bw4 - 80I,Bw4_80I,classified,I,NA,NA,HLAtools_protein_alignment,IPD-IMGT/HLA 3.63.0,2026-02-19 18:49:27.965744
A*24:269,A*24:269,A,Bw4 - 80I,Bw4_80I,classified,I,NA,NA,HLAtools_protein_alignment,IPD-IMGT/HLA 3.63.0,2026-02-19 18:49:27.965744
A*24:27,A*24:27,A,Bw4 - 80I,Bw4_80I,classified,I,NA,NA,HLAtools_protein_alignment,IPD-IMGT/HLA 3.63.0,2026-02-19 18:49:27.965744
A*24:270,A*24:270,A,Bw4 - 80I,Bw4_80I,classified,I,NA,NA,HLAtools_protein_alignment,IPD-IMGT/HLA 3.63.0,2026-02-19 18:49:27.965744
A*24:271,A*24:271,A,Bw4 - 80I,Bw4_80I,classified,I,NA,NA,HLAtools_protein_alignment,IPD-IMGT/HLA 3.63.0,2026-02-19 18:49:27.965744
A*24:272,A*24:272,A,Bw4 - 80I,Bw4_80I,classified,I,NA,NA,HLAtools_protein_alignment,IPD-IMGT/HLA 3.63.0,2026-02-19 18:49:27.965744
A*24:273,A*24:273,A,Bw4 - 80I,Bw4_80I,classified,I,NA,NA,HLAtools_protein_alignment,IPD-IMGT/HLA 3.63.0,2026-02-19 18:49:27.965744
A*24:274,A*24:274,A,Bw4 - 80I,Bw4_80I,classified,I,NA,NA,HLAtools_protein_alignment,IPD-IMGT/HLA 3.63.0,2026-02-19 18:49:27.965744
A*24:275,A*24:275,A,Bw4 - 80I,Bw4_80I,classified,I,NA,NA,HLAtools_protein_alignment,IPD-IMGT/HLA 3.63.0,2026-02-19 18:49:27.965744
A*24:276,A*24:276,A,Bw4 - 80I,Bw4_80I,classified,I,NA,NA,HLAtools_protein_alignment,IPD-IMGT/HLA 3.63.0,2026-02-19 18:49:27.965744
A*24:277,A*24:277,A,Bw4 - 80I,Bw4_80I,classified,I,NA,NA,HLAtools_protein_alignment,IPD-IMGT/HLA 3.63.0,2026-02-19 18:49:27.965744
A*24:279,A*24:279,A,Bw4 - 80I,Bw4_80I,classified,I,NA,NA,HLAtools_protein_alignment,IPD-IMGT/HLA 3.63.0,2026-02-19 18:49:27.965744
A*24:280,A*24:280,A,Bw4 - 80I,Bw4_80I,classified,I,NA,NA,HLAtools_protein_alignment,IPD-IMGT/HLA 3.63.0,2026-02-19 18:49:27.965744
A*24:281,A*24:281,A,Bw4 - 80I,Bw4_80I,classified,I,NA,NA,HLAtools_protein_alignment,IPD-IMGT/HLA 3.63.0,2026-02-19 18:49:27.965744
A*24:282,A*24:282,A,Bw4 - 80I,Bw4_80I,classified,I,NA,NA,HLAtools_protein_alignment,IPD-IMGT/HLA 3.63.0,2026-02-19 18:49:27.965744
A*24:283,A*24:283,A,Bw4 - 80I,Bw4_80I,classified,I,NA,NA,HLAtools_protein_alignment,IPD-IMGT/HLA 3.63.0,2026-02-19 18:49:27.965744
A*24:284,A*24:284,A,Bw4 - 80I,Bw4_80I,classified,I,NA,NA,HLAtools_protein_alignment,IPD-IMGT/HLA 3.63.0,2026-02-19 18:49:27.965744
A*24:285,A*24:285,A,Bw4 - 80I,Bw4_80I,classified,I,NA,NA,HLAtools_protein_alignment,IPD-IMGT/HLA 3.63.0,2026-02-19 18:49:27.965744
A*24:286,A*24:286,A,Bw4 - 80I,Bw4_80I,classified,I,NA,NA,HLAtools_protein_alignment,IPD-IMGT/HLA 3.63.0,2026-02-19 18:49:27.965744
A*24:287,A*24:287,A,Bw4 - 80I,Bw4_80I,classified,I,NA,NA,HLAtools_protein_alignment,IPD-IMGT/HLA 3.63.0,2026-02-19 18:49:27.965744
A*24:288,A*24:288,A,Bw4 - 80I,Bw4_80I,classified,I,NA,NA,HLAtools_protein_alignment,IPD-IMGT/HLA 3.63.0,2026-02-19 18:49:27.965744
A*24:289,A*24:289,A,Bw4 - 80I,Bw4_80I,classified,I,NA,NA,HLAtools_protein_alignment,IPD-IMGT/HLA 3.63.0,2026-02-19 18:49:27.965744
A*24:29,A*24:29,A,Bw4 - 80I,Bw4_80I,classified,I,NA,NA,HLAtools_protein_alignment,IPD-IMGT/HLA 3.63.0,2026-02-19 18:49:27.965744
A*24:291,A*24:291,A,Bw4 - 80I,Bw4_80I,classified,I,NA,NA,HLAtools_protein_alignment,IPD-IMGT/HLA 3.63.0,2026-02-19 18:49:27.965744
A*24:292,A*24:292,A,Bw4 - 80I,Bw4_80I,classified,I,NA,NA,HLAtools_protein_alignment,IPD-IMGT/HLA 3.63.0,2026-02-19 18:49:27.965744
A*24:293,A*24:293,A,Bw4 - 80I,Bw4_80I,classified,I,NA,NA,HLAtools_protein_alignment,IPD-IMGT/HLA 3.63.0,2026-02-19 18:49:27.965744
A*24:294Q,A*24:294Q,A,Bw4 - 80I,Bw4_80I,classified,I,NA,NA,HLAtools_protein_alignment,IPD-IMGT/HLA 3.63.0,2026-02-19 18:49:27.965744
A*24:295,A*24:295,A,Bw4 - 80I,Bw4_80I,classified,I,NA,NA,HLAtools_protein_alignment,IPD-IMGT/HLA 3.63.0,2026-02-19 18:49:27.965744
A*24:296,A*24:296,A,Bw4 - 80I,Bw4_80I,classified,I,NA,NA,HLAtools_protein_alignment,IPD-IMGT/HLA 3.63.0,2026-02-19 18:49:27.965744
A*24:297,A*24:297,A,Bw4 - 80I,Bw4_80I,classified,I,NA,NA,HLAtools_protein_alignment,IPD-IMGT/HLA 3.63.0,2026-02-19 18:49:27.965744
A*24:298,A*24:298,A,Bw4 - 80I,Bw4_80I,classified,I,NA,NA,HLAtools_protein_alignment,IPD-IMGT/HLA 3.63.0,2026-02-19 18:49:27.965744
A*24:299,A*24:299,A,Bw4 - 80I,Bw4_80I,classified,I,NA,NA,HLAtools_protein_alignment,IPD-IMGT/HLA 3.63.0,2026-02-19 18:49:27.965744
A*24:30,A*24:30,A,Bw4 - 80I,Bw4_80I,classified,I,NA,NA,HLAtools_protein_alignment,IPD-IMGT/HLA 3.63.0,2026-02-19 18:49:27.965744
A*24:300,A*24:300,A,Bw4 - 80I,Bw4_80I,classified,I,NA,NA,HLAtools_protein_alignment,IPD-IMGT/HLA 3.63.0,2026-02-19 18:49:27.965744
A*24:301,A*24:301,A,Bw4 - 80I,Bw4_80I,classified,I,NA,NA,HLAtools_protein_alignment,IPD-IMGT/HLA 3.63.0,2026-02-19 18:49:27.965744
A*24:302,A*24:302,A,Bw4 - 80I,Bw4_80I,classified,I,NA,NA,HLAtools_protein_alignment,IPD-IMGT/HLA 3.63.0,2026-02-19 18:49:27.965744
A*24:304,A*24:304,A,Bw4 - 80I,Bw4_80I,classified,I,NA,NA,HLAtools_protein_alignment,IPD-IMGT/HLA 3.63.0,2026-02-19 18:49:27.965744
A*24:305,A*24:305,A,Bw4 - 80I,Bw4_80I,classified,I,NA,NA,HLAtools_protein_alignment,IPD-IMGT/HLA 3.63.0,2026-02-19 18:49:27.965744
A*24:306,A*24:306,A,Bw4 - 80I,Bw4_80I,classified,I,NA,NA,HLAtools_protein_alignment,IPD-IMGT/HLA 3.63.0,2026-02-19 18:49:27.965744
A*24:307,A*24:307,A,Bw4 - 80I,Bw4_80I,classified,I,NA,NA,HLAtools_protein_alignment,IPD-IMGT/HLA 3.63.0,2026-02-19 18:49:27.965744
A*24:308,A*24:308,A,Bw4 - 80I,Bw4_80I,classified,I,NA,NA,HLAtools_protein_alignment,IPD-IMGT/HLA 3.63.0,2026-02-19 18:49:27.965744
A*24:309,A*24:309,A,Bw4 - 80I,Bw4_80I,classified,I,NA,NA,HLAtools_protein_alignment,IPD-IMGT/HLA 3.63.0,2026-02-19 18:49:27.965744
A*24:31,A*24:31,A,Bw4 - 80I,Bw4_80I,classified,I,NA,NA,HLAtools_protein_alignment,IPD-IMGT/HLA 3.63.0,2026-02-19 18:49:27.965744
A*24:310,A*24:310,A,Bw4 - 80I,Bw4_80I,classified,I,NA,NA,HLAtools_protein_alignment,IPD-IMGT/HLA 3.63.0,2026-02-19 18:49:27.965744
A*24:311,A*24:311,A,Bw4 - 80I,Bw4_80I,classified,I,NA,NA,HLAtools_protein_alignment,IPD-IMGT/HLA 3.63.0,2026-02-19 18:49:27.965744
A*24:313,A*24:313,A,Bw4 - 80I,Bw4_80I,classified,I,NA,NA,HLAtools_protein_alignment,IPD-IMGT/HLA 3.63.0,2026-02-19 18:49:27.965744
A*24:314,A*24:314,A,Bw4 - 80I,Bw4_80I,classified,I,NA,NA,HLAtools_protein_alignment,IPD-IMGT/HLA 3.63.0,2026-02-19 18:49:27.965744
A*24:315,A*24:315,A,Bw4 - 80I,Bw4_80I,classified,I,NA,NA,HLAtools_protein_alignment,IPD-IMGT/HLA 3.63.0,2026-02-19 18:49:27.965744
A*24:316,A*24:316,A,Bw4 - 80I,Bw4_80I,classified,I,NA,NA,HLAtools_protein_alignment,IPD-IMGT/HLA 3.63.0,2026-02-19 18:49:27.965744
A*24:317,A*24:317,A,Bw4 - 80I,Bw4_80I,classified,I,NA,NA,HLAtools_protein_alignment,IPD-IMGT/HLA 3.63.0,2026-02-19 18:49:27.965744
A*24:318,A*24:318,A,Bw4 - 80I,Bw4_80I,classified,I,NA,NA,HLAtools_protein_alignment,IPD-IMGT/HLA 3.63.0,2026-02-19 18:49:27.965744
A*24:319,A*24:319,A,Bw4 - 80I,Bw4_80I,classified,I,NA,NA,HLAtools_protein_alignment,IPD-IMGT/HLA 3.63.0,2026-02-19 18:49:27.965744
A*24:32,A*24:32,A,Bw4 - 80I,Bw4_80I,classified,I,NA,NA,HLAtools_protein_alignment,IPD-IMGT/HLA 3.63.0,2026-02-19 18:49:27.965744
A*24:320,A*24:320,A,Bw4 - 80I,Bw4_80I,classified,I,NA,NA,HLAtools_protein_alignment,IPD-IMGT/HLA 3.63.0,2026-02-19 18:49:27.965744
A*24:321,A*24:321,A,Bw4 - 80I,Bw4_80I,classified,I,NA,NA,HLAtools_protein_alignment,IPD-IMGT/HLA 3.63.0,2026-02-19 18:49:27.965744
A*24:322,A*24:322,A,Bw4 - 80I,Bw4_80I,classified,I,NA,NA,HLAtools_protein_alignment,IPD-IMGT/HLA 3.63.0,2026-02-19 18:49:27.965744
A*24:324,A*24:324,A,Bw4 - 80I,Bw4_80I,classified,I,NA,NA,HLAtools_protein_alignment,IPD-IMGT/HLA 3.63.0,2026-02-19 18:49:27.965744
A*24:325,A*24:325,A,Bw4 - 80I,Bw4_80I,classified,I,NA,NA,HLAtools_protein_alignment,IPD-IMGT/HLA 3.63.0,2026-02-19 18:49:27.965744
A*24:326,A*24:326,A,Bw4 - 80I,Bw4_80I,classified,I,NA,NA,HLAtools_protein_alignment,IPD-IMGT/HLA 3.63.0,2026-02-19 18:49:27.965744
A*24:327,A*24:327,A,Bw4 - 80I,Bw4_80I,classified,I,NA,NA,HLAtools_protein_alignment,IPD-IMGT/HLA 3.63.0,2026-02-19 18:49:27.965744
A*24:328,A*24:328,A,Bw4 - 80I,Bw4_80I,classified,I,NA,NA,HLAtools_protein_alignment,IPD-IMGT/HLA 3.63.0,2026-02-19 18:49:27.965744
A*24:329Q,A*24:329Q,A,Bw4 - 80I,Bw4_80I,classified,I,NA,NA,HLAtools_protein_alignment,IPD-IMGT/HLA 3.63.0,2026-02-19 18:49:27.965744
A*24:33,A*24:33,A,Bw4 - 80I,Bw4_80I,classified,I,NA,NA,HLAtools_protein_alignment,IPD-IMGT/HLA 3.63.0,2026-02-19 18:49:27.965744
A*24:330,A*24:330,A,Bw4 - 80I,Bw4_80I,classified,I,NA,NA,HLAtools_protein_alignment,IPD-IMGT/HLA 3.63.0,2026-02-19 18:49:27.965744
A*24:331,A*24:331,A,Bw4 - 80I,Bw4_80I,classified,I,NA,NA,HLAtools_protein_alignment,IPD-IMGT/HLA 3.63.0,2026-02-19 18:49:27.965744
A*24:332,A*24:332,A,Bw4 - 80I,Bw4_80I,classified,I,NA,NA,HLAtools_protein_alignment,IPD-IMGT/HLA 3.63.0,2026-02-19 18:49:27.965744
A*24:333,A*24:333,A,Bw4 - 80I,Bw4_80I,classified,I,NA,NA,HLAtools_protein_alignment,IPD-IMGT/HLA 3.63.0,2026-02-19 18:49:27.965744
A*24:334,A*24:334,A,Bw4 - 80I,Bw4_80I,classified,I,NA,NA,HLAtools_protein_alignment,IPD-IMGT/HLA 3.63.0,2026-02-19 18:49:27.965744
A*24:335,A*24:335,A,Bw4 - 80I,Bw4_80I,classified,I,NA,NA,HLAtools_protein_alignment,IPD-IMGT/HLA 3.63.0,2026-02-19 18:49:27.965744
A*24:336,A*24:336,A,Bw4 - 80I,Bw4_80I,classified,I,NA,NA,HLAtools_protein_alignment,IPD-IMGT/HLA 3.63.0,2026-02-19 18:49:27.965744
A*24:337,A*24:337,A,Bw4 - 80I,Bw4_80I,classified,I,NA,NA,HLAtools_protein_alignment,IPD-IMGT/HLA 3.63.0,2026-02-19 18:49:27.965744
A*24:338,A*24:338,A,Bw4 - 80I,Bw4_80I,classified,I,NA,NA,HLAtools_protein_alignment,IPD-IMGT/HLA 3.63.0,2026-02-19 18:49:27.965744
A*24:339,A*24:339,A,Bw4 - 80I,Bw4_80I,classified,I,NA,NA,HLAtools_protein_alignment,IPD-IMGT/HLA 3.63.0,2026-02-19 18:49:27.965744
A*24:34,A*24:34,A,Bw4 - 80I,Bw4_80I,classified,I,NA,NA,HLAtools_protein_alignment,IPD-IMGT/HLA 3.63.0,2026-02-19 18:49:27.965744
A*24:340,A*24:340,A,Bw4 - 80I,Bw4_80I,classified,I,NA,NA,HLAtools_protein_alignment,IPD-IMGT/HLA 3.63.0,2026-02-19 18:49:27.965744
A*24:341,A*24:341,A,Bw4 - 80I,Bw4_80I,classified,I,NA,NA,HLAtools_protein_alignment,IPD-IMGT/HLA 3.63.0,2026-02-19 18:49:27.965744
A*24:342,A*24:342,A,Bw4 - 80I,Bw4_80I,classified,I,NA,NA,HLAtools_protein_alignment,IPD-IMGT/HLA 3.63.0,2026-02-19 18:49:27.965744
A*24:343,A*24:343,A,Bw4 - 80I,Bw4_80I,classified,I,NA,NA,HLAtools_protein_alignment,IPD-IMGT/HLA 3.63.0,2026-02-19 18:49:27.965744
A*24:344,A*24:344,A,Bw4 - 80I,Bw4_80I,classified,I,NA,NA,HLAtools_protein_alignment,IPD-IMGT/HLA 3.63.0,2026-02-19 18:49:27.965744
A*24:345,A*24:345,A,Bw4 - 80I,Bw4_80I,classified,I,NA,NA,HLAtools_protein_alignment,IPD-IMGT/HLA 3.63.0,2026-02-19 18:49:27.965744
A*24:346,A*24:346,A,Bw4 - 80I,Bw4_80I,classified,I,NA,NA,HLAtools_protein_alignment,IPD-IMGT/HLA 3.63.0,2026-02-19 18:49:27.965744
A*24:347,A*24:347,A,Bw4 - 80I,Bw4_80I,classified,I,NA,NA,HLAtools_protein_alignment,IPD-IMGT/HLA 3.63.0,2026-02-19 18:49:27.965744
A*24:348,A*24:348,A,Bw4 - 80I,Bw4_80I,classified,I,NA,NA,HLAtools_protein_alignment,IPD-IMGT/HLA 3.63.0,2026-02-19 18:49:27.965744
A*24:349,A*24:349,A,Bw4 - 80I,Bw4_80I,classified,I,NA,NA,HLAtools_protein_alignment,IPD-IMGT/HLA 3.63.0,2026-02-19 18:49:27.965744
A*24:35,A*24:35,A,Bw4 - 80I,Bw4_80I,classified,I,NA,NA,HLAtools_protein_alignment,IPD-IMGT/HLA 3.63.0,2026-02-19 18:49:27.965744
A*24:350,A*24:350,A,Bw4 - 80I,Bw4_80I,classified,I,NA,NA,HLAtools_protein_alignment,IPD-IMGT/HLA 3.63.0,2026-02-19 18:49:27.965744
A*24:351,A*24:351,A,Bw4 - 80I,Bw4_80I,classified,I,NA,NA,HLAtools_protein_alignment,IPD-IMGT/HLA 3.63.0,2026-02-19 18:49:27.965744
A*24:352,A*24:352,A,Bw4 - 80I,Bw4_80I,classified,I,NA,NA,HLAtools_protein_alignment,IPD-IMGT/HLA 3.63.0,2026-02-19 18:49:27.965744
A*24:353,A*24:353,A,Bw4 - 80I,Bw4_80I,classified,I,NA,NA,HLAtools_protein_alignment,IPD-IMGT/HLA 3.63.0,2026-02-19 18:49:27.965744
A*24:354,A*24:354,A,Bw4 - 80I,Bw4_80I,classified,I,NA,NA,HLAtools_protein_alignment,IPD-IMGT/HLA 3.63.0,2026-02-19 18:49:27.965744
A*24:355,A*24:355,A,Bw4 - 80I,Bw4_80I,classified,I,NA,NA,HLAtools_protein_alignment,IPD-IMGT/HLA 3.63.0,2026-02-19 18:49:27.965744
A*24:356,A*24:356,A,Bw4 - 80I,Bw4_80I,classified,I,NA,NA,HLAtools_protein_alignment,IPD-IMGT/HLA 3.63.0,2026-02-19 18:49:27.965744
A*24:358,A*24:358,A,Bw4 - 80I,Bw4_80I,classified,I,NA,NA,HLAtools_protein_alignment,IPD-IMGT/HLA 3.63.0,2026-02-19 18:49:27.965744
A*24:360,A*24:360,A,Bw4 - 80I,Bw4_80I,classified,I,NA,NA,HLAtools_protein_alignment,IPD-IMGT/HLA 3.63.0,2026-02-19 18:49:27.965744
A*24:361,A*24:361,A,Bw4 - 80I,Bw4_80I,classified,I,NA,NA,HLAtools_protein_alignment,IPD-IMGT/HLA 3.63.0,2026-02-19 18:49:27.965744
A*24:362,A*24:362,A,Bw4 - 80I,Bw4_80I,classified,I,NA,NA,HLAtools_protein_alignment,IPD-IMGT/HLA 3.63.0,2026-02-19 18:49:27.965744
A*24:363,A*24:363,A,Bw4 - 80I,Bw4_80I,classified,I,NA,NA,HLAtools_protein_alignment,IPD-IMGT/HLA 3.63.0,2026-02-19 18:49:27.965744
A*24:364,A*24:364,A,Bw4 - 80I,Bw4_80I,classified,I,NA,NA,HLAtools_protein_alignment,IPD-IMGT/HLA 3.63.0,2026-02-19 18:49:27.965744
A*24:365,A*24:365,A,Bw4 - 80I,Bw4_80I,classified,I,NA,NA,HLAtools_protein_alignment,IPD-IMGT/HLA 3.63.0,2026-02-19 18:49:27.965744
A*24:366,A*24:366,A,Bw4 - 80I,Bw4_80I,classified,I,NA,NA,HLAtools_protein_alignment,IPD-IMGT/HLA 3.63.0,2026-02-19 18:49:27.965744
A*24:367,A*24:367,A,Bw4 - 80I,Bw4_80I,classified,I,NA,NA,HLAtools_protein_alignment,IPD-IMGT/HLA 3.63.0,2026-02-19 18:49:27.965744
A*24:368,A*24:368,A,Bw4 - 80I,Bw4_80I,classified,I,NA,NA,HLAtools_protein_alignment,IPD-IMGT/HLA 3.63.0,2026-02-19 18:49:27.965744
A*24:369,A*24:369,A,Bw4 - 80I,Bw4_80I,classified,I,NA,NA,HLAtools_protein_alignment,IPD-IMGT/HLA 3.63.0,2026-02-19 18:49:27.965744
A*24:37,A*24:37,A,Bw4 - 80I,Bw4_80I,classified,I,NA,NA,HLAtools_protein_alignment,IPD-IMGT/HLA 3.63.0,2026-02-19 18:49:27.965744
A*24:371,A*24:371,A,Bw4 - 80I,Bw4_80I,classified,I,NA,NA,HLAtools_protein_alignment,IPD-IMGT/HLA 3.63.0,2026-02-19 18:49:27.965744
A*24:372,A*24:372,A,Bw4 - 80I,Bw4_80I,classified,I,NA,NA,HLAtools_protein_alignment,IPD-IMGT/HLA 3.63.0,2026-02-19 18:49:27.965744
A*24:374,A*24:374,A,Bw4 - 80I,Bw4_80I,classified,I,NA,NA,HLAtools_protein_alignment,IPD-IMGT/HLA 3.63.0,2026-02-19 18:49:27.965744
A*24:375,A*24:375,A,Bw4 - 80I,Bw4_80I,classified,I,NA,NA,HLAtools_protein_alignment,IPD-IMGT/HLA 3.63.0,2026-02-19 18:49:27.965744
A*24:376,A*24:376,A,Bw4 - 80I,Bw4_80I,classified,I,NA,NA,HLAtools_protein_alignment,IPD-IMGT/HLA 3.63.0,2026-02-19 18:49:27.965744
A*24:377,A*24:377,A,Bw4 - 80I,Bw4_80I,classified,I,NA,NA,HLAtools_protein_alignment,IPD-IMGT/HLA 3.63.0,2026-02-19 18:49:27.965744
A*24:378Q,A*24:378Q,A,Bw4 - 80I,Bw4_80I,classified,I,NA,NA,HLAtools_protein_alignment,IPD-IMGT/HLA 3.63.0,2026-02-19 18:49:27.965744
A*24:379,A*24:379,A,Bw4 - 80I,Bw4_80I,classified,I,NA,NA,HLAtools_protein_alignment,IPD-IMGT/HLA 3.63.0,2026-02-19 18:49:27.965744
A*24:38,A*24:38,A,Bw4 - 80I,Bw4_80I,classified,I,NA,NA,HLAtools_protein_alignment,IPD-IMGT/HLA 3.63.0,2026-02-19 18:49:27.965744
A*24:380,A*24:380,A,Bw4 - 80I,Bw4_80I,classified,I,NA,NA,HLAtools_protein_alignment,IPD-IMGT/HLA 3.63.0,2026-02-19 18:49:27.965744
A*24:381,A*24:381,A,Bw4 - 80I,Bw4_80I,classified,I,NA,NA,HLAtools_protein_alignment,IPD-IMGT/HLA 3.63.0,2026-02-19 18:49:27.965744
A*24:382,A*24:382,A,Bw4 - 80I,Bw4_80I,classified,I,NA,NA,HLAtools_protein_alignment,IPD-IMGT/HLA 3.63.0,2026-02-19 18:49:27.965744
A*24:383,A*24:383,A,Bw4 - 80I,Bw4_80I,classified,I,NA,NA,HLAtools_protein_alignment,IPD-IMGT/HLA 3.63.0,2026-02-19 18:49:27.965744
A*24:384,A*24:384,A,Bw4 - 80I,Bw4_80I,classified,I,NA,NA,HLAtools_protein_alignment,IPD-IMGT/HLA 3.63.0,2026-02-19 18:49:27.965744
A*24:385,A*24:385,A,Bw4 - 80I,Bw4_80I,classified,I,NA,NA,HLAtools_protein_alignment,IPD-IMGT/HLA 3.63.0,2026-02-19 18:49:27.965744
A*24:386,A*24:386,A,Bw4 - 80I,Bw4_80I,classified,I,NA,NA,HLAtools_protein_alignment,IPD-IMGT/HLA 3.63.0,2026-02-19 18:49:27.965744
A*24:387,A*24:387,A,Bw4 - 80I,Bw4_80I,classified,I,NA,NA,HLAtools_protein_alignment,IPD-IMGT/HLA 3.63.0,2026-02-19 18:49:27.965744
A*24:39,A*24:39,A,Bw4 - 80I,Bw4_80I,classified,I,NA,NA,HLAtools_protein_alignment,IPD-IMGT/HLA 3.63.0,2026-02-19 18:49:27.965744
A*24:390,A*24:390,A,Bw4 - 80I,Bw4_80I,classified,I,NA,NA,HLAtools_protein_alignment,IPD-IMGT/HLA 3.63.0,2026-02-19 18:49:27.965744
A*24:391,A*24:391,A,Bw4 - 80I,Bw4_80I,classified,I,NA,NA,HLAtools_protein_alignment,IPD-IMGT/HLA 3.63.0,2026-02-19 18:49:27.965744
A*24:392,A*24:392,A,Bw4 - 80I,Bw4_80I,classified,I,NA,NA,HLAtools_protein_alignment,IPD-IMGT/HLA 3.63.0,2026-02-19 18:49:27.965744
A*24:393,A*24:393,A,Bw4 - 80I,Bw4_80I,classified,I,NA,NA,HLAtools_protein_alignment,IPD-IMGT/HLA 3.63.0,2026-02-19 18:49:27.965744
A*24:394,A*24:394,A,Bw4 - 80I,Bw4_80I,classified,I,NA,NA,HLAtools_protein_alignment,IPD-IMGT/HLA 3.63.0,2026-02-19 18:49:27.965744
A*24:395,A*24:395,A,Bw4 - 80I,Bw4_80I,classified,I,NA,NA,HLAtools_protein_alignment,IPD-IMGT/HLA 3.63.0,2026-02-19 18:49:27.965744
A*24:397,A*24:397,A,Bw4 - 80I,Bw4_80I,classified,I,NA,NA,HLAtools_protein_alignment,IPD-IMGT/HLA 3.63.0,2026-02-19 18:49:27.965744
A*24:398,A*24:398,A,Bw4 - 80I,Bw4_80I,classified,I,NA,NA,HLAtools_protein_alignment,IPD-IMGT/HLA 3.63.0,2026-02-19 18:49:27.965744
A*24:399,A*24:399,A,Bw4 - 80I,Bw4_80I,classified,I,NA,NA,HLAtools_protein_alignment,IPD-IMGT/HLA 3.63.0,2026-02-19 18:49:27.965744
A*24:400,A*24:400,A,Bw4 - 80I,Bw4_80I,classified,I,NA,NA,HLAtools_protein_alignment,IPD-IMGT/HLA 3.63.0,2026-02-19 18:49:27.965744
A*24:401,A*24:401,A,Bw4 - 80I,Bw4_80I,classified,I,NA,NA,HLAtools_protein_alignment,IPD-IMGT/HLA 3.63.0,2026-02-19 18:49:27.965744
A*24:402,A*24:402,A,Bw4 - 80I,Bw4_80I,classified,I,NA,NA,HLAtools_protein_alignment,IPD-IMGT/HLA 3.63.0,2026-02-19 18:49:27.965744
A*24:403,A*24:403,A,Bw4 - 80I,Bw4_80I,classified,I,NA,NA,HLAtools_protein_alignment,IPD-IMGT/HLA 3.63.0,2026-02-19 18:49:27.965744
A*24:404,A*24:404,A,Bw4 - 80I,Bw4_80I,classified,I,NA,NA,HLAtools_protein_alignment,IPD-IMGT/HLA 3.63.0,2026-02-19 18:49:27.965744
A*24:405,A*24:405,A,Bw4 - 80N,Bw4_80N,classified,N,NA,NA,HLAtools_protein_alignment,IPD-IMGT/HLA 3.63.0,2026-02-19 18:49:27.965744
A*24:407,A*24:407,A,Bw4 - 80I,Bw4_80I,classified,I,NA,NA,HLAtools_protein_alignment,IPD-IMGT/HLA 3.63.0,2026-02-19 18:49:27.965744
A*24:409,A*24:409,A,Bw4 - 80I,Bw4_80I,classified,I,NA,NA,HLAtools_protein_alignment,IPD-IMGT/HLA 3.63.0,2026-02-19 18:49:27.965744
A*24:41,A*24:41,A,Bw4 - 80I,Bw4_80I,classified,I,NA,NA,HLAtools_protein_alignment,IPD-IMGT/HLA 3.63.0,2026-02-19 18:49:27.965744
A*24:410,A*24:410,A,Bw4 - 80I,Bw4_80I,classified,I,NA,NA,HLAtools_protein_alignment,IPD-IMGT/HLA 3.63.0,2026-02-19 18:49:27.965744
A*24:411,A*24:411,A,Bw4 - 80I,Bw4_80I,classified,I,NA,NA,HLAtools_protein_alignment,IPD-IMGT/HLA 3.63.0,2026-02-19 18:49:27.965744
A*24:412,A*24:412,A,Bw4 - 80I,Bw4_80I,classified,I,NA,NA,HLAtools_protein_alignment,IPD-IMGT/HLA 3.63.0,2026-02-19 18:49:27.965744
A*24:413,A*24:413,A,Bw4 - 80I,Bw4_80I,classified,I,NA,NA,HLAtools_protein_alignment,IPD-IMGT/HLA 3.63.0,2026-02-19 18:49:27.965744
A*24:414,A*24:414,A,Bw4 - 80I,Bw4_80I,classified,I,NA,NA,HLAtools_protein_alignment,IPD-IMGT/HLA 3.63.0,2026-02-19 18:49:27.965744
A*24:415,A*24:415,A,Bw4 - 80I,Bw4_80I,classified,I,NA,NA,HLAtools_protein_alignment,IPD-IMGT/HLA 3.63.0,2026-02-19 18:49:27.965744
A*24:416,A*24:416,A,Bw4 - 80I,Bw4_80I,classified,I,NA,NA,HLAtools_protein_alignment,IPD-IMGT/HLA 3.63.0,2026-02-19 18:49:27.965744
A*24:417,A*24:417,A,Bw4 - 80I,Bw4_80I,classified,I,NA,NA,HLAtools_protein_alignment,IPD-IMGT/HLA 3.63.0,2026-02-19 18:49:27.965744
A*24:418,A*24:418,A,Bw4 - 80I,Bw4_80I,classified,I,NA,NA,HLAtools_protein_alignment,IPD-IMGT/HLA 3.63.0,2026-02-19 18:49:27.965744
A*24:419,A*24:419,A,Bw4 - 80I,Bw4_80I,classified,I,NA,NA,HLAtools_protein_alignment,IPD-IMGT/HLA 3.63.0,2026-02-19 18:49:27.965744
A*24:42,A*24:42,A,Bw4 - 80I,Bw4_80I,classified,I,NA,NA,HLAtools_protein_alignment,IPD-IMGT/HLA 3.63.0,2026-02-19 18:49:27.965744
A*24:420,A*24:420,A,Bw4 - 80I,Bw4_80I,classified,I,NA,NA,HLAtools_protein_alignment,IPD-IMGT/HLA 3.63.0,2026-02-19 18:49:27.965744
A*24:421,A*24:421,A,Bw4 - 80I,Bw4_80I,classified,I,NA,NA,HLAtools_protein_alignment,IPD-IMGT/HLA 3.63.0,2026-02-19 18:49:27.965744
A*24:422,A*24:422,A,Bw4 - 80I,Bw4_80I,classified,I,NA,NA,HLAtools_protein_alignment,IPD-IMGT/HLA 3.63.0,2026-02-19 18:49:27.965744
A*24:423,A*24:423,A,Bw4 - 80I,Bw4_80I,classified,I,NA,NA,HLAtools_protein_alignment,IPD-IMGT/HLA 3.63.0,2026-02-19 18:49:27.965744
A*24:43,A*24:43,A,Bw4 - 80I,Bw4_80I,classified,I,NA,NA,HLAtools_protein_alignment,IPD-IMGT/HLA 3.63.0,2026-02-19 18:49:27.965744
A*24:431,A*24:431,A,Bw4 - 80I,Bw4_80I,classified,I,NA,NA,HLAtools_protein_alignment,IPD-IMGT/HLA 3.63.0,2026-02-19 18:49:27.965744
A*24:432,A*24:432,A,Bw4 - 80I,Bw4_80I,classified,I,NA,NA,HLAtools_protein_alignment,IPD-IMGT/HLA 3.63.0,2026-02-19 18:49:27.965744
A*24:436,A*24:436,A,Bw4 - 80I,Bw4_80I,classified,I,NA,NA,HLAtools_protein_alignment,IPD-IMGT/HLA 3.63.0,2026-02-19 18:49:27.965744
A*24:437,A*24:437,A,Bw4 - 80I,Bw4_80I,classified,I,NA,NA,HLAtools_protein_alignment,IPD-IMGT/HLA 3.63.0,2026-02-19 18:49:27.965744
A*24:438,A*24:438,A,Bw4 - 80I,Bw4_80I,classified,I,NA,NA,HLAtools_protein_alignment,IPD-IMGT/HLA 3.63.0,2026-02-19 18:49:27.965744
A*24:439,A*24:439,A,Bw4 - 80I,Bw4_80I,classified,I,NA,NA,HLAtools_protein_alignment,IPD-IMGT/HLA 3.63.0,2026-02-19 18:49:27.965744
A*24:440,A*24:440,A,Bw4 - 80I,Bw4_80I,classified,I,NA,NA,HLAtools_protein_alignment,IPD-IMGT/HLA 3.63.0,2026-02-19 18:49:27.965744
A*24:441,A*24:441,A,Bw4 - 80I,Bw4_80I,classified,I,NA,NA,HLAtools_protein_alignment,IPD-IMGT/HLA 3.63.0,2026-02-19 18:49:27.965744
A*24:442,A*24:442,A,Bw4 - 80I,Bw4_80I,classified,I,NA,NA,HLAtools_protein_alignment,IPD-IMGT/HLA 3.63.0,2026-02-19 18:49:27.965744
A*24:443,A*24:443,A,Bw4 - 80I,Bw4_80I,classified,I,NA,NA,HLAtools_protein_alignment,IPD-IMGT/HLA 3.63.0,2026-02-19 18:49:27.965744
A*24:444,A*24:444,A,Bw4 - 80I,Bw4_80I,classified,I,NA,NA,HLAtools_protein_alignment,IPD-IMGT/HLA 3.63.0,2026-02-19 18:49:27.965744
A*24:446,A*24:446,A,Bw4 - 80T,Bw4_80T,classified,T,NA,NA,HLAtools_protein_alignment,IPD-IMGT/HLA 3.63.0,2026-02-19 18:49:27.965744
A*24:447Q,A*24:447Q,A,Bw4 - 80I,Bw4_80I,classified,I,NA,NA,HLAtools_protein_alignment,IPD-IMGT/HLA 3.63.0,2026-02-19 18:49:27.965744
A*24:449,A*24:449,A,Bw4 - 80I,Bw4_80I,classified,I,NA,NA,HLAtools_protein_alignment,IPD-IMGT/HLA 3.63.0,2026-02-19 18:49:27.965744
A*24:450Q,A*24:450Q,A,Bw4 - 80I,Bw4_80I,classified,I,NA,NA,HLAtools_protein_alignment,IPD-IMGT/HLA 3.63.0,2026-02-19 18:49:27.965744
A*24:451,A*24:451,A,Bw4 - 80I,Bw4_80I,classified,I,NA,NA,HLAtools_protein_alignment,IPD-IMGT/HLA 3.63.0,2026-02-19 18:49:27.965744
A*24:452,A*24:452,A,Bw4 - 80I,Bw4_80I,classified,I,NA,NA,HLAtools_protein_alignment,IPD-IMGT/HLA 3.63.0,2026-02-19 18:49:27.965744
A*24:453,A*24:453,A,Bw4 - 80I,Bw4_80I,classified,I,NA,NA,HLAtools_protein_alignment,IPD-IMGT/HLA 3.63.0,2026-02-19 18:49:27.965744
A*24:454,A*24:454,A,Bw4 - 80I,Bw4_80I,classified,I,NA,NA,HLAtools_protein_alignment,IPD-IMGT/HLA 3.63.0,2026-02-19 18:49:27.965744
A*24:455,A*24:455,A,Bw4 - 80I,Bw4_80I,classified,I,NA,NA,HLAtools_protein_alignment,IPD-IMGT/HLA 3.63.0,2026-02-19 18:49:27.965744
A*24:457,A*24:457,A,Bw4 - 80I,Bw4_80I,classified,I,NA,NA,HLAtools_protein_alignment,IPD-IMGT/HLA 3.63.0,2026-02-19 18:49:27.965744
A*24:458,A*24:458,A,Bw4 - 80I,Bw4_80I,classified,I,NA,NA,HLAtools_protein_alignment,IPD-IMGT/HLA 3.63.0,2026-02-19 18:49:27.965744
A*24:459,A*24:459,A,Bw4 - 80I,Bw4_80I,classified,I,NA,NA,HLAtools_protein_alignment,IPD-IMGT/HLA 3.63.0,2026-02-19 18:49:27.965744
A*24:46,A*24:46,A,Bw4 - 80I,Bw4_80I,classified,I,NA,NA,HLAtools_protein_alignment,IPD-IMGT/HLA 3.63.0,2026-02-19 18:49:27.965744
A*24:460,A*24:460,A,Bw4 - 80I,Bw4_80I,classified,I,NA,NA,HLAtools_protein_alignment,IPD-IMGT/HLA 3.63.0,2026-02-19 18:49:27.965744
A*24:461,A*24:461,A,Bw4 - 80I,Bw4_80I,classified,I,NA,NA,HLAtools_protein_alignment,IPD-IMGT/HLA 3.63.0,2026-02-19 18:49:27.965744
A*24:462,A*24:462,A,Bw4 - 80I,Bw4_80I,classified,I,NA,NA,HLAtools_protein_alignment,IPD-IMGT/HLA 3.63.0,2026-02-19 18:49:27.965744
A*24:463,A*24:463,A,Bw4 - 80I,Bw4_80I,classified,I,NA,NA,HLAtools_protein_alignment,IPD-IMGT/HLA 3.63.0,2026-02-19 18:49:27.965744
A*24:464,A*24:464,A,Bw4 - 80I,Bw4_80I,classified,I,NA,NA,HLAtools_protein_alignment,IPD-IMGT/HLA 3.63.0,2026-02-19 18:49:27.965744
A*24:465,A*24:465,A,Bw4 - 80I,Bw4_80I,classified,I,NA,NA,HLAtools_protein_alignment,IPD-IMGT/HLA 3.63.0,2026-02-19 18:49:27.965744
A*24:466,A*24:466,A,Bw4 - 80I,Bw4_80I,classified,I,NA,NA,HLAtools_protein_alignment,IPD-IMGT/HLA 3.63.0,2026-02-19 18:49:27.965744
A*24:468,A*24:468,A,Bw4 - 80I,Bw4_80I,classified,I,NA,NA,HLAtools_protein_alignment,IPD-IMGT/HLA 3.63.0,2026-02-19 18:49:27.965744
A*24:469,A*24:469,A,Bw4 - 80I,Bw4_80I,classified,I,NA,NA,HLAtools_protein_alignment,IPD-IMGT/HLA 3.63.0,2026-02-19 18:49:27.965744
A*24:47,A*24:47,A,Bw4 - 80I,Bw4_80I,classified,I,NA,NA,HLAtools_protein_alignment,IPD-IMGT/HLA 3.63.0,2026-02-19 18:49:27.965744
A*24:470,A*24:470,A,Bw4 - 80I,Bw4_80I,classified,I,NA,NA,HLAtools_protein_alignment,IPD-IMGT/HLA 3.63.0,2026-02-19 18:49:27.965744
A*24:472,A*24:472,A,Bw4 - 80I,Bw4_80I,classified,I,NA,NA,HLAtools_protein_alignment,IPD-IMGT/HLA 3.63.0,2026-02-19 18:49:27.965744
A*24:473Q,A*24:473Q,A,Bw4 - 80I,Bw4_80I,classified,I,NA,NA,HLAtools_protein_alignment,IPD-IMGT/HLA 3.63.0,2026-02-19 18:49:27.965744
A*24:474,A*24:474,A,Bw4 - 80I,Bw4_80I,classified,I,NA,NA,HLAtools_protein_alignment,IPD-IMGT/HLA 3.63.0,2026-02-19 18:49:27.965744
A*24:475,A*24:475,A,Bw4 - 80I,Bw4_80I,classified,I,NA,NA,HLAtools_protein_alignment,IPD-IMGT/HLA 3.63.0,2026-02-19 18:49:27.965744
A*24:476,A*24:476,A,Bw4 - 80I,Bw4_80I,classified,I,NA,NA,HLAtools_protein_alignment,IPD-IMGT/HLA 3.63.0,2026-02-19 18:49:27.965744
A*24:477,A*24:477,A,Bw4 - 80I,Bw4_80I,classified,I,NA,NA,HLAtools_protein_alignment,IPD-IMGT/HLA 3.63.0,2026-02-19 18:49:27.965744
A*24:478,A*24:478,A,Bw4 - 80I,Bw4_80I,classified,I,NA,NA,HLAtools_protein_alignment,IPD-IMGT/HLA 3.63.0,2026-02-19 18:49:27.965744
A*24:479Q,A*24:479Q,A,Bw4 - 80I,Bw4_80I,classified,I,NA,NA,HLAtools_protein_alignment,IPD-IMGT/HLA 3.63.0,2026-02-19 18:49:27.965744
A*24:480,A*24:480,A,Bw4 - 80I,Bw4_80I,classified,I,NA,NA,HLAtools_protein_alignment,IPD-IMGT/HLA 3.63.0,2026-02-19 18:49:27.965744
A*24:481,A*24:481,A,Bw4 - 80I,Bw4_80I,classified,I,NA,NA,HLAtools_protein_alignment,IPD-IMGT/HLA 3.63.0,2026-02-19 18:49:27.965744
A*24:482,A*24:482,A,Bw4 - 80I,Bw4_80I,classified,I,NA,NA,HLAtools_protein_alignment,IPD-IMGT/HLA 3.63.0,2026-02-19 18:49:27.965744
A*24:483,A*24:483,A,Bw4 - 80I,Bw4_80I,classified,I,NA,NA,HLAtools_protein_alignment,IPD-IMGT/HLA 3.63.0,2026-02-19 18:49:27.965744
A*24:484,A*24:484,A,Bw4 - 80I,Bw4_80I,classified,I,NA,NA,HLAtools_protein_alignment,IPD-IMGT/HLA 3.63.0,2026-02-19 18:49:27.965744
A*24:485,A*24:485,A,Bw4 - 80I,Bw4_80I,classified,I,NA,NA,HLAtools_protein_alignment,IPD-IMGT/HLA 3.63.0,2026-02-19 18:49:27.965744
A*24:486,A*24:486,A,Bw4 - 80I,Bw4_80I,classified,I,NA,NA,HLAtools_protein_alignment,IPD-IMGT/HLA 3.63.0,2026-02-19 18:49:27.965744
A*24:487,A*24:487,A,Bw4 - 80I,Bw4_80I,classified,I,NA,NA,HLAtools_protein_alignment,IPD-IMGT/HLA 3.63.0,2026-02-19 18:49:27.965744
A*24:488,A*24:488,A,Bw4 - 80I,Bw4_80I,classified,I,NA,NA,HLAtools_protein_alignment,IPD-IMGT/HLA 3.63.0,2026-02-19 18:49:27.965744
A*24:489,A*24:489,A,Bw4 - 80I,Bw4_80I,classified,I,NA,NA,HLAtools_protein_alignment,IPD-IMGT/HLA 3.63.0,2026-02-19 18:49:27.965744
A*24:49,A*24:49,A,Bw4 - 80I,Bw4_80I,classified,I,NA,NA,HLAtools_protein_alignment,IPD-IMGT/HLA 3.63.0,2026-02-19 18:49:27.965744
A*24:490,A*24:490,A,Bw4 - 80I,Bw4_80I,classified,I,NA,NA,HLAtools_protein_alignment,IPD-IMGT/HLA 3.63.0,2026-02-19 18:49:27.965744
A*24:491,A*24:491,A,Bw4 - 80I,Bw4_80I,classified,I,NA,NA,HLAtools_protein_alignment,IPD-IMGT/HLA 3.63.0,2026-02-19 18:49:27.965744
A*24:492,A*24:492,A,Bw4 - 80I,Bw4_80I,classified,I,NA,NA,HLAtools_protein_alignment,IPD-IMGT/HLA 3.63.0,2026-02-19 18:49:27.965744
A*24:493,A*24:493,A,Bw4 - 80I,Bw4_80I,classified,I,NA,NA,HLAtools_protein_alignment,IPD-IMGT/HLA 3.63.0,2026-02-19 18:49:27.965744
A*24:494,A*24:494,A,Bw4 - 80I,Bw4_80I,classified,I,NA,NA,HLAtools_protein_alignment,IPD-IMGT/HLA 3.63.0,2026-02-19 18:49:27.965744
A*24:495,A*24:495,A,Bw4 - 80I,Bw4_80I,classified,I,NA,NA,HLAtools_protein_alignment,IPD-IMGT/HLA 3.63.0,2026-02-19 18:49:27.965744
A*24:496,A*24:496,A,Bw4 - 80I,Bw4_80I,classified,I,NA,NA,HLAtools_protein_alignment,IPD-IMGT/HLA 3.63.0,2026-02-19 18:49:27.965744
A*24:497,A*24:497,A,Bw4 - 80I,Bw4_80I,classified,I,NA,NA,HLAtools_protein_alignment,IPD-IMGT/HLA 3.63.0,2026-02-19 18:49:27.965744
A*24:498,A*24:498,A,Bw4 - 80I,Bw4_80I,classified,I,NA,NA,HLAtools_protein_alignment,IPD-IMGT/HLA 3.63.0,2026-02-19 18:49:27.965744
A*24:499,A*24:499,A,Bw4 - 80I,Bw4_80I,classified,I,NA,NA,HLAtools_protein_alignment,IPD-IMGT/HLA 3.63.0,2026-02-19 18:49:27.965744
A*24:50,A*24:50,A,Bw4 - 80I,Bw4_80I,classified,I,NA,NA,HLAtools_protein_alignment,IPD-IMGT/HLA 3.63.0,2026-02-19 18:49:27.965744
A*24:500,A*24:500,A,Bw4 - 80I,Bw4_80I,classified,I,NA,NA,HLAtools_protein_alignment,IPD-IMGT/HLA 3.63.0,2026-02-19 18:49:27.965744
A*24:501,A*24:501,A,Bw4 - 80I,Bw4_80I,classified,I,NA,NA,HLAtools_protein_alignment,IPD-IMGT/HLA 3.63.0,2026-02-19 18:49:27.965744
A*24:502,A*24:502,A,Bw4 - 80I,Bw4_80I,classified,I,NA,NA,HLAtools_protein_alignment,IPD-IMGT/HLA 3.63.0,2026-02-19 18:49:27.965744
A*24:503,A*24:503,A,Bw4 - 80I,Bw4_80I,classified,I,NA,NA,HLAtools_protein_alignment,IPD-IMGT/HLA 3.63.0,2026-02-19 18:49:27.965744
A*24:504,A*24:504,A,Bw4 - 80I,Bw4_80I,classified,I,NA,NA,HLAtools_protein_alignment,IPD-IMGT/HLA 3.63.0,2026-02-19 18:49:27.965744
A*24:505,A*24:505,A,Bw4 - 80I,Bw4_80I,classified,I,NA,NA,HLAtools_protein_alignment,IPD-IMGT/HLA 3.63.0,2026-02-19 18:49:27.965744
A*24:506,A*24:506,A,Bw4 - 80I,Bw4_80I,classified,I,NA,NA,HLAtools_protein_alignment,IPD-IMGT/HLA 3.63.0,2026-02-19 18:49:27.965744
A*24:507,A*24:507,A,Bw4 - 80I,Bw4_80I,classified,I,NA,NA,HLAtools_protein_alignment,IPD-IMGT/HLA 3.63.0,2026-02-19 18:49:27.965744
A*24:508,A*24:508,A,Bw4 - 80I,Bw4_80I,classified,I,NA,NA,HLAtools_protein_alignment,IPD-IMGT/HLA 3.63.0,2026-02-19 18:49:27.965744
A*24:509,A*24:509,A,Bw4 - 80I,Bw4_80I,classified,I,NA,NA,HLAtools_protein_alignment,IPD-IMGT/HLA 3.63.0,2026-02-19 18:49:27.965744
A*24:51,A*24:51,A,Bw4 - 80I,Bw4_80I,classified,I,NA,NA,HLAtools_protein_alignment,IPD-IMGT/HLA 3.63.0,2026-02-19 18:49:27.965744
A*24:510,A*24:510,A,Bw4 - 80I,Bw4_80I,classified,I,NA,NA,HLAtools_protein_alignment,IPD-IMGT/HLA 3.63.0,2026-02-19 18:49:27.965744
A*24:511,A*24:511,A,Bw4 - 80I,Bw4_80I,classified,I,NA,NA,HLAtools_protein_alignment,IPD-IMGT/HLA 3.63.0,2026-02-19 18:49:27.965744
A*24:512,A*24:512,A,Bw4 - 80I,Bw4_80I,classified,I,NA,NA,HLAtools_protein_alignment,IPD-IMGT/HLA 3.63.0,2026-02-19 18:49:27.965744
A*24:513Q,A*24:513Q,A,Bw4 - 80I,Bw4_80I,classified,I,NA,NA,HLAtools_protein_alignment,IPD-IMGT/HLA 3.63.0,2026-02-19 18:49:27.965744
A*24:515,A*24:515,A,Bw4 - 80I,Bw4_80I,classified,I,NA,NA,HLAtools_protein_alignment,IPD-IMGT/HLA 3.63.0,2026-02-19 18:49:27.965744
A*24:516,A*24:516,A,Bw4 - 80I,Bw4_80I,classified,I,NA,NA,HLAtools_protein_alignment,IPD-IMGT/HLA 3.63.0,2026-02-19 18:49:27.965744
A*24:519,A*24:519,A,Bw4 - 80I,Bw4_80I,classified,I,NA,NA,HLAtools_protein_alignment,IPD-IMGT/HLA 3.63.0,2026-02-19 18:49:27.965744
A*24:52,A*24:52,A,Bw4 - 80I,Bw4_80I,classified,I,NA,NA,HLAtools_protein_alignment,IPD-IMGT/HLA 3.63.0,2026-02-19 18:49:27.965744
A*24:520,A*24:520,A,Bw4 - 80I,Bw4_80I,classified,I,NA,NA,HLAtools_protein_alignment,IPD-IMGT/HLA 3.63.0,2026-02-19 18:49:27.965744
A*24:521,A*24:521,A,Bw4 - 80I,Bw4_80I,classified,I,NA,NA,HLAtools_protein_alignment,IPD-IMGT/HLA 3.63.0,2026-02-19 18:49:27.965744
A*24:522,A*24:522,A,Bw4 - 80I,Bw4_80I,classified,I,NA,NA,HLAtools_protein_alignment,IPD-IMGT/HLA 3.63.0,2026-02-19 18:49:27.965744
A*24:523,A*24:523,A,Bw4 - 80I,Bw4_80I,classified,I,NA,NA,HLAtools_protein_alignment,IPD-IMGT/HLA 3.63.0,2026-02-19 18:49:27.965744
A*24:524,A*24:524,A,Bw4 - 80I,Bw4_80I,classified,I,NA,NA,HLAtools_protein_alignment,IPD-IMGT/HLA 3.63.0,2026-02-19 18:49:27.965744
A*24:525,A*24:525,A,Bw4 - 80I,Bw4_80I,classified,I,NA,NA,HLAtools_protein_alignment,IPD-IMGT/HLA 3.63.0,2026-02-19 18:49:27.965744
A*24:526,A*24:526,A,Bw4 - 80I,Bw4_80I,classified,I,NA,NA,HLAtools_protein_alignment,IPD-IMGT/HLA 3.63.0,2026-02-19 18:49:27.965744
A*24:527,A*24:527,A,Bw4 - 80I,Bw4_80I,classified,I,NA,NA,HLAtools_protein_alignment,IPD-IMGT/HLA 3.63.0,2026-02-19 18:49:27.965744
A*24:528,A*24:528,A,Bw4 - 80I,Bw4_80I,classified,I,NA,NA,HLAtools_protein_alignment,IPD-IMGT/HLA 3.63.0,2026-02-19 18:49:27.965744
A*24:53,A*24:53,A,Bw4 - 80I,Bw4_80I,classified,I,NA,NA,HLAtools_protein_alignment,IPD-IMGT/HLA 3.63.0,2026-02-19 18:49:27.965744
A*24:530,A*24:530,A,Bw4 - 80I,Bw4_80I,classified,I,NA,NA,HLAtools_protein_alignment,IPD-IMGT/HLA 3.63.0,2026-02-19 18:49:27.965744
A*24:531,A*24:531,A,Bw4 - 80I,Bw4_80I,classified,I,NA,NA,HLAtools_protein_alignment,IPD-IMGT/HLA 3.63.0,2026-02-19 18:49:27.965744
A*24:532,A*24:532,A,Bw4 - 80I,Bw4_80I,classified,I,NA,NA,HLAtools_protein_alignment,IPD-IMGT/HLA 3.63.0,2026-02-19 18:49:27.965744
A*24:533,A*24:533,A,Bw4 - 80I,Bw4_80I,classified,I,NA,NA,HLAtools_protein_alignment,IPD-IMGT/HLA 3.63.0,2026-02-19 18:49:27.965744
A*24:534,A*24:534,A,Bw4 - 80I,Bw4_80I,classified,I,NA,NA,HLAtools_protein_alignment,IPD-IMGT/HLA 3.63.0,2026-02-19 18:49:27.965744
A*24:535,A*24:535,A,Bw4 - 80I,Bw4_80I,classified,I,NA,NA,HLAtools_protein_alignment,IPD-IMGT/HLA 3.63.0,2026-02-19 18:49:27.965744
A*24:536Q,A*24:536Q,A,Bw4 - 80I,Bw4_80I,classified,I,NA,NA,HLAtools_protein_alignment,IPD-IMGT/HLA 3.63.0,2026-02-19 18:49:27.965744
A*24:537,A*24:537,A,Bw4 - 80I,Bw4_80I,classified,I,NA,NA,HLAtools_protein_alignment,IPD-IMGT/HLA 3.63.0,2026-02-19 18:49:27.965744
A*24:538,A*24:538,A,Bw4 - 80I,Bw4_80I,classified,I,NA,NA,HLAtools_protein_alignment,IPD-IMGT/HLA 3.63.0,2026-02-19 18:49:27.965744
A*24:539,A*24:539,A,Bw4 - 80I,Bw4_80I,classified,I,NA,NA,HLAtools_protein_alignment,IPD-IMGT/HLA 3.63.0,2026-02-19 18:49:27.965744
A*24:54,A*24:54,A,Bw4 - 80I,Bw4_80I,classified,I,NA,NA,HLAtools_protein_alignment,IPD-IMGT/HLA 3.63.0,2026-02-19 18:49:27.965744
A*24:540,A*24:540,A,Bw4 - 80I,Bw4_80I,classified,I,NA,NA,HLAtools_protein_alignment,IPD-IMGT/HLA 3.63.0,2026-02-19 18:49:27.965744
A*24:541,A*24:541,A,Bw4 - 80I,Bw4_80I,classified,I,NA,NA,HLAtools_protein_alignment,IPD-IMGT/HLA 3.63.0,2026-02-19 18:49:27.965744
A*24:542,A*24:542,A,Bw4 - 80I,Bw4_80I,classified,I,NA,NA,HLAtools_protein_alignment,IPD-IMGT/HLA 3.63.0,2026-02-19 18:49:27.965744
A*24:543,A*24:543,A,Bw4 - 80I,Bw4_80I,classified,I,NA,NA,HLAtools_protein_alignment,IPD-IMGT/HLA 3.63.0,2026-02-19 18:49:27.965744
A*24:544,A*24:544,A,Bw4 - 80I,Bw4_80I,classified,I,NA,NA,HLAtools_protein_alignment,IPD-IMGT/HLA 3.63.0,2026-02-19 18:49:27.965744
A*24:545,A*24:545,A,Bw4 - 80I,Bw4_80I,classified,I,NA,NA,HLAtools_protein_alignment,IPD-IMGT/HLA 3.63.0,2026-02-19 18:49:27.965744
A*24:546,A*24:546,A,Bw4 - 80I,Bw4_80I,classified,I,NA,NA,HLAtools_protein_alignment,IPD-IMGT/HLA 3.63.0,2026-02-19 18:49:27.965744
A*24:547,A*24:547,A,Bw4 - 80I,Bw4_80I,classified,I,NA,NA,HLAtools_protein_alignment,IPD-IMGT/HLA 3.63.0,2026-02-19 18:49:27.965744
A*24:548,A*24:548,A,Bw4 - 80I,Bw4_80I,classified,I,NA,NA,HLAtools_protein_alignment,IPD-IMGT/HLA 3.63.0,2026-02-19 18:49:27.965744
A*24:549,A*24:549,A,Bw4 - 80I,Bw4_80I,classified,I,NA,NA,HLAtools_protein_alignment,IPD-IMGT/HLA 3.63.0,2026-02-19 18:49:27.965744
A*24:55,A*24:55,A,Bw4 - 80I,Bw4_80I,classified,I,NA,NA,HLAtools_protein_alignment,IPD-IMGT/HLA 3.63.0,2026-02-19 18:49:27.965744
A*24:550,A*24:550,A,Bw4 - 80I,Bw4_80I,classified,I,NA,NA,HLAtools_protein_alignment,IPD-IMGT/HLA 3.63.0,2026-02-19 18:49:27.965744
A*24:551,A*24:551,A,Bw4 - 80I,Bw4_80I,classified,I,NA,NA,HLAtools_protein_alignment,IPD-IMGT/HLA 3.63.0,2026-02-19 18:49:27.965744
A*24:552,A*24:552,A,Bw4 - 80I,Bw4_80I,classified,I,NA,NA,HLAtools_protein_alignment,IPD-IMGT/HLA 3.63.0,2026-02-19 18:49:27.965744
A*24:553,A*24:553,A,Bw4 - 80I,Bw4_80I,classified,I,NA,NA,HLAtools_protein_alignment,IPD-IMGT/HLA 3.63.0,2026-02-19 18:49:27.965744
A*24:554,A*24:554,A,Bw4 - 80I,Bw4_80I,classified,I,NA,NA,HLAtools_protein_alignment,IPD-IMGT/HLA 3.63.0,2026-02-19 18:49:27.965744
A*24:555,A*24:555,A,Bw4 - 80I,Bw4_80I,classified,I,NA,NA,HLAtools_protein_alignment,IPD-IMGT/HLA 3.63.0,2026-02-19 18:49:27.965744
A*24:557,A*24:557,A,Bw4 - 80I,Bw4_80I,classified,I,NA,NA,HLAtools_protein_alignment,IPD-IMGT/HLA 3.63.0,2026-02-19 18:49:27.965744
A*24:558,A*24:558,A,Bw4 - 80I,Bw4_80I,classified,I,NA,NA,HLAtools_protein_alignment,IPD-IMGT/HLA 3.63.0,2026-02-19 18:49:27.965744
A*24:559,A*24:559,A,Bw4 - 80I,Bw4_80I,classified,I,NA,NA,HLAtools_protein_alignment,IPD-IMGT/HLA 3.63.0,2026-02-19 18:49:27.965744
A*24:56,A*24:56,A,Bw4 - 80I,Bw4_80I,classified,I,NA,NA,HLAtools_protein_alignment,IPD-IMGT/HLA 3.63.0,2026-02-19 18:49:27.965744
A*24:560,A*24:560,A,Bw4 - 80I,Bw4_80I,classified,I,NA,NA,HLAtools_protein_alignment,IPD-IMGT/HLA 3.63.0,2026-02-19 18:49:27.965744
A*24:561,A*24:561,A,Bw4 - 80I,Bw4_80I,classified,I,NA,NA,HLAtools_protein_alignment,IPD-IMGT/HLA 3.63.0,2026-02-19 18:49:27.965744
A*24:562,A*24:562,A,Bw4 - 80I,Bw4_80I,classified,I,NA,NA,HLAtools_protein_alignment,IPD-IMGT/HLA 3.63.0,2026-02-19 18:49:27.965744
A*24:563,A*24:563,A,Bw4 - 80I,Bw4_80I,classified,I,NA,NA,HLAtools_protein_alignment,IPD-IMGT/HLA 3.63.0,2026-02-19 18:49:27.965744
A*24:564,A*24:564,A,Bw4 - 80I,Bw4_80I,classified,I,NA,NA,HLAtools_protein_alignment,IPD-IMGT/HLA 3.63.0,2026-02-19 18:49:27.965744
A*24:565,A*24:565,A,Bw4 - 80I,Bw4_80I,classified,I,NA,NA,HLAtools_protein_alignment,IPD-IMGT/HLA 3.63.0,2026-02-19 18:49:27.965744
A*24:566,A*24:566,A,Bw4 - 80I,Bw4_80I,classified,I,NA,NA,HLAtools_protein_alignment,IPD-IMGT/HLA 3.63.0,2026-02-19 18:49:27.965744
A*24:569,A*24:569,A,Bw4 - 80I,Bw4_80I,classified,I,NA,NA,HLAtools_protein_alignment,IPD-IMGT/HLA 3.63.0,2026-02-19 18:49:27.965744
A*24:57,A*24:57,A,Bw4 - 80I,Bw4_80I,classified,I,NA,NA,HLAtools_protein_alignment,IPD-IMGT/HLA 3.63.0,2026-02-19 18:49:27.965744
A*24:570,A*24:570,A,Bw4 - 80I,Bw4_80I,classified,I,NA,NA,HLAtools_protein_alignment,IPD-IMGT/HLA 3.63.0,2026-02-19 18:49:27.965744
A*24:571,A*24:571,A,Bw4 - 80I,Bw4_80I,classified,I,NA,NA,HLAtools_protein_alignment,IPD-IMGT/HLA 3.63.0,2026-02-19 18:49:27.965744
A*24:572,A*24:572,A,Bw4 - 80T,Bw4_80T,classified,T,NA,NA,HLAtools_protein_alignment,IPD-IMGT/HLA 3.63.0,2026-02-19 18:49:27.965744
A*24:573,A*24:573,A,Bw4 - 80I,Bw4_80I,classified,I,NA,NA,HLAtools_protein_alignment,IPD-IMGT/HLA 3.63.0,2026-02-19 18:49:27.965744
A*24:574,A*24:574,A,Bw4 - 80I,Bw4_80I,classified,I,NA,NA,HLAtools_protein_alignment,IPD-IMGT/HLA 3.63.0,2026-02-19 18:49:27.965744
A*24:575,A*24:575,A,Bw4 - 80I,Bw4_80I,classified,I,NA,NA,HLAtools_protein_alignment,IPD-IMGT/HLA 3.63.0,2026-02-19 18:49:27.965744
A*24:577,A*24:577,A,Bw4 - 80I,Bw4_80I,classified,I,NA,NA,HLAtools_protein_alignment,IPD-IMGT/HLA 3.63.0,2026-02-19 18:49:27.965744
A*24:578,A*24:578,A,Bw4 - 80I,Bw4_80I,classified,I,NA,NA,HLAtools_protein_alignment,IPD-IMGT/HLA 3.63.0,2026-02-19 18:49:27.965744
A*24:579,A*24:579,A,Bw4 - 80I,Bw4_80I,classified,I,NA,NA,HLAtools_protein_alignment,IPD-IMGT/HLA 3.63.0,2026-02-19 18:49:27.965744
A*24:58,A*24:58,A,Bw4 - 80I,Bw4_80I,classified,I,NA,NA,HLAtools_protein_alignment,IPD-IMGT/HLA 3.63.0,2026-02-19 18:49:27.965744
A*24:580,A*24:580,A,Bw4 - 80I,Bw4_80I,classified,I,NA,NA,HLAtools_protein_alignment,IPD-IMGT/HLA 3.63.0,2026-02-19 18:49:27.965744
A*24:581,A*24:581,A,Bw4 - 80I,Bw4_80I,classified,I,NA,NA,HLAtools_protein_alignment,IPD-IMGT/HLA 3.63.0,2026-02-19 18:49:27.965744
A*24:582,A*24:582,A,Bw4 - 80I,Bw4_80I,classified,I,NA,NA,HLAtools_protein_alignment,IPD-IMGT/HLA 3.63.0,2026-02-19 18:49:27.965744
A*24:583,A*24:583,A,Bw4 - 80I,Bw4_80I,classified,I,NA,NA,HLAtools_protein_alignment,IPD-IMGT/HLA 3.63.0,2026-02-19 18:49:27.965744
A*24:584,A*24:584,A,Bw4 - 80I,Bw4_80I,classified,I,NA,NA,HLAtools_protein_alignment,IPD-IMGT/HLA 3.63.0,2026-02-19 18:49:27.965744
A*24:585,A*24:585,A,Bw4 - 80I,Bw4_80I,classified,I,NA,NA,HLAtools_protein_alignment,IPD-IMGT/HLA 3.63.0,2026-02-19 18:49:27.965744
A*24:587,A*24:587,A,Bw4 - 80I,Bw4_80I,classified,I,NA,NA,HLAtools_protein_alignment,IPD-IMGT/HLA 3.63.0,2026-02-19 18:49:27.965744
A*24:588,A*24:588,A,Bw4 - 80I,Bw4_80I,classified,I,NA,NA,HLAtools_protein_alignment,IPD-IMGT/HLA 3.63.0,2026-02-19 18:49:27.965744
A*24:589,A*24:589,A,Bw4 - 80I,Bw4_80I,classified,I,NA,NA,HLAtools_protein_alignment,IPD-IMGT/HLA 3.63.0,2026-02-19 18:49:27.965744
A*24:59,A*24:59,A,Bw4 - 80I,Bw4_80I,classified,I,NA,NA,HLAtools_protein_alignment,IPD-IMGT/HLA 3.63.0,2026-02-19 18:49:27.965744
A*24:590,A*24:590,A,Bw4 - 80I,Bw4_80I,classified,I,NA,NA,HLAtools_protein_alignment,IPD-IMGT/HLA 3.63.0,2026-02-19 18:49:27.965744
A*24:591,A*24:591,A,Bw4 - 80I,Bw4_80I,classified,I,NA,NA,HLAtools_protein_alignment,IPD-IMGT/HLA 3.63.0,2026-02-19 18:49:27.965744
A*24:592,A*24:592,A,Bw4 - 80I,Bw4_80I,classified,I,NA,NA,HLAtools_protein_alignment,IPD-IMGT/HLA 3.63.0,2026-02-19 18:49:27.965744
A*24:593,A*24:593,A,Bw4 - 80I,Bw4_80I,classified,I,NA,NA,HLAtools_protein_alignment,IPD-IMGT/HLA 3.63.0,2026-02-19 18:49:27.965744
A*24:594,A*24:594,A,Bw4 - 80I,Bw4_80I,classified,I,NA,NA,HLAtools_protein_alignment,IPD-IMGT/HLA 3.63.0,2026-02-19 18:49:27.965744
A*24:595,A*24:595,A,Bw4 - 80I,Bw4_80I,classified,I,NA,NA,HLAtools_protein_alignment,IPD-IMGT/HLA 3.63.0,2026-02-19 18:49:27.965744
A*24:598,A*24:598,A,Bw4 - 80I,Bw4_80I,classified,I,NA,NA,HLAtools_protein_alignment,IPD-IMGT/HLA 3.63.0,2026-02-19 18:49:27.965744
A*24:599,A*24:599,A,Bw4 - 80I,Bw4_80I,classified,I,NA,NA,HLAtools_protein_alignment,IPD-IMGT/HLA 3.63.0,2026-02-19 18:49:27.965744
A*24:600,A*24:600,A,Bw4 - 80I,Bw4_80I,classified,I,NA,NA,HLAtools_protein_alignment,IPD-IMGT/HLA 3.63.0,2026-02-19 18:49:27.965744
A*24:601,A*24:601,A,Bw4 - 80I,Bw4_80I,classified,I,NA,NA,HLAtools_protein_alignment,IPD-IMGT/HLA 3.63.0,2026-02-19 18:49:27.965744
A*24:602,A*24:602,A,Bw4 - 80I,Bw4_80I,classified,I,NA,NA,HLAtools_protein_alignment,IPD-IMGT/HLA 3.63.0,2026-02-19 18:49:27.965744
A*24:603,A*24:603,A,Bw4 - 80I,Bw4_80I,classified,I,NA,NA,HLAtools_protein_alignment,IPD-IMGT/HLA 3.63.0,2026-02-19 18:49:27.965744
A*24:604,A*24:604,A,Bw4 - 80I,Bw4_80I,classified,I,NA,NA,HLAtools_protein_alignment,IPD-IMGT/HLA 3.63.0,2026-02-19 18:49:27.965744
A*24:605,A*24:605,A,Bw4 - 80I,Bw4_80I,classified,I,NA,NA,HLAtools_protein_alignment,IPD-IMGT/HLA 3.63.0,2026-02-19 18:49:27.965744
A*24:606,A*24:606,A,Bw4 - 80I,Bw4_80I,classified,I,NA,NA,HLAtools_protein_alignment,IPD-IMGT/HLA 3.63.0,2026-02-19 18:49:27.965744
A*24:607,A*24:607,A,Bw4 - 80I,Bw4_80I,classified,I,NA,NA,HLAtools_protein_alignment,IPD-IMGT/HLA 3.63.0,2026-02-19 18:49:27.965744
A*24:609,A*24:609,A,Bw4 - 80I,Bw4_80I,classified,I,NA,NA,HLAtools_protein_alignment,IPD-IMGT/HLA 3.63.0,2026-02-19 18:49:27.965744
A*24:61,A*24:61,A,Bw4 - 80I,Bw4_80I,classified,I,NA,NA,HLAtools_protein_alignment,IPD-IMGT/HLA 3.63.0,2026-02-19 18:49:27.965744
A*24:610,A*24:610,A,Bw4 - 80I,Bw4_80I,classified,I,NA,NA,HLAtools_protein_alignment,IPD-IMGT/HLA 3.63.0,2026-02-19 18:49:27.965744
A*24:611,A*24:611,A,Bw4 - 80I,Bw4_80I,classified,I,NA,NA,HLAtools_protein_alignment,IPD-IMGT/HLA 3.63.0,2026-02-19 18:49:27.965744
A*24:612,A*24:612,A,Bw4 - 80I,Bw4_80I,classified,I,NA,NA,HLAtools_protein_alignment,IPD-IMGT/HLA 3.63.0,2026-02-19 18:49:27.965744
A*24:613,A*24:613,A,Bw4 - 80I,Bw4_80I,classified,I,NA,NA,HLAtools_protein_alignment,IPD-IMGT/HLA 3.63.0,2026-02-19 18:49:27.965744
A*24:614,A*24:614,A,Bw4 - 80I,Bw4_80I,classified,I,NA,NA,HLAtools_protein_alignment,IPD-IMGT/HLA 3.63.0,2026-02-19 18:49:27.965744
A*24:615,A*24:615,A,Bw4 - 80I,Bw4_80I,classified,I,NA,NA,HLAtools_protein_alignment,IPD-IMGT/HLA 3.63.0,2026-02-19 18:49:27.965744
A*24:616,A*24:616,A,Bw4 - 80I,Bw4_80I,classified,I,NA,NA,HLAtools_protein_alignment,IPD-IMGT/HLA 3.63.0,2026-02-19 18:49:27.965744
A*24:617,A*24:617,A,Bw4 - 80I,Bw4_80I,classified,I,NA,NA,HLAtools_protein_alignment,IPD-IMGT/HLA 3.63.0,2026-02-19 18:49:27.965744
A*24:618,A*24:618,A,Bw4 - 80I,Bw4_80I,classified,I,NA,NA,HLAtools_protein_alignment,IPD-IMGT/HLA 3.63.0,2026-02-19 18:49:27.965744
A*24:619,A*24:619,A,Bw4 - 80I,Bw4_80I,classified,I,NA,NA,HLAtools_protein_alignment,IPD-IMGT/HLA 3.63.0,2026-02-19 18:49:27.965744
A*24:62,A*24:62,A,Bw4 - 80I,Bw4_80I,classified,I,NA,NA,HLAtools_protein_alignment,IPD-IMGT/HLA 3.63.0,2026-02-19 18:49:27.965744
A*24:620,A*24:620,A,Bw4 - 80I,Bw4_80I,classified,I,NA,NA,HLAtools_protein_alignment,IPD-IMGT/HLA 3.63.0,2026-02-19 18:49:27.965744
A*24:621,A*24:621,A,Bw4 - 80I,Bw4_80I,classified,I,NA,NA,HLAtools_protein_alignment,IPD-IMGT/HLA 3.63.0,2026-02-19 18:49:27.965744
A*24:622,A*24:622,A,Bw4 - 80I,Bw4_80I,classified,I,NA,NA,HLAtools_protein_alignment,IPD-IMGT/HLA 3.63.0,2026-02-19 18:49:27.965744
A*24:624,A*24:624,A,Bw4 - 80I,Bw4_80I,classified,I,NA,NA,HLAtools_protein_alignment,IPD-IMGT/HLA 3.63.0,2026-02-19 18:49:27.965744
A*24:626,A*24:626,A,Bw4 - 80I,Bw4_80I,classified,I,NA,NA,HLAtools_protein_alignment,IPD-IMGT/HLA 3.63.0,2026-02-19 18:49:27.965744
A*24:627,A*24:627,A,Bw4 - 80I,Bw4_80I,classified,I,NA,NA,HLAtools_protein_alignment,IPD-IMGT/HLA 3.63.0,2026-02-19 18:49:27.965744
A*24:628,A*24:628,A,Bw4 - 80I,Bw4_80I,classified,I,NA,NA,HLAtools_protein_alignment,IPD-IMGT/HLA 3.63.0,2026-02-19 18:49:27.965744
A*24:629,A*24:629,A,Bw4 - 80I,Bw4_80I,classified,I,NA,NA,HLAtools_protein_alignment,IPD-IMGT/HLA 3.63.0,2026-02-19 18:49:27.965744
A*24:63,A*24:63,A,Bw4 - 80I,Bw4_80I,classified,I,NA,NA,HLAtools_protein_alignment,IPD-IMGT/HLA 3.63.0,2026-02-19 18:49:27.965744
A*24:630,A*24:630,A,Bw4 - 80I,Bw4_80I,classified,I,NA,NA,HLAtools_protein_alignment,IPD-IMGT/HLA 3.63.0,2026-02-19 18:49:27.965744
A*24:631,A*24:631,A,Bw4 - 80I,Bw4_80I,classified,I,NA,NA,HLAtools_protein_alignment,IPD-IMGT/HLA 3.63.0,2026-02-19 18:49:27.965744
A*24:632,A*24:632,A,Bw4 - 80I,Bw4_80I,classified,I,NA,NA,HLAtools_protein_alignment,IPD-IMGT/HLA 3.63.0,2026-02-19 18:49:27.965744
A*24:633,A*24:633,A,Bw4 - 80I,Bw4_80I,classified,I,NA,NA,HLAtools_protein_alignment,IPD-IMGT/HLA 3.63.0,2026-02-19 18:49:27.965744
A*24:634,A*24:634,A,Bw4 - 80I,Bw4_80I,classified,I,NA,NA,HLAtools_protein_alignment,IPD-IMGT/HLA 3.63.0,2026-02-19 18:49:27.965744
A*24:635,A*24:635,A,Bw4 - 80I,Bw4_80I,classified,I,NA,NA,HLAtools_protein_alignment,IPD-IMGT/HLA 3.63.0,2026-02-19 18:49:27.965744
A*24:637,A*24:637,A,Bw4 - 80I,Bw4_80I,classified,I,NA,NA,HLAtools_protein_alignment,IPD-IMGT/HLA 3.63.0,2026-02-19 18:49:27.965744
A*24:638,A*24:638,A,Bw4 - 80I,Bw4_80I,classified,I,NA,NA,HLAtools_protein_alignment,IPD-IMGT/HLA 3.63.0,2026-02-19 18:49:27.965744
A*24:639,A*24:639,A,Bw4 - 80I,Bw4_80I,classified,I,NA,NA,HLAtools_protein_alignment,IPD-IMGT/HLA 3.63.0,2026-02-19 18:49:27.965744
A*24:64,A*24:64,A,Bw4 - 80I,Bw4_80I,classified,I,NA,NA,HLAtools_protein_alignment,IPD-IMGT/HLA 3.63.0,2026-02-19 18:49:27.965744
A*24:640,A*24:640,A,Bw4 - 80I,Bw4_80I,classified,I,NA,NA,HLAtools_protein_alignment,IPD-IMGT/HLA 3.63.0,2026-02-19 18:49:27.965744
A*24:642,A*24:642,A,Bw4 - 80I,Bw4_80I,classified,I,NA,NA,HLAtools_protein_alignment,IPD-IMGT/HLA 3.63.0,2026-02-19 18:49:27.965744
A*24:643,A*24:643,A,Bw4 - 80I,Bw4_80I,classified,I,NA,NA,HLAtools_protein_alignment,IPD-IMGT/HLA 3.63.0,2026-02-19 18:49:27.965744
A*24:644,A*24:644,A,Bw4 - 80I,Bw4_80I,classified,I,NA,NA,HLAtools_protein_alignment,IPD-IMGT/HLA 3.63.0,2026-02-19 18:49:27.965744
A*24:645,A*24:645,A,Bw4 - 80I,Bw4_80I,classified,I,NA,NA,HLAtools_protein_alignment,IPD-IMGT/HLA 3.63.0,2026-02-19 18:49:27.965744
A*24:646,A*24:646,A,Bw4 - 80I,Bw4_80I,classified,I,NA,NA,HLAtools_protein_alignment,IPD-IMGT/HLA 3.63.0,2026-02-19 18:49:27.965744
A*24:647,A*24:647,A,Bw4 - 80I,Bw4_80I,classified,I,NA,NA,HLAtools_protein_alignment,IPD-IMGT/HLA 3.63.0,2026-02-19 18:49:27.965744
A*24:648,A*24:648,A,Bw4 - 80I,Bw4_80I,classified,I,NA,NA,HLAtools_protein_alignment,IPD-IMGT/HLA 3.63.0,2026-02-19 18:49:27.965744
A*24:649,A*24:649,A,Bw4 - 80I,Bw4_80I,classified,I,NA,NA,HLAtools_protein_alignment,IPD-IMGT/HLA 3.63.0,2026-02-19 18:49:27.965744
A*24:650,A*24:650,A,Bw4 - 80I,Bw4_80I,classified,I,NA,NA,HLAtools_protein_alignment,IPD-IMGT/HLA 3.63.0,2026-02-19 18:49:27.965744
A*24:652,A*24:652,A,Bw4 - 80I,Bw4_80I,classified,I,NA,NA,HLAtools_protein_alignment,IPD-IMGT/HLA 3.63.0,2026-02-19 18:49:27.965744
A*24:653,A*24:653,A,Bw4 - 80I,Bw4_80I,classified,I,NA,NA,HLAtools_protein_alignment,IPD-IMGT/HLA 3.63.0,2026-02-19 18:49:27.965744
A*24:654,A*24:654,A,Bw4 - 80I,Bw4_80I,classified,I,NA,NA,HLAtools_protein_alignment,IPD-IMGT/HLA 3.63.0,2026-02-19 18:49:27.965744
A*24:655,A*24:655,A,Bw4 - 80I,Bw4_80I,classified,I,NA,NA,HLAtools_protein_alignment,IPD-IMGT/HLA 3.63.0,2026-02-19 18:49:27.965744
A*24:656,A*24:656,A,Bw4 - 80I,Bw4_80I,classified,I,NA,NA,HLAtools_protein_alignment,IPD-IMGT/HLA 3.63.0,2026-02-19 18:49:27.965744
A*24:657,A*24:657,A,Bw4 - 80I,Bw4_80I,classified,I,NA,NA,HLAtools_protein_alignment,IPD-IMGT/HLA 3.63.0,2026-02-19 18:49:27.965744
A*24:658,A*24:658,A,Bw4 - 80I,Bw4_80I,classified,I,NA,NA,HLAtools_protein_alignment,IPD-IMGT/HLA 3.63.0,2026-02-19 18:49:27.965744
A*24:659,A*24:659,A,Bw4 - 80I,Bw4_80I,classified,I,NA,NA,HLAtools_protein_alignment,IPD-IMGT/HLA 3.63.0,2026-02-19 18:49:27.965744
A*24:66,A*24:66,A,Bw4 - 80I,Bw4_80I,classified,I,NA,NA,HLAtools_protein_alignment,IPD-IMGT/HLA 3.63.0,2026-02-19 18:49:27.965744
A*24:660,A*24:660,A,Bw4 - 80I,Bw4_80I,classified,I,NA,NA,HLAtools_protein_alignment,IPD-IMGT/HLA 3.63.0,2026-02-19 18:49:27.965744
A*24:661,A*24:661,A,Bw4 - 80I,Bw4_80I,classified,I,NA,NA,HLAtools_protein_alignment,IPD-IMGT/HLA 3.63.0,2026-02-19 18:49:27.965744
A*24:662,A*24:662,A,Bw4 - 80I,Bw4_80I,classified,I,NA,NA,HLAtools_protein_alignment,IPD-IMGT/HLA 3.63.0,2026-02-19 18:49:27.965744
A*24:663,A*24:663,A,Bw4 - 80I,Bw4_80I,classified,I,NA,NA,HLAtools_protein_alignment,IPD-IMGT/HLA 3.63.0,2026-02-19 18:49:27.965744
A*24:664,A*24:664,A,Bw4 - 80I,Bw4_80I,classified,I,NA,NA,HLAtools_protein_alignment,IPD-IMGT/HLA 3.63.0,2026-02-19 18:49:27.965744
A*24:665,A*24:665,A,Bw4 - 80I,Bw4_80I,classified,I,NA,NA,HLAtools_protein_alignment,IPD-IMGT/HLA 3.63.0,2026-02-19 18:49:27.965744
A*24:666,A*24:666,A,Bw4 - 80I,Bw4_80I,classified,I,NA,NA,HLAtools_protein_alignment,IPD-IMGT/HLA 3.63.0,2026-02-19 18:49:27.965744
A*24:667,A*24:667,A,Bw4 - 80I,Bw4_80I,classified,I,NA,NA,HLAtools_protein_alignment,IPD-IMGT/HLA 3.63.0,2026-02-19 18:49:27.965744
A*24:668,A*24:668,A,Bw4 - 80I,Bw4_80I,classified,I,NA,NA,HLAtools_protein_alignment,IPD-IMGT/HLA 3.63.0,2026-02-19 18:49:27.965744
A*24:67,A*24:67,A,Bw4 - 80I,Bw4_80I,classified,I,NA,NA,HLAtools_protein_alignment,IPD-IMGT/HLA 3.63.0,2026-02-19 18:49:27.965744
A*24:670,A*24:670,A,Bw4 - 80I,Bw4_80I,classified,I,NA,NA,HLAtools_protein_alignment,IPD-IMGT/HLA 3.63.0,2026-02-19 18:49:27.965744
A*24:671,A*24:671,A,Bw4 - 80I,Bw4_80I,classified,I,NA,NA,HLAtools_protein_alignment,IPD-IMGT/HLA 3.63.0,2026-02-19 18:49:27.965744
A*24:673,A*24:673,A,Bw4 - 80I,Bw4_80I,classified,I,NA,NA,HLAtools_protein_alignment,IPD-IMGT/HLA 3.63.0,2026-02-19 18:49:27.965744
A*24:675,A*24:675,A,Bw4 - 80I,Bw4_80I,classified,I,NA,NA,HLAtools_protein_alignment,IPD-IMGT/HLA 3.63.0,2026-02-19 18:49:27.965744
A*24:676,A*24:676,A,Bw4 - 80I,Bw4_80I,classified,I,NA,NA,HLAtools_protein_alignment,IPD-IMGT/HLA 3.63.0,2026-02-19 18:49:27.965744
A*24:677,A*24:677,A,Bw4 - 80I,Bw4_80I,classified,I,NA,NA,HLAtools_protein_alignment,IPD-IMGT/HLA 3.63.0,2026-02-19 18:49:27.965744
A*24:68,A*24:68,A,Bw4 - 80I,Bw4_80I,classified,I,NA,NA,HLAtools_protein_alignment,IPD-IMGT/HLA 3.63.0,2026-02-19 18:49:27.965744
A*24:69,A*24:69,A,Bw4 - 80I,Bw4_80I,classified,I,NA,NA,HLAtools_protein_alignment,IPD-IMGT/HLA 3.63.0,2026-02-19 18:49:27.965744
A*24:70,A*24:70,A,Bw4 - 80I,Bw4_80I,classified,I,NA,NA,HLAtools_protein_alignment,IPD-IMGT/HLA 3.63.0,2026-02-19 18:49:27.965744
A*24:71,A*24:71,A,Bw4 - 80I,Bw4_80I,classified,I,NA,NA,HLAtools_protein_alignment,IPD-IMGT/HLA 3.63.0,2026-02-19 18:49:27.965744
A*24:72,A*24:72,A,Bw4 - 80I,Bw4_80I,classified,I,NA,NA,HLAtools_protein_alignment,IPD-IMGT/HLA 3.63.0,2026-02-19 18:49:27.965744
A*24:73,A*24:73,A,Bw4 - 80I,Bw4_80I,classified,I,NA,NA,HLAtools_protein_alignment,IPD-IMGT/HLA 3.63.0,2026-02-19 18:49:27.965744
A*24:74,A*24:74,A,Bw4 - 80I,Bw4_80I,classified,I,NA,NA,HLAtools_protein_alignment,IPD-IMGT/HLA 3.63.0,2026-02-19 18:49:27.965744
A*24:75,A*24:75,A,Bw4 - 80I,Bw4_80I,classified,I,NA,NA,HLAtools_protein_alignment,IPD-IMGT/HLA 3.63.0,2026-02-19 18:49:27.965744
A*24:76,A*24:76,A,Bw4 - 80I,Bw4_80I,classified,I,NA,NA,HLAtools_protein_alignment,IPD-IMGT/HLA 3.63.0,2026-02-19 18:49:27.965744
A*24:77,A*24:77,A,Bw4 - 80I,Bw4_80I,classified,I,NA,NA,HLAtools_protein_alignment,IPD-IMGT/HLA 3.63.0,2026-02-19 18:49:27.965744
A*24:78,A*24:78,A,Bw4 - 80I,Bw4_80I,classified,I,NA,NA,HLAtools_protein_alignment,IPD-IMGT/HLA 3.63.0,2026-02-19 18:49:27.965744
A*24:79,A*24:79,A,Bw4 - 80I,Bw4_80I,classified,I,NA,NA,HLAtools_protein_alignment,IPD-IMGT/HLA 3.63.0,2026-02-19 18:49:27.965744
A*24:80,A*24:80,A,Bw4 - 80I,Bw4_80I,classified,I,NA,NA,HLAtools_protein_alignment,IPD-IMGT/HLA 3.63.0,2026-02-19 18:49:27.965744
A*24:81,A*24:81,A,Bw4 - 80I,Bw4_80I,classified,I,NA,NA,HLAtools_protein_alignment,IPD-IMGT/HLA 3.63.0,2026-02-19 18:49:27.965744
A*24:82,A*24:82,A,Bw4 - 80I,Bw4_80I,classified,I,NA,NA,HLAtools_protein_alignment,IPD-IMGT/HLA 3.63.0,2026-02-19 18:49:27.965744
A*24:85,A*24:85,A,Bw4 - 80I,Bw4_80I,classified,I,NA,NA,HLAtools_protein_alignment,IPD-IMGT/HLA 3.63.0,2026-02-19 18:49:27.965744
A*24:87,A*24:87,A,Bw4 - 80I,Bw4_80I,classified,I,NA,NA,HLAtools_protein_alignment,IPD-IMGT/HLA 3.63.0,2026-02-19 18:49:27.965744
A*24:88,A*24:88,A,Bw4 - 80I,Bw4_80I,classified,I,NA,NA,HLAtools_protein_alignment,IPD-IMGT/HLA 3.63.0,2026-02-19 18:49:27.965744
A*24:91,A*24:91,A,Bw4 - 80I,Bw4_80I,classified,I,NA,NA,HLAtools_protein_alignment,IPD-IMGT/HLA 3.63.0,2026-02-19 18:49:27.965744
A*24:92,A*24:92,A,Bw4 - 80I,Bw4_80I,classified,I,NA,NA,HLAtools_protein_alignment,IPD-IMGT/HLA 3.63.0,2026-02-19 18:49:27.965744
A*24:93,A*24:93,A,Bw4 - 80I,Bw4_80I,classified,I,NA,NA,HLAtools_protein_alignment,IPD-IMGT/HLA 3.63.0,2026-02-19 18:49:27.965744
A*24:94,A*24:94,A,Bw4 - 80I,Bw4_80I,classified,I,NA,NA,HLAtools_protein_alignment,IPD-IMGT/HLA 3.63.0,2026-02-19 18:49:27.965744
A*24:95,A*24:95,A,Bw4 - 80I,Bw4_80I,classified,I,NA,NA,HLAtools_protein_alignment,IPD-IMGT/HLA 3.63.0,2026-02-19 18:49:27.965744
A*24:96,A*24:96,A,Bw4 - 80I,Bw4_80I,classified,I,NA,NA,HLAtools_protein_alignment,IPD-IMGT/HLA 3.63.0,2026-02-19 18:49:27.965744
A*24:97,A*24:97,A,Bw4 - 80I,Bw4_80I,classified,I,NA,NA,HLAtools_protein_alignment,IPD-IMGT/HLA 3.63.0,2026-02-19 18:49:27.965744
A*24:98,A*24:98,A,Bw4 - 80I,Bw4_80I,classified,I,NA,NA,HLAtools_protein_alignment,IPD-IMGT/HLA 3.63.0,2026-02-19 18:49:27.965744
A*24:99,A*24:99,A,Bw4 - 80I,Bw4_80I,classified,I,NA,NA,HLAtools_protein_alignment,IPD-IMGT/HLA 3.63.0,2026-02-19 18:49:27.965744
A*25:01,A*25:01,A,Bw4 - 80I,Bw4_80I,classified,I,NA,NA,HLAtools_protein_alignment,IPD-IMGT/HLA 3.63.0,2026-02-19 18:49:27.965744
A*25:02,A*25:02,A,Bw4 - 80I,Bw4_80I,classified,I,NA,NA,HLAtools_protein_alignment,IPD-IMGT/HLA 3.63.0,2026-02-19 18:49:27.965744
A*25:03,A*25:03,A,Bw4 - 80I,Bw4_80I,classified,I,NA,NA,HLAtools_protein_alignment,IPD-IMGT/HLA 3.63.0,2026-02-19 18:49:27.965744
A*25:04,A*25:04,A,Bw4 - 80I,Bw4_80I,classified,I,NA,NA,HLAtools_protein_alignment,IPD-IMGT/HLA 3.63.0,2026-02-19 18:49:27.965744
A*25:05,A*25:05,A,Bw4 - 80I,Bw4_80I,classified,I,NA,NA,HLAtools_protein_alignment,IPD-IMGT/HLA 3.63.0,2026-02-19 18:49:27.965744
A*25:06,A*25:06,A,Bw4 - 80I,Bw4_80I,classified,I,NA,NA,HLAtools_protein_alignment,IPD-IMGT/HLA 3.63.0,2026-02-19 18:49:27.965744
A*25:07,A*25:07,A,Bw4 - 80I,Bw4_80I,classified,I,NA,NA,HLAtools_protein_alignment,IPD-IMGT/HLA 3.63.0,2026-02-19 18:49:27.965744
A*25:08,A*25:08,A,Bw4 - 80I,Bw4_80I,classified,I,NA,NA,HLAtools_protein_alignment,IPD-IMGT/HLA 3.63.0,2026-02-19 18:49:27.965744
A*25:09,A*25:09,A,Bw4 - 80I,Bw4_80I,classified,I,NA,NA,HLAtools_protein_alignment,IPD-IMGT/HLA 3.63.0,2026-02-19 18:49:27.965744
A*25:10,A*25:10,A,Bw4 - 80I,Bw4_80I,classified,I,NA,NA,HLAtools_protein_alignment,IPD-IMGT/HLA 3.63.0,2026-02-19 18:49:27.965744
A*25:100,A*25:100,A,Bw4 - 80I,Bw4_80I,classified,I,NA,NA,HLAtools_protein_alignment,IPD-IMGT/HLA 3.63.0,2026-02-19 18:49:27.965744
A*25:11,A*25:11,A,Bw4 - 80I,Bw4_80I,classified,I,NA,NA,HLAtools_protein_alignment,IPD-IMGT/HLA 3.63.0,2026-02-19 18:49:27.965744
A*25:13,A*25:13,A,Bw4 - 80I,Bw4_80I,classified,I,NA,NA,HLAtools_protein_alignment,IPD-IMGT/HLA 3.63.0,2026-02-19 18:49:27.965744
A*25:14,A*25:14,A,Bw4 - 80I,Bw4_80I,classified,I,NA,NA,HLAtools_protein_alignment,IPD-IMGT/HLA 3.63.0,2026-02-19 18:49:27.965744
A*25:15,A*25:15,A,Bw4 - 80I,Bw4_80I,classified,I,NA,NA,HLAtools_protein_alignment,IPD-IMGT/HLA 3.63.0,2026-02-19 18:49:27.965744
A*25:16,A*25:16,A,Bw4 - 80I,Bw4_80I,classified,I,NA,NA,HLAtools_protein_alignment,IPD-IMGT/HLA 3.63.0,2026-02-19 18:49:27.965744
A*25:17,A*25:17,A,Bw4 - 80I,Bw4_80I,classified,I,NA,NA,HLAtools_protein_alignment,IPD-IMGT/HLA 3.63.0,2026-02-19 18:49:27.965744
A*25:18,A*25:18,A,Bw4 - 80I,Bw4_80I,classified,I,NA,NA,HLAtools_protein_alignment,IPD-IMGT/HLA 3.63.0,2026-02-19 18:49:27.965744
A*25:19,A*25:19,A,Bw4 - 80I,Bw4_80I,classified,I,NA,NA,HLAtools_protein_alignment,IPD-IMGT/HLA 3.63.0,2026-02-19 18:49:27.965744
A*25:20,A*25:20,A,Bw4 - 80I,Bw4_80I,classified,I,NA,NA,HLAtools_protein_alignment,IPD-IMGT/HLA 3.63.0,2026-02-19 18:49:27.965744
A*25:21,A*25:21,A,Bw4 - 80I,Bw4_80I,classified,I,NA,NA,HLAtools_protein_alignment,IPD-IMGT/HLA 3.63.0,2026-02-19 18:49:27.965744
A*25:22,A*25:22,A,Bw4 - 80I,Bw4_80I,classified,I,NA,NA,HLAtools_protein_alignment,IPD-IMGT/HLA 3.63.0,2026-02-19 18:49:27.965744
A*25:23,A*25:23,A,Bw4 - 80I,Bw4_80I,classified,I,NA,NA,HLAtools_protein_alignment,IPD-IMGT/HLA 3.63.0,2026-02-19 18:49:27.965744
A*25:24,A*25:24,A,Bw4 - 80I,Bw4_80I,classified,I,NA,NA,HLAtools_protein_alignment,IPD-IMGT/HLA 3.63.0,2026-02-19 18:49:27.965744
A*25:25,A*25:25,A,Bw4 - 80I,Bw4_80I,classified,I,NA,NA,HLAtools_protein_alignment,IPD-IMGT/HLA 3.63.0,2026-02-19 18:49:27.965744
A*25:26,A*25:26,A,Bw4 - 80I,Bw4_80I,classified,I,NA,NA,HLAtools_protein_alignment,IPD-IMGT/HLA 3.63.0,2026-02-19 18:49:27.965744
A*25:27,A*25:27,A,Bw4 - 80I,Bw4_80I,classified,I,NA,NA,HLAtools_protein_alignment,IPD-IMGT/HLA 3.63.0,2026-02-19 18:49:27.965744
A*25:28,A*25:28,A,Bw4 - 80I,Bw4_80I,classified,I,NA,NA,HLAtools_protein_alignment,IPD-IMGT/HLA 3.63.0,2026-02-19 18:49:27.965744
A*25:29,A*25:29,A,Bw4 - 80I,Bw4_80I,classified,I,NA,NA,HLAtools_protein_alignment,IPD-IMGT/HLA 3.63.0,2026-02-19 18:49:27.965744
A*25:30,A*25:30,A,Bw4 - 80I,Bw4_80I,classified,I,NA,NA,HLAtools_protein_alignment,IPD-IMGT/HLA 3.63.0,2026-02-19 18:49:27.965744
A*25:31,A*25:31,A,Bw4 - 80I,Bw4_80I,classified,I,NA,NA,HLAtools_protein_alignment,IPD-IMGT/HLA 3.63.0,2026-02-19 18:49:27.965744
A*25:32,A*25:32,A,Bw4 - 80I,Bw4_80I,classified,I,NA,NA,HLAtools_protein_alignment,IPD-IMGT/HLA 3.63.0,2026-02-19 18:49:27.965744
A*25:33,A*25:33,A,Bw4 - 80I,Bw4_80I,classified,I,NA,NA,HLAtools_protein_alignment,IPD-IMGT/HLA 3.63.0,2026-02-19 18:49:27.965744
A*25:34,A*25:34,A,Bw4 - 80I,Bw4_80I,classified,I,NA,NA,HLAtools_protein_alignment,IPD-IMGT/HLA 3.63.0,2026-02-19 18:49:27.965744
A*25:35,A*25:35,A,Bw4 - 80I,Bw4_80I,classified,I,NA,NA,HLAtools_protein_alignment,IPD-IMGT/HLA 3.63.0,2026-02-19 18:49:27.965744
A*25:36,A*25:36,A,Bw4 - 80I,Bw4_80I,classified,I,NA,NA,HLAtools_protein_alignment,IPD-IMGT/HLA 3.63.0,2026-02-19 18:49:27.965744
A*25:37,A*25:37,A,Bw4 - 80I,Bw4_80I,classified,I,NA,NA,HLAtools_protein_alignment,IPD-IMGT/HLA 3.63.0,2026-02-19 18:49:27.965744
A*25:38,A*25:38,A,Bw4 - 80I,Bw4_80I,classified,I,NA,NA,HLAtools_protein_alignment,IPD-IMGT/HLA 3.63.0,2026-02-19 18:49:27.965744
A*25:39,A*25:39,A,Bw4 - 80I,Bw4_80I,classified,I,NA,NA,HLAtools_protein_alignment,IPD-IMGT/HLA 3.63.0,2026-02-19 18:49:27.965744
A*25:40,A*25:40,A,Bw4 - 80I,Bw4_80I,classified,I,NA,NA,HLAtools_protein_alignment,IPD-IMGT/HLA 3.63.0,2026-02-19 18:49:27.965744
A*25:41,A*25:41,A,Bw4 - 80I,Bw4_80I,classified,I,NA,NA,HLAtools_protein_alignment,IPD-IMGT/HLA 3.63.0,2026-02-19 18:49:27.965744
A*25:43,A*25:43,A,Bw4 - 80I,Bw4_80I,classified,I,NA,NA,HLAtools_protein_alignment,IPD-IMGT/HLA 3.63.0,2026-02-19 18:49:27.965744
A*25:44,A*25:44,A,Bw4 - 80I,Bw4_80I,classified,I,NA,NA,HLAtools_protein_alignment,IPD-IMGT/HLA 3.63.0,2026-02-19 18:49:27.965744
A*25:45,A*25:45,A,Bw4 - 80I,Bw4_80I,classified,I,NA,NA,HLAtools_protein_alignment,IPD-IMGT/HLA 3.63.0,2026-02-19 18:49:27.965744
A*25:46,A*25:46,A,Bw4 - 80M,Bw4_80M,classified,M,NA,NA,HLAtools_protein_alignment,IPD-IMGT/HLA 3.63.0,2026-02-19 18:49:27.965744
A*25:47,A*25:47,A,Bw4 - 80I,Bw4_80I,classified,I,NA,NA,HLAtools_protein_alignment,IPD-IMGT/HLA 3.63.0,2026-02-19 18:49:27.965744
A*25:48,A*25:48,A,Bw4 - 80I,Bw4_80I,classified,I,NA,NA,HLAtools_protein_alignment,IPD-IMGT/HLA 3.63.0,2026-02-19 18:49:27.965744
A*25:50,A*25:50,A,Bw4 - 80I,Bw4_80I,classified,I,NA,NA,HLAtools_protein_alignment,IPD-IMGT/HLA 3.63.0,2026-02-19 18:49:27.965744
A*25:51,A*25:51,A,Bw4 - 80I,Bw4_80I,classified,I,NA,NA,HLAtools_protein_alignment,IPD-IMGT/HLA 3.63.0,2026-02-19 18:49:27.965744
A*25:52,A*25:52,A,Bw4 - 80I,Bw4_80I,classified,I,NA,NA,HLAtools_protein_alignment,IPD-IMGT/HLA 3.63.0,2026-02-19 18:49:27.965744
A*25:53,A*25:53,A,Bw4 - 80I,Bw4_80I,classified,I,NA,NA,HLAtools_protein_alignment,IPD-IMGT/HLA 3.63.0,2026-02-19 18:49:27.965744
A*25:54,A*25:54,A,Bw4 - 80I,Bw4_80I,classified,I,NA,NA,HLAtools_protein_alignment,IPD-IMGT/HLA 3.63.0,2026-02-19 18:49:27.965744
A*25:55,A*25:55,A,Bw4 - 80I,Bw4_80I,classified,I,NA,NA,HLAtools_protein_alignment,IPD-IMGT/HLA 3.63.0,2026-02-19 18:49:27.965744
A*25:56,A*25:56,A,Bw4 - 80I,Bw4_80I,classified,I,NA,NA,HLAtools_protein_alignment,IPD-IMGT/HLA 3.63.0,2026-02-19 18:49:27.965744
A*25:57,A*25:57,A,Bw4 - 80I,Bw4_80I,classified,I,NA,NA,HLAtools_protein_alignment,IPD-IMGT/HLA 3.63.0,2026-02-19 18:49:27.965744
A*25:58,A*25:58,A,Bw4 - 80I,Bw4_80I,classified,I,NA,NA,HLAtools_protein_alignment,IPD-IMGT/HLA 3.63.0,2026-02-19 18:49:27.965744
A*25:60,A*25:60,A,Bw4 - 80I,Bw4_80I,classified,I,NA,NA,HLAtools_protein_alignment,IPD-IMGT/HLA 3.63.0,2026-02-19 18:49:27.965744
A*25:61,A*25:61,A,Bw4 - 80I,Bw4_80I,classified,I,NA,NA,HLAtools_protein_alignment,IPD-IMGT/HLA 3.63.0,2026-02-19 18:49:27.965744
A*25:62,A*25:62,A,Bw4 - 80I,Bw4_80I,classified,I,NA,NA,HLAtools_protein_alignment,IPD-IMGT/HLA 3.63.0,2026-02-19 18:49:27.965744
A*25:63,A*25:63,A,Bw4 - 80I,Bw4_80I,classified,I,NA,NA,HLAtools_protein_alignment,IPD-IMGT/HLA 3.63.0,2026-02-19 18:49:27.965744
A*25:64,A*25:64,A,Bw4 - 80I,Bw4_80I,classified,I,NA,NA,HLAtools_protein_alignment,IPD-IMGT/HLA 3.63.0,2026-02-19 18:49:27.965744
A*25:65,A*25:65,A,Bw4 - 80I,Bw4_80I,classified,I,NA,NA,HLAtools_protein_alignment,IPD-IMGT/HLA 3.63.0,2026-02-19 18:49:27.965744
A*25:66,A*25:66,A,Bw4 - 80I,Bw4_80I,classified,I,NA,NA,HLAtools_protein_alignment,IPD-IMGT/HLA 3.63.0,2026-02-19 18:49:27.965744
A*25:67,A*25:67,A,Bw4 - 80I,Bw4_80I,classified,I,NA,NA,HLAtools_protein_alignment,IPD-IMGT/HLA 3.63.0,2026-02-19 18:49:27.965744
A*25:68,A*25:68,A,Bw4 - 80I,Bw4_80I,classified,I,NA,NA,HLAtools_protein_alignment,IPD-IMGT/HLA 3.63.0,2026-02-19 18:49:27.965744
A*25:70,A*25:70,A,Bw4 - 80I,Bw4_80I,classified,I,NA,NA,HLAtools_protein_alignment,IPD-IMGT/HLA 3.63.0,2026-02-19 18:49:27.965744
A*25:71,A*25:71,A,Bw4 - 80I,Bw4_80I,classified,I,NA,NA,HLAtools_protein_alignment,IPD-IMGT/HLA 3.63.0,2026-02-19 18:49:27.965744
A*25:72,A*25:72,A,Bw4 - 80I,Bw4_80I,classified,I,NA,NA,HLAtools_protein_alignment,IPD-IMGT/HLA 3.63.0,2026-02-19 18:49:27.965744
A*25:73,A*25:73,A,Bw4 - 80I,Bw4_80I,classified,I,NA,NA,HLAtools_protein_alignment,IPD-IMGT/HLA 3.63.0,2026-02-19 18:49:27.965744
A*25:74,A*25:74,A,Bw4 - 80I,Bw4_80I,classified,I,NA,NA,HLAtools_protein_alignment,IPD-IMGT/HLA 3.63.0,2026-02-19 18:49:27.965744
A*25:75,A*25:75,A,Bw4 - 80I,Bw4_80I,classified,I,NA,NA,HLAtools_protein_alignment,IPD-IMGT/HLA 3.63.0,2026-02-19 18:49:27.965744
A*25:76,A*25:76,A,Bw4 - 80I,Bw4_80I,classified,I,NA,NA,HLAtools_protein_alignment,IPD-IMGT/HLA 3.63.0,2026-02-19 18:49:27.965744
A*25:77,A*25:77,A,Bw4 - 80I,Bw4_80I,classified,I,NA,NA,HLAtools_protein_alignment,IPD-IMGT/HLA 3.63.0,2026-02-19 18:49:27.965744
A*25:78,A*25:78,A,Bw4 - 80S,Bw4_80S,classified,S,NA,NA,HLAtools_protein_alignment,IPD-IMGT/HLA 3.63.0,2026-02-19 18:49:27.965744
A*25:79,A*25:79,A,Bw4 - 80I,Bw4_80I,classified,I,NA,NA,HLAtools_protein_alignment,IPD-IMGT/HLA 3.63.0,2026-02-19 18:49:27.965744
A*25:80,A*25:80,A,Bw4 - 80I,Bw4_80I,classified,I,NA,NA,HLAtools_protein_alignment,IPD-IMGT/HLA 3.63.0,2026-02-19 18:49:27.965744
A*25:81,A*25:81,A,Bw4 - 80I,Bw4_80I,classified,I,NA,NA,HLAtools_protein_alignment,IPD-IMGT/HLA 3.63.0,2026-02-19 18:49:27.965744
A*25:82,A*25:82,A,Bw4 - 80I,Bw4_80I,classified,I,NA,NA,HLAtools_protein_alignment,IPD-IMGT/HLA 3.63.0,2026-02-19 18:49:27.965744
A*25:83,A*25:83,A,Bw4 - 80I,Bw4_80I,classified,I,NA,NA,HLAtools_protein_alignment,IPD-IMGT/HLA 3.63.0,2026-02-19 18:49:27.965744
A*25:84,A*25:84,A,Bw4 - 80I,Bw4_80I,classified,I,NA,NA,HLAtools_protein_alignment,IPD-IMGT/HLA 3.63.0,2026-02-19 18:49:27.965744
A*25:85,A*25:85,A,Bw4 - 80I,Bw4_80I,classified,I,NA,NA,HLAtools_protein_alignment,IPD-IMGT/HLA 3.63.0,2026-02-19 18:49:27.965744
A*25:86,A*25:86,A,Bw4 - 80I,Bw4_80I,classified,I,NA,NA,HLAtools_protein_alignment,IPD-IMGT/HLA 3.63.0,2026-02-19 18:49:27.965744
A*25:87,A*25:87,A,Bw4 - 80I,Bw4_80I,classified,I,NA,NA,HLAtools_protein_alignment,IPD-IMGT/HLA 3.63.0,2026-02-19 18:49:27.965744
A*25:88,A*25:88,A,Bw4 - 80I,Bw4_80I,classified,I,NA,NA,HLAtools_protein_alignment,IPD-IMGT/HLA 3.63.0,2026-02-19 18:49:27.965744
A*25:89,A*25:89,A,Bw4 - 80I,Bw4_80I,classified,I,NA,NA,HLAtools_protein_alignment,IPD-IMGT/HLA 3.63.0,2026-02-19 18:49:27.965744
A*25:90,A*25:90,A,Bw4 - 80I,Bw4_80I,classified,I,NA,NA,HLAtools_protein_alignment,IPD-IMGT/HLA 3.63.0,2026-02-19 18:49:27.965744
A*25:91,A*25:91,A,Bw4 - 80I,Bw4_80I,classified,I,NA,NA,HLAtools_protein_alignment,IPD-IMGT/HLA 3.63.0,2026-02-19 18:49:27.965744
A*25:92,A*25:92,A,Bw4 - 80I,Bw4_80I,classified,I,NA,NA,HLAtools_protein_alignment,IPD-IMGT/HLA 3.63.0,2026-02-19 18:49:27.965744
A*25:93,A*25:93,A,Bw4 - 80I,Bw4_80I,classified,I,NA,NA,HLAtools_protein_alignment,IPD-IMGT/HLA 3.63.0,2026-02-19 18:49:27.965744
A*25:94,A*25:94,A,Bw4 - 80I,Bw4_80I,classified,I,NA,NA,HLAtools_protein_alignment,IPD-IMGT/HLA 3.63.0,2026-02-19 18:49:27.965744
A*25:95,A*25:95,A,Bw4 - 80I,Bw4_80I,classified,I,NA,NA,HLAtools_protein_alignment,IPD-IMGT/HLA 3.63.0,2026-02-19 18:49:27.965744
A*25:96,A*25:96,A,Bw4 - 80I,Bw4_80I,classified,I,NA,NA,HLAtools_protein_alignment,IPD-IMGT/HLA 3.63.0,2026-02-19 18:49:27.965744
A*25:97,A*25:97,A,Bw4 - 80I,Bw4_80I,classified,I,NA,NA,HLAtools_protein_alignment,IPD-IMGT/HLA 3.63.0,2026-02-19 18:49:27.965744
A*25:99,A*25:99,A,Bw4 - 80I,Bw4_80I,classified,I,NA,NA,HLAtools_protein_alignment,IPD-IMGT/HLA 3.63.0,2026-02-19 18:49:27.965744
A*26:58,A*26:58,A,Bw4 - 80T,Bw4_80T,classified,T,NA,NA,HLAtools_protein_alignment,IPD-IMGT/HLA 3.63.0,2026-02-19 18:49:27.965744
A*29:13,A*29:13,A,Bw4 - 80I,Bw4_80I,classified,I,NA,NA,HLAtools_protein_alignment,IPD-IMGT/HLA 3.63.0,2026-02-19 18:49:27.965744
A*31:07,A*31:07,A,Bw4 - 80I,Bw4_80I,classified,I,NA,NA,HLAtools_protein_alignment,IPD-IMGT/HLA 3.63.0,2026-02-19 18:49:27.965744
A*31:08,A*31:08,A,Bw4 - 80I,Bw4_80I,classified,I,NA,NA,HLAtools_protein_alignment,IPD-IMGT/HLA 3.63.0,2026-02-19 18:49:27.965744
A*31:10,A*31:10,A,Bw4 - 80I,Bw4_80I,classified,I,NA,NA,HLAtools_protein_alignment,IPD-IMGT/HLA 3.63.0,2026-02-19 18:49:27.965744
A*31:222,A*31:222,A,Bw4 - 80I,Bw4_80I,classified,I,NA,NA,HLAtools_protein_alignment,IPD-IMGT/HLA 3.63.0,2026-02-19 18:49:27.965744
A*31:234,A*31:234,A,Bw4 - 80I,Bw4_80I,classified,I,NA,NA,HLAtools_protein_alignment,IPD-IMGT/HLA 3.63.0,2026-02-19 18:49:27.965744
A*32:01,A*32:01,A,Bw4 - 80I,Bw4_80I,classified,I,NA,NA,HLAtools_protein_alignment,IPD-IMGT/HLA 3.63.0,2026-02-19 18:49:27.965744
A*32:02,A*32:02,A,Bw4 - 80I,Bw4_80I,classified,I,NA,NA,HLAtools_protein_alignment,IPD-IMGT/HLA 3.63.0,2026-02-19 18:49:27.965744
A*32:03,A*32:03,A,Bw4 - 80I,Bw4_80I,classified,I,NA,NA,HLAtools_protein_alignment,IPD-IMGT/HLA 3.63.0,2026-02-19 18:49:27.965744
A*32:04,A*32:04,A,Bw4 - 80I,Bw4_80I,classified,I,NA,NA,HLAtools_protein_alignment,IPD-IMGT/HLA 3.63.0,2026-02-19 18:49:27.965744
A*32:05,A*32:05,A,Bw4 - 80I,Bw4_80I,classified,I,NA,NA,HLAtools_protein_alignment,IPD-IMGT/HLA 3.63.0,2026-02-19 18:49:27.965744
A*32:06,A*32:06,A,Bw4 - 80I,Bw4_80I,classified,I,NA,NA,HLAtools_protein_alignment,IPD-IMGT/HLA 3.63.0,2026-02-19 18:49:27.965744
A*32:07,A*32:07,A,Bw4 - 80I,Bw4_80I,classified,I,NA,NA,HLAtools_protein_alignment,IPD-IMGT/HLA 3.63.0,2026-02-19 18:49:27.965744
A*32:08,A*32:08,A,Bw4 - 80I,Bw4_80I,classified,I,NA,NA,HLAtools_protein_alignment,IPD-IMGT/HLA 3.63.0,2026-02-19 18:49:27.965744
A*32:09,A*32:09,A,Bw4 - 80I,Bw4_80I,classified,I,NA,NA,HLAtools_protein_alignment,IPD-IMGT/HLA 3.63.0,2026-02-19 18:49:27.965744
A*32:10,A*32:10,A,Bw4 - 80I,Bw4_80I,classified,I,NA,NA,HLAtools_protein_alignment,IPD-IMGT/HLA 3.63.0,2026-02-19 18:49:27.965744
A*32:100,A*32:100,A,Bw4 - 80I,Bw4_80I,classified,I,NA,NA,HLAtools_protein_alignment,IPD-IMGT/HLA 3.63.0,2026-02-19 18:49:27.965744
A*32:101Q,A*32:101Q,A,Bw4 - 80I,Bw4_80I,classified,I,NA,NA,HLAtools_protein_alignment,IPD-IMGT/HLA 3.63.0,2026-02-19 18:49:27.965744
A*32:102,A*32:102,A,Bw4 - 80I,Bw4_80I,classified,I,NA,NA,HLAtools_protein_alignment,IPD-IMGT/HLA 3.63.0,2026-02-19 18:49:27.965744
A*32:103,A*32:103,A,Bw4 - 80I,Bw4_80I,classified,I,NA,NA,HLAtools_protein_alignment,IPD-IMGT/HLA 3.63.0,2026-02-19 18:49:27.965744
A*32:104,A*32:104,A,Bw4 - 80I,Bw4_80I,classified,I,NA,NA,HLAtools_protein_alignment,IPD-IMGT/HLA 3.63.0,2026-02-19 18:49:27.965744
A*32:105,A*32:105,A,Bw4 - 80I,Bw4_80I,classified,I,NA,NA,HLAtools_protein_alignment,IPD-IMGT/HLA 3.63.0,2026-02-19 18:49:27.965744
A*32:106,A*32:106,A,Bw4 - 80I,Bw4_80I,classified,I,NA,NA,HLAtools_protein_alignment,IPD-IMGT/HLA 3.63.0,2026-02-19 18:49:27.965744
A*32:107,A*32:107,A,Bw4 - 80I,Bw4_80I,classified,I,NA,NA,HLAtools_protein_alignment,IPD-IMGT/HLA 3.63.0,2026-02-19 18:49:27.965744
A*32:108,A*32:108,A,Bw4 - 80I,Bw4_80I,classified,I,NA,NA,HLAtools_protein_alignment,IPD-IMGT/HLA 3.63.0,2026-02-19 18:49:27.965744
A*32:109,A*32:109,A,Bw4 - 80I,Bw4_80I,classified,I,NA,NA,HLAtools_protein_alignment,IPD-IMGT/HLA 3.63.0,2026-02-19 18:49:27.965744
A*32:110,A*32:110,A,Bw4 - 80I,Bw4_80I,classified,I,NA,NA,HLAtools_protein_alignment,IPD-IMGT/HLA 3.63.0,2026-02-19 18:49:27.965744
A*32:111,A*32:111,A,Bw4 - 80I,Bw4_80I,classified,I,NA,NA,HLAtools_protein_alignment,IPD-IMGT/HLA 3.63.0,2026-02-19 18:49:27.965744
A*32:113,A*32:113,A,Bw4 - 80I,Bw4_80I,classified,I,NA,NA,HLAtools_protein_alignment,IPD-IMGT/HLA 3.63.0,2026-02-19 18:49:27.965744
A*32:114,A*32:114,A,Bw4 - 80I,Bw4_80I,classified,I,NA,NA,HLAtools_protein_alignment,IPD-IMGT/HLA 3.63.0,2026-02-19 18:49:27.965744
A*32:115,A*32:115,A,Bw4 - 80I,Bw4_80I,classified,I,NA,NA,HLAtools_protein_alignment,IPD-IMGT/HLA 3.63.0,2026-02-19 18:49:27.965744
A*32:116,A*32:116,A,Bw4 - 80I,Bw4_80I,classified,I,NA,NA,HLAtools_protein_alignment,IPD-IMGT/HLA 3.63.0,2026-02-19 18:49:27.965744
A*32:118,A*32:118,A,Bw4 - 80I,Bw4_80I,classified,I,NA,NA,HLAtools_protein_alignment,IPD-IMGT/HLA 3.63.0,2026-02-19 18:49:27.965744
A*32:119,A*32:119,A,Bw4 - 80I,Bw4_80I,classified,I,NA,NA,HLAtools_protein_alignment,IPD-IMGT/HLA 3.63.0,2026-02-19 18:49:27.965744
A*32:11Q,A*32:11Q,A,Bw4 - 80I,Bw4_80I,classified,I,NA,NA,HLAtools_protein_alignment,IPD-IMGT/HLA 3.63.0,2026-02-19 18:49:27.965744
A*32:12,A*32:12,A,Bw4 - 80I,Bw4_80I,classified,I,NA,NA,HLAtools_protein_alignment,IPD-IMGT/HLA 3.63.0,2026-02-19 18:49:27.965744
A*32:120,A*32:120,A,Bw4 - 80I,Bw4_80I,classified,I,NA,NA,HLAtools_protein_alignment,IPD-IMGT/HLA 3.63.0,2026-02-19 18:49:27.965744
A*32:121,A*32:121,A,Bw4 - 80I,Bw4_80I,classified,I,NA,NA,HLAtools_protein_alignment,IPD-IMGT/HLA 3.63.0,2026-02-19 18:49:27.965744
A*32:122,A*32:122,A,Bw4 - 80I,Bw4_80I,classified,I,NA,NA,HLAtools_protein_alignment,IPD-IMGT/HLA 3.63.0,2026-02-19 18:49:27.965744
A*32:123,A*32:123,A,Bw4 - 80I,Bw4_80I,classified,I,NA,NA,HLAtools_protein_alignment,IPD-IMGT/HLA 3.63.0,2026-02-19 18:49:27.965744
A*32:124,A*32:124,A,Bw4 - 80I,Bw4_80I,classified,I,NA,NA,HLAtools_protein_alignment,IPD-IMGT/HLA 3.63.0,2026-02-19 18:49:27.965744
A*32:125,A*32:125,A,Bw4 - 80I,Bw4_80I,classified,I,NA,NA,HLAtools_protein_alignment,IPD-IMGT/HLA 3.63.0,2026-02-19 18:49:27.965744
A*32:127,A*32:127,A,Bw4 - 80I,Bw4_80I,classified,I,NA,NA,HLAtools_protein_alignment,IPD-IMGT/HLA 3.63.0,2026-02-19 18:49:27.965744
A*32:128,A*32:128,A,Bw4 - 80I,Bw4_80I,classified,I,NA,NA,HLAtools_protein_alignment,IPD-IMGT/HLA 3.63.0,2026-02-19 18:49:27.965744
A*32:129,A*32:129,A,Bw4 - 80I,Bw4_80I,classified,I,NA,NA,HLAtools_protein_alignment,IPD-IMGT/HLA 3.63.0,2026-02-19 18:49:27.965744
A*32:13,A*32:13,A,Bw4 - 80I,Bw4_80I,classified,I,NA,NA,HLAtools_protein_alignment,IPD-IMGT/HLA 3.63.0,2026-02-19 18:49:27.965744
A*32:131,A*32:131,A,Bw4 - 80I,Bw4_80I,classified,I,NA,NA,HLAtools_protein_alignment,IPD-IMGT/HLA 3.63.0,2026-02-19 18:49:27.965744
A*32:134,A*32:134,A,Bw4 - 80I,Bw4_80I,classified,I,NA,NA,HLAtools_protein_alignment,IPD-IMGT/HLA 3.63.0,2026-02-19 18:49:27.965744
A*32:136,A*32:136,A,Bw4 - 80I,Bw4_80I,classified,I,NA,NA,HLAtools_protein_alignment,IPD-IMGT/HLA 3.63.0,2026-02-19 18:49:27.965744
A*32:137,A*32:137,A,Bw4 - 80I,Bw4_80I,classified,I,NA,NA,HLAtools_protein_alignment,IPD-IMGT/HLA 3.63.0,2026-02-19 18:49:27.965744
A*32:138,A*32:138,A,Bw4 - 80I,Bw4_80I,classified,I,NA,NA,HLAtools_protein_alignment,IPD-IMGT/HLA 3.63.0,2026-02-19 18:49:27.965744
A*32:139,A*32:139,A,Bw4 - 80I,Bw4_80I,classified,I,NA,NA,HLAtools_protein_alignment,IPD-IMGT/HLA 3.63.0,2026-02-19 18:49:27.965744
A*32:14,A*32:14,A,Bw4 - 80I,Bw4_80I,classified,I,NA,NA,HLAtools_protein_alignment,IPD-IMGT/HLA 3.63.0,2026-02-19 18:49:27.965744
A*32:140,A*32:140,A,Bw4 - 80I,Bw4_80I,classified,I,NA,NA,HLAtools_protein_alignment,IPD-IMGT/HLA 3.63.0,2026-02-19 18:49:27.965744
A*32:141,A*32:141,A,Bw4 - 80I,Bw4_80I,classified,I,NA,NA,HLAtools_protein_alignment,IPD-IMGT/HLA 3.63.0,2026-02-19 18:49:27.965744
A*32:142,A*32:142,A,Bw4 - 80I,Bw4_80I,classified,I,NA,NA,HLAtools_protein_alignment,IPD-IMGT/HLA 3.63.0,2026-02-19 18:49:27.965744
A*32:143,A*32:143,A,Bw4 - 80I,Bw4_80I,classified,I,NA,NA,HLAtools_protein_alignment,IPD-IMGT/HLA 3.63.0,2026-02-19 18:49:27.965744
A*32:144,A*32:144,A,Bw4 - 80I,Bw4_80I,classified,I,NA,NA,HLAtools_protein_alignment,IPD-IMGT/HLA 3.63.0,2026-02-19 18:49:27.965744
A*32:145,A*32:145,A,Bw4 - 80I,Bw4_80I,classified,I,NA,NA,HLAtools_protein_alignment,IPD-IMGT/HLA 3.63.0,2026-02-19 18:49:27.965744
A*32:146,A*32:146,A,Bw4 - 80I,Bw4_80I,classified,I,NA,NA,HLAtools_protein_alignment,IPD-IMGT/HLA 3.63.0,2026-02-19 18:49:27.965744
A*32:147,A*32:147,A,Bw4 - 80I,Bw4_80I,classified,I,NA,NA,HLAtools_protein_alignment,IPD-IMGT/HLA 3.63.0,2026-02-19 18:49:27.965744
A*32:148,A*32:148,A,Bw4 - 80I,Bw4_80I,classified,I,NA,NA,HLAtools_protein_alignment,IPD-IMGT/HLA 3.63.0,2026-02-19 18:49:27.965744
A*32:149,A*32:149,A,Bw4 - 80I,Bw4_80I,classified,I,NA,NA,HLAtools_protein_alignment,IPD-IMGT/HLA 3.63.0,2026-02-19 18:49:27.965744
A*32:15,A*32:15,A,Bw4 - 80I,Bw4_80I,classified,I,NA,NA,HLAtools_protein_alignment,IPD-IMGT/HLA 3.63.0,2026-02-19 18:49:27.965744
A*32:150,A*32:150,A,Bw4 - 80I,Bw4_80I,classified,I,NA,NA,HLAtools_protein_alignment,IPD-IMGT/HLA 3.63.0,2026-02-19 18:49:27.965744
A*32:151,A*32:151,A,Bw4 - 80I,Bw4_80I,classified,I,NA,NA,HLAtools_protein_alignment,IPD-IMGT/HLA 3.63.0,2026-02-19 18:49:27.965744
A*32:152,A*32:152,A,Bw4 - 80I,Bw4_80I,classified,I,NA,NA,HLAtools_protein_alignment,IPD-IMGT/HLA 3.63.0,2026-02-19 18:49:27.965744
A*32:153,A*32:153,A,Bw4 - 80I,Bw4_80I,classified,I,NA,NA,HLAtools_protein_alignment,IPD-IMGT/HLA 3.63.0,2026-02-19 18:49:27.965744
A*32:154,A*32:154,A,Bw4 - 80I,Bw4_80I,classified,I,NA,NA,HLAtools_protein_alignment,IPD-IMGT/HLA 3.63.0,2026-02-19 18:49:27.965744
A*32:155,A*32:155,A,Bw4 - 80I,Bw4_80I,classified,I,NA,NA,HLAtools_protein_alignment,IPD-IMGT/HLA 3.63.0,2026-02-19 18:49:27.965744
A*32:156,A*32:156,A,Bw4 - 80I,Bw4_80I,classified,I,NA,NA,HLAtools_protein_alignment,IPD-IMGT/HLA 3.63.0,2026-02-19 18:49:27.965744
A*32:157,A*32:157,A,Bw4 - 80I,Bw4_80I,classified,I,NA,NA,HLAtools_protein_alignment,IPD-IMGT/HLA 3.63.0,2026-02-19 18:49:27.965744
A*32:158,A*32:158,A,Bw4 - 80I,Bw4_80I,classified,I,NA,NA,HLAtools_protein_alignment,IPD-IMGT/HLA 3.63.0,2026-02-19 18:49:27.965744
A*32:159,A*32:159,A,Bw4 - 80I,Bw4_80I,classified,I,NA,NA,HLAtools_protein_alignment,IPD-IMGT/HLA 3.63.0,2026-02-19 18:49:27.965744
A*32:16,A*32:16,A,Bw4 - 80I,Bw4_80I,classified,I,NA,NA,HLAtools_protein_alignment,IPD-IMGT/HLA 3.63.0,2026-02-19 18:49:27.965744
A*32:161,A*32:161,A,Bw4 - 80I,Bw4_80I,classified,I,NA,NA,HLAtools_protein_alignment,IPD-IMGT/HLA 3.63.0,2026-02-19 18:49:27.965744
A*32:162,A*32:162,A,Bw4 - 80I,Bw4_80I,classified,I,NA,NA,HLAtools_protein_alignment,IPD-IMGT/HLA 3.63.0,2026-02-19 18:49:27.965744
A*32:163,A*32:163,A,Bw4 - 80I,Bw4_80I,classified,I,NA,NA,HLAtools_protein_alignment,IPD-IMGT/HLA 3.63.0,2026-02-19 18:49:27.965744
A*32:164,A*32:164,A,Bw4 - 80I,Bw4_80I,classified,I,NA,NA,HLAtools_protein_alignment,IPD-IMGT/HLA 3.63.0,2026-02-19 18:49:27.965744
A*32:165,A*32:165,A,Bw4 - 80I,Bw4_80I,classified,I,NA,NA,HLAtools_protein_alignment,IPD-IMGT/HLA 3.63.0,2026-02-19 18:49:27.965744
A*32:166Q,A*32:166Q,A,Bw4 - 80I,Bw4_80I,classified,I,NA,NA,HLAtools_protein_alignment,IPD-IMGT/HLA 3.63.0,2026-02-19 18:49:27.965744
A*32:169,A*32:169,A,Bw4 - 80I,Bw4_80I,classified,I,NA,NA,HLAtools_protein_alignment,IPD-IMGT/HLA 3.63.0,2026-02-19 18:49:27.965744
A*32:17,A*32:17,A,Bw4 - 80I,Bw4_80I,classified,I,NA,NA,HLAtools_protein_alignment,IPD-IMGT/HLA 3.63.0,2026-02-19 18:49:27.965744
A*32:170,A*32:170,A,Bw4 - 80I,Bw4_80I,classified,I,NA,NA,HLAtools_protein_alignment,IPD-IMGT/HLA 3.63.0,2026-02-19 18:49:27.965744
A*32:171,A*32:171,A,Bw4 - 80I,Bw4_80I,classified,I,NA,NA,HLAtools_protein_alignment,IPD-IMGT/HLA 3.63.0,2026-02-19 18:49:27.965744
A*32:172,A*32:172,A,Bw4 - 80I,Bw4_80I,classified,I,NA,NA,HLAtools_protein_alignment,IPD-IMGT/HLA 3.63.0,2026-02-19 18:49:27.965744
A*32:173,A*32:173,A,Bw4 - 80I,Bw4_80I,classified,I,NA,NA,HLAtools_protein_alignment,IPD-IMGT/HLA 3.63.0,2026-02-19 18:49:27.965744
A*32:174,A*32:174,A,Bw4 - 80I,Bw4_80I,classified,I,NA,NA,HLAtools_protein_alignment,IPD-IMGT/HLA 3.63.0,2026-02-19 18:49:27.965744
A*32:175,A*32:175,A,Bw4 - 80I,Bw4_80I,classified,I,NA,NA,HLAtools_protein_alignment,IPD-IMGT/HLA 3.63.0,2026-02-19 18:49:27.965744
A*32:176,A*32:176,A,Bw4 - 80I,Bw4_80I,classified,I,NA,NA,HLAtools_protein_alignment,IPD-IMGT/HLA 3.63.0,2026-02-19 18:49:27.965744
A*32:177,A*32:177,A,Bw4 - 80I,Bw4_80I,classified,I,NA,NA,HLAtools_protein_alignment,IPD-IMGT/HLA 3.63.0,2026-02-19 18:49:27.965744
A*32:178,A*32:178,A,Bw4 - 80I,Bw4_80I,classified,I,NA,NA,HLAtools_protein_alignment,IPD-IMGT/HLA 3.63.0,2026-02-19 18:49:27.965744
A*32:179,A*32:179,A,Bw4 - 80I,Bw4_80I,classified,I,NA,NA,HLAtools_protein_alignment,IPD-IMGT/HLA 3.63.0,2026-02-19 18:49:27.965744
A*32:18,A*32:18,A,Bw4 - 80I,Bw4_80I,classified,I,NA,NA,HLAtools_protein_alignment,IPD-IMGT/HLA 3.63.0,2026-02-19 18:49:27.965744
A*32:180,A*32:180,A,Bw4 - 80I,Bw4_80I,classified,I,NA,NA,HLAtools_protein_alignment,IPD-IMGT/HLA 3.63.0,2026-02-19 18:49:27.965744
A*32:181,A*32:181,A,Bw4 - 80I,Bw4_80I,classified,I,NA,NA,HLAtools_protein_alignment,IPD-IMGT/HLA 3.63.0,2026-02-19 18:49:27.965744
A*32:182,A*32:182,A,Bw4 - 80I,Bw4_80I,classified,I,NA,NA,HLAtools_protein_alignment,IPD-IMGT/HLA 3.63.0,2026-02-19 18:49:27.965744
A*32:183,A*32:183,A,Bw4 - 80I,Bw4_80I,classified,I,NA,NA,HLAtools_protein_alignment,IPD-IMGT/HLA 3.63.0,2026-02-19 18:49:27.965744
A*32:184,A*32:184,A,Bw4 - 80I,Bw4_80I,classified,I,NA,NA,HLAtools_protein_alignment,IPD-IMGT/HLA 3.63.0,2026-02-19 18:49:27.965744
A*32:185,A*32:185,A,Bw4 - 80I,Bw4_80I,classified,I,NA,NA,HLAtools_protein_alignment,IPD-IMGT/HLA 3.63.0,2026-02-19 18:49:27.965744
A*32:186,A*32:186,A,Bw4 - 80I,Bw4_80I,classified,I,NA,NA,HLAtools_protein_alignment,IPD-IMGT/HLA 3.63.0,2026-02-19 18:49:27.965744
A*32:187,A*32:187,A,Bw4 - 80I,Bw4_80I,classified,I,NA,NA,HLAtools_protein_alignment,IPD-IMGT/HLA 3.63.0,2026-02-19 18:49:27.965744
A*32:188,A*32:188,A,Bw4 - 80I,Bw4_80I,classified,I,NA,NA,HLAtools_protein_alignment,IPD-IMGT/HLA 3.63.0,2026-02-19 18:49:27.965744
A*32:189,A*32:189,A,Bw4 - 80I,Bw4_80I,classified,I,NA,NA,HLAtools_protein_alignment,IPD-IMGT/HLA 3.63.0,2026-02-19 18:49:27.965744
A*32:190,A*32:190,A,Bw4 - 80I,Bw4_80I,classified,I,NA,NA,HLAtools_protein_alignment,IPD-IMGT/HLA 3.63.0,2026-02-19 18:49:27.965744
A*32:191Q,A*32:191Q,A,Bw4 - 80I,Bw4_80I,classified,I,NA,NA,HLAtools_protein_alignment,IPD-IMGT/HLA 3.63.0,2026-02-19 18:49:27.965744
A*32:192,A*32:192,A,Bw4 - 80I,Bw4_80I,classified,I,NA,NA,HLAtools_protein_alignment,IPD-IMGT/HLA 3.63.0,2026-02-19 18:49:27.965744
A*32:193,A*32:193,A,Bw4 - 80I,Bw4_80I,classified,I,NA,NA,HLAtools_protein_alignment,IPD-IMGT/HLA 3.63.0,2026-02-19 18:49:27.965744
A*32:194,A*32:194,A,Bw4 - 80I,Bw4_80I,classified,I,NA,NA,HLAtools_protein_alignment,IPD-IMGT/HLA 3.63.0,2026-02-19 18:49:27.965744
A*32:195,A*32:195,A,Bw4 - 80I,Bw4_80I,classified,I,NA,NA,HLAtools_protein_alignment,IPD-IMGT/HLA 3.63.0,2026-02-19 18:49:27.965744
A*32:196Q,A*32:196Q,A,Bw4 - 80I,Bw4_80I,classified,I,NA,NA,HLAtools_protein_alignment,IPD-IMGT/HLA 3.63.0,2026-02-19 18:49:27.965744
A*32:197,A*32:197,A,Bw4 - 80I,Bw4_80I,classified,I,NA,NA,HLAtools_protein_alignment,IPD-IMGT/HLA 3.63.0,2026-02-19 18:49:27.965744
A*32:198,A*32:198,A,Bw4 - 80I,Bw4_80I,classified,I,NA,NA,HLAtools_protein_alignment,IPD-IMGT/HLA 3.63.0,2026-02-19 18:49:27.965744
A*32:199,A*32:199,A,Bw4 - 80I,Bw4_80I,classified,I,NA,NA,HLAtools_protein_alignment,IPD-IMGT/HLA 3.63.0,2026-02-19 18:49:27.965744
A*32:20,A*32:20,A,Bw4 - 80I,Bw4_80I,classified,I,NA,NA,HLAtools_protein_alignment,IPD-IMGT/HLA 3.63.0,2026-02-19 18:49:27.965744
A*32:200,A*32:200,A,Bw4 - 80I,Bw4_80I,classified,I,NA,NA,HLAtools_protein_alignment,IPD-IMGT/HLA 3.63.0,2026-02-19 18:49:27.965744
A*32:202,A*32:202,A,Bw4 - 80I,Bw4_80I,classified,I,NA,NA,HLAtools_protein_alignment,IPD-IMGT/HLA 3.63.0,2026-02-19 18:49:27.965744
A*32:21,A*32:21,A,Bw4 - 80I,Bw4_80I,classified,I,NA,NA,HLAtools_protein_alignment,IPD-IMGT/HLA 3.63.0,2026-02-19 18:49:27.965744
A*32:22,A*32:22,A,Bw4 - 80I,Bw4_80I,classified,I,NA,NA,HLAtools_protein_alignment,IPD-IMGT/HLA 3.63.0,2026-02-19 18:49:27.965744
A*32:23,A*32:23,A,Bw4 - 80I,Bw4_80I,classified,I,NA,NA,HLAtools_protein_alignment,IPD-IMGT/HLA 3.63.0,2026-02-19 18:49:27.965744
A*32:24,A*32:24,A,Bw4 - 80I,Bw4_80I,classified,I,NA,NA,HLAtools_protein_alignment,IPD-IMGT/HLA 3.63.0,2026-02-19 18:49:27.965744
A*32:25,A*32:25,A,Bw4 - 80I,Bw4_80I,classified,I,NA,NA,HLAtools_protein_alignment,IPD-IMGT/HLA 3.63.0,2026-02-19 18:49:27.965744
A*32:26,A*32:26,A,Bw4 - 80I,Bw4_80I,classified,I,NA,NA,HLAtools_protein_alignment,IPD-IMGT/HLA 3.63.0,2026-02-19 18:49:27.965744
A*32:28,A*32:28,A,Bw4 - 80I,Bw4_80I,classified,I,NA,NA,HLAtools_protein_alignment,IPD-IMGT/HLA 3.63.0,2026-02-19 18:49:27.965744
A*32:29,A*32:29,A,Bw4 - 80I,Bw4_80I,classified,I,NA,NA,HLAtools_protein_alignment,IPD-IMGT/HLA 3.63.0,2026-02-19 18:49:27.965744
A*32:30,A*32:30,A,Bw4 - 80I,Bw4_80I,classified,I,NA,NA,HLAtools_protein_alignment,IPD-IMGT/HLA 3.63.0,2026-02-19 18:49:27.965744
A*32:31,A*32:31,A,Bw4 - 80I,Bw4_80I,classified,I,NA,NA,HLAtools_protein_alignment,IPD-IMGT/HLA 3.63.0,2026-02-19 18:49:27.965744
A*32:32,A*32:32,A,Bw4 - 80I,Bw4_80I,classified,I,NA,NA,HLAtools_protein_alignment,IPD-IMGT/HLA 3.63.0,2026-02-19 18:49:27.965744
A*32:33,A*32:33,A,Bw4 - 80I,Bw4_80I,classified,I,NA,NA,HLAtools_protein_alignment,IPD-IMGT/HLA 3.63.0,2026-02-19 18:49:27.965744
A*32:34,A*32:34,A,Bw4 - 80I,Bw4_80I,classified,I,NA,NA,HLAtools_protein_alignment,IPD-IMGT/HLA 3.63.0,2026-02-19 18:49:27.965744
A*32:35,A*32:35,A,Bw4 - 80I,Bw4_80I,classified,I,NA,NA,HLAtools_protein_alignment,IPD-IMGT/HLA 3.63.0,2026-02-19 18:49:27.965744
A*32:36,A*32:36,A,Bw4 - 80I,Bw4_80I,classified,I,NA,NA,HLAtools_protein_alignment,IPD-IMGT/HLA 3.63.0,2026-02-19 18:49:27.965744
A*32:37,A*32:37,A,Bw4 - 80I,Bw4_80I,classified,I,NA,NA,HLAtools_protein_alignment,IPD-IMGT/HLA 3.63.0,2026-02-19 18:49:27.965744
A*32:38,A*32:38,A,Bw4 - 80I,Bw4_80I,classified,I,NA,NA,HLAtools_protein_alignment,IPD-IMGT/HLA 3.63.0,2026-02-19 18:49:27.965744
A*32:39,A*32:39,A,Bw4 - 80I,Bw4_80I,classified,I,NA,NA,HLAtools_protein_alignment,IPD-IMGT/HLA 3.63.0,2026-02-19 18:49:27.965744
A*32:40,A*32:40,A,Bw4 - 80I,Bw4_80I,classified,I,NA,NA,HLAtools_protein_alignment,IPD-IMGT/HLA 3.63.0,2026-02-19 18:49:27.965744
A*32:41,A*32:41,A,Bw4 - 80I,Bw4_80I,classified,I,NA,NA,HLAtools_protein_alignment,IPD-IMGT/HLA 3.63.0,2026-02-19 18:49:27.965744
A*32:42,A*32:42,A,Bw4 - 80I,Bw4_80I,classified,I,NA,NA,HLAtools_protein_alignment,IPD-IMGT/HLA 3.63.0,2026-02-19 18:49:27.965744
A*32:43,A*32:43,A,Bw4 - 80I,Bw4_80I,classified,I,NA,NA,HLAtools_protein_alignment,IPD-IMGT/HLA 3.63.0,2026-02-19 18:49:27.965744
A*32:44,A*32:44,A,Bw4 - 80I,Bw4_80I,classified,I,NA,NA,HLAtools_protein_alignment,IPD-IMGT/HLA 3.63.0,2026-02-19 18:49:27.965744
A*32:46,A*32:46,A,Bw4 - 80I,Bw4_80I,classified,I,NA,NA,HLAtools_protein_alignment,IPD-IMGT/HLA 3.63.0,2026-02-19 18:49:27.965744
A*32:47,A*32:47,A,Bw4 - 80I,Bw4_80I,classified,I,NA,NA,HLAtools_protein_alignment,IPD-IMGT/HLA 3.63.0,2026-02-19 18:49:27.965744
A*32:49,A*32:49,A,Bw4 - 80I,Bw4_80I,classified,I,NA,NA,HLAtools_protein_alignment,IPD-IMGT/HLA 3.63.0,2026-02-19 18:49:27.965744
A*32:50,A*32:50,A,Bw4 - 80I,Bw4_80I,classified,I,NA,NA,HLAtools_protein_alignment,IPD-IMGT/HLA 3.63.0,2026-02-19 18:49:27.965744
A*32:51,A*32:51,A,Bw4 - 80I,Bw4_80I,classified,I,NA,NA,HLAtools_protein_alignment,IPD-IMGT/HLA 3.63.0,2026-02-19 18:49:27.965744
A*32:52,A*32:52,A,Bw4 - 80I,Bw4_80I,classified,I,NA,NA,HLAtools_protein_alignment,IPD-IMGT/HLA 3.63.0,2026-02-19 18:49:27.965744
A*32:53,A*32:53,A,Bw4 - 80I,Bw4_80I,classified,I,NA,NA,HLAtools_protein_alignment,IPD-IMGT/HLA 3.63.0,2026-02-19 18:49:27.965744
A*32:54,A*32:54,A,Bw4 - 80I,Bw4_80I,classified,I,NA,NA,HLAtools_protein_alignment,IPD-IMGT/HLA 3.63.0,2026-02-19 18:49:27.965744
A*32:55,A*32:55,A,Bw4 - 80I,Bw4_80I,classified,I,NA,NA,HLAtools_protein_alignment,IPD-IMGT/HLA 3.63.0,2026-02-19 18:49:27.965744
A*32:57,A*32:57,A,Bw4 - 80I,Bw4_80I,classified,I,NA,NA,HLAtools_protein_alignment,IPD-IMGT/HLA 3.63.0,2026-02-19 18:49:27.965744
A*32:58,A*32:58,A,Bw4 - 80I,Bw4_80I,classified,I,NA,NA,HLAtools_protein_alignment,IPD-IMGT/HLA 3.63.0,2026-02-19 18:49:27.965744
A*32:59,A*32:59,A,Bw4 - 80I,Bw4_80I,classified,I,NA,NA,HLAtools_protein_alignment,IPD-IMGT/HLA 3.63.0,2026-02-19 18:49:27.965744
A*32:60,A*32:60,A,Bw4 - 80I,Bw4_80I,classified,I,NA,NA,HLAtools_protein_alignment,IPD-IMGT/HLA 3.63.0,2026-02-19 18:49:27.965744
A*32:61,A*32:61,A,Bw4 - 80I,Bw4_80I,classified,I,NA,NA,HLAtools_protein_alignment,IPD-IMGT/HLA 3.63.0,2026-02-19 18:49:27.965744
A*32:62,A*32:62,A,Bw4 - 80I,Bw4_80I,classified,I,NA,NA,HLAtools_protein_alignment,IPD-IMGT/HLA 3.63.0,2026-02-19 18:49:27.965744
A*32:63,A*32:63,A,Bw4 - 80I,Bw4_80I,classified,I,NA,NA,HLAtools_protein_alignment,IPD-IMGT/HLA 3.63.0,2026-02-19 18:49:27.965744
A*32:64,A*32:64,A,Bw4 - 80I,Bw4_80I,classified,I,NA,NA,HLAtools_protein_alignment,IPD-IMGT/HLA 3.63.0,2026-02-19 18:49:27.965744
A*32:65,A*32:65,A,Bw4 - 80I,Bw4_80I,classified,I,NA,NA,HLAtools_protein_alignment,IPD-IMGT/HLA 3.63.0,2026-02-19 18:49:27.965744
A*32:66,A*32:66,A,Bw4 - 80I,Bw4_80I,classified,I,NA,NA,HLAtools_protein_alignment,IPD-IMGT/HLA 3.63.0,2026-02-19 18:49:27.965744
A*32:67,A*32:67,A,Bw4 - 80I,Bw4_80I,classified,I,NA,NA,HLAtools_protein_alignment,IPD-IMGT/HLA 3.63.0,2026-02-19 18:49:27.965744
A*32:68,A*32:68,A,Bw4 - 80I,Bw4_80I,classified,I,NA,NA,HLAtools_protein_alignment,IPD-IMGT/HLA 3.63.0,2026-02-19 18:49:27.965744
A*32:69,A*32:69,A,Bw4 - 80I,Bw4_80I,classified,I,NA,NA,HLAtools_protein_alignment,IPD-IMGT/HLA 3.63.0,2026-02-19 18:49:27.965744
A*32:70,A*32:70,A,Bw4 - 80I,Bw4_80I,classified,I,NA,NA,HLAtools_protein_alignment,IPD-IMGT/HLA 3.63.0,2026-02-19 18:49:27.965744
A*32:71,A*32:71,A,Bw4 - 80I,Bw4_80I,classified,I,NA,NA,HLAtools_protein_alignment,IPD-IMGT/HLA 3.63.0,2026-02-19 18:49:27.965744
A*32:72,A*32:72,A,Bw4 - 80I,Bw4_80I,classified,I,NA,NA,HLAtools_protein_alignment,IPD-IMGT/HLA 3.63.0,2026-02-19 18:49:27.965744
A*32:73,A*32:73,A,Bw4 - 80I,Bw4_80I,classified,I,NA,NA,HLAtools_protein_alignment,IPD-IMGT/HLA 3.63.0,2026-02-19 18:49:27.965744
A*32:74,A*32:74,A,Bw4 - 80I,Bw4_80I,classified,I,NA,NA,HLAtools_protein_alignment,IPD-IMGT/HLA 3.63.0,2026-02-19 18:49:27.965744
A*32:75,A*32:75,A,Bw4 - 80I,Bw4_80I,classified,I,NA,NA,HLAtools_protein_alignment,IPD-IMGT/HLA 3.63.0,2026-02-19 18:49:27.965744
A*32:76,A*32:76,A,Bw4 - 80I,Bw4_80I,classified,I,NA,NA,HLAtools_protein_alignment,IPD-IMGT/HLA 3.63.0,2026-02-19 18:49:27.965744
A*32:77,A*32:77,A,Bw4 - 80I,Bw4_80I,classified,I,NA,NA,HLAtools_protein_alignment,IPD-IMGT/HLA 3.63.0,2026-02-19 18:49:27.965744
A*32:78,A*32:78,A,Bw4 - 80I,Bw4_80I,classified,I,NA,NA,HLAtools_protein_alignment,IPD-IMGT/HLA 3.63.0,2026-02-19 18:49:27.965744
A*32:79,A*32:79,A,Bw4 - 80I,Bw4_80I,classified,I,NA,NA,HLAtools_protein_alignment,IPD-IMGT/HLA 3.63.0,2026-02-19 18:49:27.965744
A*32:80,A*32:80,A,Bw4 - 80F,Bw4_80F,classified,F,NA,NA,HLAtools_protein_alignment,IPD-IMGT/HLA 3.63.0,2026-02-19 18:49:27.965744
A*32:81,A*32:81,A,Bw4 - 80I,Bw4_80I,classified,I,NA,NA,HLAtools_protein_alignment,IPD-IMGT/HLA 3.63.0,2026-02-19 18:49:27.965744
A*32:82,A*32:82,A,Bw4 - 80I,Bw4_80I,classified,I,NA,NA,HLAtools_protein_alignment,IPD-IMGT/HLA 3.63.0,2026-02-19 18:49:27.965744
A*32:83,A*32:83,A,Bw4 - 80I,Bw4_80I,classified,I,NA,NA,HLAtools_protein_alignment,IPD-IMGT/HLA 3.63.0,2026-02-19 18:49:27.965744
A*32:84,A*32:84,A,Bw4 - 80I,Bw4_80I,classified,I,NA,NA,HLAtools_protein_alignment,IPD-IMGT/HLA 3.63.0,2026-02-19 18:49:27.965744
A*32:85,A*32:85,A,Bw4 - 80I,Bw4_80I,classified,I,NA,NA,HLAtools_protein_alignment,IPD-IMGT/HLA 3.63.0,2026-02-19 18:49:27.965744
A*32:86,A*32:86,A,Bw4 - 80I,Bw4_80I,classified,I,NA,NA,HLAtools_protein_alignment,IPD-IMGT/HLA 3.63.0,2026-02-19 18:49:27.965744
A*32:87,A*32:87,A,Bw4 - 80I,Bw4_80I,classified,I,NA,NA,HLAtools_protein_alignment,IPD-IMGT/HLA 3.63.0,2026-02-19 18:49:27.965744
A*32:88,A*32:88,A,Bw4 - 80I,Bw4_80I,classified,I,NA,NA,HLAtools_protein_alignment,IPD-IMGT/HLA 3.63.0,2026-02-19 18:49:27.965744
A*32:89,A*32:89,A,Bw4 - 80I,Bw4_80I,classified,I,NA,NA,HLAtools_protein_alignment,IPD-IMGT/HLA 3.63.0,2026-02-19 18:49:27.965744
A*32:90,A*32:90,A,Bw4 - 80I,Bw4_80I,classified,I,NA,NA,HLAtools_protein_alignment,IPD-IMGT/HLA 3.63.0,2026-02-19 18:49:27.965744
A*32:91,A*32:91,A,Bw4 - 80I,Bw4_80I,classified,I,NA,NA,HLAtools_protein_alignment,IPD-IMGT/HLA 3.63.0,2026-02-19 18:49:27.965744
A*32:93,A*32:93,A,Bw4 - 80I,Bw4_80I,classified,I,NA,NA,HLAtools_protein_alignment,IPD-IMGT/HLA 3.63.0,2026-02-19 18:49:27.965744
A*32:94,A*32:94,A,Bw4 - 80I,Bw4_80I,classified,I,NA,NA,HLAtools_protein_alignment,IPD-IMGT/HLA 3.63.0,2026-02-19 18:49:27.965744
A*32:95,A*32:95,A,Bw4 - 80I,Bw4_80I,classified,I,NA,NA,HLAtools_protein_alignment,IPD-IMGT/HLA 3.63.0,2026-02-19 18:49:27.965744
A*32:96,A*32:96,A,Bw4 - 80I,Bw4_80I,classified,I,NA,NA,HLAtools_protein_alignment,IPD-IMGT/HLA 3.63.0,2026-02-19 18:49:27.965744
A*32:97,A*32:97,A,Bw4 - 80I,Bw4_80I,classified,I,NA,NA,HLAtools_protein_alignment,IPD-IMGT/HLA 3.63.0,2026-02-19 18:49:27.965744
A*32:98,A*32:98,A,Bw4 - 80I,Bw4_80I,classified,I,NA,NA,HLAtools_protein_alignment,IPD-IMGT/HLA 3.63.0,2026-02-19 18:49:27.965744
A*32:99,A*32:99,A,Bw4 - 80I,Bw4_80I,classified,I,NA,NA,HLAtools_protein_alignment,IPD-IMGT/HLA 3.63.0,2026-02-19 18:49:27.965744
A*68:249,A*68:249,A,Bw4 - 80I,Bw4_80I,classified,I,NA,NA,HLAtools_protein_alignment,IPD-IMGT/HLA 3.63.0,2026-02-19 18:49:27.965744
A*68:36,A*68:36,A,Bw4 - 80I,Bw4_80I,classified,I,NA,NA,HLAtools_protein_alignment,IPD-IMGT/HLA 3.63.0,2026-02-19 18:49:27.965744
B*07:02,B*07:02,B,Bw6,Bw6,classified,N,SLRNLRG,Bw6,HLAtools_protein_alignment,IPD-IMGT/HLA 3.63.0,2026-02-19 18:49:27.959055
B*07:02Q,B*07:02Q,B,Bw6,Bw6,classified,N,SLRNLRG,NA,HLAtools_protein_alignment,IPD-IMGT/HLA 3.63.0,2026-02-19 18:49:27.959055
B*07:03,B*07:03,B,Bw6,Bw6,classified,N,SLRNLRG,Bw6,HLAtools_protein_alignment,IPD-IMGT/HLA 3.63.0,2026-02-19 18:49:27.959055
B*07:04,B*07:04,B,Bw6,Bw6,classified,N,SLRNLRG,Bw6,HLAtools_protein_alignment,IPD-IMGT/HLA 3.63.0,2026-02-19 18:49:27.959055
B*07:05,B*07:05,B,Bw6,Bw6,classified,N,SLRNLRG,Bw6,HLAtools_protein_alignment,IPD-IMGT/HLA 3.63.0,2026-02-19 18:49:27.959055
B*07:06,B*07:06,B,Bw6,Bw6,classified,N,SLRNLRG,Bw6,HLAtools_protein_alignment,IPD-IMGT/HLA 3.63.0,2026-02-19 18:49:27.959055
B*07:07,B*07:07,B,Bw6,Bw6,classified,N,SLRNLRG,Bw6,HLAtools_protein_alignment,IPD-IMGT/HLA 3.63.0,2026-02-19 18:49:27.959055
B*07:08,B*07:08,B,Bw6,Bw6,classified,N,SLRNLRG,Bw6,HLAtools_protein_alignment,IPD-IMGT/HLA 3.63.0,2026-02-19 18:49:27.959055
B*07:09,B*07:09,B,Bw6,Bw6,classified,N,SLRNLRG,Bw6,HLAtools_protein_alignment,IPD-IMGT/HLA 3.63.0,2026-02-19 18:49:27.959055
B*07:10,B*07:10,B,Bw6,Bw6,classified,N,SLRNLRG,Bw6,HLAtools_protein_alignment,IPD-IMGT/HLA 3.63.0,2026-02-19 18:49:27.959055
B*07:100,B*07:100,B,Bw6,Bw6,classified,N,SLRNLRG,Bw6,HLAtools_protein_alignment,IPD-IMGT/HLA 3.63.0,2026-02-19 18:49:27.959055
B*07:101,B*07:101,B,Bw6,Bw6,classified,N,SLRNLRG,Bw6,HLAtools_protein_alignment,IPD-IMGT/HLA 3.63.0,2026-02-19 18:49:27.959055
B*07:102,B*07:102,B,Bw6,Bw6,classified,N,SLRNLRG,Bw6,HLAtools_protein_alignment,IPD-IMGT/HLA 3.63.0,2026-02-19 18:49:27.959055
B*07:103,B*07:103,B,Bw6,Bw6,classified,N,SLRNLRG,Bw6,HLAtools_protein_alignment,IPD-IMGT/HLA 3.63.0,2026-02-19 18:49:27.959055
B*07:104,B*07:104,B,Bw6,Bw6,classified,N,SLRNLRG,Bw6,HLAtools_protein_alignment,IPD-IMGT/HLA 3.63.0,2026-02-19 18:49:27.959055
B*07:105,B*07:105,B,Bw6,Bw6,classified,N,SLRNLRG,Bw6,HLAtools_protein_alignment,IPD-IMGT/HLA 3.63.0,2026-02-19 18:49:27.959055
B*07:106,B*07:106,B,Bw6,Bw6,classified,N,SLRNLRG,Bw6,HLAtools_protein_alignment,IPD-IMGT/HLA 3.63.0,2026-02-19 18:49:27.959055
B*07:107,B*07:107,B,Bw6,Bw6,classified,N,SLRNLRG,Bw6,HLAtools_protein_alignment,IPD-IMGT/HLA 3.63.0,2026-02-19 18:49:27.959055
B*07:108,B*07:108,B,Bw6,Bw6,classified,N,SLRNLRG,Bw6,HLAtools_protein_alignment,IPD-IMGT/HLA 3.63.0,2026-02-19 18:49:27.959055
B*07:109,B*07:109,B,Bw6,Bw6,classified,N,SLRNLRG,Bw6,HLAtools_protein_alignment,IPD-IMGT/HLA 3.63.0,2026-02-19 18:49:27.959055
B*07:11,B*07:11,B,Bw6,Bw6,classified,N,NLRNLRG,NA,HLAtools_protein_alignment,IPD-IMGT/HLA 3.63.0,2026-02-19 18:49:27.959055
B*07:110,B*07:110,B,Bw6,Bw6,classified,N,SLRNLRG,Bw6,HLAtools_protein_alignment,IPD-IMGT/HLA 3.63.0,2026-02-19 18:49:27.959055
B*07:112,B*07:112,B,Bw6,Bw6,classified,N,SLRNLRG,Bw6,HLAtools_protein_alignment,IPD-IMGT/HLA 3.63.0,2026-02-19 18:49:27.959055
B*07:113,B*07:113,B,Bw6,Bw6,classified,N,SLRNLRG,Bw6,HLAtools_protein_alignment,IPD-IMGT/HLA 3.63.0,2026-02-19 18:49:27.959055
B*07:114,B*07:114,B,Bw6,Bw6,classified,N,SLRNLRG,Bw6,HLAtools_protein_alignment,IPD-IMGT/HLA 3.63.0,2026-02-19 18:49:27.959055
B*07:115,B*07:115,B,Bw6,Bw6,classified,N,SLRNLRG,Bw6,HLAtools_protein_alignment,IPD-IMGT/HLA 3.63.0,2026-02-19 18:49:27.959055
B*07:116,B*07:116,B,Bw6,Bw6,classified,N,SLRNLRG,Bw6,HLAtools_protein_alignment,IPD-IMGT/HLA 3.63.0,2026-02-19 18:49:27.959055
B*07:117,B*07:117,B,Bw6,Bw6,classified,N,SLRNLRG,Bw6,HLAtools_protein_alignment,IPD-IMGT/HLA 3.63.0,2026-02-19 18:49:27.959055
B*07:118,B*07:118,B,Bw6,Bw6,classified,N,SLRNLRG,Bw6,HLAtools_protein_alignment,IPD-IMGT/HLA 3.63.0,2026-02-19 18:49:27.959055
B*07:119,B*07:119,B,Bw6,Bw6,classified,N,SLRNLRG,Bw6,HLAtools_protein_alignment,IPD-IMGT/HLA 3.63.0,2026-02-19 18:49:27.959055
B*07:12,B*07:12,B,Bw6,Bw6,classified,N,SLRNLRG,Bw6,HLAtools_protein_alignment,IPD-IMGT/HLA 3.63.0,2026-02-19 18:49:27.959055
B*07:120,B*07:120,B,Bw6,Bw6,classified,N,SLRNLRG,Bw6,HLAtools_protein_alignment,IPD-IMGT/HLA 3.63.0,2026-02-19 18:49:27.959055
B*07:121,B*07:121,B,Bw6,Bw6,classified,N,SLRNLRG,Bw6,HLAtools_protein_alignment,IPD-IMGT/HLA 3.63.0,2026-02-19 18:49:27.959055
B*07:122,B*07:122,B,Bw6,Bw6,classified,N,SLRNLRG,Bw6,HLAtools_protein_alignment,IPD-IMGT/HLA 3.63.0,2026-02-19 18:49:27.959055
B*07:123,B*07:123,B,Bw6,Bw6,classified,N,SLRNLRG,Bw6,HLAtools_protein_alignment,IPD-IMGT/HLA 3.63.0,2026-02-19 18:49:27.959055
B*07:124,B*07:124,B,Bw6,Bw6,classified,N,SLRNLRG,Bw6,HLAtools_protein_alignment,IPD-IMGT/HLA 3.63.0,2026-02-19 18:49:27.959055
B*07:125,B*07:125,B,Bw6,Bw6,classified,N,SLRNLRG,Bw6,HLAtools_protein_alignment,IPD-IMGT/HLA 3.63.0,2026-02-19 18:49:27.959055
B*07:126,B*07:126,B,Bw6,Bw6,classified,N,SLRNLRG,Bw6,HLAtools_protein_alignment,IPD-IMGT/HLA 3.63.0,2026-02-19 18:49:27.959055
B*07:127,B*07:127,B,Bw6,Bw6,classified,N,SLRNLRG,Bw6,HLAtools_protein_alignment,IPD-IMGT/HLA 3.63.0,2026-02-19 18:49:27.959055
B*07:128,B*07:128,B,Bw6,Bw6,classified,N,SLRNLRG,Bw6,HLAtools_protein_alignment,IPD-IMGT/HLA 3.63.0,2026-02-19 18:49:27.959055
B*07:129,B*07:129,B,Bw6,Bw6,classified,N,SLRNLRG,Bw6,HLAtools_protein_alignment,IPD-IMGT/HLA 3.63.0,2026-02-19 18:49:27.959055
B*07:13,B*07:13,B,Bw6,Bw6,classified,N,SLRNLRG,Bw6,HLAtools_protein_alignment,IPD-IMGT/HLA 3.63.0,2026-02-19 18:49:27.959055
B*07:130,B*07:130,B,Bw6,Bw6,classified,N,SLRNLRG,Bw6,HLAtools_protein_alignment,IPD-IMGT/HLA 3.63.0,2026-02-19 18:49:27.959055
B*07:131,B*07:131,B,Bw6,Bw6,classified,N,SLRNLRG,Bw6,HLAtools_protein_alignment,IPD-IMGT/HLA 3.63.0,2026-02-19 18:49:27.959055
B*07:132,B*07:132,B,Bw6,Bw6,classified,N,SLRNLRG,Bw6,HLAtools_protein_alignment,IPD-IMGT/HLA 3.63.0,2026-02-19 18:49:27.959055
B*07:133,B*07:133,B,Bw6,Bw6,classified,N,SLRNLRG,Bw6,HLAtools_protein_alignment,IPD-IMGT/HLA 3.63.0,2026-02-19 18:49:27.959055
B*07:134,B*07:134,B,Bw6,Bw6,classified,N,SLRNLRG,Bw6,HLAtools_protein_alignment,IPD-IMGT/HLA 3.63.0,2026-02-19 18:49:27.959055
B*07:136,B*07:136,B,Bw6,Bw6,classified,N,SLRNLRG,Bw6,HLAtools_protein_alignment,IPD-IMGT/HLA 3.63.0,2026-02-19 18:49:27.959055
B*07:137,B*07:137,B,Bw6,Bw6,classified,N,SLRNLRG,Bw6,HLAtools_protein_alignment,IPD-IMGT/HLA 3.63.0,2026-02-19 18:49:27.959055
B*07:138,B*07:138,B,Bw6,Bw6,classified,N,SLRNLRG,Bw6,HLAtools_protein_alignment,IPD-IMGT/HLA 3.63.0,2026-02-19 18:49:27.959055
B*07:139,B*07:139,B,Bw6,Bw6,classified,N,SLRNLRG,Bw6,HLAtools_protein_alignment,IPD-IMGT/HLA 3.63.0,2026-02-19 18:49:27.959055
B*07:14,B*07:14,B,Bw6,Bw6,classified,N,SLRNLRG,Bw6,HLAtools_protein_alignment,IPD-IMGT/HLA 3.63.0,2026-02-19 18:49:27.959055
B*07:140,B*07:140,B,Bw6,Bw6,classified,N,SLRNLRG,Bw6,HLAtools_protein_alignment,IPD-IMGT/HLA 3.63.0,2026-02-19 18:49:27.959055
B*07:141,B*07:141,B,Bw6,Bw6,classified,N,SLRNLRG,Bw6,HLAtools_protein_alignment,IPD-IMGT/HLA 3.63.0,2026-02-19 18:49:27.959055
B*07:142,B*07:142,B,Bw6,Bw6,classified,N,SLRNLRG,Bw6,HLAtools_protein_alignment,IPD-IMGT/HLA 3.63.0,2026-02-19 18:49:27.959055
B*07:143,B*07:143,B,Bw6,Bw6,classified,N,SLRNLRG,Bw6,HLAtools_protein_alignment,IPD-IMGT/HLA 3.63.0,2026-02-19 18:49:27.959055
B*07:144,B*07:144,B,Bw6,Bw6,classified,N,SLRNLRG,Bw6,HLAtools_protein_alignment,IPD-IMGT/HLA 3.63.0,2026-02-19 18:49:27.959055
B*07:145,B*07:145,B,Bw6,Bw6,classified,N,SLRNLRG,Bw6,HLAtools_protein_alignment,IPD-IMGT/HLA 3.63.0,2026-02-19 18:49:27.959055
B*07:146,B*07:146,B,Bw6,Bw6,classified,N,SLRNLRG,Bw6,HLAtools_protein_alignment,IPD-IMGT/HLA 3.63.0,2026-02-19 18:49:27.959055
B*07:147,B*07:147,B,Bw6,Bw6,classified,N,SLRNLRG,Bw6,HLAtools_protein_alignment,IPD-IMGT/HLA 3.63.0,2026-02-19 18:49:27.959055
B*07:148,B*07:148,B,Bw6,Bw6,classified,N,SLRNLRG,Bw6,HLAtools_protein_alignment,IPD-IMGT/HLA 3.63.0,2026-02-19 18:49:27.959055
B*07:149,B*07:149,B,Bw4 - 80T,Bw4_80T,classified,T,NLRTALR,Bw4 - 80T,HLAtools_protein_alignment,IPD-IMGT/HLA 3.63.0,2026-02-19 18:49:27.959055
B*07:15,B*07:15,B,Bw6,Bw6,classified,N,SLRNLRG,Bw6,HLAtools_protein_alignment,IPD-IMGT/HLA 3.63.0,2026-02-19 18:49:27.959055
B*07:150,B*07:150,B,Bw6,Bw6,classified,N,SLRNLRG,Bw6,HLAtools_protein_alignment,IPD-IMGT/HLA 3.63.0,2026-02-19 18:49:27.959055
B*07:151,B*07:151,B,Bw6,Bw6,classified,N,SLRNLRG,Bw6,HLAtools_protein_alignment,IPD-IMGT/HLA 3.63.0,2026-02-19 18:49:27.959055
B*07:152,B*07:152,B,Bw6,Bw6,classified,N,SLRNLRG,Bw6,HLAtools_protein_alignment,IPD-IMGT/HLA 3.63.0,2026-02-19 18:49:27.959055
B*07:153,B*07:153,B,Bw6,Bw6,classified,N,SLRNLRG,Bw6,HLAtools_protein_alignment,IPD-IMGT/HLA 3.63.0,2026-02-19 18:49:27.959055
B*07:154,B*07:154,B,Bw6,Bw6,classified,N,SLRNLRG,Bw6,HLAtools_protein_alignment,IPD-IMGT/HLA 3.63.0,2026-02-19 18:49:27.959055
B*07:155,B*07:155,B,Bw6,Bw6,classified,N,SLRNLRG,Bw6,HLAtools_protein_alignment,IPD-IMGT/HLA 3.63.0,2026-02-19 18:49:27.959055
B*07:156,B*07:156,B,Bw6,Bw6,classified,N,SLRNLRG,Bw6,HLAtools_protein_alignment,IPD-IMGT/HLA 3.63.0,2026-02-19 18:49:27.959055
B*07:157,B*07:157,B,Bw6,Bw6,classified,N,SLRNLRG,Bw6,HLAtools_protein_alignment,IPD-IMGT/HLA 3.63.0,2026-02-19 18:49:27.959055
B*07:158,B*07:158,B,Bw6,Bw6,classified,N,SLRNLRG,Bw6,HLAtools_protein_alignment,IPD-IMGT/HLA 3.63.0,2026-02-19 18:49:27.959055
B*07:159,B*07:159,B,Bw6,Bw6,classified,N,SLRNLRG,Bw6,HLAtools_protein_alignment,IPD-IMGT/HLA 3.63.0,2026-02-19 18:49:27.959055
B*07:16,B*07:16,B,Bw6,Bw6,classified,N,SLRNLRG,Bw6,HLAtools_protein_alignment,IPD-IMGT/HLA 3.63.0,2026-02-19 18:49:27.959055
B*07:160,B*07:160,B,Bw6,Bw6,classified,N,SLRNLRG,Bw6,HLAtools_protein_alignment,IPD-IMGT/HLA 3.63.0,2026-02-19 18:49:27.959055
B*07:162,B*07:162,B,Bw6,Bw6,classified,N,SLRNLRG,Bw6,HLAtools_protein_alignment,IPD-IMGT/HLA 3.63.0,2026-02-19 18:49:27.959055
B*07:163,B*07:163,B,Bw6,Bw6,classified,N,SLRNLRG,Bw6,HLAtools_protein_alignment,IPD-IMGT/HLA 3.63.0,2026-02-19 18:49:27.959055
B*07:164,B*07:164,B,Bw6,Bw6,classified,N,SLRNLRG,Bw6,HLAtools_protein_alignment,IPD-IMGT/HLA 3.63.0,2026-02-19 18:49:27.959055
B*07:165,B*07:165,B,Bw6,Bw6,classified,N,SLRNLRG,Bw6,HLAtools_protein_alignment,IPD-IMGT/HLA 3.63.0,2026-02-19 18:49:27.959055
B*07:166,B*07:166,B,Bw6,Bw6,classified,N,SLRNLRG,Bw6,HLAtools_protein_alignment,IPD-IMGT/HLA 3.63.0,2026-02-19 18:49:27.959055
B*07:168,B*07:168,B,Bw6,Bw6,classified,N,SLRNLRG,Bw6,HLAtools_protein_alignment,IPD-IMGT/HLA 3.63.0,2026-02-19 18:49:27.959055
B*07:169,B*07:169,B,Bw6,Bw6,classified,N,SLRNLRG,Bw6,HLAtools_protein_alignment,IPD-IMGT/HLA 3.63.0,2026-02-19 18:49:27.959055
B*07:17,B*07:17,B,Bw6,Bw6,classified,N,SLRNLRG,Bw6,HLAtools_protein_alignment,IPD-IMGT/HLA 3.63.0,2026-02-19 18:49:27.959055
B*07:170,B*07:170,B,Bw6,Bw6,classified,N,SLRNLRG,Bw6,HLAtools_protein_alignment,IPD-IMGT/HLA 3.63.0,2026-02-19 18:49:27.959055
B*07:171,B*07:171,B,Bw6,Bw6,classified,N,SLRNLRG,Bw6,HLAtools_protein_alignment,IPD-IMGT/HLA 3.63.0,2026-02-19 18:49:27.959055
B*07:172,B*07:172,B,Bw6,Bw6,classified,N,SLRNLRG,Bw6,HLAtools_protein_alignment,IPD-IMGT/HLA 3.63.0,2026-02-19 18:49:27.959055
B*07:173,B*07:173,B,Bw6,Bw6,classified,N,SLRNLRG,Bw6,HLAtools_protein_alignment,IPD-IMGT/HLA 3.63.0,2026-02-19 18:49:27.959055
B*07:174,B*07:174,B,Bw6,Bw6,classified,N,SLRNLRG,Bw6,HLAtools_protein_alignment,IPD-IMGT/HLA 3.63.0,2026-02-19 18:49:27.959055
B*07:175,B*07:175,B,Bw6,Bw6,classified,N,SLRNLRG,Bw6,HLAtools_protein_alignment,IPD-IMGT/HLA 3.63.0,2026-02-19 18:49:27.959055
B*07:176,B*07:176,B,Bw6,Bw6,classified,N,SLRNLRG,Bw6,HLAtools_protein_alignment,IPD-IMGT/HLA 3.63.0,2026-02-19 18:49:27.959055
B*07:177,B*07:177,B,Bw6,Bw6,classified,N,SLRNLRG,Bw6,HLAtools_protein_alignment,IPD-IMGT/HLA 3.63.0,2026-02-19 18:49:27.959055
B*07:178,B*07:178,B,Bw6,Bw6,classified,N,SLRNLRG,Bw6,HLAtools_protein_alignment,IPD-IMGT/HLA 3.63.0,2026-02-19 18:49:27.959055
B*07:179,B*07:179,B,Bw6,Bw6,classified,D,SLRDLRG,NA,HLAtools_protein_alignment,IPD-IMGT/HLA 3.63.0,2026-02-19 18:49:27.959055
B*07:18,B*07:18,B,Bw6,Bw6,classified,N,SLRNLRG,Bw6,HLAtools_protein_alignment,IPD-IMGT/HLA 3.63.0,2026-02-19 18:49:27.959055
B*07:180,B*07:180,B,Bw4 - 80I,Bw4_80I,classified,I,NLRIALR,Bw4 - 80I,HLAtools_protein_alignment,IPD-IMGT/HLA 3.63.0,2026-02-19 18:49:27.959055
B*07:183,B*07:183,B,Bw6,Bw6,classified,N,SLRNLRG,Bw6,HLAtools_protein_alignment,IPD-IMGT/HLA 3.63.0,2026-02-19 18:49:27.959055
B*07:184,B*07:184,B,Bw6,Bw6,classified,N,SLRNLRG,Bw6,HLAtools_protein_alignment,IPD-IMGT/HLA 3.63.0,2026-02-19 18:49:27.959055
B*07:185,B*07:185,B,Bw6,Bw6,classified,N,SLRNLRG,Bw6,HLAtools_protein_alignment,IPD-IMGT/HLA 3.63.0,2026-02-19 18:49:27.959055
B*07:186,B*07:186,B,Bw6,Bw6,classified,N,SLRNLRG,Bw6,HLAtools_protein_alignment,IPD-IMGT/HLA 3.63.0,2026-02-19 18:49:27.959055
B*07:187,B*07:187,B,Bw6,Bw6,classified,N,SLRNLRG,Bw6,HLAtools_protein_alignment,IPD-IMGT/HLA 3.63.0,2026-02-19 18:49:27.959055
B*07:188,B*07:188,B,Bw6,Bw6,classified,N,SLRNLRG,Bw6,HLAtools_protein_alignment,IPD-IMGT/HLA 3.63.0,2026-02-19 18:49:27.959055
B*07:189,B*07:189,B,Bw6,Bw6,classified,N,SLRNLRG,Bw6,HLAtools_protein_alignment,IPD-IMGT/HLA 3.63.0,2026-02-19 18:49:27.959055
B*07:19,B*07:19,B,Bw6,Bw6,classified,N,SLRNLRG,Bw6,HLAtools_protein_alignment,IPD-IMGT/HLA 3.63.0,2026-02-19 18:49:27.959055
B*07:190,B*07:190,B,Bw6,Bw6,classified,N,SLRNLRG,Bw6,HLAtools_protein_alignment,IPD-IMGT/HLA 3.63.0,2026-02-19 18:49:27.959055
B*07:191,B*07:191,B,Bw6,Bw6,classified,N,SLRNLRG,Bw6,HLAtools_protein_alignment,IPD-IMGT/HLA 3.63.0,2026-02-19 18:49:27.959055
B*07:192,B*07:192,B,Bw6,Bw6,classified,S,SLRSLRG,NA,HLAtools_protein_alignment,IPD-IMGT/HLA 3.63.0,2026-02-19 18:49:27.959055
B*07:193,B*07:193,B,Bw6,Bw6,classified,N,SLRNLRG,Bw6,HLAtools_protein_alignment,IPD-IMGT/HLA 3.63.0,2026-02-19 18:49:27.959055
B*07:194,B*07:194,B,Bw6,Bw6,classified,N,SLRNLRG,Bw6,HLAtools_protein_alignment,IPD-IMGT/HLA 3.63.0,2026-02-19 18:49:27.959055
B*07:195,B*07:195,B,Bw6,Bw6,classified,N,SLRNLHG,Bw6,HLAtools_protein_alignment,IPD-IMGT/HLA 3.63.0,2026-02-19 18:49:27.959055
B*07:196,B*07:196,B,Bw6,Bw6,classified,N,SLRNLRG,Bw6,HLAtools_protein_alignment,IPD-IMGT/HLA 3.63.0,2026-02-19 18:49:27.959055
B*07:197,B*07:197,B,Bw6,Bw6,classified,N,SLRNLRG,Bw6,HLAtools_protein_alignment,IPD-IMGT/HLA 3.63.0,2026-02-19 18:49:27.959055
B*07:198,B*07:198,B,Bw6,Bw6,classified,N,SLRNLRG,Bw6,HLAtools_protein_alignment,IPD-IMGT/HLA 3.63.0,2026-02-19 18:49:27.959055
B*07:199,B*07:199,B,Bw6,Bw6,classified,N,SLRNLRG,Bw6,HLAtools_protein_alignment,IPD-IMGT/HLA 3.63.0,2026-02-19 18:49:27.959055
B*07:20,B*07:20,B,Bw6,Bw6,classified,N,SLRNLRG,Bw6,HLAtools_protein_alignment,IPD-IMGT/HLA 3.63.0,2026-02-19 18:49:27.959055
B*07:200,B*07:200,B,Bw6,Bw6,classified,N,SLRNLRG,Bw6,HLAtools_protein_alignment,IPD-IMGT/HLA 3.63.0,2026-02-19 18:49:27.959055
B*07:202,B*07:202,B,Bw6,Bw6,classified,N,SLRNLRG,Bw6,HLAtools_protein_alignment,IPD-IMGT/HLA 3.63.0,2026-02-19 18:49:27.959055
B*07:203,B*07:203,B,Bw6,Bw6,classified,N,SLRNLRG,Bw6,HLAtools_protein_alignment,IPD-IMGT/HLA 3.63.0,2026-02-19 18:49:27.959055
B*07:204,B*07:204,B,Bw6,Bw6,classified,N,SLRNLRG,Bw6,HLAtools_protein_alignment,IPD-IMGT/HLA 3.63.0,2026-02-19 18:49:27.959055
B*07:205,B*07:205,B,Bw6,Bw6,classified,N,SLRNLRG,Bw6,HLAtools_protein_alignment,IPD-IMGT/HLA 3.63.0,2026-02-19 18:49:27.959055
B*07:206,B*07:206,B,Bw6,Bw6,classified,N,SLRNLRG,Bw6,HLAtools_protein_alignment,IPD-IMGT/HLA 3.63.0,2026-02-19 18:49:27.959055
B*07:207,B*07:207,B,Bw6,Bw6,classified,N,SLRNLRG,Bw6,HLAtools_protein_alignment,IPD-IMGT/HLA 3.63.0,2026-02-19 18:49:27.959055
B*07:208,B*07:208,B,Bw6,Bw6,classified,N,SLRNLRG,Bw6,HLAtools_protein_alignment,IPD-IMGT/HLA 3.63.0,2026-02-19 18:49:27.959055
B*07:209,B*07:209,B,Bw6,Bw6,classified,N,SLRNLRG,Bw6,HLAtools_protein_alignment,IPD-IMGT/HLA 3.63.0,2026-02-19 18:49:27.959055
B*07:21,B*07:21,B,Bw6,Bw6,classified,N,SLRNLRG,Bw6,HLAtools_protein_alignment,IPD-IMGT/HLA 3.63.0,2026-02-19 18:49:27.959055
B*07:210,B*07:210,B,Bw6,Bw6,classified,N,SLRNLRG,Bw6,HLAtools_protein_alignment,IPD-IMGT/HLA 3.63.0,2026-02-19 18:49:27.959055
B*07:211,B*07:211,B,Non-canonical,NonCanonical,non_canonical_83,N,SLRNLRV,Bw6,HLAtools_protein_alignment,IPD-IMGT/HLA 3.63.0,2026-02-19 18:49:27.959055
B*07:212,B*07:212,B,Bw6,Bw6,classified,N,SLRNLRG,Bw6,HLAtools_protein_alignment,IPD-IMGT/HLA 3.63.0,2026-02-19 18:49:27.959055
B*07:213,B*07:213,B,Bw6,Bw6,classified,N,SLRNLRG,Bw6,HLAtools_protein_alignment,IPD-IMGT/HLA 3.63.0,2026-02-19 18:49:27.959055
B*07:214,B*07:214,B,Bw6,Bw6,classified,N,SLRNLRG,Bw6,HLAtools_protein_alignment,IPD-IMGT/HLA 3.63.0,2026-02-19 18:49:27.959055
B*07:215,B*07:215,B,Bw6,Bw6,classified,N,SLRNLRG,Bw6,HLAtools_protein_alignment,IPD-IMGT/HLA 3.63.0,2026-02-19 18:49:27.959055
B*07:216,B*07:216,B,Bw6,Bw6,classified,N,SLRNLRG,Bw6,HLAtools_protein_alignment,IPD-IMGT/HLA 3.63.0,2026-02-19 18:49:27.959055
B*07:217,B*07:217,B,Bw6,Bw6,classified,N,SLRNLRG,Bw6,HLAtools_protein_alignment,IPD-IMGT/HLA 3.63.0,2026-02-19 18:49:27.959055
B*07:218,B*07:218,B,Bw6,Bw6,classified,N,SLRNLRG,Bw6,HLAtools_protein_alignment,IPD-IMGT/HLA 3.63.0,2026-02-19 18:49:27.959055
B*07:219,B*07:219,B,Bw4 - 80I,Bw4_80I,classified,I,NLRIALR,Bw4 - 80I,HLAtools_protein_alignment,IPD-IMGT/HLA 3.63.0,2026-02-19 18:49:27.959055
B*07:22,B*07:22,B,Bw6,Bw6,classified,N,SLRNLRG,Bw6,HLAtools_protein_alignment,IPD-IMGT/HLA 3.63.0,2026-02-19 18:49:27.959055
B*07:220,B*07:220,B,Bw6,Bw6,classified,N,SLRNLRG,Bw6,HLAtools_protein_alignment,IPD-IMGT/HLA 3.63.0,2026-02-19 18:49:27.959055
B*07:221,B*07:221,B,Bw6,Bw6,classified,N,SLRNLRG,Bw6,HLAtools_protein_alignment,IPD-IMGT/HLA 3.63.0,2026-02-19 18:49:27.959055
B*07:222,B*07:222,B,Bw6,Bw6,classified,N,SLRNLRG,Bw6,HLAtools_protein_alignment,IPD-IMGT/HLA 3.63.0,2026-02-19 18:49:27.959055
B*07:223,B*07:223,B,Bw6,Bw6,classified,N,SLRNLRG,Bw6,HLAtools_protein_alignment,IPD-IMGT/HLA 3.63.0,2026-02-19 18:49:27.959055
B*07:224,B*07:224,B,Bw6,Bw6,classified,N,SLRNLRG,Bw6,HLAtools_protein_alignment,IPD-IMGT/HLA 3.63.0,2026-02-19 18:49:27.959055
B*07:225,B*07:225,B,Bw6,Bw6,classified,N,SLRNLRG,Bw6,HLAtools_protein_alignment,IPD-IMGT/HLA 3.63.0,2026-02-19 18:49:27.959055
B*07:226,B*07:226,B,Bw6,Bw6,classified,N,SLRNLRG,Bw6,HLAtools_protein_alignment,IPD-IMGT/HLA 3.63.0,2026-02-19 18:49:27.959055
B*07:227,B*07:227,B,Bw6,Bw6,classified,N,SLRNLRG,Bw6,HLAtools_protein_alignment,IPD-IMGT/HLA 3.63.0,2026-02-19 18:49:27.959055
B*07:228,B*07:228,B,Bw6,Bw6,classified,N,SLRNLRG,Bw6,HLAtools_protein_alignment,IPD-IMGT/HLA 3.63.0,2026-02-19 18:49:27.959055
B*07:229,B*07:229,B,Bw6,Bw6,classified,N,SLRNLRG,Bw6,HLAtools_protein_alignment,IPD-IMGT/HLA 3.63.0,2026-02-19 18:49:27.959055
B*07:23,B*07:23,B,Bw6,Bw6,classified,N,SLRNLRG,Bw6,HLAtools_protein_alignment,IPD-IMGT/HLA 3.63.0,2026-02-19 18:49:27.959055
B*07:230,B*07:230,B,Bw6,Bw6,classified,N,SLRNLRG,Bw6,HLAtools_protein_alignment,IPD-IMGT/HLA 3.63.0,2026-02-19 18:49:27.959055
B*07:232,B*07:232,B,Bw6,Bw6,classified,N,SLRNLRG,Bw6,HLAtools_protein_alignment,IPD-IMGT/HLA 3.63.0,2026-02-19 18:49:27.959055
B*07:233,B*07:233,B,Bw6,Bw6,classified,N,SLRNLRG,Bw6,HLAtools_protein_alignment,IPD-IMGT/HLA 3.63.0,2026-02-19 18:49:27.959055
B*07:234,B*07:234,B,Bw6,Bw6,classified,N,SLRNLRG,Bw6,HLAtools_protein_alignment,IPD-IMGT/HLA 3.63.0,2026-02-19 18:49:27.959055
B*07:235,B*07:235,B,Bw6,Bw6,classified,N,SLRNLRG,Bw6,HLAtools_protein_alignment,IPD-IMGT/HLA 3.63.0,2026-02-19 18:49:27.959055
B*07:236,B*07:236,B,Bw4 - 80T,Bw4_80T,classified,T,DLRTLLR,Bw4 - 80T,HLAtools_protein_alignment,IPD-IMGT/HLA 3.63.0,2026-02-19 18:49:27.959055
B*07:237,B*07:237,B,Bw6,Bw6,classified,N,SLRNLRG,Bw6,HLAtools_protein_alignment,IPD-IMGT/HLA 3.63.0,2026-02-19 18:49:27.959055
B*07:238,B*07:238,B,Bw6,Bw6,classified,N,SLRNLRG,Bw6,HLAtools_protein_alignment,IPD-IMGT/HLA 3.63.0,2026-02-19 18:49:27.959055
B*07:239,B*07:239,B,Bw6,Bw6,classified,N,SLRNLRG,Bw6,HLAtools_protein_alignment,IPD-IMGT/HLA 3.63.0,2026-02-19 18:49:27.959055
B*07:24,B*07:24,B,Bw6,Bw6,classified,N,SLRNLRG,Bw6,HLAtools_protein_alignment,IPD-IMGT/HLA 3.63.0,2026-02-19 18:49:27.959055
B*07:240,B*07:240,B,Bw6,Bw6,classified,N,DLRNLRG,NA,HLAtools_protein_alignment,IPD-IMGT/HLA 3.63.0,2026-02-19 18:49:27.959055
B*07:241,B*07:241,B,Bw6,Bw6,classified,N,SLRNLRG,Bw6,HLAtools_protein_alignment,IPD-IMGT/HLA 3.63.0,2026-02-19 18:49:27.959055
B*07:242,B*07:242,B,Bw6,Bw6,classified,N,SLRNLRG,Bw6,HLAtools_protein_alignment,IPD-IMGT/HLA 3.63.0,2026-02-19 18:49:27.959055
B*07:243,B*07:243,B,Bw6,Bw6,classified,N,SLRNLRG,Bw6,HLAtools_protein_alignment,IPD-IMGT/HLA 3.63.0,2026-02-19 18:49:27.959055
B*07:244,B*07:244,B,Non-canonical,NonCanonical,non_canonical_83,N,SLRNLRS,Bw6,HLAtools_protein_alignment,IPD-IMGT/HLA 3.63.0,2026-02-19 18:49:27.959055
B*07:245,B*07:245,B,Bw6,Bw6,classified,N,SLRNLRG,Bw6,HLAtools_protein_alignment,IPD-IMGT/HLA 3.63.0,2026-02-19 18:49:27.959055
B*07:246,B*07:246,B,Bw6,Bw6,classified,N,SLRNLRG,Bw6,HLAtools_protein_alignment,IPD-IMGT/HLA 3.63.0,2026-02-19 18:49:27.959055
B*07:247,B*07:247,B,Bw6,Bw6,classified,N,SLRNLRG,Bw6,HLAtools_protein_alignment,IPD-IMGT/HLA 3.63.0,2026-02-19 18:49:27.959055
B*07:248,B*07:248,B,Bw6,Bw6,classified,N,SLRNLRG,Bw6,HLAtools_protein_alignment,IPD-IMGT/HLA 3.63.0,2026-02-19 18:49:27.959055
B*07:249,B*07:249,B,Bw6,Bw6,classified,N,SLRNLRG,Bw6,HLAtools_protein_alignment,IPD-IMGT/HLA 3.63.0,2026-02-19 18:49:27.959055
B*07:25,B*07:25,B,Bw6,Bw6,classified,N,SLRNLRG,Bw6,HLAtools_protein_alignment,IPD-IMGT/HLA 3.63.0,2026-02-19 18:49:27.959055
B*07:250,B*07:250,B,Bw6,Bw6,classified,N,SLRNLRG,Bw6,HLAtools_protein_alignment,IPD-IMGT/HLA 3.63.0,2026-02-19 18:49:27.959055
B*07:252,B*07:252,B,Bw6,Bw6,classified,N,SLRNLRG,Bw6,HLAtools_protein_alignment,IPD-IMGT/HLA 3.63.0,2026-02-19 18:49:27.959055
B*07:253,B*07:253,B,Bw6,Bw6,classified,N,NLRNLRG,NA,HLAtools_protein_alignment,IPD-IMGT/HLA 3.63.0,2026-02-19 18:49:27.959055
B*07:254,B*07:254,B,Bw6,Bw6,classified,N,SLRNLRG,Bw6,HLAtools_protein_alignment,IPD-IMGT/HLA 3.63.0,2026-02-19 18:49:27.959055
B*07:255,B*07:255,B,Bw6,Bw6,classified,N,SLRNLRG,Bw6,HLAtools_protein_alignment,IPD-IMGT/HLA 3.63.0,2026-02-19 18:49:27.959055
B*07:256,B*07:256,B,Bw6,Bw6,classified,N,SLRNLRG,Bw6,HLAtools_protein_alignment,IPD-IMGT/HLA 3.63.0,2026-02-19 18:49:27.959055
B*07:257,B*07:257,B,Bw6,Bw6,classified,N,SLQNLRG,Bw6,HLAtools_protein_alignment,IPD-IMGT/HLA 3.63.0,2026-02-19 18:49:27.959055
B*07:258,B*07:258,B,Bw6,Bw6,classified,N,SLRNLRG,Bw6,HLAtools_protein_alignment,IPD-IMGT/HLA 3.63.0,2026-02-19 18:49:27.959055
B*07:259,B*07:259,B,Bw6,Bw6,classified,N,SLRNLRG,Bw6,HLAtools_protein_alignment,IPD-IMGT/HLA 3.63.0,2026-02-19 18:49:27.959055
B*07:26,B*07:26,B,Bw6,Bw6,classified,N,SLRNLRG,Bw6,HLAtools_protein_alignment,IPD-IMGT/HLA 3.63.0,2026-02-19 18:49:27.959055
B*07:260,B*07:260,B,Bw6,Bw6,classified,N,SLRNLRG,Bw6,HLAtools_protein_alignment,IPD-IMGT/HLA 3.63.0,2026-02-19 18:49:27.959055
B*07:261,B*07:261,B,Bw6,Bw6,classified,N,SLRNLRG,Bw6,HLAtools_protein_alignment,IPD-IMGT/HLA 3.63.0,2026-02-19 18:49:27.959055
B*07:262,B*07:262,B,Bw6,Bw6,classified,N,SLRNLRG,Bw6,HLAtools_protein_alignment,IPD-IMGT/HLA 3.63.0,2026-02-19 18:49:27.959055
B*07:263,B*07:263,B,Bw6,Bw6,classified,N,SLRNLRG,Bw6,HLAtools_protein_alignment,IPD-IMGT/HLA 3.63.0,2026-02-19 18:49:27.959055
B*07:264,B*07:264,B,Bw6,Bw6,classified,N,SLRNLRG,Bw6,HLAtools_protein_alignment,IPD-IMGT/HLA 3.63.0,2026-02-19 18:49:27.959055
B*07:265,B*07:265,B,Bw6,Bw6,classified,N,SLRNLRG,Bw6,HLAtools_protein_alignment,IPD-IMGT/HLA 3.63.0,2026-02-19 18:49:27.959055
B*07:266,B*07:266,B,Bw6,Bw6,classified,N,SLRNLRG,Bw6,HLAtools_protein_alignment,IPD-IMGT/HLA 3.63.0,2026-02-19 18:49:27.959055
B*07:267,B*07:267,B,Bw6,Bw6,classified,N,SLRNLRG,Bw6,HLAtools_protein_alignment,IPD-IMGT/HLA 3.63.0,2026-02-19 18:49:27.959055
B*07:268,B*07:268,B,Bw6,Bw6,classified,N,SLRNLRG,Bw6,HLAtools_protein_alignment,IPD-IMGT/HLA 3.63.0,2026-02-19 18:49:27.959055
B*07:269,B*07:269,B,Bw6,Bw6,classified,N,SLRNLRG,Bw6,HLAtools_protein_alignment,IPD-IMGT/HLA 3.63.0,2026-02-19 18:49:27.959055
B*07:27,B*07:27,B,Bw4 - 80T,Bw4_80T,classified,T,DLRTLLR,Bw4 - 80T,HLAtools_protein_alignment,IPD-IMGT/HLA 3.63.0,2026-02-19 18:49:27.959055
B*07:270,B*07:270,B,Bw6,Bw6,classified,N,SLRNLRG,Bw6,HLAtools_protein_alignment,IPD-IMGT/HLA 3.63.0,2026-02-19 18:49:27.959055
B*07:271,B*07:271,B,Bw6,Bw6,classified,N,SLRNLRG,Bw6,HLAtools_protein_alignment,IPD-IMGT/HLA 3.63.0,2026-02-19 18:49:27.959055
B*07:273,B*07:273,B,Bw4 - 80T,Bw4_80T,classified,T,SLRTLLR,Bw4 - 80T,HLAtools_protein_alignment,IPD-IMGT/HLA 3.63.0,2026-02-19 18:49:27.959055
B*07:274,B*07:274,B,Bw6,Bw6,classified,N,SLRNLRG,Bw6,HLAtools_protein_alignment,IPD-IMGT/HLA 3.63.0,2026-02-19 18:49:27.959055
B*07:275,B*07:275,B,Bw6,Bw6,classified,N,SLRNLRG,Bw6,HLAtools_protein_alignment,IPD-IMGT/HLA 3.63.0,2026-02-19 18:49:27.959055
B*07:276,B*07:276,B,Bw6,Bw6,classified,N,SLRNLRG,Bw6,HLAtools_protein_alignment,IPD-IMGT/HLA 3.63.0,2026-02-19 18:49:27.959055
B*07:277,B*07:277,B,Bw6,Bw6,classified,N,SLRNLRG,Bw6,HLAtools_protein_alignment,IPD-IMGT/HLA 3.63.0,2026-02-19 18:49:27.959055
B*07:278,B*07:278,B,Bw6,Bw6,classified,N,SLRNLRG,Bw6,HLAtools_protein_alignment,IPD-IMGT/HLA 3.63.0,2026-02-19 18:49:27.959055
B*07:279,B*07:279,B,Bw6,Bw6,classified,N,SLRNLRG,Bw6,HLAtools_protein_alignment,IPD-IMGT/HLA 3.63.0,2026-02-19 18:49:27.959055
B*07:28,B*07:28,B,Bw6,Bw6,classified,N,SLRNLRG,Bw6,HLAtools_protein_alignment,IPD-IMGT/HLA 3.63.0,2026-02-19 18:49:27.959055
B*07:280,B*07:280,B,Bw6,Bw6,classified,N,SLRNLRG,Bw6,HLAtools_protein_alignment,IPD-IMGT/HLA 3.63.0,2026-02-19 18:49:27.959055
B*07:281,B*07:281,B,Bw6,Bw6,classified,N,SLRNLRG,Bw6,HLAtools_protein_alignment,IPD-IMGT/HLA 3.63.0,2026-02-19 18:49:27.959055
B*07:282,B*07:282,B,Bw6,Bw6,classified,N,SLRNLRG,Bw6,HLAtools_protein_alignment,IPD-IMGT/HLA 3.63.0,2026-02-19 18:49:27.959055
B*07:283,B*07:283,B,Bw6,Bw6,classified,N,SLRNLRG,Bw6,HLAtools_protein_alignment,IPD-IMGT/HLA 3.63.0,2026-02-19 18:49:27.959055
B*07:284,B*07:284,B,Bw6,Bw6,classified,N,SLRNLRG,Bw6,HLAtools_protein_alignment,IPD-IMGT/HLA 3.63.0,2026-02-19 18:49:27.959055
B*07:286,B*07:286,B,Bw6,Bw6,classified,N,SLRNLRG,Bw6,HLAtools_protein_alignment,IPD-IMGT/HLA 3.63.0,2026-02-19 18:49:27.959055
B*07:287,B*07:287,B,Bw6,Bw6,classified,N,SLRNLRG,Bw6,HLAtools_protein_alignment,IPD-IMGT/HLA 3.63.0,2026-02-19 18:49:27.959055
B*07:288,B*07:288,B,Bw6,Bw6,classified,N,SLRNLRG,Bw6,HLAtools_protein_alignment,IPD-IMGT/HLA 3.63.0,2026-02-19 18:49:27.959055
B*07:289,B*07:289,B,Bw6,Bw6,classified,N,SLRNLRG,Bw6,HLAtools_protein_alignment,IPD-IMGT/HLA 3.63.0,2026-02-19 18:49:27.959055
B*07:29,B*07:29,B,Bw6,Bw6,classified,N,SLRNLRG,Bw6,HLAtools_protein_alignment,IPD-IMGT/HLA 3.63.0,2026-02-19 18:49:27.959055
B*07:290,B*07:290,B,Bw6,Bw6,classified,N,SLRNLRG,Bw6,HLAtools_protein_alignment,IPD-IMGT/HLA 3.63.0,2026-02-19 18:49:27.959055
B*07:291,B*07:291,B,Bw6,Bw6,classified,N,SLRNLRG,Bw6,HLAtools_protein_alignment,IPD-IMGT/HLA 3.63.0,2026-02-19 18:49:27.959055
B*07:292,B*07:292,B,Bw6,Bw6,classified,N,SLRNLRG,Bw6,HLAtools_protein_alignment,IPD-IMGT/HLA 3.63.0,2026-02-19 18:49:27.959055
B*07:293,B*07:293,B,Bw6,Bw6,classified,N,SLRNLRG,Bw6,HLAtools_protein_alignment,IPD-IMGT/HLA 3.63.0,2026-02-19 18:49:27.959055
B*07:294,B*07:294,B,Bw6,Bw6,classified,N,SLRNLRG,Bw6,HLAtools_protein_alignment,IPD-IMGT/HLA 3.63.0,2026-02-19 18:49:27.959055
B*07:295,B*07:295,B,Bw6,Bw6,classified,N,SLRNLRG,Bw6,HLAtools_protein_alignment,IPD-IMGT/HLA 3.63.0,2026-02-19 18:49:27.959055
B*07:296,B*07:296,B,Bw6,Bw6,classified,N,SLRNLRG,Bw6,HLAtools_protein_alignment,IPD-IMGT/HLA 3.63.0,2026-02-19 18:49:27.959055
B*07:297,B*07:297,B,Bw6,Bw6,classified,N,SLRNLRG,Bw6,HLAtools_protein_alignment,IPD-IMGT/HLA 3.63.0,2026-02-19 18:49:27.959055
B*07:298,B*07:298,B,Bw6,Bw6,classified,N,SLRNLRG,Bw6,HLAtools_protein_alignment,IPD-IMGT/HLA 3.63.0,2026-02-19 18:49:27.959055
B*07:299,B*07:299,B,Bw6,Bw6,classified,N,SLRNLRG,Bw6,HLAtools_protein_alignment,IPD-IMGT/HLA 3.63.0,2026-02-19 18:49:27.959055
B*07:30,B*07:30,B,Bw6,Bw6,classified,N,SLRNLRG,Bw6,HLAtools_protein_alignment,IPD-IMGT/HLA 3.63.0,2026-02-19 18:49:27.959055
B*07:300,B*07:300,B,Bw6,Bw6,classified,N,SLRNLRG,Bw6,HLAtools_protein_alignment,IPD-IMGT/HLA 3.63.0,2026-02-19 18:49:27.959055
B*07:301,B*07:301,B,Bw6,Bw6,classified,N,SLRNLRG,Bw6,HLAtools_protein_alignment,IPD-IMGT/HLA 3.63.0,2026-02-19 18:49:27.959055
B*07:302,B*07:302,B,Bw6,Bw6,classified,N,SLRNLRG,Bw6,HLAtools_protein_alignment,IPD-IMGT/HLA 3.63.0,2026-02-19 18:49:27.959055
B*07:303,B*07:303,B,Bw6,Bw6,classified,N,SLRNLRG,Bw6,HLAtools_protein_alignment,IPD-IMGT/HLA 3.63.0,2026-02-19 18:49:27.959055
B*07:304,B*07:304,B,Bw6,Bw6,classified,N,SLRNLRG,Bw6,HLAtools_protein_alignment,IPD-IMGT/HLA 3.63.0,2026-02-19 18:49:27.959055
B*07:305,B*07:305,B,Bw6,Bw6,classified,N,SLRNLRG,Bw6,HLAtools_protein_alignment,IPD-IMGT/HLA 3.63.0,2026-02-19 18:49:27.959055
B*07:306,B*07:306,B,Bw6,Bw6,classified,N,SLRNLRG,Bw6,HLAtools_protein_alignment,IPD-IMGT/HLA 3.63.0,2026-02-19 18:49:27.959055
B*07:307,B*07:307,B,Bw6,Bw6,classified,N,SLRNLRG,Bw6,HLAtools_protein_alignment,IPD-IMGT/HLA 3.63.0,2026-02-19 18:49:27.959055
B*07:308,B*07:308,B,Bw6,Bw6,classified,N,SLRNLRG,Bw6,HLAtools_protein_alignment,IPD-IMGT/HLA 3.63.0,2026-02-19 18:49:27.959055
B*07:309,B*07:309,B,Bw6,Bw6,classified,N,SLRNLRG,Bw6,HLAtools_protein_alignment,IPD-IMGT/HLA 3.63.0,2026-02-19 18:49:27.959055
B*07:31,B*07:31,B,Bw6,Bw6,classified,N,SLRNLRG,Bw6,HLAtools_protein_alignment,IPD-IMGT/HLA 3.63.0,2026-02-19 18:49:27.959055
B*07:310,B*07:310,B,Bw6,Bw6,classified,N,SLRNLRG,Bw6,HLAtools_protein_alignment,IPD-IMGT/HLA 3.63.0,2026-02-19 18:49:27.959055
B*07:311,B*07:311,B,Bw6,Bw6,classified,N,SLRNLRG,Bw6,HLAtools_protein_alignment,IPD-IMGT/HLA 3.63.0,2026-02-19 18:49:27.959055
B*07:312,B*07:312,B,Bw6,Bw6,classified,N,SLRNLRG,Bw6,HLAtools_protein_alignment,IPD-IMGT/HLA 3.63.0,2026-02-19 18:49:27.959055
B*07:313,B*07:313,B,Bw6,Bw6,classified,N,SLRNLRG,Bw6,HLAtools_protein_alignment,IPD-IMGT/HLA 3.63.0,2026-02-19 18:49:27.959055
B*07:314,B*07:314,B,Bw6,Bw6,classified,N,SLRNLRG,Bw6,HLAtools_protein_alignment,IPD-IMGT/HLA 3.63.0,2026-02-19 18:49:27.959055
B*07:317,B*07:317,B,Bw6,Bw6,classified,N,SLRNLRG,Bw6,HLAtools_protein_alignment,IPD-IMGT/HLA 3.63.0,2026-02-19 18:49:27.959055
B*07:319,B*07:319,B,Bw6,Bw6,classified,N,SLRNLRG,Bw6,HLAtools_protein_alignment,IPD-IMGT/HLA 3.63.0,2026-02-19 18:49:27.959055
B*07:32,B*07:32,B,Bw6,Bw6,classified,N,SLRNLRG,Bw6,HLAtools_protein_alignment,IPD-IMGT/HLA 3.63.0,2026-02-19 18:49:27.959055
B*07:320,B*07:320,B,Bw6,Bw6,classified,N,SLRNLRG,Bw6,HLAtools_protein_alignment,IPD-IMGT/HLA 3.63.0,2026-02-19 18:49:27.959055
B*07:321,B*07:321,B,Bw6,Bw6,classified,N,SLRNLRG,Bw6,HLAtools_protein_alignment,IPD-IMGT/HLA 3.63.0,2026-02-19 18:49:27.959055
B*07:322,B*07:322,B,Bw6,Bw6,classified,N,SLRNLRG,Bw6,HLAtools_protein_alignment,IPD-IMGT/HLA 3.63.0,2026-02-19 18:49:27.959055
B*07:323,B*07:323,B,Bw6,Bw6,classified,N,SLRNLRG,Bw6,HLAtools_protein_alignment,IPD-IMGT/HLA 3.63.0,2026-02-19 18:49:27.959055
B*07:324,B*07:324,B,Bw6,Bw6,classified,N,SLRNLRG,Bw6,HLAtools_protein_alignment,IPD-IMGT/HLA 3.63.0,2026-02-19 18:49:27.959055
B*07:326,B*07:326,B,Bw6,Bw6,classified,N,SLRNLRG,Bw6,HLAtools_protein_alignment,IPD-IMGT/HLA 3.63.0,2026-02-19 18:49:27.959055
B*07:327,B*07:327,B,Bw6,Bw6,classified,N,SLRNLRG,Bw6,HLAtools_protein_alignment,IPD-IMGT/HLA 3.63.0,2026-02-19 18:49:27.959055
B*07:328,B*07:328,B,Bw6,Bw6,classified,N,SLRNLRG,Bw6,HLAtools_protein_alignment,IPD-IMGT/HLA 3.63.0,2026-02-19 18:49:27.959055
B*07:329,B*07:329,B,Bw6,Bw6,classified,N,SLRNLRG,Bw6,HLAtools_protein_alignment,IPD-IMGT/HLA 3.63.0,2026-02-19 18:49:27.959055
B*07:33,B*07:33,B,Bw6,Bw6,classified,N,SLRNLRG,Bw6,HLAtools_protein_alignment,IPD-IMGT/HLA 3.63.0,2026-02-19 18:49:27.959055
B*07:331,B*07:331,B,Bw6,Bw6,classified,N,SLRNLRG,Bw6,HLAtools_protein_alignment,IPD-IMGT/HLA 3.63.0,2026-02-19 18:49:27.959055
B*07:332,B*07:332,B,Bw6,Bw6,classified,N,SLRNLRG,Bw6,HLAtools_protein_alignment,IPD-IMGT/HLA 3.63.0,2026-02-19 18:49:27.959055
B*07:333,B*07:333,B,Bw6,Bw6,classified,N,SLRNLRG,Bw6,HLAtools_protein_alignment,IPD-IMGT/HLA 3.63.0,2026-02-19 18:49:27.959055
B*07:334,B*07:334,B,Bw6,Bw6,classified,N,SLRNLRG,Bw6,HLAtools_protein_alignment,IPD-IMGT/HLA 3.63.0,2026-02-19 18:49:27.959055
B*07:335,B*07:335,B,Bw6,Bw6,classified,N,SLRNLRG,Bw6,HLAtools_protein_alignment,IPD-IMGT/HLA 3.63.0,2026-02-19 18:49:27.959055
B*07:336,B*07:336,B,Bw6,Bw6,classified,N,SLRNLRG,Bw6,HLAtools_protein_alignment,IPD-IMGT/HLA 3.63.0,2026-02-19 18:49:27.959055
B*07:337,B*07:337,B,Bw6,Bw6,classified,N,SLRNLRG,Bw6,HLAtools_protein_alignment,IPD-IMGT/HLA 3.63.0,2026-02-19 18:49:27.959055
B*07:338,B*07:338,B,Bw6,Bw6,classified,N,SLRNLRG,Bw6,HLAtools_protein_alignment,IPD-IMGT/HLA 3.63.0,2026-02-19 18:49:27.959055
B*07:339,B*07:339,B,Bw6,Bw6,classified,N,SLRNLRG,Bw6,HLAtools_protein_alignment,IPD-IMGT/HLA 3.63.0,2026-02-19 18:49:27.959055
B*07:34,B*07:34,B,Bw6,Bw6,classified,N,SLRNLRG,Bw6,HLAtools_protein_alignment,IPD-IMGT/HLA 3.63.0,2026-02-19 18:49:27.959055
B*07:340,B*07:340,B,Bw6,Bw6,classified,N,NLRNLRG,NA,HLAtools_protein_alignment,IPD-IMGT/HLA 3.63.0,2026-02-19 18:49:27.959055
B*07:341,B*07:341,B,Bw6,Bw6,classified,N,SLRNLRG,Bw6,HLAtools_protein_alignment,IPD-IMGT/HLA 3.63.0,2026-02-19 18:49:27.959055
B*07:342,B*07:342,B,Bw6,Bw6,classified,N,SLRNLRG,Bw6,HLAtools_protein_alignment,IPD-IMGT/HLA 3.63.0,2026-02-19 18:49:27.959055
B*07:344,B*07:344,B,Bw6,Bw6,classified,N,SLRNLRG,Bw6,HLAtools_protein_alignment,IPD-IMGT/HLA 3.63.0,2026-02-19 18:49:27.959055
B*07:345,B*07:345,B,Bw6,Bw6,classified,N,SLRNLRG,Bw6,HLAtools_protein_alignment,IPD-IMGT/HLA 3.63.0,2026-02-19 18:49:27.959055
B*07:346,B*07:346,B,Bw6,Bw6,classified,N,SLRNLRG,Bw6,HLAtools_protein_alignment,IPD-IMGT/HLA 3.63.0,2026-02-19 18:49:27.959055
B*07:347,B*07:347,B,Bw6,Bw6,classified,N,SLRNLRG,Bw6,HLAtools_protein_alignment,IPD-IMGT/HLA 3.63.0,2026-02-19 18:49:27.959055
B*07:348,B*07:348,B,Bw6,Bw6,classified,N,SLRNLRG,Bw6,HLAtools_protein_alignment,IPD-IMGT/HLA 3.63.0,2026-02-19 18:49:27.959055
B*07:349,B*07:349,B,Bw6,Bw6,classified,N,SLRNLRG,Bw6,HLAtools_protein_alignment,IPD-IMGT/HLA 3.63.0,2026-02-19 18:49:27.959055
B*07:35,B*07:35,B,Bw6,Bw6,classified,N,SLRNLRG,Bw6,HLAtools_protein_alignment,IPD-IMGT/HLA 3.63.0,2026-02-19 18:49:27.959055
B*07:350,B*07:350,B,Bw6,Bw6,classified,N,SLRNLRG,Bw6,HLAtools_protein_alignment,IPD-IMGT/HLA 3.63.0,2026-02-19 18:49:27.959055
B*07:352,B*07:352,B,Bw6,Bw6,classified,N,SLRNLRG,Bw6,HLAtools_protein_alignment,IPD-IMGT/HLA 3.63.0,2026-02-19 18:49:27.959055
B*07:353,B*07:353,B,Bw6,Bw6,classified,N,SLRNLRG,Bw6,HLAtools_protein_alignment,IPD-IMGT/HLA 3.63.0,2026-02-19 18:49:27.959055
B*07:354,B*07:354,B,Bw6,Bw6,classified,N,SLRNLRG,Bw6,HLAtools_protein_alignment,IPD-IMGT/HLA 3.63.0,2026-02-19 18:49:27.959055
B*07:355,B*07:355,B,Bw6,Bw6,classified,N,SLRNLRG,Bw6,HLAtools_protein_alignment,IPD-IMGT/HLA 3.63.0,2026-02-19 18:49:27.959055
B*07:356,B*07:356,B,Bw6,Bw6,classified,N,SLRNLRG,Bw6,HLAtools_protein_alignment,IPD-IMGT/HLA 3.63.0,2026-02-19 18:49:27.959055
B*07:357,B*07:357,B,Bw6,Bw6,classified,N,SLRNLRG,Bw6,HLAtools_protein_alignment,IPD-IMGT/HLA 3.63.0,2026-02-19 18:49:27.959055
B*07:358,B*07:358,B,Bw6,Bw6,classified,N,SLRNLRG,Bw6,HLAtools_protein_alignment,IPD-IMGT/HLA 3.63.0,2026-02-19 18:49:27.959055
B*07:359,B*07:359,B,Bw6,Bw6,classified,N,SLRNLRG,Bw6,HLAtools_protein_alignment,IPD-IMGT/HLA 3.63.0,2026-02-19 18:49:27.959055
B*07:36,B*07:36,B,Bw4 - 80I,Bw4_80I,classified,I,NLRIALR,Bw4 - 80I,HLAtools_protein_alignment,IPD-IMGT/HLA 3.63.0,2026-02-19 18:49:27.959055
B*07:360Q,B*07:360Q,B,Bw6,Bw6,classified,N,SLRNLRG,NA,HLAtools_protein_alignment,IPD-IMGT/HLA 3.63.0,2026-02-19 18:49:27.959055
B*07:361,B*07:361,B,Bw6,Bw6,classified,N,SLRNLRG,Bw6,HLAtools_protein_alignment,IPD-IMGT/HLA 3.63.0,2026-02-19 18:49:27.959055
B*07:362,B*07:362,B,Bw6,Bw6,classified,N,SLRNLRG,Bw6,HLAtools_protein_alignment,IPD-IMGT/HLA 3.63.0,2026-02-19 18:49:27.959055
B*07:363,B*07:363,B,Bw6,Bw6,classified,N,SLRNLRG,Bw6,HLAtools_protein_alignment,IPD-IMGT/HLA 3.63.0,2026-02-19 18:49:27.959055
B*07:364,B*07:364,B,Bw6,Bw6,classified,N,SLRNLRG,Bw6,HLAtools_protein_alignment,IPD-IMGT/HLA 3.63.0,2026-02-19 18:49:27.959055
B*07:365,B*07:365,B,Bw6,Bw6,classified,N,SLRNLRG,Bw6,HLAtools_protein_alignment,IPD-IMGT/HLA 3.63.0,2026-02-19 18:49:27.959055
B*07:366,B*07:366,B,Bw6,Bw6,classified,N,SLRNLRG,Bw6,HLAtools_protein_alignment,IPD-IMGT/HLA 3.63.0,2026-02-19 18:49:27.959055
B*07:367,B*07:367,B,Bw6,Bw6,classified,N,SLRNLRG,Bw6,HLAtools_protein_alignment,IPD-IMGT/HLA 3.63.0,2026-02-19 18:49:27.959055
B*07:368,B*07:368,B,Bw6,Bw6,classified,N,SLRNLRG,Bw6,HLAtools_protein_alignment,IPD-IMGT/HLA 3.63.0,2026-02-19 18:49:27.959055
B*07:369,B*07:369,B,Bw6,Bw6,classified,N,SLRNLRG,Bw6,HLAtools_protein_alignment,IPD-IMGT/HLA 3.63.0,2026-02-19 18:49:27.959055
B*07:37,B*07:37,B,Bw6,Bw6,classified,N,SLRNLRG,Bw6,HLAtools_protein_alignment,IPD-IMGT/HLA 3.63.0,2026-02-19 18:49:27.959055
B*07:370,B*07:370,B,Bw6,Bw6,classified,N,SLRNLRG,Bw6,HLAtools_protein_alignment,IPD-IMGT/HLA 3.63.0,2026-02-19 18:49:27.959055
B*07:371,B*07:371,B,Bw6,Bw6,classified,N,SLRNLRG,Bw6,HLAtools_protein_alignment,IPD-IMGT/HLA 3.63.0,2026-02-19 18:49:27.959055
B*07:372,B*07:372,B,Bw6,Bw6,classified,N,SLRNLRG,Bw6,HLAtools_protein_alignment,IPD-IMGT/HLA 3.63.0,2026-02-19 18:49:27.959055
B*07:375,B*07:375,B,Bw6,Bw6,classified,N,SLRNLRG,Bw6,HLAtools_protein_alignment,IPD-IMGT/HLA 3.63.0,2026-02-19 18:49:27.959055
B*07:376,B*07:376,B,Bw6,Bw6,classified,N,SLRNLRG,Bw6,HLAtools_protein_alignment,IPD-IMGT/HLA 3.63.0,2026-02-19 18:49:27.959055
B*07:377,B*07:377,B,Bw6,Bw6,classified,N,SLRNLRG,Bw6,HLAtools_protein_alignment,IPD-IMGT/HLA 3.63.0,2026-02-19 18:49:27.959055
B*07:378,B*07:378,B,Bw6,Bw6,classified,N,SLRNLRG,Bw6,HLAtools_protein_alignment,IPD-IMGT/HLA 3.63.0,2026-02-19 18:49:27.959055
B*07:379,B*07:379,B,Bw6,Bw6,classified,N,SLRNLRG,Bw6,HLAtools_protein_alignment,IPD-IMGT/HLA 3.63.0,2026-02-19 18:49:27.959055
B*07:38,B*07:38,B,Bw4 - 80I,Bw4_80I,classified,I,NLRIALR,Bw4 - 80I,HLAtools_protein_alignment,IPD-IMGT/HLA 3.63.0,2026-02-19 18:49:27.959055
B*07:380,B*07:380,B,Bw6,Bw6,classified,N,SLRNLRG,Bw6,HLAtools_protein_alignment,IPD-IMGT/HLA 3.63.0,2026-02-19 18:49:27.959055
B*07:381,B*07:381,B,Bw6,Bw6,classified,N,SLRNLRG,Bw6,HLAtools_protein_alignment,IPD-IMGT/HLA 3.63.0,2026-02-19 18:49:27.959055
B*07:382,B*07:382,B,Bw6,Bw6,classified,N,SLRNLRG,Bw6,HLAtools_protein_alignment,IPD-IMGT/HLA 3.63.0,2026-02-19 18:49:27.959055
B*07:383,B*07:383,B,Bw6,Bw6,classified,N,SLRNLRG,Bw6,HLAtools_protein_alignment,IPD-IMGT/HLA 3.63.0,2026-02-19 18:49:27.959055
B*07:384,B*07:384,B,Bw6,Bw6,classified,N,SLRNLRG,Bw6,HLAtools_protein_alignment,IPD-IMGT/HLA 3.63.0,2026-02-19 18:49:27.959055
B*07:385,B*07:385,B,Bw6,Bw6,classified,N,SLRNLRG,Bw6,HLAtools_protein_alignment,IPD-IMGT/HLA 3.63.0,2026-02-19 18:49:27.959055
B*07:387,B*07:387,B,Bw6,Bw6,classified,N,SLRNLRG,Bw6,HLAtools_protein_alignment,IPD-IMGT/HLA 3.63.0,2026-02-19 18:49:27.959055
B*07:388,B*07:388,B,Bw6,Bw6,classified,N,SLRNLRG,Bw6,HLAtools_protein_alignment,IPD-IMGT/HLA 3.63.0,2026-02-19 18:49:27.959055
B*07:389,B*07:389,B,Bw6,Bw6,classified,N,SLRNLRG,Bw6,HLAtools_protein_alignment,IPD-IMGT/HLA 3.63.0,2026-02-19 18:49:27.959055
B*07:39,B*07:39,B,Bw6,Bw6,classified,N,SLRNLRG,Bw6,HLAtools_protein_alignment,IPD-IMGT/HLA 3.63.0,2026-02-19 18:49:27.959055
B*07:390,B*07:390,B,Bw6,Bw6,classified,N,SLRNLRG,Bw6,HLAtools_protein_alignment,IPD-IMGT/HLA 3.63.0,2026-02-19 18:49:27.959055
B*07:391,B*07:391,B,Bw6,Bw6,classified,N,SLRNLRG,Bw6,HLAtools_protein_alignment,IPD-IMGT/HLA 3.63.0,2026-02-19 18:49:27.959055
B*07:392,B*07:392,B,Bw6,Bw6,classified,N,SLRNLRG,Bw6,HLAtools_protein_alignment,IPD-IMGT/HLA 3.63.0,2026-02-19 18:49:27.959055
B*07:393,B*07:393,B,Bw6,Bw6,classified,N,SLRNLRG,Bw6,HLAtools_protein_alignment,IPD-IMGT/HLA 3.63.0,2026-02-19 18:49:27.959055
B*07:394,B*07:394,B,Bw6,Bw6,classified,N,SLRNLRG,Bw6,HLAtools_protein_alignment,IPD-IMGT/HLA 3.63.0,2026-02-19 18:49:27.959055
B*07:395,B*07:395,B,Bw6,Bw6,classified,N,SLRNLRG,Bw6,HLAtools_protein_alignment,IPD-IMGT/HLA 3.63.0,2026-02-19 18:49:27.959055
B*07:396,B*07:396,B,Bw6,Bw6,classified,N,SLRNLRG,Bw6,HLAtools_protein_alignment,IPD-IMGT/HLA 3.63.0,2026-02-19 18:49:27.959055
B*07:397,B*07:397,B,Bw6,Bw6,classified,N,SLRNLRG,Bw6,HLAtools_protein_alignment,IPD-IMGT/HLA 3.63.0,2026-02-19 18:49:27.959055
B*07:398,B*07:398,B,Bw6,Bw6,classified,N,SLRNLRG,Bw6,HLAtools_protein_alignment,IPD-IMGT/HLA 3.63.0,2026-02-19 18:49:27.959055
B*07:399,B*07:399,B,Bw6,Bw6,classified,N,SLRNLRG,Bw6,HLAtools_protein_alignment,IPD-IMGT/HLA 3.63.0,2026-02-19 18:49:27.959055
B*07:40,B*07:40,B,Bw6,Bw6,classified,N,SLRNLRG,Bw6,HLAtools_protein_alignment,IPD-IMGT/HLA 3.63.0,2026-02-19 18:49:27.959055
B*07:400,B*07:400,B,Bw6,Bw6,classified,N,SLRNLRG,Bw6,HLAtools_protein_alignment,IPD-IMGT/HLA 3.63.0,2026-02-19 18:49:27.959055
B*07:401,B*07:401,B,Bw6,Bw6,classified,N,SLRNLRG,Bw6,HLAtools_protein_alignment,IPD-IMGT/HLA 3.63.0,2026-02-19 18:49:27.959055
B*07:402,B*07:402,B,Bw6,Bw6,classified,N,SLRNLRG,Bw6,HLAtools_protein_alignment,IPD-IMGT/HLA 3.63.0,2026-02-19 18:49:27.959055
B*07:403,B*07:403,B,Bw6,Bw6,classified,N,SLRNLRG,Bw6,HLAtools_protein_alignment,IPD-IMGT/HLA 3.63.0,2026-02-19 18:49:27.959055
B*07:404,B*07:404,B,Bw6,Bw6,classified,N,SLRNLRG,Bw6,HLAtools_protein_alignment,IPD-IMGT/HLA 3.63.0,2026-02-19 18:49:27.959055
B*07:405,B*07:405,B,Bw6,Bw6,classified,N,SLRNLRG,Bw6,HLAtools_protein_alignment,IPD-IMGT/HLA 3.63.0,2026-02-19 18:49:27.959055
B*07:406,B*07:406,B,Bw6,Bw6,classified,N,SLRNLRG,Bw6,HLAtools_protein_alignment,IPD-IMGT/HLA 3.63.0,2026-02-19 18:49:27.959055
B*07:407,B*07:407,B,Bw6,Bw6,classified,N,SLRNLRG,Bw6,HLAtools_protein_alignment,IPD-IMGT/HLA 3.63.0,2026-02-19 18:49:27.959055
B*07:408,B*07:408,B,Bw6,Bw6,classified,N,SLRNLRG,Bw6,HLAtools_protein_alignment,IPD-IMGT/HLA 3.63.0,2026-02-19 18:49:27.959055
B*07:409,B*07:409,B,Bw6,Bw6,classified,N,SLRNLRG,Bw6,HLAtools_protein_alignment,IPD-IMGT/HLA 3.63.0,2026-02-19 18:49:27.959055
B*07:41,B*07:41,B,Bw6,Bw6,classified,N,SLRNLRG,Bw6,HLAtools_protein_alignment,IPD-IMGT/HLA 3.63.0,2026-02-19 18:49:27.959055
B*07:410,B*07:410,B,Bw6,Bw6,classified,N,SLRNLRG,Bw6,HLAtools_protein_alignment,IPD-IMGT/HLA 3.63.0,2026-02-19 18:49:27.959055
B*07:411,B*07:411,B,Bw6,Bw6,classified,N,SLRNLRG,Bw6,HLAtools_protein_alignment,IPD-IMGT/HLA 3.63.0,2026-02-19 18:49:27.959055
B*07:412,B*07:412,B,Bw6,Bw6,classified,N,SLRNLRG,Bw6,HLAtools_protein_alignment,IPD-IMGT/HLA 3.63.0,2026-02-19 18:49:27.959055
B*07:413,B*07:413,B,Bw6,Bw6,classified,N,SLRNLRG,Bw6,HLAtools_protein_alignment,IPD-IMGT/HLA 3.63.0,2026-02-19 18:49:27.959055
B*07:414,B*07:414,B,Bw6,Bw6,classified,N,SLRNLRG,Bw6,HLAtools_protein_alignment,IPD-IMGT/HLA 3.63.0,2026-02-19 18:49:27.959055
B*07:416,B*07:416,B,Bw6,Bw6,classified,N,SLRNLRG,Bw6,HLAtools_protein_alignment,IPD-IMGT/HLA 3.63.0,2026-02-19 18:49:27.959055
B*07:417,B*07:417,B,Bw6,Bw6,classified,N,SLRNLRG,Bw6,HLAtools_protein_alignment,IPD-IMGT/HLA 3.63.0,2026-02-19 18:49:27.959055
B*07:418,B*07:418,B,Bw6,Bw6,classified,N,SLRNLRG,Bw6,HLAtools_protein_alignment,IPD-IMGT/HLA 3.63.0,2026-02-19 18:49:27.959055
B*07:419,B*07:419,B,Bw6,Bw6,classified,N,SLRNLRG,Bw6,HLAtools_protein_alignment,IPD-IMGT/HLA 3.63.0,2026-02-19 18:49:27.959055
B*07:42,B*07:42,B,Bw6,Bw6,classified,N,SLRNLRG,Bw6,HLAtools_protein_alignment,IPD-IMGT/HLA 3.63.0,2026-02-19 18:49:27.959055
B*07:420,B*07:420,B,Bw6,Bw6,classified,N,SLRNLRG,Bw6,HLAtools_protein_alignment,IPD-IMGT/HLA 3.63.0,2026-02-19 18:49:27.959055
B*07:421,B*07:421,B,Bw6,Bw6,classified,N,SLRNLRG,Bw6,HLAtools_protein_alignment,IPD-IMGT/HLA 3.63.0,2026-02-19 18:49:27.959055
B*07:422,B*07:422,B,Bw6,Bw6,classified,N,SLRNLRG,Bw6,HLAtools_protein_alignment,IPD-IMGT/HLA 3.63.0,2026-02-19 18:49:27.959055
B*07:423,B*07:423,B,Bw6,Bw6,classified,N,SLRNLRG,Bw6,HLAtools_protein_alignment,IPD-IMGT/HLA 3.63.0,2026-02-19 18:49:27.959055
B*07:424,B*07:424,B,Bw6,Bw6,classified,N,SLRNLRG,Bw6,HLAtools_protein_alignment,IPD-IMGT/HLA 3.63.0,2026-02-19 18:49:27.959055
B*07:426Q,B*07:426Q,B,Bw6,Bw6,classified,N,SLRNLRG,NA,HLAtools_protein_alignment,IPD-IMGT/HLA 3.63.0,2026-02-19 18:49:27.959055
B*07:427,B*07:427,B,Bw6,Bw6,classified,N,SLRNLRG,Bw6,HLAtools_protein_alignment,IPD-IMGT/HLA 3.63.0,2026-02-19 18:49:27.959055
B*07:428,B*07:428,B,Bw6,Bw6,classified,N,SLRNLRG,Bw6,HLAtools_protein_alignment,IPD-IMGT/HLA 3.63.0,2026-02-19 18:49:27.959055
B*07:429,B*07:429,B,Bw6,Bw6,classified,N,SLRNLRG,Bw6,HLAtools_protein_alignment,IPD-IMGT/HLA 3.63.0,2026-02-19 18:49:27.959055
B*07:43,B*07:43,B,Bw6,Bw6,classified,N,SLRNLRG,Bw6,HLAtools_protein_alignment,IPD-IMGT/HLA 3.63.0,2026-02-19 18:49:27.959055
B*07:430,B*07:430,B,Bw6,Bw6,classified,N,SLRNLRG,Bw6,HLAtools_protein_alignment,IPD-IMGT/HLA 3.63.0,2026-02-19 18:49:27.959055
B*07:431,B*07:431,B,Bw6,Bw6,classified,N,SLRNLRG,Bw6,HLAtools_protein_alignment,IPD-IMGT/HLA 3.63.0,2026-02-19 18:49:27.959055
B*07:432,B*07:432,B,Bw6,Bw6,classified,N,SLRNLRG,Bw6,HLAtools_protein_alignment,IPD-IMGT/HLA 3.63.0,2026-02-19 18:49:27.959055
B*07:433,B*07:433,B,Bw6,Bw6,classified,N,SLRNLRG,Bw6,HLAtools_protein_alignment,IPD-IMGT/HLA 3.63.0,2026-02-19 18:49:27.959055
B*07:434,B*07:434,B,Bw6,Bw6,classified,N,SLRNLRG,Bw6,HLAtools_protein_alignment,IPD-IMGT/HLA 3.63.0,2026-02-19 18:49:27.959055
B*07:436,B*07:436,B,Bw6,Bw6,classified,N,SLRNLRG,Bw6,HLAtools_protein_alignment,IPD-IMGT/HLA 3.63.0,2026-02-19 18:49:27.959055
B*07:437,B*07:437,B,Bw6,Bw6,classified,N,SLRNLRG,Bw6,HLAtools_protein_alignment,IPD-IMGT/HLA 3.63.0,2026-02-19 18:49:27.959055
B*07:438,B*07:438,B,Bw6,Bw6,classified,N,SLRNLRG,Bw6,HLAtools_protein_alignment,IPD-IMGT/HLA 3.63.0,2026-02-19 18:49:27.959055
B*07:439,B*07:439,B,Bw6,Bw6,classified,N,SLRNLRG,Bw6,HLAtools_protein_alignment,IPD-IMGT/HLA 3.63.0,2026-02-19 18:49:27.959055
B*07:440,B*07:440,B,Bw6,Bw6,classified,N,SLRNLRG,Bw6,HLAtools_protein_alignment,IPD-IMGT/HLA 3.63.0,2026-02-19 18:49:27.959055
B*07:441,B*07:441,B,Bw6,Bw6,classified,N,SLRNLRG,Bw6,HLAtools_protein_alignment,IPD-IMGT/HLA 3.63.0,2026-02-19 18:49:27.959055
B*07:442,B*07:442,B,Bw6,Bw6,classified,N,SLRNLRG,Bw6,HLAtools_protein_alignment,IPD-IMGT/HLA 3.63.0,2026-02-19 18:49:27.959055
B*07:443,B*07:443,B,Bw6,Bw6,classified,N,SLRNLRG,Bw6,HLAtools_protein_alignment,IPD-IMGT/HLA 3.63.0,2026-02-19 18:49:27.959055
B*07:444,B*07:444,B,Bw6,Bw6,classified,N,SLRNLRG,Bw6,HLAtools_protein_alignment,IPD-IMGT/HLA 3.63.0,2026-02-19 18:49:27.959055
B*07:445,B*07:445,B,Bw6,Bw6,classified,N,SLRNLRG,Bw6,HLAtools_protein_alignment,IPD-IMGT/HLA 3.63.0,2026-02-19 18:49:27.959055
B*07:447,B*07:447,B,Bw6,Bw6,classified,N,SLRNLRG,Bw6,HLAtools_protein_alignment,IPD-IMGT/HLA 3.63.0,2026-02-19 18:49:27.959055
B*07:448,B*07:448,B,Bw6,Bw6,classified,N,SLWNLRG,Bw6,HLAtools_protein_alignment,IPD-IMGT/HLA 3.63.0,2026-02-19 18:49:27.959055
B*07:449,B*07:449,B,Bw6,Bw6,classified,N,SLRNLRG,Bw6,HLAtools_protein_alignment,IPD-IMGT/HLA 3.63.0,2026-02-19 18:49:27.959055
B*07:45,B*07:45,B,Bw6,Bw6,classified,N,SLRNLRG,Bw6,HLAtools_protein_alignment,IPD-IMGT/HLA 3.63.0,2026-02-19 18:49:27.959055
B*07:450,B*07:450,B,Bw6,Bw6,classified,N,SLRNLRG,Bw6,HLAtools_protein_alignment,IPD-IMGT/HLA 3.63.0,2026-02-19 18:49:27.959055
B*07:451,B*07:451,B,Bw6,Bw6,classified,N,SLRNLRG,Bw6,HLAtools_protein_alignment,IPD-IMGT/HLA 3.63.0,2026-02-19 18:49:27.959055
B*07:452,B*07:452,B,Bw6,Bw6,classified,N,SLRNLRG,Bw6,HLAtools_protein_alignment,IPD-IMGT/HLA 3.63.0,2026-02-19 18:49:27.959055
B*07:453,B*07:453,B,Bw4 - 80T,Bw4_80T,classified,T,NLRTALR,Bw4 - 80T,HLAtools_protein_alignment,IPD-IMGT/HLA 3.63.0,2026-02-19 18:49:27.959055
B*07:454,B*07:454,B,Bw6,Bw6,classified,N,SLRNLRG,Bw6,HLAtools_protein_alignment,IPD-IMGT/HLA 3.63.0,2026-02-19 18:49:27.959055
B*07:455,B*07:455,B,Bw6,Bw6,classified,N,SLRNLRG,Bw6,HLAtools_protein_alignment,IPD-IMGT/HLA 3.63.0,2026-02-19 18:49:27.959055
B*07:456,B*07:456,B,Bw6,Bw6,classified,N,SLRNLRG,Bw6,HLAtools_protein_alignment,IPD-IMGT/HLA 3.63.0,2026-02-19 18:49:27.959055
B*07:457,B*07:457,B,Bw6,Bw6,classified,N,SLRNLRG,Bw6,HLAtools_protein_alignment,IPD-IMGT/HLA 3.63.0,2026-02-19 18:49:27.959055
B*07:458,B*07:458,B,Bw6,Bw6,classified,N,SLRNLRG,Bw6,HLAtools_protein_alignment,IPD-IMGT/HLA 3.63.0,2026-02-19 18:49:27.959055
B*07:459,B*07:459,B,Bw6,Bw6,classified,N,SLRNLRG,Bw6,HLAtools_protein_alignment,IPD-IMGT/HLA 3.63.0,2026-02-19 18:49:27.959055
B*07:46,B*07:46,B,Bw6,Bw6,classified,N,SLRNLRG,Bw6,HLAtools_protein_alignment,IPD-IMGT/HLA 3.63.0,2026-02-19 18:49:27.959055
B*07:461,B*07:461,B,Bw6,Bw6,classified,N,SLRNLRG,Bw6,HLAtools_protein_alignment,IPD-IMGT/HLA 3.63.0,2026-02-19 18:49:27.959055
B*07:462,B*07:462,B,Bw6,Bw6,classified,N,SLRNLRG,Bw6,HLAtools_protein_alignment,IPD-IMGT/HLA 3.63.0,2026-02-19 18:49:27.959055
B*07:463,B*07:463,B,Bw6,Bw6,classified,N,NLRNLRG,NA,HLAtools_protein_alignment,IPD-IMGT/HLA 3.63.0,2026-02-19 18:49:27.959055
B*07:464,B*07:464,B,Bw6,Bw6,classified,N,SLRNLRG,Bw6,HLAtools_protein_alignment,IPD-IMGT/HLA 3.63.0,2026-02-19 18:49:27.959055
B*07:465,B*07:465,B,Bw6,Bw6,classified,N,SLRNLRG,Bw6,HLAtools_protein_alignment,IPD-IMGT/HLA 3.63.0,2026-02-19 18:49:27.959055
B*07:466,B*07:466,B,Bw6,Bw6,classified,N,SLRNLRG,Bw6,HLAtools_protein_alignment,IPD-IMGT/HLA 3.63.0,2026-02-19 18:49:27.959055
B*07:467Q,B*07:467Q,B,Bw6,Bw6,classified,N,SLRNLRG,NA,HLAtools_protein_alignment,IPD-IMGT/HLA 3.63.0,2026-02-19 18:49:27.959055
B*07:47,B*07:47,B,Bw6,Bw6,classified,N,SLRNLRG,Bw6,HLAtools_protein_alignment,IPD-IMGT/HLA 3.63.0,2026-02-19 18:49:27.959055
B*07:470,B*07:470,B,Bw6,Bw6,classified,N,SLRNLRG,Bw6,HLAtools_protein_alignment,IPD-IMGT/HLA 3.63.0,2026-02-19 18:49:27.959055
B*07:471,B*07:471,B,Bw6,Bw6,classified,N,SLRNLRG,Bw6,HLAtools_protein_alignment,IPD-IMGT/HLA 3.63.0,2026-02-19 18:49:27.959055
B*07:473,B*07:473,B,Bw6,Bw6,classified,N,SLRNLRG,Bw6,HLAtools_protein_alignment,IPD-IMGT/HLA 3.63.0,2026-02-19 18:49:27.959055
B*07:474,B*07:474,B,Bw6,Bw6,classified,N,SLRNLRG,Bw6,HLAtools_protein_alignment,IPD-IMGT/HLA 3.63.0,2026-02-19 18:49:27.959055
B*07:475,B*07:475,B,Bw6,Bw6,classified,N,SLRNLRG,Bw6,HLAtools_protein_alignment,IPD-IMGT/HLA 3.63.0,2026-02-19 18:49:27.959055
B*07:476,B*07:476,B,Bw6,Bw6,classified,N,KLRNLRG,NA,HLAtools_protein_alignment,IPD-IMGT/HLA 3.63.0,2026-02-19 18:49:27.959055
B*07:477,B*07:477,B,Bw6,Bw6,classified,N,SLRNLRG,Bw6,HLAtools_protein_alignment,IPD-IMGT/HLA 3.63.0,2026-02-19 18:49:27.959055
B*07:478,B*07:478,B,Bw6,Bw6,classified,N,SLRNLRG,Bw6,HLAtools_protein_alignment,IPD-IMGT/HLA 3.63.0,2026-02-19 18:49:27.959055
B*07:48,B*07:48,B,Bw6,Bw6,classified,N,SLRNLRG,Bw6,HLAtools_protein_alignment,IPD-IMGT/HLA 3.63.0,2026-02-19 18:49:27.959055
B*07:480,B*07:480,B,Bw6,Bw6,classified,N,SLRNLRG,Bw6,HLAtools_protein_alignment,IPD-IMGT/HLA 3.63.0,2026-02-19 18:49:27.959055
B*07:482,B*07:482,B,Bw6,Bw6,classified,N,SLRNLRG,Bw6,HLAtools_protein_alignment,IPD-IMGT/HLA 3.63.0,2026-02-19 18:49:27.959055
B*07:483,B*07:483,B,Bw6,Bw6,classified,N,SLRNLRG,Bw6,HLAtools_protein_alignment,IPD-IMGT/HLA 3.63.0,2026-02-19 18:49:27.959055
B*07:484,B*07:484,B,Bw6,Bw6,classified,N,SLRNLRG,Bw6,HLAtools_protein_alignment,IPD-IMGT/HLA 3.63.0,2026-02-19 18:49:27.959055
B*07:485,B*07:485,B,Bw6,Bw6,classified,N,SLRNLRG,Bw6,HLAtools_protein_alignment,IPD-IMGT/HLA 3.63.0,2026-02-19 18:49:27.959055
B*07:486,B*07:486,B,Bw6,Bw6,classified,N,SLRNLRG,Bw6,HLAtools_protein_alignment,IPD-IMGT/HLA 3.63.0,2026-02-19 18:49:27.959055
B*07:487,B*07:487,B,Bw6,Bw6,classified,N,SLRNLRG,Bw6,HLAtools_protein_alignment,IPD-IMGT/HLA 3.63.0,2026-02-19 18:49:27.959055
B*07:488,B*07:488,B,Bw6,Bw6,classified,N,SLRNLRG,Bw6,HLAtools_protein_alignment,IPD-IMGT/HLA 3.63.0,2026-02-19 18:49:27.959055
B*07:489,B*07:489,B,Bw6,Bw6,classified,N,SLRNLRG,Bw6,HLAtools_protein_alignment,IPD-IMGT/HLA 3.63.0,2026-02-19 18:49:27.959055
B*07:490,B*07:490,B,Bw6,Bw6,classified,N,SLRNLRG,Bw6,HLAtools_protein_alignment,IPD-IMGT/HLA 3.63.0,2026-02-19 18:49:27.959055
B*07:491,B*07:491,B,Bw6,Bw6,classified,N,SLRNLRG,Bw6,HLAtools_protein_alignment,IPD-IMGT/HLA 3.63.0,2026-02-19 18:49:27.959055
B*07:492,B*07:492,B,Bw6,Bw6,classified,N,SLRNLRG,Bw6,HLAtools_protein_alignment,IPD-IMGT/HLA 3.63.0,2026-02-19 18:49:27.959055
B*07:493,B*07:493,B,Bw6,Bw6,classified,N,SLRNLRG,Bw6,HLAtools_protein_alignment,IPD-IMGT/HLA 3.63.0,2026-02-19 18:49:27.959055
B*07:494,B*07:494,B,Bw6,Bw6,classified,N,SLRNLRG,Bw6,HLAtools_protein_alignment,IPD-IMGT/HLA 3.63.0,2026-02-19 18:49:27.959055
B*07:495,B*07:495,B,Bw6,Bw6,classified,N,SLRNLRG,Bw6,HLAtools_protein_alignment,IPD-IMGT/HLA 3.63.0,2026-02-19 18:49:27.959055
B*07:496,B*07:496,B,Bw6,Bw6,classified,N,SLRNLRG,Bw6,HLAtools_protein_alignment,IPD-IMGT/HLA 3.63.0,2026-02-19 18:49:27.959055
B*07:497,B*07:497,B,Bw6,Bw6,classified,N,SLRNLRG,Bw6,HLAtools_protein_alignment,IPD-IMGT/HLA 3.63.0,2026-02-19 18:49:27.959055
B*07:498,B*07:498,B,Bw6,Bw6,classified,N,SLRNLRG,Bw6,HLAtools_protein_alignment,IPD-IMGT/HLA 3.63.0,2026-02-19 18:49:27.959055
B*07:499,B*07:499,B,Bw6,Bw6,classified,N,SLRNLRG,Bw6,HLAtools_protein_alignment,IPD-IMGT/HLA 3.63.0,2026-02-19 18:49:27.959055
B*07:50,B*07:50,B,Bw6,Bw6,classified,N,SLRNLRG,Bw6,HLAtools_protein_alignment,IPD-IMGT/HLA 3.63.0,2026-02-19 18:49:27.959055
B*07:500,B*07:500,B,Bw6,Bw6,classified,N,SLRNLRG,Bw6,HLAtools_protein_alignment,IPD-IMGT/HLA 3.63.0,2026-02-19 18:49:27.959055
B*07:501,B*07:501,B,Bw6,Bw6,classified,N,SLRNLRG,Bw6,HLAtools_protein_alignment,IPD-IMGT/HLA 3.63.0,2026-02-19 18:49:27.959055
B*07:502,B*07:502,B,Bw6,Bw6,classified,N,SLRNLRG,Bw6,HLAtools_protein_alignment,IPD-IMGT/HLA 3.63.0,2026-02-19 18:49:27.959055
B*07:503,B*07:503,B,Bw6,Bw6,classified,N,SLRNLRG,Bw6,HLAtools_protein_alignment,IPD-IMGT/HLA 3.63.0,2026-02-19 18:49:27.959055
B*07:504,B*07:504,B,Bw6,Bw6,classified,N,SLRNLRG,Bw6,HLAtools_protein_alignment,IPD-IMGT/HLA 3.63.0,2026-02-19 18:49:27.959055
B*07:505,B*07:505,B,Bw6,Bw6,classified,N,SLRNLRG,Bw6,HLAtools_protein_alignment,IPD-IMGT/HLA 3.63.0,2026-02-19 18:49:27.959055
B*07:506,B*07:506,B,Bw6,Bw6,classified,N,SLRNLRG,Bw6,HLAtools_protein_alignment,IPD-IMGT/HLA 3.63.0,2026-02-19 18:49:27.959055
B*07:507,B*07:507,B,Bw6,Bw6,classified,N,SLRNLRG,Bw6,HLAtools_protein_alignment,IPD-IMGT/HLA 3.63.0,2026-02-19 18:49:27.959055
B*07:508,B*07:508,B,Bw6,Bw6,classified,N,SLRNLRG,Bw6,HLAtools_protein_alignment,IPD-IMGT/HLA 3.63.0,2026-02-19 18:49:27.959055
B*07:51,B*07:51,B,Bw6,Bw6,classified,N,SLRNLRG,Bw6,HLAtools_protein_alignment,IPD-IMGT/HLA 3.63.0,2026-02-19 18:49:27.959055
B*07:510,B*07:510,B,Bw6,Bw6,classified,N,SLRNLRG,Bw6,HLAtools_protein_alignment,IPD-IMGT/HLA 3.63.0,2026-02-19 18:49:27.959055
B*07:511,B*07:511,B,Bw6,Bw6,classified,N,SLRNLRG,Bw6,HLAtools_protein_alignment,IPD-IMGT/HLA 3.63.0,2026-02-19 18:49:27.959055
B*07:512,B*07:512,B,Bw6,Bw6,classified,N,SLRNLRG,Bw6,HLAtools_protein_alignment,IPD-IMGT/HLA 3.63.0,2026-02-19 18:49:27.959055
B*07:513,B*07:513,B,Bw6,Bw6,classified,N,SLRNLRG,Bw6,HLAtools_protein_alignment,IPD-IMGT/HLA 3.63.0,2026-02-19 18:49:27.959055
B*07:514,B*07:514,B,Bw6,Bw6,classified,N,SLRNLRG,Bw6,HLAtools_protein_alignment,IPD-IMGT/HLA 3.63.0,2026-02-19 18:49:27.959055
B*07:515,B*07:515,B,Bw6,Bw6,classified,N,SLRNLRG,Bw6,HLAtools_protein_alignment,IPD-IMGT/HLA 3.63.0,2026-02-19 18:49:27.959055
B*07:516,B*07:516,B,Bw6,Bw6,classified,N,SLRNLRG,Bw6,HLAtools_protein_alignment,IPD-IMGT/HLA 3.63.0,2026-02-19 18:49:27.959055
B*07:517,B*07:517,B,Bw6,Bw6,classified,N,SLRNLRG,Bw6,HLAtools_protein_alignment,IPD-IMGT/HLA 3.63.0,2026-02-19 18:49:27.959055
B*07:518,B*07:518,B,Bw6,Bw6,classified,N,SLRNLRG,Bw6,HLAtools_protein_alignment,IPD-IMGT/HLA 3.63.0,2026-02-19 18:49:27.959055
B*07:519,B*07:519,B,Bw6,Bw6,classified,N,SLRNLRG,Bw6,HLAtools_protein_alignment,IPD-IMGT/HLA 3.63.0,2026-02-19 18:49:27.959055
B*07:52,B*07:52,B,Bw6,Bw6,classified,N,SLRNLRG,Bw6,HLAtools_protein_alignment,IPD-IMGT/HLA 3.63.0,2026-02-19 18:49:27.959055
B*07:521,B*07:521,B,Bw6,Bw6,classified,N,SLRNLRG,Bw6,HLAtools_protein_alignment,IPD-IMGT/HLA 3.63.0,2026-02-19 18:49:27.959055
B*07:522,B*07:522,B,Bw6,Bw6,classified,N,SLRNLRG,Bw6,HLAtools_protein_alignment,IPD-IMGT/HLA 3.63.0,2026-02-19 18:49:27.959055
B*07:523,B*07:523,B,Bw6,Bw6,classified,N,SLRNLRG,Bw6,HLAtools_protein_alignment,IPD-IMGT/HLA 3.63.0,2026-02-19 18:49:27.959055
B*07:524,B*07:524,B,Bw6,Bw6,classified,N,SLRNLRG,Bw6,HLAtools_protein_alignment,IPD-IMGT/HLA 3.63.0,2026-02-19 18:49:27.959055
B*07:525,B*07:525,B,Bw6,Bw6,classified,N,SLRNLRG,Bw6,HLAtools_protein_alignment,IPD-IMGT/HLA 3.63.0,2026-02-19 18:49:27.959055
B*07:527,B*07:527,B,Bw6,Bw6,classified,N,SLRNLRG,Bw6,HLAtools_protein_alignment,IPD-IMGT/HLA 3.63.0,2026-02-19 18:49:27.959055
B*07:528,B*07:528,B,Bw6,Bw6,classified,N,SLRNLRG,Bw6,HLAtools_protein_alignment,IPD-IMGT/HLA 3.63.0,2026-02-19 18:49:27.959055
B*07:529,B*07:529,B,Bw6,Bw6,classified,N,SLRNLRG,Bw6,HLAtools_protein_alignment,IPD-IMGT/HLA 3.63.0,2026-02-19 18:49:27.959055
B*07:53,B*07:53,B,Bw6,Bw6,classified,N,SLRNLRG,Bw6,HLAtools_protein_alignment,IPD-IMGT/HLA 3.63.0,2026-02-19 18:49:27.959055
B*07:530,B*07:530,B,Bw6,Bw6,classified,N,SLRNLRG,Bw6,HLAtools_protein_alignment,IPD-IMGT/HLA 3.63.0,2026-02-19 18:49:27.959055
B*07:531,B*07:531,B,Bw6,Bw6,classified,N,SLRNLRG,Bw6,HLAtools_protein_alignment,IPD-IMGT/HLA 3.63.0,2026-02-19 18:49:27.959055
B*07:532,B*07:532,B,Bw6,Bw6,classified,N,SLRNLRG,Bw6,HLAtools_protein_alignment,IPD-IMGT/HLA 3.63.0,2026-02-19 18:49:27.959055
B*07:533,B*07:533,B,Bw6,Bw6,classified,N,SLRNLRG,Bw6,HLAtools_protein_alignment,IPD-IMGT/HLA 3.63.0,2026-02-19 18:49:27.959055
B*07:534,B*07:534,B,Bw6,Bw6,classified,N,SLRNLRG,Bw6,HLAtools_protein_alignment,IPD-IMGT/HLA 3.63.0,2026-02-19 18:49:27.959055
B*07:535,B*07:535,B,Bw6,Bw6,classified,N,SLRNLRG,Bw6,HLAtools_protein_alignment,IPD-IMGT/HLA 3.63.0,2026-02-19 18:49:27.959055
B*07:536,B*07:536,B,Bw6,Bw6,classified,N,SLRNLRG,Bw6,HLAtools_protein_alignment,IPD-IMGT/HLA 3.63.0,2026-02-19 18:49:27.959055
B*07:537,B*07:537,B,Bw6,Bw6,classified,N,SLRNLRG,Bw6,HLAtools_protein_alignment,IPD-IMGT/HLA 3.63.0,2026-02-19 18:49:27.959055
B*07:538Q,B*07:538Q,B,Bw6,Bw6,classified,N,SLRNLRG,NA,HLAtools_protein_alignment,IPD-IMGT/HLA 3.63.0,2026-02-19 18:49:27.959055
B*07:539,B*07:539,B,Bw6,Bw6,classified,N,SLRNLRG,Bw6,HLAtools_protein_alignment,IPD-IMGT/HLA 3.63.0,2026-02-19 18:49:27.959055
B*07:54,B*07:54,B,Bw6,Bw6,classified,N,SLRNLRG,Bw6,HLAtools_protein_alignment,IPD-IMGT/HLA 3.63.0,2026-02-19 18:49:27.959055
B*07:540,B*07:540,B,Bw6,Bw6,classified,N,SLRNLRG,Bw6,HLAtools_protein_alignment,IPD-IMGT/HLA 3.63.0,2026-02-19 18:49:27.959055
B*07:541,B*07:541,B,Bw6,Bw6,classified,N,SLRNLRG,Bw6,HLAtools_protein_alignment,IPD-IMGT/HLA 3.63.0,2026-02-19 18:49:27.959055
B*07:542,B*07:542,B,Bw6,Bw6,classified,N,SLRNLRG,Bw6,HLAtools_protein_alignment,IPD-IMGT/HLA 3.63.0,2026-02-19 18:49:27.959055
B*07:543,B*07:543,B,Bw6,Bw6,classified,N,SLRNLRG,Bw6,HLAtools_protein_alignment,IPD-IMGT/HLA 3.63.0,2026-02-19 18:49:27.959055
B*07:544,B*07:544,B,Bw6,Bw6,classified,N,SLRNLRG,Bw6,HLAtools_protein_alignment,IPD-IMGT/HLA 3.63.0,2026-02-19 18:49:27.959055
B*07:545,B*07:545,B,Bw6,Bw6,classified,N,SLRNLRG,Bw6,HLAtools_protein_alignment,IPD-IMGT/HLA 3.63.0,2026-02-19 18:49:27.959055
B*07:546,B*07:546,B,Bw6,Bw6,classified,N,SLRNLRG,Bw6,HLAtools_protein_alignment,IPD-IMGT/HLA 3.63.0,2026-02-19 18:49:27.959055
B*07:547,B*07:547,B,Bw6,Bw6,classified,N,SLRNLRG,Bw6,HLAtools_protein_alignment,IPD-IMGT/HLA 3.63.0,2026-02-19 18:49:27.959055
B*07:55,B*07:55,B,Bw6,Bw6,classified,N,SLRNLRG,Bw6,HLAtools_protein_alignment,IPD-IMGT/HLA 3.63.0,2026-02-19 18:49:27.959055
B*07:56,B*07:56,B,Bw6,Bw6,classified,N,SLRNLRG,Bw6,HLAtools_protein_alignment,IPD-IMGT/HLA 3.63.0,2026-02-19 18:49:27.959055
B*07:57,B*07:57,B,Bw6,Bw6,classified,N,NLRNLRG,NA,HLAtools_protein_alignment,IPD-IMGT/HLA 3.63.0,2026-02-19 18:49:27.959055
B*07:58,B*07:58,B,Bw6,Bw6,classified,N,SLRNLRG,Bw6,HLAtools_protein_alignment,IPD-IMGT/HLA 3.63.0,2026-02-19 18:49:27.959055
B*07:59,B*07:59,B,Bw6,Bw6,classified,N,SLRNLRG,Bw6,HLAtools_protein_alignment,IPD-IMGT/HLA 3.63.0,2026-02-19 18:49:27.959055
B*07:60,B*07:60,B,Bw6,Bw6,classified,N,SLRNLRG,Bw6,HLAtools_protein_alignment,IPD-IMGT/HLA 3.63.0,2026-02-19 18:49:27.959055
B*07:61,B*07:61,B,Bw6,Bw6,classified,N,SLRNLRG,Bw6,HLAtools_protein_alignment,IPD-IMGT/HLA 3.63.0,2026-02-19 18:49:27.959055
B*07:62,B*07:62,B,Bw6,Bw6,classified,N,SLRNLRG,Bw6,HLAtools_protein_alignment,IPD-IMGT/HLA 3.63.0,2026-02-19 18:49:27.959055
B*07:63,B*07:63,B,Bw6,Bw6,classified,N,SLRNLRG,Bw6,HLAtools_protein_alignment,IPD-IMGT/HLA 3.63.0,2026-02-19 18:49:27.959055
B*07:64,B*07:64,B,Bw6,Bw6,classified,N,SLRNLRG,Bw6,HLAtools_protein_alignment,IPD-IMGT/HLA 3.63.0,2026-02-19 18:49:27.959055
B*07:65,B*07:65,B,Bw6,Bw6,classified,N,SLRNLRG,Bw6,HLAtools_protein_alignment,IPD-IMGT/HLA 3.63.0,2026-02-19 18:49:27.959055
B*07:66,B*07:66,B,Bw6,Bw6,classified,N,SLRNLRG,Bw6,HLAtools_protein_alignment,IPD-IMGT/HLA 3.63.0,2026-02-19 18:49:27.959055
B*07:68,B*07:68,B,Bw6,Bw6,classified,N,SLRNLRG,Bw6,HLAtools_protein_alignment,IPD-IMGT/HLA 3.63.0,2026-02-19 18:49:27.959055
B*07:69,B*07:69,B,Bw6,Bw6,classified,N,SLRNLRG,Bw6,HLAtools_protein_alignment,IPD-IMGT/HLA 3.63.0,2026-02-19 18:49:27.959055
B*07:70,B*07:70,B,Bw6,Bw6,classified,N,SLRNLRG,Bw6,HLAtools_protein_alignment,IPD-IMGT/HLA 3.63.0,2026-02-19 18:49:27.959055
B*07:71,B*07:71,B,Bw6,Bw6,classified,N,SLRNLRG,Bw6,HLAtools_protein_alignment,IPD-IMGT/HLA 3.63.0,2026-02-19 18:49:27.959055
B*07:72,B*07:72,B,Bw6,Bw6,classified,N,SLRNLRG,Bw6,HLAtools_protein_alignment,IPD-IMGT/HLA 3.63.0,2026-02-19 18:49:27.959055
B*07:73,B*07:73,B,Bw6,Bw6,classified,N,SLRNLRG,Bw6,HLAtools_protein_alignment,IPD-IMGT/HLA 3.63.0,2026-02-19 18:49:27.959055
B*07:74,B*07:74,B,Bw6,Bw6,classified,N,SLRNLRG,Bw6,HLAtools_protein_alignment,IPD-IMGT/HLA 3.63.0,2026-02-19 18:49:27.959055
B*07:75,B*07:75,B,Bw6,Bw6,classified,N,NLRNLRG,NA,HLAtools_protein_alignment,IPD-IMGT/HLA 3.63.0,2026-02-19 18:49:27.959055
B*07:76,B*07:76,B,Bw6,Bw6,classified,N,SLRNLRG,Bw6,HLAtools_protein_alignment,IPD-IMGT/HLA 3.63.0,2026-02-19 18:49:27.959055
B*07:77,B*07:77,B,Bw6,Bw6,classified,N,SLRNLRG,Bw6,HLAtools_protein_alignment,IPD-IMGT/HLA 3.63.0,2026-02-19 18:49:27.959055
B*07:78,B*07:78,B,Bw6,Bw6,classified,N,SLRNLRG,Bw6,HLAtools_protein_alignment,IPD-IMGT/HLA 3.63.0,2026-02-19 18:49:27.959055
B*07:79,B*07:79,B,Bw4 - 80N,Bw4_80N,classified,N,SLRNLRR,Bw4 - 80N,HLAtools_protein_alignment,IPD-IMGT/HLA 3.63.0,2026-02-19 18:49:27.959055
B*07:80,B*07:80,B,Bw6,Bw6,classified,N,SLRNLRG,Bw6,HLAtools_protein_alignment,IPD-IMGT/HLA 3.63.0,2026-02-19 18:49:27.959055
B*07:81,B*07:81,B,Bw4 - 80I,Bw4_80I,classified,I,SLRIALR,NA,HLAtools_protein_alignment,IPD-IMGT/HLA 3.63.0,2026-02-19 18:49:27.959055
B*07:82,B*07:82,B,Bw6,Bw6,classified,N,SLRNLRG,Bw6,HLAtools_protein_alignment,IPD-IMGT/HLA 3.63.0,2026-02-19 18:49:27.959055
B*07:83,B*07:83,B,Bw6,Bw6,classified,N,SLRNLRG,Bw6,HLAtools_protein_alignment,IPD-IMGT/HLA 3.63.0,2026-02-19 18:49:27.959055
B*07:84,B*07:84,B,Bw6,Bw6,classified,N,SLRNLRG,Bw6,HLAtools_protein_alignment,IPD-IMGT/HLA 3.63.0,2026-02-19 18:49:27.959055
B*07:85,B*07:85,B,Bw6,Bw6,classified,N,SLRNLRG,Bw6,HLAtools_protein_alignment,IPD-IMGT/HLA 3.63.0,2026-02-19 18:49:27.959055
B*07:86,B*07:86,B,Bw6,Bw6,classified,N,SLRNLRG,Bw6,HLAtools_protein_alignment,IPD-IMGT/HLA 3.63.0,2026-02-19 18:49:27.959055
B*07:87,B*07:87,B,Bw6,Bw6,classified,N,SLRNLRG,Bw6,HLAtools_protein_alignment,IPD-IMGT/HLA 3.63.0,2026-02-19 18:49:27.959055
B*07:88,B*07:88,B,Bw6,Bw6,classified,N,SLRNLRG,Bw6,HLAtools_protein_alignment,IPD-IMGT/HLA 3.63.0,2026-02-19 18:49:27.959055
B*07:89,B*07:89,B,Bw6,Bw6,classified,N,SLRNLRG,Bw6,HLAtools_protein_alignment,IPD-IMGT/HLA 3.63.0,2026-02-19 18:49:27.959055
B*07:90,B*07:90,B,Bw6,Bw6,classified,N,SLRNLRG,Bw6,HLAtools_protein_alignment,IPD-IMGT/HLA 3.63.0,2026-02-19 18:49:27.959055
B*07:91,B*07:91,B,Bw6,Bw6,classified,N,SLRNLRG,Bw6,HLAtools_protein_alignment,IPD-IMGT/HLA 3.63.0,2026-02-19 18:49:27.959055
B*07:92,B*07:92,B,Bw6,Bw6,classified,N,SLRNLRG,Bw6,HLAtools_protein_alignment,IPD-IMGT/HLA 3.63.0,2026-02-19 18:49:27.959055
B*07:93,B*07:93,B,Bw6,Bw6,classified,N,SLRNLRG,Bw6,HLAtools_protein_alignment,IPD-IMGT/HLA 3.63.0,2026-02-19 18:49:27.959055
B*07:94,B*07:94,B,Bw6,Bw6,classified,N,SLRNLRG,Bw6,HLAtools_protein_alignment,IPD-IMGT/HLA 3.63.0,2026-02-19 18:49:27.959055
B*07:95,B*07:95,B,Bw6,Bw6,classified,N,SLRNLRG,Bw6,HLAtools_protein_alignment,IPD-IMGT/HLA 3.63.0,2026-02-19 18:49:27.959055
B*07:96,B*07:96,B,Bw6,Bw6,classified,N,SLRNLRG,Bw6,HLAtools_protein_alignment,IPD-IMGT/HLA 3.63.0,2026-02-19 18:49:27.959055
B*07:97,B*07:97,B,Bw6,Bw6,classified,N,SLRNLRG,Bw6,HLAtools_protein_alignment,IPD-IMGT/HLA 3.63.0,2026-02-19 18:49:27.959055
B*07:98,B*07:98,B,Bw6,Bw6,classified,N,SLRNLRG,Bw6,HLAtools_protein_alignment,IPD-IMGT/HLA 3.63.0,2026-02-19 18:49:27.959055
B*07:99,B*07:99,B,Bw6,Bw6,classified,N,SLRNLRG,Bw6,HLAtools_protein_alignment,IPD-IMGT/HLA 3.63.0,2026-02-19 18:49:27.959055
B*08:01,B*08:01,B,Bw6,Bw6,classified,N,SLRNLRG,Bw6,HLAtools_protein_alignment,IPD-IMGT/HLA 3.63.0,2026-02-19 18:49:27.959055
B*08:02,B*08:02,B,Bw4 - 80T,Bw4_80T,classified,T,NLRTALR,Bw4 - 80T,HLAtools_protein_alignment,IPD-IMGT/HLA 3.63.0,2026-02-19 18:49:27.959055
B*08:03,B*08:03,B,Bw4 - 80I,Bw4_80I,classified,I,NLRIALR,Bw4 - 80I,HLAtools_protein_alignment,IPD-IMGT/HLA 3.63.0,2026-02-19 18:49:27.959055
B*08:04,B*08:04,B,Bw6,Bw6,classified,N,SLRNLRG,Bw6,HLAtools_protein_alignment,IPD-IMGT/HLA 3.63.0,2026-02-19 18:49:27.959055
B*08:05,B*08:05,B,Bw6,Bw6,classified,N,SLRNLRG,Bw6,HLAtools_protein_alignment,IPD-IMGT/HLA 3.63.0,2026-02-19 18:49:27.959055
B*08:07,B*08:07,B,Bw6,Bw6,classified,N,SLRNLRG,Bw6,HLAtools_protein_alignment,IPD-IMGT/HLA 3.63.0,2026-02-19 18:49:27.959055
B*08:09,B*08:09,B,Bw6,Bw6,classified,N,SLRNLRG,Bw6,HLAtools_protein_alignment,IPD-IMGT/HLA 3.63.0,2026-02-19 18:49:27.959055
B*08:10,B*08:10,B,Bw6,Bw6,classified,N,SLRNLRG,Bw6,HLAtools_protein_alignment,IPD-IMGT/HLA 3.63.0,2026-02-19 18:49:27.959055
B*08:100,B*08:100,B,Bw6,Bw6,classified,N,SLRNLRG,Bw6,HLAtools_protein_alignment,IPD-IMGT/HLA 3.63.0,2026-02-19 18:49:27.959055
B*08:101,B*08:101,B,Bw6,Bw6,classified,N,SLRNLRG,Bw6,HLAtools_protein_alignment,IPD-IMGT/HLA 3.63.0,2026-02-19 18:49:27.959055
B*08:102,B*08:102,B,Bw6,Bw6,classified,N,SLRNLRG,Bw6,HLAtools_protein_alignment,IPD-IMGT/HLA 3.63.0,2026-02-19 18:49:27.959055
B*08:103,B*08:103,B,Bw6,Bw6,classified,N,SLRNLRG,Bw6,HLAtools_protein_alignment,IPD-IMGT/HLA 3.63.0,2026-02-19 18:49:27.959055
B*08:104,B*08:104,B,Bw6,Bw6,classified,N,SLRNLRG,Bw6,HLAtools_protein_alignment,IPD-IMGT/HLA 3.63.0,2026-02-19 18:49:27.959055
B*08:105,B*08:105,B,Bw6,Bw6,classified,N,SLRNLRG,Bw6,HLAtools_protein_alignment,IPD-IMGT/HLA 3.63.0,2026-02-19 18:49:27.959055
B*08:106,B*08:106,B,Bw6,Bw6,classified,N,SLRNLRG,Bw6,HLAtools_protein_alignment,IPD-IMGT/HLA 3.63.0,2026-02-19 18:49:27.959055
B*08:107,B*08:107,B,Bw6,Bw6,classified,N,SLRNLRG,Bw6,HLAtools_protein_alignment,IPD-IMGT/HLA 3.63.0,2026-02-19 18:49:27.959055
B*08:108,B*08:108,B,Bw6,Bw6,classified,N,SLRNLRG,Bw6,HLAtools_protein_alignment,IPD-IMGT/HLA 3.63.0,2026-02-19 18:49:27.959055
B*08:109,B*08:109,B,Bw6,Bw6,classified,N,SLRNLRG,Bw6,HLAtools_protein_alignment,IPD-IMGT/HLA 3.63.0,2026-02-19 18:49:27.959055
B*08:11,B*08:11,B,Bw6,Bw6,classified,N,SLRNLRG,Bw6,HLAtools_protein_alignment,IPD-IMGT/HLA 3.63.0,2026-02-19 18:49:27.959055
B*08:110,B*08:110,B,Bw6,Bw6,classified,N,SLRNLRG,Bw6,HLAtools_protein_alignment,IPD-IMGT/HLA 3.63.0,2026-02-19 18:49:27.959055
B*08:111,B*08:111,B,Bw6,Bw6,classified,N,SLRNLRG,Bw6,HLAtools_protein_alignment,IPD-IMGT/HLA 3.63.0,2026-02-19 18:49:27.959055
B*08:112,B*08:112,B,Bw6,Bw6,classified,N,SLRNLRG,Bw6,HLAtools_protein_alignment,IPD-IMGT/HLA 3.63.0,2026-02-19 18:49:27.959055
B*08:113,B*08:113,B,Bw6,Bw6,classified,N,SLRNLRG,Bw6,HLAtools_protein_alignment,IPD-IMGT/HLA 3.63.0,2026-02-19 18:49:27.959055
B*08:114,B*08:114,B,Bw6,Bw6,classified,N,SLRNLRG,Bw6,HLAtools_protein_alignment,IPD-IMGT/HLA 3.63.0,2026-02-19 18:49:27.959055
B*08:115,B*08:115,B,Bw6,Bw6,classified,N,SLRNLRG,Bw6,HLAtools_protein_alignment,IPD-IMGT/HLA 3.63.0,2026-02-19 18:49:27.959055
B*08:116,B*08:116,B,Bw6,Bw6,classified,N,SLRNLRG,Bw6,HLAtools_protein_alignment,IPD-IMGT/HLA 3.63.0,2026-02-19 18:49:27.959055
B*08:117,B*08:117,B,Bw4 - 80T,Bw4_80T,classified,T,SLRTALR,Bw4 - 80T,HLAtools_protein_alignment,IPD-IMGT/HLA 3.63.0,2026-02-19 18:49:27.959055
B*08:118,B*08:118,B,Bw6,Bw6,classified,N,SLRNLRG,Bw6,HLAtools_protein_alignment,IPD-IMGT/HLA 3.63.0,2026-02-19 18:49:27.959055
B*08:119,B*08:119,B,Bw6,Bw6,classified,N,SLRNLRG,Bw6,HLAtools_protein_alignment,IPD-IMGT/HLA 3.63.0,2026-02-19 18:49:27.959055
B*08:12,B*08:12,B,Bw6,Bw6,classified,N,SLRNLRG,Bw6,HLAtools_protein_alignment,IPD-IMGT/HLA 3.63.0,2026-02-19 18:49:27.959055
B*08:120,B*08:120,B,Bw6,Bw6,classified,N,SLRNLRG,Bw6,HLAtools_protein_alignment,IPD-IMGT/HLA 3.63.0,2026-02-19 18:49:27.959055
B*08:121,B*08:121,B,Bw6,Bw6,classified,N,SLRNLRG,Bw6,HLAtools_protein_alignment,IPD-IMGT/HLA 3.63.0,2026-02-19 18:49:27.959055
B*08:122,B*08:122,B,Bw6,Bw6,classified,N,SLRNLRG,Bw6,HLAtools_protein_alignment,IPD-IMGT/HLA 3.63.0,2026-02-19 18:49:27.959055
B*08:123,B*08:123,B,Bw6,Bw6,classified,N,SLRNLRG,Bw6,HLAtools_protein_alignment,IPD-IMGT/HLA 3.63.0,2026-02-19 18:49:27.959055
B*08:124,B*08:124,B,Bw6,Bw6,classified,N,SLRNLRG,Bw6,HLAtools_protein_alignment,IPD-IMGT/HLA 3.63.0,2026-02-19 18:49:27.959055
B*08:125,B*08:125,B,Bw6,Bw6,classified,N,SLRNLRG,Bw6,HLAtools_protein_alignment,IPD-IMGT/HLA 3.63.0,2026-02-19 18:49:27.959055
B*08:126,B*08:126,B,Bw4 - 80T,Bw4_80T,classified,T,DLRTLLR,Bw4 - 80T,HLAtools_protein_alignment,IPD-IMGT/HLA 3.63.0,2026-02-19 18:49:27.959055
B*08:127,B*08:127,B,Bw6,Bw6,classified,N,SLRNLRG,Bw6,HLAtools_protein_alignment,IPD-IMGT/HLA 3.63.0,2026-02-19 18:49:27.959055
B*08:128,B*08:128,B,Bw6,Bw6,classified,N,SLRNLRG,Bw6,HLAtools_protein_alignment,IPD-IMGT/HLA 3.63.0,2026-02-19 18:49:27.959055
B*08:129,B*08:129,B,Bw6,Bw6,classified,N,SLRNLRG,Bw6,HLAtools_protein_alignment,IPD-IMGT/HLA 3.63.0,2026-02-19 18:49:27.959055
B*08:13,B*08:13,B,Bw6,Bw6,classified,N,SLRNLRG,Bw6,HLAtools_protein_alignment,IPD-IMGT/HLA 3.63.0,2026-02-19 18:49:27.959055
B*08:130,B*08:130,B,Bw6,Bw6,classified,N,SLRNLRG,Bw6,HLAtools_protein_alignment,IPD-IMGT/HLA 3.63.0,2026-02-19 18:49:27.959055
B*08:131,B*08:131,B,Bw6,Bw6,classified,T,DLRTLRG,Bw6,HLAtools_protein_alignment,IPD-IMGT/HLA 3.63.0,2026-02-19 18:49:27.959055
B*08:132,B*08:132,B,Bw6,Bw6,classified,N,SLRNLRG,Bw6,HLAtools_protein_alignment,IPD-IMGT/HLA 3.63.0,2026-02-19 18:49:27.959055
B*08:133,B*08:133,B,Bw6,Bw6,classified,N,SLRNLRG,Bw6,HLAtools_protein_alignment,IPD-IMGT/HLA 3.63.0,2026-02-19 18:49:27.959055
B*08:134,B*08:134,B,Bw6,Bw6,classified,N,SLRNLRG,Bw6,HLAtools_protein_alignment,IPD-IMGT/HLA 3.63.0,2026-02-19 18:49:27.959055
B*08:135,B*08:135,B,Bw6,Bw6,classified,N,SLRNLRG,Bw6,HLAtools_protein_alignment,IPD-IMGT/HLA 3.63.0,2026-02-19 18:49:27.959055
B*08:136,B*08:136,B,Bw6,Bw6,classified,T,SLRTLRG,Bw6,HLAtools_protein_alignment,IPD-IMGT/HLA 3.63.0,2026-02-19 18:49:27.959055
B*08:137,B*08:137,B,Bw6,Bw6,classified,N,SLRNLRG,Bw6,HLAtools_protein_alignment,IPD-IMGT/HLA 3.63.0,2026-02-19 18:49:27.959055
B*08:138,B*08:138,B,Bw6,Bw6,classified,N,SLRNLRG,Bw6,HLAtools_protein_alignment,IPD-IMGT/HLA 3.63.0,2026-02-19 18:49:27.959055
B*08:139,B*08:139,B,Bw6,Bw6,classified,T,DLRTLRG,Bw6,HLAtools_protein_alignment,IPD-IMGT/HLA 3.63.0,2026-02-19 18:49:27.959055
B*08:14,B*08:14,B,Bw6,Bw6,classified,N,SLRNLRG,Bw6,HLAtools_protein_alignment,IPD-IMGT/HLA 3.63.0,2026-02-19 18:49:27.959055
B*08:140,B*08:140,B,Bw6,Bw6,classified,N,SLRNLRG,Bw6,HLAtools_protein_alignment,IPD-IMGT/HLA 3.63.0,2026-02-19 18:49:27.959055
B*08:141,B*08:141,B,Bw6,Bw6,classified,N,SLRNLRG,Bw6,HLAtools_protein_alignment,IPD-IMGT/HLA 3.63.0,2026-02-19 18:49:27.959055
B*08:142,B*08:142,B,Bw6,Bw6,classified,N,SLRNLRG,Bw6,HLAtools_protein_alignment,IPD-IMGT/HLA 3.63.0,2026-02-19 18:49:27.959055
B*08:143,B*08:143,B,Bw6,Bw6,classified,N,SLRNLRG,Bw6,HLAtools_protein_alignment,IPD-IMGT/HLA 3.63.0,2026-02-19 18:49:27.959055
B*08:144,B*08:144,B,Bw6,Bw6,classified,N,SLRNLRG,Bw6,HLAtools_protein_alignment,IPD-IMGT/HLA 3.63.0,2026-02-19 18:49:27.959055
B*08:145,B*08:145,B,Bw6,Bw6,classified,N,SLRNLRG,Bw6,HLAtools_protein_alignment,IPD-IMGT/HLA 3.63.0,2026-02-19 18:49:27.959055
B*08:146,B*08:146,B,Bw6,Bw6,classified,N,SLRNLRG,Bw6,HLAtools_protein_alignment,IPD-IMGT/HLA 3.63.0,2026-02-19 18:49:27.959055
B*08:147,B*08:147,B,Bw6,Bw6,classified,N,SLRNLRG,Bw6,HLAtools_protein_alignment,IPD-IMGT/HLA 3.63.0,2026-02-19 18:49:27.959055
B*08:149,B*08:149,B,Bw6,Bw6,classified,N,SLRNLRG,Bw6,HLAtools_protein_alignment,IPD-IMGT/HLA 3.63.0,2026-02-19 18:49:27.959055
B*08:15,B*08:15,B,Bw6,Bw6,classified,N,SLRNLRG,Bw6,HLAtools_protein_alignment,IPD-IMGT/HLA 3.63.0,2026-02-19 18:49:27.959055
B*08:150,B*08:150,B,Bw6,Bw6,classified,N,SLRNLRG,Bw6,HLAtools_protein_alignment,IPD-IMGT/HLA 3.63.0,2026-02-19 18:49:27.959055
B*08:151,B*08:151,B,Bw6,Bw6,classified,N,SLRNLRG,Bw6,HLAtools_protein_alignment,IPD-IMGT/HLA 3.63.0,2026-02-19 18:49:27.959055
B*08:152,B*08:152,B,Bw6,Bw6,classified,N,SLRNLRG,Bw6,HLAtools_protein_alignment,IPD-IMGT/HLA 3.63.0,2026-02-19 18:49:27.959055
B*08:153,B*08:153,B,Bw6,Bw6,classified,N,SLRNPRG,Bw6,HLAtools_protein_alignment,IPD-IMGT/HLA 3.63.0,2026-02-19 18:49:27.959055
B*08:154,B*08:154,B,Bw6,Bw6,classified,N,SLRNLRG,Bw6,HLAtools_protein_alignment,IPD-IMGT/HLA 3.63.0,2026-02-19 18:49:27.959055
B*08:155,B*08:155,B,Bw6,Bw6,classified,N,SLRNLRG,Bw6,HLAtools_protein_alignment,IPD-IMGT/HLA 3.63.0,2026-02-19 18:49:27.959055
B*08:156,B*08:156,B,Bw6,Bw6,classified,N,SLRNLRG,Bw6,HLAtools_protein_alignment,IPD-IMGT/HLA 3.63.0,2026-02-19 18:49:27.959055
B*08:157,B*08:157,B,Bw6,Bw6,classified,N,SLRNLSG,Bw6,HLAtools_protein_alignment,IPD-IMGT/HLA 3.63.0,2026-02-19 18:49:27.959055
B*08:158,B*08:158,B,Bw6,Bw6,classified,N,SLRNLRG,Bw6,HLAtools_protein_alignment,IPD-IMGT/HLA 3.63.0,2026-02-19 18:49:27.959055
B*08:159,B*08:159,B,Bw6,Bw6,classified,N,SLRNLRG,Bw6,HLAtools_protein_alignment,IPD-IMGT/HLA 3.63.0,2026-02-19 18:49:27.959055
B*08:16,B*08:16,B,Bw6,Bw6,classified,N,SLRNLRG,Bw6,HLAtools_protein_alignment,IPD-IMGT/HLA 3.63.0,2026-02-19 18:49:27.959055
B*08:160,B*08:160,B,Bw6,Bw6,classified,N,SLRNLRG,Bw6,HLAtools_protein_alignment,IPD-IMGT/HLA 3.63.0,2026-02-19 18:49:27.959055
B*08:161,B*08:161,B,Bw6,Bw6,classified,N,SLRNLRG,Bw6,HLAtools_protein_alignment,IPD-IMGT/HLA 3.63.0,2026-02-19 18:49:27.959055
B*08:162,B*08:162,B,Bw6,Bw6,classified,N,SLRNLRG,Bw6,HLAtools_protein_alignment,IPD-IMGT/HLA 3.63.0,2026-02-19 18:49:27.959055
B*08:163,B*08:163,B,Bw6,Bw6,classified,N,SLRNLRG,Bw6,HLAtools_protein_alignment,IPD-IMGT/HLA 3.63.0,2026-02-19 18:49:27.959055
B*08:164,B*08:164,B,Bw6,Bw6,classified,N,SLRNLRG,Bw6,HLAtools_protein_alignment,IPD-IMGT/HLA 3.63.0,2026-02-19 18:49:27.959055
B*08:165,B*08:165,B,Bw6,Bw6,classified,N,SLRNLRG,Bw6,HLAtools_protein_alignment,IPD-IMGT/HLA 3.63.0,2026-02-19 18:49:27.959055
B*08:166,B*08:166,B,Bw6,Bw6,classified,N,SLRNLRG,Bw6,HLAtools_protein_alignment,IPD-IMGT/HLA 3.63.0,2026-02-19 18:49:27.959055
B*08:167,B*08:167,B,Bw6,Bw6,classified,N,SLRNLRG,Bw6,HLAtools_protein_alignment,IPD-IMGT/HLA 3.63.0,2026-02-19 18:49:27.959055
B*08:168,B*08:168,B,Bw6,Bw6,classified,N,SLRNLRG,Bw6,HLAtools_protein_alignment,IPD-IMGT/HLA 3.63.0,2026-02-19 18:49:27.959055
B*08:169,B*08:169,B,Bw6,Bw6,classified,N,SLRNLRG,Bw6,HLAtools_protein_alignment,IPD-IMGT/HLA 3.63.0,2026-02-19 18:49:27.959055
B*08:17,B*08:17,B,Bw6,Bw6,classified,N,NLRNLRG,NA,HLAtools_protein_alignment,IPD-IMGT/HLA 3.63.0,2026-02-19 18:49:27.959055
B*08:170,B*08:170,B,Bw6,Bw6,classified,N,SLRNLRG,Bw6,HLAtools_protein_alignment,IPD-IMGT/HLA 3.63.0,2026-02-19 18:49:27.959055
B*08:171,B*08:171,B,Bw6,Bw6,classified,N,SLRNLRG,Bw6,HLAtools_protein_alignment,IPD-IMGT/HLA 3.63.0,2026-02-19 18:49:27.959055
B*08:172,B*08:172,B,Bw6,Bw6,classified,N,SLRNLRG,Bw6,HLAtools_protein_alignment,IPD-IMGT/HLA 3.63.0,2026-02-19 18:49:27.959055
B*08:173,B*08:173,B,Bw6,Bw6,classified,N,SLRNLRG,Bw6,HLAtools_protein_alignment,IPD-IMGT/HLA 3.63.0,2026-02-19 18:49:27.959055
B*08:174,B*08:174,B,Bw6,Bw6,classified,N,SLRNLPG,Bw6,HLAtools_protein_alignment,IPD-IMGT/HLA 3.63.0,2026-02-19 18:49:27.959055
B*08:175,B*08:175,B,Bw6,Bw6,classified,N,SLRNLRG,Bw6,HLAtools_protein_alignment,IPD-IMGT/HLA 3.63.0,2026-02-19 18:49:27.959055
B*08:176,B*08:176,B,Bw6,Bw6,classified,N,SLRNLRG,Bw6,HLAtools_protein_alignment,IPD-IMGT/HLA 3.63.0,2026-02-19 18:49:27.959055
B*08:177,B*08:177,B,Bw6,Bw6,classified,N,SLRNLRG,Bw6,HLAtools_protein_alignment,IPD-IMGT/HLA 3.63.0,2026-02-19 18:49:27.959055
B*08:178,B*08:178,B,Bw6,Bw6,classified,N,SLRNLRG,Bw6,HLAtools_protein_alignment,IPD-IMGT/HLA 3.63.0,2026-02-19 18:49:27.959055
B*08:179,B*08:179,B,Bw6,Bw6,classified,N,SLRNLRG,Bw6,HLAtools_protein_alignment,IPD-IMGT/HLA 3.63.0,2026-02-19 18:49:27.959055
B*08:18,B*08:18,B,Bw6,Bw6,classified,N,SLRNLRG,Bw6,HLAtools_protein_alignment,IPD-IMGT/HLA 3.63.0,2026-02-19 18:49:27.959055
B*08:180,B*08:180,B,Bw6,Bw6,classified,N,SLRNLRG,Bw6,HLAtools_protein_alignment,IPD-IMGT/HLA 3.63.0,2026-02-19 18:49:27.959055
B*08:181,B*08:181,B,Bw6,Bw6,classified,N,SLRNLRG,Bw6,HLAtools_protein_alignment,IPD-IMGT/HLA 3.63.0,2026-02-19 18:49:27.959055
B*08:182,B*08:182,B,Bw6,Bw6,classified,N,SLRNLRG,Bw6,HLAtools_protein_alignment,IPD-IMGT/HLA 3.63.0,2026-02-19 18:49:27.959055
B*08:183,B*08:183,B,Bw6,Bw6,classified,N,SLRNLRG,Bw6,HLAtools_protein_alignment,IPD-IMGT/HLA 3.63.0,2026-02-19 18:49:27.959055
B*08:184,B*08:184,B,Bw6,Bw6,classified,N,SLRNLRG,Bw6,HLAtools_protein_alignment,IPD-IMGT/HLA 3.63.0,2026-02-19 18:49:27.959055
B*08:185,B*08:185,B,Bw6,Bw6,classified,N,SLRNLRG,Bw6,HLAtools_protein_alignment,IPD-IMGT/HLA 3.63.0,2026-02-19 18:49:27.959055
B*08:186,B*08:186,B,Bw6,Bw6,classified,N,SLRNLRG,Bw6,HLAtools_protein_alignment,IPD-IMGT/HLA 3.63.0,2026-02-19 18:49:27.959055
B*08:187,B*08:187,B,Bw6,Bw6,classified,N,SLRNLRG,Bw6,HLAtools_protein_alignment,IPD-IMGT/HLA 3.63.0,2026-02-19 18:49:27.959055
B*08:188,B*08:188,B,Bw6,Bw6,classified,N,SLRNLRG,Bw6,HLAtools_protein_alignment,IPD-IMGT/HLA 3.63.0,2026-02-19 18:49:27.959055
B*08:189,B*08:189,B,Bw6,Bw6,classified,N,SLRNLRG,Bw6,HLAtools_protein_alignment,IPD-IMGT/HLA 3.63.0,2026-02-19 18:49:27.959055
B*08:190,B*08:190,B,Bw6,Bw6,classified,N,SLRNLRG,Bw6,HLAtools_protein_alignment,IPD-IMGT/HLA 3.63.0,2026-02-19 18:49:27.959055
B*08:191,B*08:191,B,Bw6,Bw6,classified,N,SLRNLRG,Bw6,HLAtools_protein_alignment,IPD-IMGT/HLA 3.63.0,2026-02-19 18:49:27.959055
B*08:192,B*08:192,B,Bw6,Bw6,classified,N,SLRNLRG,Bw6,HLAtools_protein_alignment,IPD-IMGT/HLA 3.63.0,2026-02-19 18:49:27.959055
B*08:193,B*08:193,B,Bw6,Bw6,classified,N,SLRNLRG,Bw6,HLAtools_protein_alignment,IPD-IMGT/HLA 3.63.0,2026-02-19 18:49:27.959055
B*08:194,B*08:194,B,Bw6,Bw6,classified,N,SLRNLRG,Bw6,HLAtools_protein_alignment,IPD-IMGT/HLA 3.63.0,2026-02-19 18:49:27.959055
B*08:195,B*08:195,B,Bw6,Bw6,classified,N,SLRNLRG,Bw6,HLAtools_protein_alignment,IPD-IMGT/HLA 3.63.0,2026-02-19 18:49:27.959055
B*08:196,B*08:196,B,Bw6,Bw6,classified,N,SLRNLRG,Bw6,HLAtools_protein_alignment,IPD-IMGT/HLA 3.63.0,2026-02-19 18:49:27.959055
B*08:197,B*08:197,B,Bw6,Bw6,classified,N,SLRNLRG,Bw6,HLAtools_protein_alignment,IPD-IMGT/HLA 3.63.0,2026-02-19 18:49:27.959055
B*08:198,B*08:198,B,Bw6,Bw6,classified,N,SLRNLRG,Bw6,HLAtools_protein_alignment,IPD-IMGT/HLA 3.63.0,2026-02-19 18:49:27.959055
B*08:199,B*08:199,B,Non-canonical,NonCanonical,non_canonical_83,N,SLRNLRV,Bw6,HLAtools_protein_alignment,IPD-IMGT/HLA 3.63.0,2026-02-19 18:49:27.959055
B*08:20,B*08:20,B,Bw6,Bw6,classified,N,SLRNLRG,Bw6,HLAtools_protein_alignment,IPD-IMGT/HLA 3.63.0,2026-02-19 18:49:27.959055
B*08:200,B*08:200,B,Bw6,Bw6,classified,N,SLRNLRG,Bw6,HLAtools_protein_alignment,IPD-IMGT/HLA 3.63.0,2026-02-19 18:49:27.959055
B*08:201,B*08:201,B,Bw6,Bw6,classified,N,SLRNLRG,Bw6,HLAtools_protein_alignment,IPD-IMGT/HLA 3.63.0,2026-02-19 18:49:27.959055
B*08:202,B*08:202,B,Bw6,Bw6,classified,N,SLRNLRG,Bw6,HLAtools_protein_alignment,IPD-IMGT/HLA 3.63.0,2026-02-19 18:49:27.959055
B*08:203,B*08:203,B,Bw6,Bw6,classified,N,SLRNLRG,Bw6,HLAtools_protein_alignment,IPD-IMGT/HLA 3.63.0,2026-02-19 18:49:27.959055
B*08:204,B*08:204,B,Bw6,Bw6,classified,N,SLRNLRG,Bw6,HLAtools_protein_alignment,IPD-IMGT/HLA 3.63.0,2026-02-19 18:49:27.959055
B*08:205,B*08:205,B,Bw6,Bw6,classified,N,SLRNLRG,Bw6,HLAtools_protein_alignment,IPD-IMGT/HLA 3.63.0,2026-02-19 18:49:27.959055
B*08:206,B*08:206,B,Bw6,Bw6,classified,N,SLRNLRG,Bw6,HLAtools_protein_alignment,IPD-IMGT/HLA 3.63.0,2026-02-19 18:49:27.959055
B*08:207,B*08:207,B,Bw6,Bw6,classified,N,SLRNLRG,Bw6,HLAtools_protein_alignment,IPD-IMGT/HLA 3.63.0,2026-02-19 18:49:27.959055
B*08:208,B*08:208,B,Bw6,Bw6,classified,N,SLRNLRG,Bw6,HLAtools_protein_alignment,IPD-IMGT/HLA 3.63.0,2026-02-19 18:49:27.959055
B*08:209,B*08:209,B,Bw6,Bw6,classified,N,SLRNLRG,Bw6,HLAtools_protein_alignment,IPD-IMGT/HLA 3.63.0,2026-02-19 18:49:27.959055
B*08:21,B*08:21,B,Bw6,Bw6,classified,N,SLRNLRG,Bw6,HLAtools_protein_alignment,IPD-IMGT/HLA 3.63.0,2026-02-19 18:49:27.959055
B*08:210,B*08:210,B,Bw6,Bw6,classified,N,SLRNLRG,Bw6,HLAtools_protein_alignment,IPD-IMGT/HLA 3.63.0,2026-02-19 18:49:27.959055
B*08:211,B*08:211,B,Bw6,Bw6,classified,N,SLRNLRG,Bw6,HLAtools_protein_alignment,IPD-IMGT/HLA 3.63.0,2026-02-19 18:49:27.959055
B*08:212,B*08:212,B,Bw6,Bw6,classified,N,SLRNLRG,Bw6,HLAtools_protein_alignment,IPD-IMGT/HLA 3.63.0,2026-02-19 18:49:27.959055
B*08:213,B*08:213,B,Bw6,Bw6,classified,N,SLRNLRG,Bw6,HLAtools_protein_alignment,IPD-IMGT/HLA 3.63.0,2026-02-19 18:49:27.959055
B*08:216,B*08:216,B,Bw4 - 80N,Bw4_80N,classified,N,SLRNLRR,Bw4 - 80N,HLAtools_protein_alignment,IPD-IMGT/HLA 3.63.0,2026-02-19 18:49:27.959055
B*08:217,B*08:217,B,Bw6,Bw6,classified,N,SLRNLRG,Bw6,HLAtools_protein_alignment,IPD-IMGT/HLA 3.63.0,2026-02-19 18:49:27.959055
B*08:218,B*08:218,B,Bw6,Bw6,classified,N,SLRNLRG,Bw6,HLAtools_protein_alignment,IPD-IMGT/HLA 3.63.0,2026-02-19 18:49:27.959055
B*08:219,B*08:219,B,Bw6,Bw6,classified,N,SLRNLRG,Bw6,HLAtools_protein_alignment,IPD-IMGT/HLA 3.63.0,2026-02-19 18:49:27.959055
B*08:22,B*08:22,B,Bw6,Bw6,classified,N,SLRNLRG,Bw6,HLAtools_protein_alignment,IPD-IMGT/HLA 3.63.0,2026-02-19 18:49:27.959055
B*08:221,B*08:221,B,Bw6,Bw6,classified,N,SLRNLRG,Bw6,HLAtools_protein_alignment,IPD-IMGT/HLA 3.63.0,2026-02-19 18:49:27.959055
B*08:222,B*08:222,B,Bw6,Bw6,classified,N,SLRNLRG,Bw6,HLAtools_protein_alignment,IPD-IMGT/HLA 3.63.0,2026-02-19 18:49:27.959055
B*08:223,B*08:223,B,Bw6,Bw6,classified,N,SLRNLRG,Bw6,HLAtools_protein_alignment,IPD-IMGT/HLA 3.63.0,2026-02-19 18:49:27.959055
B*08:224,B*08:224,B,Bw6,Bw6,classified,N,SLRNLRG,Bw6,HLAtools_protein_alignment,IPD-IMGT/HLA 3.63.0,2026-02-19 18:49:27.959055
B*08:225,B*08:225,B,Bw6,Bw6,classified,N,SLRNLRG,Bw6,HLAtools_protein_alignment,IPD-IMGT/HLA 3.63.0,2026-02-19 18:49:27.959055
B*08:226,B*08:226,B,Bw6,Bw6,classified,N,SLRNLRG,Bw6,HLAtools_protein_alignment,IPD-IMGT/HLA 3.63.0,2026-02-19 18:49:27.959055
B*08:227,B*08:227,B,Bw6,Bw6,classified,N,SLRNLRG,Bw6,HLAtools_protein_alignment,IPD-IMGT/HLA 3.63.0,2026-02-19 18:49:27.959055
B*08:228,B*08:228,B,Bw6,Bw6,classified,N,SLRNLRG,Bw6,HLAtools_protein_alignment,IPD-IMGT/HLA 3.63.0,2026-02-19 18:49:27.959055
B*08:229,B*08:229,B,Bw6,Bw6,classified,N,TLRNLRG,NA,HLAtools_protein_alignment,IPD-IMGT/HLA 3.63.0,2026-02-19 18:49:27.959055
B*08:23,B*08:23,B,Bw6,Bw6,classified,N,SLRNLRG,Bw6,HLAtools_protein_alignment,IPD-IMGT/HLA 3.63.0,2026-02-19 18:49:27.959055
B*08:230,B*08:230,B,Bw6,Bw6,classified,N,SLRNLRG,Bw6,HLAtools_protein_alignment,IPD-IMGT/HLA 3.63.0,2026-02-19 18:49:27.959055
B*08:231,B*08:231,B,Bw6,Bw6,classified,N,SLRNLRG,Bw6,HLAtools_protein_alignment,IPD-IMGT/HLA 3.63.0,2026-02-19 18:49:27.959055
B*08:232,B*08:232,B,Bw6,Bw6,classified,N,SLRNLRG,Bw6,HLAtools_protein_alignment,IPD-IMGT/HLA 3.63.0,2026-02-19 18:49:27.959055
B*08:233,B*08:233,B,Bw6,Bw6,classified,N,SLRNLRG,Bw6,HLAtools_protein_alignment,IPD-IMGT/HLA 3.63.0,2026-02-19 18:49:27.959055
B*08:234,B*08:234,B,Bw6,Bw6,classified,N,SLRNLRG,Bw6,HLAtools_protein_alignment,IPD-IMGT/HLA 3.63.0,2026-02-19 18:49:27.959055
B*08:235,B*08:235,B,Bw6,Bw6,classified,N,SLRNLRG,Bw6,HLAtools_protein_alignment,IPD-IMGT/HLA 3.63.0,2026-02-19 18:49:27.959055
B*08:237,B*08:237,B,Bw6,Bw6,classified,N,SLRNLRG,Bw6,HLAtools_protein_alignment,IPD-IMGT/HLA 3.63.0,2026-02-19 18:49:27.959055
B*08:238,B*08:238,B,Bw6,Bw6,classified,N,SLRNLRG,Bw6,HLAtools_protein_alignment,IPD-IMGT/HLA 3.63.0,2026-02-19 18:49:27.959055
B*08:239,B*08:239,B,Bw6,Bw6,classified,N,SLRNLRG,Bw6,HLAtools_protein_alignment,IPD-IMGT/HLA 3.63.0,2026-02-19 18:49:27.959055
B*08:24,B*08:24,B,Bw6,Bw6,classified,N,SLRNLRG,Bw6,HLAtools_protein_alignment,IPD-IMGT/HLA 3.63.0,2026-02-19 18:49:27.959055
B*08:240,B*08:240,B,Bw6,Bw6,classified,N,SLRNLRG,Bw6,HLAtools_protein_alignment,IPD-IMGT/HLA 3.63.0,2026-02-19 18:49:27.959055
B*08:241,B*08:241,B,Bw6,Bw6,classified,N,SLRNLRG,Bw6,HLAtools_protein_alignment,IPD-IMGT/HLA 3.63.0,2026-02-19 18:49:27.959055
B*08:242,B*08:242,B,Bw6,Bw6,classified,N,SLRNLRG,Bw6,HLAtools_protein_alignment,IPD-IMGT/HLA 3.63.0,2026-02-19 18:49:27.959055
B*08:243,B*08:243,B,Bw6,Bw6,classified,N,SLRNLRG,Bw6,HLAtools_protein_alignment,IPD-IMGT/HLA 3.63.0,2026-02-19 18:49:27.959055
B*08:244,B*08:244,B,Bw6,Bw6,classified,N,SLRNLRG,Bw6,HLAtools_protein_alignment,IPD-IMGT/HLA 3.63.0,2026-02-19 18:49:27.959055
B*08:245,B*08:245,B,Bw6,Bw6,classified,N,SLRNLRG,Bw6,HLAtools_protein_alignment,IPD-IMGT/HLA 3.63.0,2026-02-19 18:49:27.959055
B*08:246,B*08:246,B,Bw6,Bw6,classified,N,SLRNLRG,Bw6,HLAtools_protein_alignment,IPD-IMGT/HLA 3.63.0,2026-02-19 18:49:27.959055
B*08:247,B*08:247,B,Bw6,Bw6,classified,N,SLRNLRG,Bw6,HLAtools_protein_alignment,IPD-IMGT/HLA 3.63.0,2026-02-19 18:49:27.959055
B*08:248,B*08:248,B,Bw6,Bw6,classified,N,SLRNLRG,Bw6,HLAtools_protein_alignment,IPD-IMGT/HLA 3.63.0,2026-02-19 18:49:27.959055
B*08:249,B*08:249,B,Bw6,Bw6,classified,N,SLRNLRG,Bw6,HLAtools_protein_alignment,IPD-IMGT/HLA 3.63.0,2026-02-19 18:49:27.959055
B*08:25,B*08:25,B,Bw6,Bw6,classified,N,SLRNLRG,Bw6,HLAtools_protein_alignment,IPD-IMGT/HLA 3.63.0,2026-02-19 18:49:27.959055
B*08:250,B*08:250,B,Bw6,Bw6,classified,N,SLRNLRG,Bw6,HLAtools_protein_alignment,IPD-IMGT/HLA 3.63.0,2026-02-19 18:49:27.959055
B*08:251,B*08:251,B,Bw6,Bw6,classified,N,SLRNLRG,Bw6,HLAtools_protein_alignment,IPD-IMGT/HLA 3.63.0,2026-02-19 18:49:27.959055
B*08:253,B*08:253,B,Bw6,Bw6,classified,N,SLRNLRG,Bw6,HLAtools_protein_alignment,IPD-IMGT/HLA 3.63.0,2026-02-19 18:49:27.959055
B*08:254,B*08:254,B,Bw6,Bw6,classified,N,SLRNLRG,Bw6,HLAtools_protein_alignment,IPD-IMGT/HLA 3.63.0,2026-02-19 18:49:27.959055
B*08:255,B*08:255,B,Bw4 - 80T,Bw4_80T,classified,T,NLRTALR,Bw4 - 80T,HLAtools_protein_alignment,IPD-IMGT/HLA 3.63.0,2026-02-19 18:49:27.959055
B*08:256,B*08:256,B,Bw6,Bw6,classified,N,SLRNLRG,Bw6,HLAtools_protein_alignment,IPD-IMGT/HLA 3.63.0,2026-02-19 18:49:27.959055
B*08:257,B*08:257,B,Bw6,Bw6,classified,N,SLRNLRG,Bw6,HLAtools_protein_alignment,IPD-IMGT/HLA 3.63.0,2026-02-19 18:49:27.959055
B*08:258,B*08:258,B,Bw6,Bw6,classified,N,SLRNLRG,Bw6,HLAtools_protein_alignment,IPD-IMGT/HLA 3.63.0,2026-02-19 18:49:27.959055
B*08:259,B*08:259,B,Bw6,Bw6,classified,N,SLRNLRG,Bw6,HLAtools_protein_alignment,IPD-IMGT/HLA 3.63.0,2026-02-19 18:49:27.959055
B*08:26,B*08:26,B,Bw6,Bw6,classified,N,SLRNLRG,Bw6,HLAtools_protein_alignment,IPD-IMGT/HLA 3.63.0,2026-02-19 18:49:27.959055
B*08:260,B*08:260,B,Bw6,Bw6,classified,N,SLRNLRG,Bw6,HLAtools_protein_alignment,IPD-IMGT/HLA 3.63.0,2026-02-19 18:49:27.959055
B*08:261,B*08:261,B,Bw6,Bw6,classified,N,SLRNLRG,Bw6,HLAtools_protein_alignment,IPD-IMGT/HLA 3.63.0,2026-02-19 18:49:27.959055
B*08:262,B*08:262,B,Bw6,Bw6,classified,N,SLRNLRG,Bw6,HLAtools_protein_alignment,IPD-IMGT/HLA 3.63.0,2026-02-19 18:49:27.959055
B*08:263,B*08:263,B,Bw6,Bw6,classified,N,SLRNLRG,Bw6,HLAtools_protein_alignment,IPD-IMGT/HLA 3.63.0,2026-02-19 18:49:27.959055
B*08:264,B*08:264,B,Bw6,Bw6,classified,N,SLRNLRG,Bw6,HLAtools_protein_alignment,IPD-IMGT/HLA 3.63.0,2026-02-19 18:49:27.959055
B*08:265,B*08:265,B,Bw6,Bw6,classified,N,SLRNLRG,Bw6,HLAtools_protein_alignment,IPD-IMGT/HLA 3.63.0,2026-02-19 18:49:27.959055
B*08:266,B*08:266,B,Bw6,Bw6,classified,N,SLRNLRG,Bw6,HLAtools_protein_alignment,IPD-IMGT/HLA 3.63.0,2026-02-19 18:49:27.959055
B*08:267,B*08:267,B,Bw6,Bw6,classified,N,SLRNLRG,Bw6,HLAtools_protein_alignment,IPD-IMGT/HLA 3.63.0,2026-02-19 18:49:27.959055
B*08:268,B*08:268,B,Bw6,Bw6,classified,N,SLRNLRG,Bw6,HLAtools_protein_alignment,IPD-IMGT/HLA 3.63.0,2026-02-19 18:49:27.959055
B*08:269,B*08:269,B,Bw6,Bw6,classified,N,SLRNLRG,Bw6,HLAtools_protein_alignment,IPD-IMGT/HLA 3.63.0,2026-02-19 18:49:27.959055
B*08:27,B*08:27,B,Bw6,Bw6,classified,N,SLRNLRG,Bw6,HLAtools_protein_alignment,IPD-IMGT/HLA 3.63.0,2026-02-19 18:49:27.959055
B*08:270Q,B*08:270Q,B,Bw6,Bw6,classified,N,SLRNLRG,NA,HLAtools_protein_alignment,IPD-IMGT/HLA 3.63.0,2026-02-19 18:49:27.959055
B*08:271,B*08:271,B,Bw4 - 80T,Bw4_80T,classified,T,NLRTALR,Bw4 - 80T,HLAtools_protein_alignment,IPD-IMGT/HLA 3.63.0,2026-02-19 18:49:27.959055
B*08:272,B*08:272,B,Bw6,Bw6,classified,N,SLRNLRG,Bw6,HLAtools_protein_alignment,IPD-IMGT/HLA 3.63.0,2026-02-19 18:49:27.959055
B*08:273,B*08:273,B,Bw6,Bw6,classified,N,SLRNLRG,Bw6,HLAtools_protein_alignment,IPD-IMGT/HLA 3.63.0,2026-02-19 18:49:27.959055
B*08:274,B*08:274,B,Bw6,Bw6,classified,N,SLRNLRG,Bw6,HLAtools_protein_alignment,IPD-IMGT/HLA 3.63.0,2026-02-19 18:49:27.959055
B*08:275,B*08:275,B,Bw6,Bw6,classified,N,SLRNLRG,Bw6,HLAtools_protein_alignment,IPD-IMGT/HLA 3.63.0,2026-02-19 18:49:27.959055
B*08:276,B*08:276,B,Bw6,Bw6,classified,N,SLRNLRG,Bw6,HLAtools_protein_alignment,IPD-IMGT/HLA 3.63.0,2026-02-19 18:49:27.959055
B*08:277,B*08:277,B,Bw6,Bw6,classified,N,SLRNLRG,Bw6,HLAtools_protein_alignment,IPD-IMGT/HLA 3.63.0,2026-02-19 18:49:27.959055
B*08:278,B*08:278,B,Bw6,Bw6,classified,N,SLRNLRG,Bw6,HLAtools_protein_alignment,IPD-IMGT/HLA 3.63.0,2026-02-19 18:49:27.959055
B*08:28,B*08:28,B,Bw6,Bw6,classified,N,SLRNLRG,Bw6,HLAtools_protein_alignment,IPD-IMGT/HLA 3.63.0,2026-02-19 18:49:27.959055
B*08:280,B*08:280,B,Bw6,Bw6,classified,N,SLRNLRG,Bw6,HLAtools_protein_alignment,IPD-IMGT/HLA 3.63.0,2026-02-19 18:49:27.959055
B*08:281,B*08:281,B,Bw6,Bw6,classified,N,SLRNLRG,Bw6,HLAtools_protein_alignment,IPD-IMGT/HLA 3.63.0,2026-02-19 18:49:27.959055
B*08:282,B*08:282,B,Bw6,Bw6,classified,N,SLRNLRG,Bw6,HLAtools_protein_alignment,IPD-IMGT/HLA 3.63.0,2026-02-19 18:49:27.959055
B*08:283,B*08:283,B,Bw6,Bw6,classified,N,SLRNLRG,Bw6,HLAtools_protein_alignment,IPD-IMGT/HLA 3.63.0,2026-02-19 18:49:27.959055
B*08:284Q,B*08:284Q,B,Bw6,Bw6,classified,N,SLRNLRG,NA,HLAtools_protein_alignment,IPD-IMGT/HLA 3.63.0,2026-02-19 18:49:27.959055
B*08:285,B*08:285,B,Bw6,Bw6,classified,N,SLRNLRG,Bw6,HLAtools_protein_alignment,IPD-IMGT/HLA 3.63.0,2026-02-19 18:49:27.959055
B*08:286,B*08:286,B,Bw6,Bw6,classified,N,SLRNLRG,Bw6,HLAtools_protein_alignment,IPD-IMGT/HLA 3.63.0,2026-02-19 18:49:27.959055
B*08:288,B*08:288,B,Bw6,Bw6,classified,N,SLRNLRG,Bw6,HLAtools_protein_alignment,IPD-IMGT/HLA 3.63.0,2026-02-19 18:49:27.959055
B*08:289,B*08:289,B,Bw6,Bw6,classified,N,SLPNLRG,Bw6,HLAtools_protein_alignment,IPD-IMGT/HLA 3.63.0,2026-02-19 18:49:27.959055
B*08:29,B*08:29,B,Bw6,Bw6,classified,N,SLRNLHG,Bw6,HLAtools_protein_alignment,IPD-IMGT/HLA 3.63.0,2026-02-19 18:49:27.959055
B*08:290,B*08:290,B,Bw6,Bw6,classified,N,SLRNLRG,Bw6,HLAtools_protein_alignment,IPD-IMGT/HLA 3.63.0,2026-02-19 18:49:27.959055
B*08:291,B*08:291,B,Bw6,Bw6,classified,N,SLRNLRG,Bw6,HLAtools_protein_alignment,IPD-IMGT/HLA 3.63.0,2026-02-19 18:49:27.959055
B*08:292,B*08:292,B,Bw6,Bw6,classified,N,SLRNLRG,Bw6,HLAtools_protein_alignment,IPD-IMGT/HLA 3.63.0,2026-02-19 18:49:27.959055
B*08:294,B*08:294,B,Bw6,Bw6,classified,N,SLRNLRG,Bw6,HLAtools_protein_alignment,IPD-IMGT/HLA 3.63.0,2026-02-19 18:49:27.959055
B*08:295,B*08:295,B,Bw6,Bw6,classified,N,NLRNLRG,NA,HLAtools_protein_alignment,IPD-IMGT/HLA 3.63.0,2026-02-19 18:49:27.959055
B*08:296,B*08:296,B,Bw6,Bw6,classified,N,SLRNLRG,Bw6,HLAtools_protein_alignment,IPD-IMGT/HLA 3.63.0,2026-02-19 18:49:27.959055
B*08:297,B*08:297,B,Bw6,Bw6,classified,N,SLRNLRG,Bw6,HLAtools_protein_alignment,IPD-IMGT/HLA 3.63.0,2026-02-19 18:49:27.959055
B*08:298,B*08:298,B,Bw6,Bw6,classified,N,SLRNLRG,Bw6,HLAtools_protein_alignment,IPD-IMGT/HLA 3.63.0,2026-02-19 18:49:27.959055
B*08:299,B*08:299,B,Bw6,Bw6,classified,N,SLRNLRG,Bw6,HLAtools_protein_alignment,IPD-IMGT/HLA 3.63.0,2026-02-19 18:49:27.959055
B*08:300Q,B*08:300Q,B,Bw6,Bw6,classified,N,SLRNLRG,NA,HLAtools_protein_alignment,IPD-IMGT/HLA 3.63.0,2026-02-19 18:49:27.959055
B*08:301,B*08:301,B,Bw6,Bw6,classified,N,SLRNLRG,Bw6,HLAtools_protein_alignment,IPD-IMGT/HLA 3.63.0,2026-02-19 18:49:27.959055
B*08:302,B*08:302,B,Bw6,Bw6,classified,N,SLRNLRG,Bw6,HLAtools_protein_alignment,IPD-IMGT/HLA 3.63.0,2026-02-19 18:49:27.959055
B*08:303,B*08:303,B,Bw6,Bw6,classified,N,SLRNLRG,Bw6,HLAtools_protein_alignment,IPD-IMGT/HLA 3.63.0,2026-02-19 18:49:27.959055
B*08:304,B*08:304,B,Bw6,Bw6,classified,N,SLRNLRG,Bw6,HLAtools_protein_alignment,IPD-IMGT/HLA 3.63.0,2026-02-19 18:49:27.959055
B*08:305,B*08:305,B,Bw6,Bw6,classified,N,SLRNLRG,Bw6,HLAtools_protein_alignment,IPD-IMGT/HLA 3.63.0,2026-02-19 18:49:27.959055
B*08:306,B*08:306,B,Bw6,Bw6,classified,N,SLRNLRG,Bw6,HLAtools_protein_alignment,IPD-IMGT/HLA 3.63.0,2026-02-19 18:49:27.959055
B*08:307,B*08:307,B,Bw6,Bw6,classified,N,SLRNLRG,Bw6,HLAtools_protein_alignment,IPD-IMGT/HLA 3.63.0,2026-02-19 18:49:27.959055
B*08:308,B*08:308,B,Bw6,Bw6,classified,N,SLRNLRG,Bw6,HLAtools_protein_alignment,IPD-IMGT/HLA 3.63.0,2026-02-19 18:49:27.959055
B*08:309,B*08:309,B,Bw6,Bw6,classified,N,SLRNLRG,Bw6,HLAtools_protein_alignment,IPD-IMGT/HLA 3.63.0,2026-02-19 18:49:27.959055
B*08:31,B*08:31,B,Bw6,Bw6,classified,N,SLRNLRG,Bw6,HLAtools_protein_alignment,IPD-IMGT/HLA 3.63.0,2026-02-19 18:49:27.959055
B*08:310,B*08:310,B,Bw6,Bw6,classified,N,SLRNLRG,Bw6,HLAtools_protein_alignment,IPD-IMGT/HLA 3.63.0,2026-02-19 18:49:27.959055
B*08:311,B*08:311,B,Bw6,Bw6,classified,N,SLRNLRG,Bw6,HLAtools_protein_alignment,IPD-IMGT/HLA 3.63.0,2026-02-19 18:49:27.959055
B*08:312,B*08:312,B,Bw6,Bw6,classified,N,SLRNLRG,Bw6,HLAtools_protein_alignment,IPD-IMGT/HLA 3.63.0,2026-02-19 18:49:27.959055
B*08:313,B*08:313,B,Bw6,Bw6,classified,N,SLRNLRG,Bw6,HLAtools_protein_alignment,IPD-IMGT/HLA 3.63.0,2026-02-19 18:49:27.959055
B*08:314,B*08:314,B,Bw6,Bw6,classified,N,SLRNLRG,Bw6,HLAtools_protein_alignment,IPD-IMGT/HLA 3.63.0,2026-02-19 18:49:27.959055
B*08:315,B*08:315,B,Bw6,Bw6,classified,N,SLRNLRG,Bw6,HLAtools_protein_alignment,IPD-IMGT/HLA 3.63.0,2026-02-19 18:49:27.959055
B*08:316,B*08:316,B,Bw6,Bw6,classified,N,SLRNLRG,Bw6,HLAtools_protein_alignment,IPD-IMGT/HLA 3.63.0,2026-02-19 18:49:27.959055
B*08:317,B*08:317,B,Bw6,Bw6,classified,N,SLRNLRG,Bw6,HLAtools_protein_alignment,IPD-IMGT/HLA 3.63.0,2026-02-19 18:49:27.959055
B*08:318,B*08:318,B,Bw6,Bw6,classified,N,SLRNLRG,Bw6,HLAtools_protein_alignment,IPD-IMGT/HLA 3.63.0,2026-02-19 18:49:27.959055
B*08:319,B*08:319,B,Bw6,Bw6,classified,N,SLRNLRG,Bw6,HLAtools_protein_alignment,IPD-IMGT/HLA 3.63.0,2026-02-19 18:49:27.959055
B*08:32,B*08:32,B,Bw6,Bw6,classified,N,SLRNLRG,Bw6,HLAtools_protein_alignment,IPD-IMGT/HLA 3.63.0,2026-02-19 18:49:27.959055
B*08:320,B*08:320,B,Bw6,Bw6,classified,N,SLRNLRG,Bw6,HLAtools_protein_alignment,IPD-IMGT/HLA 3.63.0,2026-02-19 18:49:27.959055
B*08:321,B*08:321,B,Bw6,Bw6,classified,N,SLRNLRG,Bw6,HLAtools_protein_alignment,IPD-IMGT/HLA 3.63.0,2026-02-19 18:49:27.959055
B*08:322,B*08:322,B,Bw6,Bw6,classified,N,SLRNLRG,Bw6,HLAtools_protein_alignment,IPD-IMGT/HLA 3.63.0,2026-02-19 18:49:27.959055
B*08:323Q,B*08:323Q,B,Bw6,Bw6,classified,N,SLRNLRG,NA,HLAtools_protein_alignment,IPD-IMGT/HLA 3.63.0,2026-02-19 18:49:27.959055
B*08:324,B*08:324,B,Bw6,Bw6,classified,N,SLRNLRG,Bw6,HLAtools_protein_alignment,IPD-IMGT/HLA 3.63.0,2026-02-19 18:49:27.959055
B*08:325,B*08:325,B,Bw6,Bw6,classified,N,SLRNLRG,Bw6,HLAtools_protein_alignment,IPD-IMGT/HLA 3.63.0,2026-02-19 18:49:27.959055
B*08:326,B*08:326,B,Bw6,Bw6,classified,N,SLRNLRG,Bw6,HLAtools_protein_alignment,IPD-IMGT/HLA 3.63.0,2026-02-19 18:49:27.959055
B*08:327,B*08:327,B,Bw6,Bw6,classified,N,SLRNLRG,Bw6,HLAtools_protein_alignment,IPD-IMGT/HLA 3.63.0,2026-02-19 18:49:27.959055
B*08:329Q,B*08:329Q,B,Bw6,Bw6,classified,N,SLRNLRG,NA,HLAtools_protein_alignment,IPD-IMGT/HLA 3.63.0,2026-02-19 18:49:27.959055
B*08:33,B*08:33,B,Bw6,Bw6,classified,N,SLRNLRG,Bw6,HLAtools_protein_alignment,IPD-IMGT/HLA 3.63.0,2026-02-19 18:49:27.959055
B*08:330,B*08:330,B,Bw6,Bw6,classified,N,SLRNLRG,Bw6,HLAtools_protein_alignment,IPD-IMGT/HLA 3.63.0,2026-02-19 18:49:27.959055
B*08:331,B*08:331,B,Bw6,Bw6,classified,N,SLRNLRG,Bw6,HLAtools_protein_alignment,IPD-IMGT/HLA 3.63.0,2026-02-19 18:49:27.959055
B*08:332,B*08:332,B,Bw6,Bw6,classified,N,SLRNLRG,Bw6,HLAtools_protein_alignment,IPD-IMGT/HLA 3.63.0,2026-02-19 18:49:27.959055
B*08:334,B*08:334,B,Bw6,Bw6,classified,N,SLRNLRG,Bw6,HLAtools_protein_alignment,IPD-IMGT/HLA 3.63.0,2026-02-19 18:49:27.959055
B*08:335,B*08:335,B,Bw6,Bw6,classified,N,SLRNLRG,Bw6,HLAtools_protein_alignment,IPD-IMGT/HLA 3.63.0,2026-02-19 18:49:27.959055
B*08:337,B*08:337,B,Bw6,Bw6,classified,N,SLRNLRG,Bw6,HLAtools_protein_alignment,IPD-IMGT/HLA 3.63.0,2026-02-19 18:49:27.959055
B*08:338,B*08:338,B,Bw6,Bw6,classified,N,SLRNLRG,Bw6,HLAtools_protein_alignment,IPD-IMGT/HLA 3.63.0,2026-02-19 18:49:27.959055
B*08:339,B*08:339,B,Bw6,Bw6,classified,N,SLRNLRG,Bw6,HLAtools_protein_alignment,IPD-IMGT/HLA 3.63.0,2026-02-19 18:49:27.959055
B*08:34,B*08:34,B,Non-canonical,NonCanonical,non_canonical_83,N,SLRNLRC,Bw6,HLAtools_protein_alignment,IPD-IMGT/HLA 3.63.0,2026-02-19 18:49:27.959055
B*08:340,B*08:340,B,Bw6,Bw6,classified,N,SLRNLRG,Bw6,HLAtools_protein_alignment,IPD-IMGT/HLA 3.63.0,2026-02-19 18:49:27.959055
B*08:342,B*08:342,B,Bw6,Bw6,classified,N,SLRNLRG,Bw6,HLAtools_protein_alignment,IPD-IMGT/HLA 3.63.0,2026-02-19 18:49:27.959055
B*08:343,B*08:343,B,Bw6,Bw6,classified,N,SLRNLRG,Bw6,HLAtools_protein_alignment,IPD-IMGT/HLA 3.63.0,2026-02-19 18:49:27.959055
B*08:344,B*08:344,B,Bw6,Bw6,classified,N,SLRNLRG,Bw6,HLAtools_protein_alignment,IPD-IMGT/HLA 3.63.0,2026-02-19 18:49:27.959055
B*08:35,B*08:35,B,Bw6,Bw6,classified,N,SLRNLRG,Bw6,HLAtools_protein_alignment,IPD-IMGT/HLA 3.63.0,2026-02-19 18:49:27.959055
B*08:36,B*08:36,B,Bw6,Bw6,classified,N,SLWNLRG,Bw6,HLAtools_protein_alignment,IPD-IMGT/HLA 3.63.0,2026-02-19 18:49:27.959055
B*08:37,B*08:37,B,Bw6,Bw6,classified,N,SLRNLRG,Bw6,HLAtools_protein_alignment,IPD-IMGT/HLA 3.63.0,2026-02-19 18:49:27.959055
B*08:38,B*08:38,B,Bw6,Bw6,classified,N,SLRNLRG,Bw6,HLAtools_protein_alignment,IPD-IMGT/HLA 3.63.0,2026-02-19 18:49:27.959055
B*08:39,B*08:39,B,Bw6,Bw6,classified,N,SLRNLRG,Bw6,HLAtools_protein_alignment,IPD-IMGT/HLA 3.63.0,2026-02-19 18:49:27.959055
B*08:40,B*08:40,B,Bw6,Bw6,classified,N,SLRNLRG,Bw6,HLAtools_protein_alignment,IPD-IMGT/HLA 3.63.0,2026-02-19 18:49:27.959055
B*08:41,B*08:41,B,Bw6,Bw6,classified,N,SLRNLRG,Bw6,HLAtools_protein_alignment,IPD-IMGT/HLA 3.63.0,2026-02-19 18:49:27.959055
B*08:42,B*08:42,B,Bw6,Bw6,classified,N,SLRNLRG,Bw6,HLAtools_protein_alignment,IPD-IMGT/HLA 3.63.0,2026-02-19 18:49:27.959055
B*08:43,B*08:43,B,Bw6,Bw6,classified,N,SLRNLRG,Bw6,HLAtools_protein_alignment,IPD-IMGT/HLA 3.63.0,2026-02-19 18:49:27.959055
B*08:44,B*08:44,B,Bw6,Bw6,classified,N,SLRNLRG,Bw6,HLAtools_protein_alignment,IPD-IMGT/HLA 3.63.0,2026-02-19 18:49:27.959055
B*08:45,B*08:45,B,Bw6,Bw6,classified,N,SLRNLRG,Bw6,HLAtools_protein_alignment,IPD-IMGT/HLA 3.63.0,2026-02-19 18:49:27.959055
B*08:46,B*08:46,B,Bw6,Bw6,classified,N,SLRNLRG,Bw6,HLAtools_protein_alignment,IPD-IMGT/HLA 3.63.0,2026-02-19 18:49:27.959055
B*08:47,B*08:47,B,Bw6,Bw6,classified,N,NLRNLRG,NA,HLAtools_protein_alignment,IPD-IMGT/HLA 3.63.0,2026-02-19 18:49:27.959055
B*08:48,B*08:48,B,Bw6,Bw6,classified,N,SLRNLRG,Bw6,HLAtools_protein_alignment,IPD-IMGT/HLA 3.63.0,2026-02-19 18:49:27.959055
B*08:49,B*08:49,B,Bw6,Bw6,classified,N,SLRNLRG,Bw6,HLAtools_protein_alignment,IPD-IMGT/HLA 3.63.0,2026-02-19 18:49:27.959055
B*08:50,B*08:50,B,Bw6,Bw6,classified,N,SLRNLRG,Bw6,HLAtools_protein_alignment,IPD-IMGT/HLA 3.63.0,2026-02-19 18:49:27.959055
B*08:51,B*08:51,B,Bw6,Bw6,classified,N,SLRNLRG,Bw6,HLAtools_protein_alignment,IPD-IMGT/HLA 3.63.0,2026-02-19 18:49:27.959055
B*08:52,B*08:52,B,Bw4 - 80I,Bw4_80I,classified,I,SLRIALR,NA,HLAtools_protein_alignment,IPD-IMGT/HLA 3.63.0,2026-02-19 18:49:27.959055
B*08:53,B*08:53,B,Bw6,Bw6,classified,N,SLRNLRG,Bw6,HLAtools_protein_alignment,IPD-IMGT/HLA 3.63.0,2026-02-19 18:49:27.959055
B*08:54,B*08:54,B,Bw6,Bw6,classified,N,SLRNLRG,Bw6,HLAtools_protein_alignment,IPD-IMGT/HLA 3.63.0,2026-02-19 18:49:27.959055
B*08:55,B*08:55,B,Bw6,Bw6,classified,N,SLRNLRG,Bw6,HLAtools_protein_alignment,IPD-IMGT/HLA 3.63.0,2026-02-19 18:49:27.959055
B*08:56,B*08:56,B,Bw6,Bw6,classified,N,SLRNLRG,Bw6,HLAtools_protein_alignment,IPD-IMGT/HLA 3.63.0,2026-02-19 18:49:27.959055
B*08:57,B*08:57,B,Bw6,Bw6,classified,N,SLRNLRG,Bw6,HLAtools_protein_alignment,IPD-IMGT/HLA 3.63.0,2026-02-19 18:49:27.959055
B*08:58,B*08:58,B,Bw6,Bw6,classified,N,SLRNLRG,Bw6,HLAtools_protein_alignment,IPD-IMGT/HLA 3.63.0,2026-02-19 18:49:27.959055
B*08:59,B*08:59,B,Bw6,Bw6,classified,N,SLRNLRG,Bw6,HLAtools_protein_alignment,IPD-IMGT/HLA 3.63.0,2026-02-19 18:49:27.959055
B*08:60,B*08:60,B,Bw6,Bw6,classified,N,SLRNLRG,Bw6,HLAtools_protein_alignment,IPD-IMGT/HLA 3.63.0,2026-02-19 18:49:27.959055
B*08:61,B*08:61,B,Bw6,Bw6,classified,N,SLRNLRG,Bw6,HLAtools_protein_alignment,IPD-IMGT/HLA 3.63.0,2026-02-19 18:49:27.959055
B*08:62,B*08:62,B,Bw6,Bw6,classified,N,SLRNLRG,Bw6,HLAtools_protein_alignment,IPD-IMGT/HLA 3.63.0,2026-02-19 18:49:27.959055
B*08:63,B*08:63,B,Bw6,Bw6,classified,N,SLRNLRG,Bw6,HLAtools_protein_alignment,IPD-IMGT/HLA 3.63.0,2026-02-19 18:49:27.959055
B*08:64,B*08:64,B,Bw6,Bw6,classified,N,SLRNLRG,Bw6,HLAtools_protein_alignment,IPD-IMGT/HLA 3.63.0,2026-02-19 18:49:27.959055
B*08:65,B*08:65,B,Bw6,Bw6,classified,N,SLRNLRG,Bw6,HLAtools_protein_alignment,IPD-IMGT/HLA 3.63.0,2026-02-19 18:49:27.959055
B*08:66,B*08:66,B,Bw6,Bw6,classified,N,SLRNLRG,Bw6,HLAtools_protein_alignment,IPD-IMGT/HLA 3.63.0,2026-02-19 18:49:27.959055
B*08:68,B*08:68,B,Bw6,Bw6,classified,N,SLRNLRG,Bw6,HLAtools_protein_alignment,IPD-IMGT/HLA 3.63.0,2026-02-19 18:49:27.959055
B*08:69,B*08:69,B,Bw6,Bw6,classified,N,SLRNLRG,Bw6,HLAtools_protein_alignment,IPD-IMGT/HLA 3.63.0,2026-02-19 18:49:27.959055
B*08:70,B*08:70,B,Bw6,Bw6,classified,N,SLRNLRG,Bw6,HLAtools_protein_alignment,IPD-IMGT/HLA 3.63.0,2026-02-19 18:49:27.959055
B*08:71,B*08:71,B,Bw6,Bw6,classified,N,SLRNLRG,Bw6,HLAtools_protein_alignment,IPD-IMGT/HLA 3.63.0,2026-02-19 18:49:27.959055
B*08:73,B*08:73,B,Bw6,Bw6,classified,N,SLRNLRG,Bw6,HLAtools_protein_alignment,IPD-IMGT/HLA 3.63.0,2026-02-19 18:49:27.959055
B*08:74,B*08:74,B,Bw6,Bw6,classified,N,SLRNLRG,Bw6,HLAtools_protein_alignment,IPD-IMGT/HLA 3.63.0,2026-02-19 18:49:27.959055
B*08:75,B*08:75,B,Bw6,Bw6,classified,N,SLRNLRG,Bw6,HLAtools_protein_alignment,IPD-IMGT/HLA 3.63.0,2026-02-19 18:49:27.959055
B*08:76,B*08:76,B,Bw6,Bw6,classified,N,SLRNLRG,Bw6,HLAtools_protein_alignment,IPD-IMGT/HLA 3.63.0,2026-02-19 18:49:27.959055
B*08:77,B*08:77,B,Bw6,Bw6,classified,N,SLRNLRG,Bw6,HLAtools_protein_alignment,IPD-IMGT/HLA 3.63.0,2026-02-19 18:49:27.959055
B*08:78,B*08:78,B,Bw4 - 80I,Bw4_80I,classified,I,NLRIALR,Bw4 - 80I,HLAtools_protein_alignment,IPD-IMGT/HLA 3.63.0,2026-02-19 18:49:27.959055
B*08:79,B*08:79,B,Bw6,Bw6,classified,N,SLRNLRG,Bw6,HLAtools_protein_alignment,IPD-IMGT/HLA 3.63.0,2026-02-19 18:49:27.959055
B*08:80,B*08:80,B,Bw6,Bw6,classified,N,SLRNLRG,Bw6,HLAtools_protein_alignment,IPD-IMGT/HLA 3.63.0,2026-02-19 18:49:27.959055
B*08:81,B*08:81,B,Bw6,Bw6,classified,N,SLRNLRG,Bw6,HLAtools_protein_alignment,IPD-IMGT/HLA 3.63.0,2026-02-19 18:49:27.959055
B*08:83,B*08:83,B,Bw6,Bw6,classified,N,SLRNLRG,Bw6,HLAtools_protein_alignment,IPD-IMGT/HLA 3.63.0,2026-02-19 18:49:27.959055
B*08:84,B*08:84,B,Bw6,Bw6,classified,N,SLRNLRG,Bw6,HLAtools_protein_alignment,IPD-IMGT/HLA 3.63.0,2026-02-19 18:49:27.959055
B*08:85,B*08:85,B,Bw6,Bw6,classified,N,SLRNLRG,Bw6,HLAtools_protein_alignment,IPD-IMGT/HLA 3.63.0,2026-02-19 18:49:27.959055
B*08:87,B*08:87,B,Bw6,Bw6,classified,N,SLRNLRG,Bw6,HLAtools_protein_alignment,IPD-IMGT/HLA 3.63.0,2026-02-19 18:49:27.959055
B*08:88,B*08:88,B,Bw6,Bw6,classified,N,SLRNLRG,Bw6,HLAtools_protein_alignment,IPD-IMGT/HLA 3.63.0,2026-02-19 18:49:27.959055
B*08:89,B*08:89,B,Bw6,Bw6,classified,N,SLRNLRG,Bw6,HLAtools_protein_alignment,IPD-IMGT/HLA 3.63.0,2026-02-19 18:49:27.959055
B*08:90,B*08:90,B,Bw6,Bw6,classified,N,SLRNLRG,Bw6,HLAtools_protein_alignment,IPD-IMGT/HLA 3.63.0,2026-02-19 18:49:27.959055
B*08:91,B*08:91,B,Bw6,Bw6,classified,N,SLRNLRG,Bw6,HLAtools_protein_alignment,IPD-IMGT/HLA 3.63.0,2026-02-19 18:49:27.959055
B*08:92,B*08:92,B,Bw6,Bw6,classified,N,SLRNLRG,Bw6,HLAtools_protein_alignment,IPD-IMGT/HLA 3.63.0,2026-02-19 18:49:27.959055
B*08:93,B*08:93,B,Bw6,Bw6,classified,N,SLRNLRG,Bw6,HLAtools_protein_alignment,IPD-IMGT/HLA 3.63.0,2026-02-19 18:49:27.959055
B*08:94,B*08:94,B,Bw6,Bw6,classified,N,SLRNLRG,Bw6,HLAtools_protein_alignment,IPD-IMGT/HLA 3.63.0,2026-02-19 18:49:27.959055
B*08:95,B*08:95,B,Bw6,Bw6,classified,N,SLRNLRG,Bw6,HLAtools_protein_alignment,IPD-IMGT/HLA 3.63.0,2026-02-19 18:49:27.959055
B*08:96,B*08:96,B,Bw6,Bw6,classified,N,SLRNLRG,Bw6,HLAtools_protein_alignment,IPD-IMGT/HLA 3.63.0,2026-02-19 18:49:27.959055
B*08:97,B*08:97,B,Bw6,Bw6,classified,N,SLRNLRG,Bw6,HLAtools_protein_alignment,IPD-IMGT/HLA 3.63.0,2026-02-19 18:49:27.959055
B*08:98,B*08:98,B,Bw6,Bw6,classified,N,SLRNLRG,Bw6,HLAtools_protein_alignment,IPD-IMGT/HLA 3.63.0,2026-02-19 18:49:27.959055
B*08:99,B*08:99,B,Bw6,Bw6,classified,N,SLRNLRG,Bw6,HLAtools_protein_alignment,IPD-IMGT/HLA 3.63.0,2026-02-19 18:49:27.959055
B*13:01,B*13:01,B,Bw4 - 80T,Bw4_80T,classified,T,NLRTALR,Bw4 - 80T,HLAtools_protein_alignment,IPD-IMGT/HLA 3.63.0,2026-02-19 18:49:27.959055
B*13:02,B*13:02,B,Bw4 - 80T,Bw4_80T,classified,T,NLRTALR,Bw4 - 80T,HLAtools_protein_alignment,IPD-IMGT/HLA 3.63.0,2026-02-19 18:49:27.959055
B*13:03,B*13:03,B,Bw4 - 80T,Bw4_80T,classified,T,NLRTALR,Bw4 - 80T,HLAtools_protein_alignment,IPD-IMGT/HLA 3.63.0,2026-02-19 18:49:27.959055
B*13:04,B*13:04,B,Bw4 - 80T,Bw4_80T,classified,T,NLRTALR,Bw4 - 80T,HLAtools_protein_alignment,IPD-IMGT/HLA 3.63.0,2026-02-19 18:49:27.959055
B*13:06,B*13:06,B,Bw4 - 80T,Bw4_80T,classified,T,NLRTALR,Bw4 - 80T,HLAtools_protein_alignment,IPD-IMGT/HLA 3.63.0,2026-02-19 18:49:27.959055
B*13:08,B*13:08,B,Bw4 - 80T,Bw4_80T,classified,T,NLRTALR,Bw4 - 80T,HLAtools_protein_alignment,IPD-IMGT/HLA 3.63.0,2026-02-19 18:49:27.959055
B*13:09,B*13:09,B,Bw6,Bw6,classified,N,SLRNLRG,Bw6,HLAtools_protein_alignment,IPD-IMGT/HLA 3.63.0,2026-02-19 18:49:27.959055
B*13:10,B*13:10,B,Bw4 - 80T,Bw4_80T,classified,T,NLRTALR,Bw4 - 80T,HLAtools_protein_alignment,IPD-IMGT/HLA 3.63.0,2026-02-19 18:49:27.959055
B*13:100,B*13:100,B,Bw4 - 80T,Bw4_80T,classified,T,NLRTALR,Bw4 - 80T,HLAtools_protein_alignment,IPD-IMGT/HLA 3.63.0,2026-02-19 18:49:27.959055
B*13:101,B*13:101,B,Bw4 - 80T,Bw4_80T,classified,T,NLRTALR,Bw4 - 80T,HLAtools_protein_alignment,IPD-IMGT/HLA 3.63.0,2026-02-19 18:49:27.959055
B*13:102,B*13:102,B,Bw4 - 80T,Bw4_80T,classified,T,NLRTALR,Bw4 - 80T,HLAtools_protein_alignment,IPD-IMGT/HLA 3.63.0,2026-02-19 18:49:27.959055
B*13:104,B*13:104,B,Bw4 - 80T,Bw4_80T,classified,T,NLRTALR,Bw4 - 80T,HLAtools_protein_alignment,IPD-IMGT/HLA 3.63.0,2026-02-19 18:49:27.959055
B*13:105,B*13:105,B,Bw4 - 80T,Bw4_80T,classified,T,NLRTALR,Bw4 - 80T,HLAtools_protein_alignment,IPD-IMGT/HLA 3.63.0,2026-02-19 18:49:27.959055
B*13:106,B*13:106,B,Bw4 - 80T,Bw4_80T,classified,T,NLRTALR,Bw4 - 80T,HLAtools_protein_alignment,IPD-IMGT/HLA 3.63.0,2026-02-19 18:49:27.959055
B*13:107,B*13:107,B,Bw4 - 80T,Bw4_80T,classified,T,NLRTALR,Bw4 - 80T,HLAtools_protein_alignment,IPD-IMGT/HLA 3.63.0,2026-02-19 18:49:27.959055
B*13:108,B*13:108,B,Bw4 - 80T,Bw4_80T,classified,T,NLRTALR,Bw4 - 80T,HLAtools_protein_alignment,IPD-IMGT/HLA 3.63.0,2026-02-19 18:49:27.959055
B*13:109,B*13:109,B,Bw4 - 80T,Bw4_80T,classified,T,NLRTALR,Bw4 - 80T,HLAtools_protein_alignment,IPD-IMGT/HLA 3.63.0,2026-02-19 18:49:27.959055
B*13:11,B*13:11,B,Bw4 - 80T,Bw4_80T,classified,T,NLRTALR,Bw4 - 80T,HLAtools_protein_alignment,IPD-IMGT/HLA 3.63.0,2026-02-19 18:49:27.959055
B*13:110,B*13:110,B,Bw4 - 80T,Bw4_80T,classified,T,NLRTALR,Bw4 - 80T,HLAtools_protein_alignment,IPD-IMGT/HLA 3.63.0,2026-02-19 18:49:27.959055
B*13:111,B*13:111,B,Bw4 - 80T,Bw4_80T,classified,T,NLRTALR,Bw4 - 80T,HLAtools_protein_alignment,IPD-IMGT/HLA 3.63.0,2026-02-19 18:49:27.959055
B*13:112,B*13:112,B,Bw4 - 80T,Bw4_80T,classified,T,NLRTALR,Bw4 - 80T,HLAtools_protein_alignment,IPD-IMGT/HLA 3.63.0,2026-02-19 18:49:27.959055
B*13:113,B*13:113,B,Bw4 - 80T,Bw4_80T,classified,T,NLRTALR,Bw4 - 80T,HLAtools_protein_alignment,IPD-IMGT/HLA 3.63.0,2026-02-19 18:49:27.959055
B*13:114,B*13:114,B,Bw4 - 80T,Bw4_80T,classified,T,NLRTALR,Bw4 - 80T,HLAtools_protein_alignment,IPD-IMGT/HLA 3.63.0,2026-02-19 18:49:27.959055
B*13:115,B*13:115,B,Bw4 - 80T,Bw4_80T,classified,T,NLRTALR,Bw4 - 80T,HLAtools_protein_alignment,IPD-IMGT/HLA 3.63.0,2026-02-19 18:49:27.959055
B*13:117,B*13:117,B,Bw4 - 80T,Bw4_80T,classified,T,NLRTALR,Bw4 - 80T,HLAtools_protein_alignment,IPD-IMGT/HLA 3.63.0,2026-02-19 18:49:27.959055
B*13:118,B*13:118,B,Bw4 - 80T,Bw4_80T,classified,T,NLRTALR,Bw4 - 80T,HLAtools_protein_alignment,IPD-IMGT/HLA 3.63.0,2026-02-19 18:49:27.959055
B*13:119,B*13:119,B,Bw4 - 80T,Bw4_80T,classified,T,NLRTALR,Bw4 - 80T,HLAtools_protein_alignment,IPD-IMGT/HLA 3.63.0,2026-02-19 18:49:27.959055
B*13:12,B*13:12,B,Bw4 - 80T,Bw4_80T,classified,T,NLRTALR,Bw4 - 80T,HLAtools_protein_alignment,IPD-IMGT/HLA 3.63.0,2026-02-19 18:49:27.959055
B*13:120,B*13:120,B,Bw4 - 80T,Bw4_80T,classified,T,NLRTALR,Bw4 - 80T,HLAtools_protein_alignment,IPD-IMGT/HLA 3.63.0,2026-02-19 18:49:27.959055
B*13:121,B*13:121,B,Bw4 - 80T,Bw4_80T,classified,T,NLRTALR,Bw4 - 80T,HLAtools_protein_alignment,IPD-IMGT/HLA 3.63.0,2026-02-19 18:49:27.959055
B*13:122,B*13:122,B,Bw4 - 80T,Bw4_80T,classified,T,NLRTALR,Bw4 - 80T,HLAtools_protein_alignment,IPD-IMGT/HLA 3.63.0,2026-02-19 18:49:27.959055
B*13:123Q,B*13:123Q,B,Bw4 - 80T,Bw4_80T,classified,T,NLRTALR,NA,HLAtools_protein_alignment,IPD-IMGT/HLA 3.63.0,2026-02-19 18:49:27.959055
B*13:124,B*13:124,B,Bw4 - 80T,Bw4_80T,classified,T,NLRTALR,Bw4 - 80T,HLAtools_protein_alignment,IPD-IMGT/HLA 3.63.0,2026-02-19 18:49:27.959055
B*13:125,B*13:125,B,Bw4 - 80T,Bw4_80T,classified,T,NLRTALR,Bw4 - 80T,HLAtools_protein_alignment,IPD-IMGT/HLA 3.63.0,2026-02-19 18:49:27.959055
B*13:126,B*13:126,B,Bw4 - 80T,Bw4_80T,classified,T,NLRTALR,Bw4 - 80T,HLAtools_protein_alignment,IPD-IMGT/HLA 3.63.0,2026-02-19 18:49:27.959055
B*13:127,B*13:127,B,Bw4 - 80T,Bw4_80T,classified,T,NLRTALR,Bw4 - 80T,HLAtools_protein_alignment,IPD-IMGT/HLA 3.63.0,2026-02-19 18:49:27.959055
B*13:128,B*13:128,B,Bw4 - 80T,Bw4_80T,classified,T,NLRTALR,Bw4 - 80T,HLAtools_protein_alignment,IPD-IMGT/HLA 3.63.0,2026-02-19 18:49:27.959055
B*13:129,B*13:129,B,Bw4 - 80T,Bw4_80T,classified,T,NLRTALR,Bw4 - 80T,HLAtools_protein_alignment,IPD-IMGT/HLA 3.63.0,2026-02-19 18:49:27.959055
B*13:13,B*13:13,B,Bw4 - 80T,Bw4_80T,classified,T,NLRTALR,Bw4 - 80T,HLAtools_protein_alignment,IPD-IMGT/HLA 3.63.0,2026-02-19 18:49:27.959055
B*13:130,B*13:130,B,Bw4 - 80T,Bw4_80T,classified,T,NLRTALR,Bw4 - 80T,HLAtools_protein_alignment,IPD-IMGT/HLA 3.63.0,2026-02-19 18:49:27.959055
B*13:131,B*13:131,B,Bw4 - 80T,Bw4_80T,classified,T,NLRTALR,Bw4 - 80T,HLAtools_protein_alignment,IPD-IMGT/HLA 3.63.0,2026-02-19 18:49:27.959055
B*13:132,B*13:132,B,Bw4 - 80T,Bw4_80T,classified,T,NLRTALR,Bw4 - 80T,HLAtools_protein_alignment,IPD-IMGT/HLA 3.63.0,2026-02-19 18:49:27.959055
B*13:133,B*13:133,B,Bw4 - 80T,Bw4_80T,classified,T,NLRTALR,Bw4 - 80T,HLAtools_protein_alignment,IPD-IMGT/HLA 3.63.0,2026-02-19 18:49:27.959055
B*13:134,B*13:134,B,Bw4 - 80T,Bw4_80T,classified,T,NLRTALR,Bw4 - 80T,HLAtools_protein_alignment,IPD-IMGT/HLA 3.63.0,2026-02-19 18:49:27.959055
B*13:135,B*13:135,B,Bw4 - 80T,Bw4_80T,classified,T,NLRTALR,Bw4 - 80T,HLAtools_protein_alignment,IPD-IMGT/HLA 3.63.0,2026-02-19 18:49:27.959055
B*13:136,B*13:136,B,Bw4 - 80T,Bw4_80T,classified,T,NLRTALR,Bw4 - 80T,HLAtools_protein_alignment,IPD-IMGT/HLA 3.63.0,2026-02-19 18:49:27.959055
B*13:138,B*13:138,B,Bw4 - 80T,Bw4_80T,classified,T,NLRTALR,Bw4 - 80T,HLAtools_protein_alignment,IPD-IMGT/HLA 3.63.0,2026-02-19 18:49:27.959055
B*13:14,B*13:14,B,Bw4 - 80T,Bw4_80T,classified,T,NLRTALR,Bw4 - 80T,HLAtools_protein_alignment,IPD-IMGT/HLA 3.63.0,2026-02-19 18:49:27.959055
B*13:140,B*13:140,B,Bw4 - 80T,Bw4_80T,classified,T,NLRTALR,Bw4 - 80T,HLAtools_protein_alignment,IPD-IMGT/HLA 3.63.0,2026-02-19 18:49:27.959055
B*13:141,B*13:141,B,Bw4 - 80T,Bw4_80T,classified,T,NLRTALR,Bw4 - 80T,HLAtools_protein_alignment,IPD-IMGT/HLA 3.63.0,2026-02-19 18:49:27.959055
B*13:142,B*13:142,B,Bw4 - 80T,Bw4_80T,classified,T,NLRTALR,Bw4 - 80T,HLAtools_protein_alignment,IPD-IMGT/HLA 3.63.0,2026-02-19 18:49:27.959055
B*13:143,B*13:143,B,Bw4 - 80T,Bw4_80T,classified,T,NLRTALR,Bw4 - 80T,HLAtools_protein_alignment,IPD-IMGT/HLA 3.63.0,2026-02-19 18:49:27.959055
B*13:144,B*13:144,B,Bw4 - 80T,Bw4_80T,classified,T,NLRTALR,Bw4 - 80T,HLAtools_protein_alignment,IPD-IMGT/HLA 3.63.0,2026-02-19 18:49:27.959055
B*13:145,B*13:145,B,Bw4 - 80T,Bw4_80T,classified,T,NLRTALR,Bw4 - 80T,HLAtools_protein_alignment,IPD-IMGT/HLA 3.63.0,2026-02-19 18:49:27.959055
B*13:146,B*13:146,B,Bw4 - 80T,Bw4_80T,classified,T,NLRTALR,Bw4 - 80T,HLAtools_protein_alignment,IPD-IMGT/HLA 3.63.0,2026-02-19 18:49:27.959055
B*13:147,B*13:147,B,Bw4 - 80T,Bw4_80T,classified,T,NLRTALR,Bw4 - 80T,HLAtools_protein_alignment,IPD-IMGT/HLA 3.63.0,2026-02-19 18:49:27.959055
B*13:148,B*13:148,B,Bw4 - 80T,Bw4_80T,classified,T,NLRTALR,Bw4 - 80T,HLAtools_protein_alignment,IPD-IMGT/HLA 3.63.0,2026-02-19 18:49:27.959055
B*13:149,B*13:149,B,Bw4 - 80T,Bw4_80T,classified,T,NLRTALR,Bw4 - 80T,HLAtools_protein_alignment,IPD-IMGT/HLA 3.63.0,2026-02-19 18:49:27.959055
B*13:15,B*13:15,B,Bw4 - 80T,Bw4_80T,classified,T,NLRTALR,Bw4 - 80T,HLAtools_protein_alignment,IPD-IMGT/HLA 3.63.0,2026-02-19 18:49:27.959055
B*13:150,B*13:150,B,Bw4 - 80T,Bw4_80T,classified,T,NLRTALR,Bw4 - 80T,HLAtools_protein_alignment,IPD-IMGT/HLA 3.63.0,2026-02-19 18:49:27.959055
B*13:151,B*13:151,B,Bw4 - 80T,Bw4_80T,classified,T,NLRTALR,Bw4 - 80T,HLAtools_protein_alignment,IPD-IMGT/HLA 3.63.0,2026-02-19 18:49:27.959055
B*13:152,B*13:152,B,Bw4 - 80T,Bw4_80T,classified,T,NLRTALR,Bw4 - 80T,HLAtools_protein_alignment,IPD-IMGT/HLA 3.63.0,2026-02-19 18:49:27.959055
B*13:153,B*13:153,B,Bw4 - 80T,Bw4_80T,classified,T,NLRTALR,Bw4 - 80T,HLAtools_protein_alignment,IPD-IMGT/HLA 3.63.0,2026-02-19 18:49:27.959055
B*13:154,B*13:154,B,Bw4 - 80T,Bw4_80T,classified,T,NLRTALR,Bw4 - 80T,HLAtools_protein_alignment,IPD-IMGT/HLA 3.63.0,2026-02-19 18:49:27.959055
B*13:155,B*13:155,B,Bw4 - 80T,Bw4_80T,classified,T,NLRTALR,Bw4 - 80T,HLAtools_protein_alignment,IPD-IMGT/HLA 3.63.0,2026-02-19 18:49:27.959055
B*13:156,B*13:156,B,Bw4 - 80T,Bw4_80T,classified,T,SLRTALR,Bw4 - 80T,HLAtools_protein_alignment,IPD-IMGT/HLA 3.63.0,2026-02-19 18:49:27.959055
B*13:157,B*13:157,B,Bw4 - 80T,Bw4_80T,classified,T,NLRTALR,Bw4 - 80T,HLAtools_protein_alignment,IPD-IMGT/HLA 3.63.0,2026-02-19 18:49:27.959055
B*13:158,B*13:158,B,Bw4 - 80T,Bw4_80T,classified,T,NLRTALR,Bw4 - 80T,HLAtools_protein_alignment,IPD-IMGT/HLA 3.63.0,2026-02-19 18:49:27.959055
B*13:159,B*13:159,B,Bw4 - 80T,Bw4_80T,classified,T,NLRTALR,Bw4 - 80T,HLAtools_protein_alignment,IPD-IMGT/HLA 3.63.0,2026-02-19 18:49:27.959055
B*13:16,B*13:16,B,Bw4 - 80T,Bw4_80T,classified,T,NLRTALR,Bw4 - 80T,HLAtools_protein_alignment,IPD-IMGT/HLA 3.63.0,2026-02-19 18:49:27.959055
B*13:160,B*13:160,B,Bw4 - 80T,Bw4_80T,classified,T,NLRTALR,Bw4 - 80T,HLAtools_protein_alignment,IPD-IMGT/HLA 3.63.0,2026-02-19 18:49:27.959055
B*13:162,B*13:162,B,Bw4 - 80T,Bw4_80T,classified,T,NLRTALR,Bw4 - 80T,HLAtools_protein_alignment,IPD-IMGT/HLA 3.63.0,2026-02-19 18:49:27.959055
B*13:163,B*13:163,B,Bw4 - 80T,Bw4_80T,classified,T,NLRTALR,Bw4 - 80T,HLAtools_protein_alignment,IPD-IMGT/HLA 3.63.0,2026-02-19 18:49:27.959055
B*13:164,B*13:164,B,Bw4 - 80T,Bw4_80T,classified,T,NLRTALR,Bw4 - 80T,HLAtools_protein_alignment,IPD-IMGT/HLA 3.63.0,2026-02-19 18:49:27.959055
B*13:165,B*13:165,B,Bw4 - 80T,Bw4_80T,classified,T,NLRTALR,Bw4 - 80T,HLAtools_protein_alignment,IPD-IMGT/HLA 3.63.0,2026-02-19 18:49:27.959055
B*13:166,B*13:166,B,Bw4 - 80T,Bw4_80T,classified,T,NLRTALR,Bw4 - 80T,HLAtools_protein_alignment,IPD-IMGT/HLA 3.63.0,2026-02-19 18:49:27.959055
B*13:167,B*13:167,B,Bw4 - 80T,Bw4_80T,classified,T,NLRTALR,Bw4 - 80T,HLAtools_protein_alignment,IPD-IMGT/HLA 3.63.0,2026-02-19 18:49:27.959055
B*13:168,B*13:168,B,Bw4 - 80T,Bw4_80T,classified,T,NLRTALR,Bw4 - 80T,HLAtools_protein_alignment,IPD-IMGT/HLA 3.63.0,2026-02-19 18:49:27.959055
B*13:169,B*13:169,B,Bw4 - 80T,Bw4_80T,classified,T,NLRTALR,Bw4 - 80T,HLAtools_protein_alignment,IPD-IMGT/HLA 3.63.0,2026-02-19 18:49:27.959055
B*13:17,B*13:17,B,Bw4 - 80T,Bw4_80T,classified,T,NLRTALR,Bw4 - 80T,HLAtools_protein_alignment,IPD-IMGT/HLA 3.63.0,2026-02-19 18:49:27.959055
B*13:170,B*13:170,B,Bw4 - 80T,Bw4_80T,classified,T,NLRTALR,Bw4 - 80T,HLAtools_protein_alignment,IPD-IMGT/HLA 3.63.0,2026-02-19 18:49:27.959055
B*13:171,B*13:171,B,Bw4 - 80T,Bw4_80T,classified,T,NLRTALR,Bw4 - 80T,HLAtools_protein_alignment,IPD-IMGT/HLA 3.63.0,2026-02-19 18:49:27.959055
B*13:172,B*13:172,B,Bw4 - 80T,Bw4_80T,classified,T,NLRTALR,Bw4 - 80T,HLAtools_protein_alignment,IPD-IMGT/HLA 3.63.0,2026-02-19 18:49:27.959055
B*13:173,B*13:173,B,Bw4 - 80T,Bw4_80T,classified,T,NLRTALR,Bw4 - 80T,HLAtools_protein_alignment,IPD-IMGT/HLA 3.63.0,2026-02-19 18:49:27.959055
B*13:174,B*13:174,B,Bw4 - 80T,Bw4_80T,classified,T,NLRTALR,Bw4 - 80T,HLAtools_protein_alignment,IPD-IMGT/HLA 3.63.0,2026-02-19 18:49:27.959055
B*13:175,B*13:175,B,Bw4 - 80T,Bw4_80T,classified,T,NLRTALR,Bw4 - 80T,HLAtools_protein_alignment,IPD-IMGT/HLA 3.63.0,2026-02-19 18:49:27.959055
B*13:176,B*13:176,B,Bw4 - 80T,Bw4_80T,classified,T,NLRTALR,Bw4 - 80T,HLAtools_protein_alignment,IPD-IMGT/HLA 3.63.0,2026-02-19 18:49:27.959055
B*13:177,B*13:177,B,Bw4 - 80T,Bw4_80T,classified,T,NLRTALR,Bw4 - 80T,HLAtools_protein_alignment,IPD-IMGT/HLA 3.63.0,2026-02-19 18:49:27.959055
B*13:178,B*13:178,B,Bw4 - 80T,Bw4_80T,classified,T,NLRTALR,Bw4 - 80T,HLAtools_protein_alignment,IPD-IMGT/HLA 3.63.0,2026-02-19 18:49:27.959055
B*13:179,B*13:179,B,Bw4 - 80T,Bw4_80T,classified,T,NLRTALR,Bw4 - 80T,HLAtools_protein_alignment,IPD-IMGT/HLA 3.63.0,2026-02-19 18:49:27.959055
B*13:18,B*13:18,B,Bw4 - 80T,Bw4_80T,classified,T,NLRTALR,Bw4 - 80T,HLAtools_protein_alignment,IPD-IMGT/HLA 3.63.0,2026-02-19 18:49:27.959055
B*13:180,B*13:180,B,Bw4 - 80T,Bw4_80T,classified,T,NLRTALR,Bw4 - 80T,HLAtools_protein_alignment,IPD-IMGT/HLA 3.63.0,2026-02-19 18:49:27.959055
B*13:181,B*13:181,B,Bw4 - 80T,Bw4_80T,classified,T,NLRTALR,Bw4 - 80T,HLAtools_protein_alignment,IPD-IMGT/HLA 3.63.0,2026-02-19 18:49:27.959055
B*13:182,B*13:182,B,Bw4 - 80T,Bw4_80T,classified,T,NLRTALR,Bw4 - 80T,HLAtools_protein_alignment,IPD-IMGT/HLA 3.63.0,2026-02-19 18:49:27.959055
B*13:183,B*13:183,B,Bw6,Bw6,classified,N,SLRNLRG,Bw6,HLAtools_protein_alignment,IPD-IMGT/HLA 3.63.0,2026-02-19 18:49:27.959055
B*13:184,B*13:184,B,Bw4 - 80T,Bw4_80T,classified,T,NLRTALR,Bw4 - 80T,HLAtools_protein_alignment,IPD-IMGT/HLA 3.63.0,2026-02-19 18:49:27.959055
B*13:185,B*13:185,B,Bw4 - 80T,Bw4_80T,classified,T,NLRTALR,Bw4 - 80T,HLAtools_protein_alignment,IPD-IMGT/HLA 3.63.0,2026-02-19 18:49:27.959055
B*13:186,B*13:186,B,Bw4 - 80T,Bw4_80T,classified,T,NLRTALR,Bw4 - 80T,HLAtools_protein_alignment,IPD-IMGT/HLA 3.63.0,2026-02-19 18:49:27.959055
B*13:187,B*13:187,B,Bw4 - 80T,Bw4_80T,classified,T,NLRTALR,Bw4 - 80T,HLAtools_protein_alignment,IPD-IMGT/HLA 3.63.0,2026-02-19 18:49:27.959055
B*13:188,B*13:188,B,Bw4 - 80T,Bw4_80T,classified,T,NLGTALR,Bw4 - 80T,HLAtools_protein_alignment,IPD-IMGT/HLA 3.63.0,2026-02-19 18:49:27.959055
B*13:189,B*13:189,B,Bw4 - 80T,Bw4_80T,classified,T,NPRTALR,Bw4 - 80T,HLAtools_protein_alignment,IPD-IMGT/HLA 3.63.0,2026-02-19 18:49:27.959055
B*13:19,B*13:19,B,Bw4 - 80T,Bw4_80T,classified,T,NLRTALR,Bw4 - 80T,HLAtools_protein_alignment,IPD-IMGT/HLA 3.63.0,2026-02-19 18:49:27.959055
B*13:190,B*13:190,B,Bw4 - 80T,Bw4_80T,classified,T,NLRTALR,Bw4 - 80T,HLAtools_protein_alignment,IPD-IMGT/HLA 3.63.0,2026-02-19 18:49:27.959055
B*13:191,B*13:191,B,Bw4 - 80T,Bw4_80T,classified,T,NLRTALR,Bw4 - 80T,HLAtools_protein_alignment,IPD-IMGT/HLA 3.63.0,2026-02-19 18:49:27.959055
B*13:192,B*13:192,B,Bw4 - 80T,Bw4_80T,classified,T,NLRTALR,Bw4 - 80T,HLAtools_protein_alignment,IPD-IMGT/HLA 3.63.0,2026-02-19 18:49:27.959055
B*13:193,B*13:193,B,Bw4 - 80T,Bw4_80T,classified,T,NLRTALR,Bw4 - 80T,HLAtools_protein_alignment,IPD-IMGT/HLA 3.63.0,2026-02-19 18:49:27.959055
B*13:194,B*13:194,B,Bw4 - 80T,Bw4_80T,classified,T,NLRTALR,Bw4 - 80T,HLAtools_protein_alignment,IPD-IMGT/HLA 3.63.0,2026-02-19 18:49:27.959055
B*13:195,B*13:195,B,Bw4 - 80T,Bw4_80T,classified,T,NLRTALR,Bw4 - 80T,HLAtools_protein_alignment,IPD-IMGT/HLA 3.63.0,2026-02-19 18:49:27.959055
B*13:196,B*13:196,B,Bw4 - 80T,Bw4_80T,classified,T,NLRTALR,Bw4 - 80T,HLAtools_protein_alignment,IPD-IMGT/HLA 3.63.0,2026-02-19 18:49:27.959055
B*13:197,B*13:197,B,Bw4 - 80T,Bw4_80T,classified,T,NLRTALR,Bw4 - 80T,HLAtools_protein_alignment,IPD-IMGT/HLA 3.63.0,2026-02-19 18:49:27.959055
B*13:199,B*13:199,B,Bw4 - 80T,Bw4_80T,classified,T,NLRTALR,Bw4 - 80T,HLAtools_protein_alignment,IPD-IMGT/HLA 3.63.0,2026-02-19 18:49:27.959055
B*13:20,B*13:20,B,Bw4 - 80T,Bw4_80T,classified,T,NLRTALR,Bw4 - 80T,HLAtools_protein_alignment,IPD-IMGT/HLA 3.63.0,2026-02-19 18:49:27.959055
B*13:200,B*13:200,B,Bw4 - 80T,Bw4_80T,classified,T,NLRTALR,Bw4 - 80T,HLAtools_protein_alignment,IPD-IMGT/HLA 3.63.0,2026-02-19 18:49:27.959055
B*13:201,B*13:201,B,Bw4 - 80T,Bw4_80T,classified,T,NLRTALR,Bw4 - 80T,HLAtools_protein_alignment,IPD-IMGT/HLA 3.63.0,2026-02-19 18:49:27.959055
B*13:202,B*13:202,B,Bw4 - 80T,Bw4_80T,classified,T,NLRTALR,Bw4 - 80T,HLAtools_protein_alignment,IPD-IMGT/HLA 3.63.0,2026-02-19 18:49:27.959055
B*13:203,B*13:203,B,Bw4 - 80T,Bw4_80T,classified,T,NLRTALR,Bw4 - 80T,HLAtools_protein_alignment,IPD-IMGT/HLA 3.63.0,2026-02-19 18:49:27.959055
B*13:204,B*13:204,B,Bw4 - 80T,Bw4_80T,classified,T,NLRTALR,Bw4 - 80T,HLAtools_protein_alignment,IPD-IMGT/HLA 3.63.0,2026-02-19 18:49:27.959055
B*13:206,B*13:206,B,Bw4 - 80T,Bw4_80T,classified,T,NLRTALR,Bw4 - 80T,HLAtools_protein_alignment,IPD-IMGT/HLA 3.63.0,2026-02-19 18:49:27.959055
B*13:207,B*13:207,B,Bw4 - 80T,Bw4_80T,classified,T,NLRTALR,Bw4 - 80T,HLAtools_protein_alignment,IPD-IMGT/HLA 3.63.0,2026-02-19 18:49:27.959055
B*13:208,B*13:208,B,Bw4 - 80T,Bw4_80T,classified,T,NLRTALR,Bw4 - 80T,HLAtools_protein_alignment,IPD-IMGT/HLA 3.63.0,2026-02-19 18:49:27.959055
B*13:21,B*13:21,B,Bw4 - 80T,Bw4_80T,classified,T,NLRTALR,Bw4 - 80T,HLAtools_protein_alignment,IPD-IMGT/HLA 3.63.0,2026-02-19 18:49:27.959055
B*13:210,B*13:210,B,Bw4 - 80T,Bw4_80T,classified,T,NLRTALR,Bw4 - 80T,HLAtools_protein_alignment,IPD-IMGT/HLA 3.63.0,2026-02-19 18:49:27.959055
B*13:211,B*13:211,B,Bw4 - 80T,Bw4_80T,classified,T,NLRTALR,Bw4 - 80T,HLAtools_protein_alignment,IPD-IMGT/HLA 3.63.0,2026-02-19 18:49:27.959055
B*13:212,B*13:212,B,Bw4 - 80T,Bw4_80T,classified,T,NLRTALR,Bw4 - 80T,HLAtools_protein_alignment,IPD-IMGT/HLA 3.63.0,2026-02-19 18:49:27.959055
B*13:215,B*13:215,B,Bw4 - 80T,Bw4_80T,classified,T,NLRTALR,Bw4 - 80T,HLAtools_protein_alignment,IPD-IMGT/HLA 3.63.0,2026-02-19 18:49:27.959055
B*13:216,B*13:216,B,Bw4 - 80T,Bw4_80T,classified,T,NLRTALR,Bw4 - 80T,HLAtools_protein_alignment,IPD-IMGT/HLA 3.63.0,2026-02-19 18:49:27.959055
B*13:217,B*13:217,B,Bw4 - 80T,Bw4_80T,classified,T,NLRTALR,Bw4 - 80T,HLAtools_protein_alignment,IPD-IMGT/HLA 3.63.0,2026-02-19 18:49:27.959055
B*13:22,B*13:22,B,Bw4 - 80T,Bw4_80T,classified,T,NLRTALR,Bw4 - 80T,HLAtools_protein_alignment,IPD-IMGT/HLA 3.63.0,2026-02-19 18:49:27.959055
B*13:23,B*13:23,B,Bw4 - 80T,Bw4_80T,classified,T,NLRTALR,Bw4 - 80T,HLAtools_protein_alignment,IPD-IMGT/HLA 3.63.0,2026-02-19 18:49:27.959055
B*13:25,B*13:25,B,Bw4 - 80T,Bw4_80T,classified,T,SLRTALR,Bw4 - 80T,HLAtools_protein_alignment,IPD-IMGT/HLA 3.63.0,2026-02-19 18:49:27.959055
B*13:26,B*13:26,B,Bw4 - 80T,Bw4_80T,classified,T,NLRTALR,Bw4 - 80T,HLAtools_protein_alignment,IPD-IMGT/HLA 3.63.0,2026-02-19 18:49:27.959055
B*13:27,B*13:27,B,Bw4 - 80T,Bw4_80T,classified,T,NLRTALR,Bw4 - 80T,HLAtools_protein_alignment,IPD-IMGT/HLA 3.63.0,2026-02-19 18:49:27.959055
B*13:28,B*13:28,B,Bw4 - 80T,Bw4_80T,classified,T,NLRTALR,Bw4 - 80T,HLAtools_protein_alignment,IPD-IMGT/HLA 3.63.0,2026-02-19 18:49:27.959055
B*13:29,B*13:29,B,Bw4 - 80T,Bw4_80T,classified,T,NLRTALR,Bw4 - 80T,HLAtools_protein_alignment,IPD-IMGT/HLA 3.63.0,2026-02-19 18:49:27.959055
B*13:30,B*13:30,B,Bw4 - 80T,Bw4_80T,classified,T,NLRTALR,Bw4 - 80T,HLAtools_protein_alignment,IPD-IMGT/HLA 3.63.0,2026-02-19 18:49:27.959055
B*13:31,B*13:31,B,Bw4 - 80T,Bw4_80T,classified,T,NLRTALR,Bw4 - 80T,HLAtools_protein_alignment,IPD-IMGT/HLA 3.63.0,2026-02-19 18:49:27.959055
B*13:32,B*13:32,B,Bw4 - 80T,Bw4_80T,classified,T,NLRTALR,Bw4 - 80T,HLAtools_protein_alignment,IPD-IMGT/HLA 3.63.0,2026-02-19 18:49:27.959055
B*13:33,B*13:33,B,Bw4 - 80T,Bw4_80T,classified,T,NLRTALR,Bw4 - 80T,HLAtools_protein_alignment,IPD-IMGT/HLA 3.63.0,2026-02-19 18:49:27.959055
B*13:34,B*13:34,B,Bw4 - 80T,Bw4_80T,classified,T,NLRTALR,Bw4 - 80T,HLAtools_protein_alignment,IPD-IMGT/HLA 3.63.0,2026-02-19 18:49:27.959055
B*13:35,B*13:35,B,Bw4 - 80T,Bw4_80T,classified,T,NLRTALR,Bw4 - 80T,HLAtools_protein_alignment,IPD-IMGT/HLA 3.63.0,2026-02-19 18:49:27.959055
B*13:36,B*13:36,B,Bw4 - 80T,Bw4_80T,classified,T,NLRTALR,Bw4 - 80T,HLAtools_protein_alignment,IPD-IMGT/HLA 3.63.0,2026-02-19 18:49:27.959055
B*13:37,B*13:37,B,Bw4 - 80T,Bw4_80T,classified,T,NLRTALR,Bw4 - 80T,HLAtools_protein_alignment,IPD-IMGT/HLA 3.63.0,2026-02-19 18:49:27.959055
B*13:38,B*13:38,B,Bw4 - 80T,Bw4_80T,classified,T,NLRTALR,Bw4 - 80T,HLAtools_protein_alignment,IPD-IMGT/HLA 3.63.0,2026-02-19 18:49:27.959055
B*13:39,B*13:39,B,Bw6,Bw6,classified,N,NLRNLRG,NA,HLAtools_protein_alignment,IPD-IMGT/HLA 3.63.0,2026-02-19 18:49:27.959055
B*13:40,B*13:40,B,Bw4 - 80T,Bw4_80T,classified,T,NLRTALR,Bw4 - 80T,HLAtools_protein_alignment,IPD-IMGT/HLA 3.63.0,2026-02-19 18:49:27.959055
B*13:41,B*13:41,B,Bw4 - 80T,Bw4_80T,classified,T,NLRTALR,Bw4 - 80T,HLAtools_protein_alignment,IPD-IMGT/HLA 3.63.0,2026-02-19 18:49:27.959055
B*13:42,B*13:42,B,Bw4 - 80T,Bw4_80T,classified,T,NLRTALR,Bw4 - 80T,HLAtools_protein_alignment,IPD-IMGT/HLA 3.63.0,2026-02-19 18:49:27.959055
B*13:43,B*13:43,B,Bw4 - 80T,Bw4_80T,classified,T,NLRTALR,Bw4 - 80T,HLAtools_protein_alignment,IPD-IMGT/HLA 3.63.0,2026-02-19 18:49:27.959055
B*13:44,B*13:44,B,Bw4 - 80T,Bw4_80T,classified,T,NLRTALR,Bw4 - 80T,HLAtools_protein_alignment,IPD-IMGT/HLA 3.63.0,2026-02-19 18:49:27.959055
B*13:45,B*13:45,B,Bw4 - 80T,Bw4_80T,classified,T,NLRTALR,Bw4 - 80T,HLAtools_protein_alignment,IPD-IMGT/HLA 3.63.0,2026-02-19 18:49:27.959055
B*13:46,B*13:46,B,Bw4 - 80T,Bw4_80T,classified,T,NLRTALR,Bw4 - 80T,HLAtools_protein_alignment,IPD-IMGT/HLA 3.63.0,2026-02-19 18:49:27.959055
B*13:47,B*13:47,B,Bw4 - 80T,Bw4_80T,classified,T,NLRTALR,Bw4 - 80T,HLAtools_protein_alignment,IPD-IMGT/HLA 3.63.0,2026-02-19 18:49:27.959055
B*13:48,B*13:48,B,Bw4 - 80T,Bw4_80T,classified,T,NLRTALR,Bw4 - 80T,HLAtools_protein_alignment,IPD-IMGT/HLA 3.63.0,2026-02-19 18:49:27.959055
B*13:50,B*13:50,B,Bw4 - 80T,Bw4_80T,classified,T,NLRTALR,Bw4 - 80T,HLAtools_protein_alignment,IPD-IMGT/HLA 3.63.0,2026-02-19 18:49:27.959055
B*13:51,B*13:51,B,Bw4 - 80T,Bw4_80T,classified,T,NLRTALR,Bw4 - 80T,HLAtools_protein_alignment,IPD-IMGT/HLA 3.63.0,2026-02-19 18:49:27.959055
B*13:52,B*13:52,B,Bw4 - 80T,Bw4_80T,classified,T,NLRTALR,Bw4 - 80T,HLAtools_protein_alignment,IPD-IMGT/HLA 3.63.0,2026-02-19 18:49:27.959055
B*13:53,B*13:53,B,Bw4 - 80T,Bw4_80T,classified,T,NLRTALR,Bw4 - 80T,HLAtools_protein_alignment,IPD-IMGT/HLA 3.63.0,2026-02-19 18:49:27.959055
B*13:54,B*13:54,B,Bw4 - 80T,Bw4_80T,classified,T,NLRTALR,Bw4 - 80T,HLAtools_protein_alignment,IPD-IMGT/HLA 3.63.0,2026-02-19 18:49:27.959055
B*13:55,B*13:55,B,Bw4 - 80T,Bw4_80T,classified,T,NLRTALR,Bw4 - 80T,HLAtools_protein_alignment,IPD-IMGT/HLA 3.63.0,2026-02-19 18:49:27.959055
B*13:57,B*13:57,B,Bw4 - 80T,Bw4_80T,classified,T,NLRTALR,Bw4 - 80T,HLAtools_protein_alignment,IPD-IMGT/HLA 3.63.0,2026-02-19 18:49:27.959055
B*13:58,B*13:58,B,Bw4 - 80T,Bw4_80T,classified,T,NLRTALR,Bw4 - 80T,HLAtools_protein_alignment,IPD-IMGT/HLA 3.63.0,2026-02-19 18:49:27.959055
B*13:59,B*13:59,B,Bw4 - 80T,Bw4_80T,classified,T,NLRTALR,Bw4 - 80T,HLAtools_protein_alignment,IPD-IMGT/HLA 3.63.0,2026-02-19 18:49:27.959055
B*13:60,B*13:60,B,Bw4 - 80T,Bw4_80T,classified,T,NLRTALR,Bw4 - 80T,HLAtools_protein_alignment,IPD-IMGT/HLA 3.63.0,2026-02-19 18:49:27.959055
B*13:61,B*13:61,B,Bw4 - 80T,Bw4_80T,classified,T,NLRTALR,Bw4 - 80T,HLAtools_protein_alignment,IPD-IMGT/HLA 3.63.0,2026-02-19 18:49:27.959055
B*13:62,B*13:62,B,Bw4 - 80T,Bw4_80T,classified,T,NLRTALR,Bw4 - 80T,HLAtools_protein_alignment,IPD-IMGT/HLA 3.63.0,2026-02-19 18:49:27.959055
B*13:64,B*13:64,B,Bw4 - 80T,Bw4_80T,classified,T,NLRTALR,Bw4 - 80T,HLAtools_protein_alignment,IPD-IMGT/HLA 3.63.0,2026-02-19 18:49:27.959055
B*13:65,B*13:65,B,Bw4 - 80T,Bw4_80T,classified,T,NLRTALR,Bw4 - 80T,HLAtools_protein_alignment,IPD-IMGT/HLA 3.63.0,2026-02-19 18:49:27.959055
B*13:66,B*13:66,B,Bw4 - 80T,Bw4_80T,classified,T,NLRTALR,Bw4 - 80T,HLAtools_protein_alignment,IPD-IMGT/HLA 3.63.0,2026-02-19 18:49:27.959055
B*13:67,B*13:67,B,Bw6,Bw6,classified,N,NLRNLRG,NA,HLAtools_protein_alignment,IPD-IMGT/HLA 3.63.0,2026-02-19 18:49:27.959055
B*13:68,B*13:68,B,Bw4 - 80T,Bw4_80T,classified,T,NLRTALR,Bw4 - 80T,HLAtools_protein_alignment,IPD-IMGT/HLA 3.63.0,2026-02-19 18:49:27.959055
B*13:69,B*13:69,B,Bw4 - 80T,Bw4_80T,classified,T,NLRTALR,Bw4 - 80T,HLAtools_protein_alignment,IPD-IMGT/HLA 3.63.0,2026-02-19 18:49:27.959055
B*13:70,B*13:70,B,Bw4 - 80T,Bw4_80T,classified,T,NLRTALR,Bw4 - 80T,HLAtools_protein_alignment,IPD-IMGT/HLA 3.63.0,2026-02-19 18:49:27.959055
B*13:71,B*13:71,B,Bw4 - 80T,Bw4_80T,classified,T,NLRTALR,Bw4 - 80T,HLAtools_protein_alignment,IPD-IMGT/HLA 3.63.0,2026-02-19 18:49:27.959055
B*13:72,B*13:72,B,Bw4 - 80T,Bw4_80T,classified,T,NLRTALR,Bw4 - 80T,HLAtools_protein_alignment,IPD-IMGT/HLA 3.63.0,2026-02-19 18:49:27.959055
B*13:73,B*13:73,B,Bw4 - 80T,Bw4_80T,classified,T,NLRTALR,Bw4 - 80T,HLAtools_protein_alignment,IPD-IMGT/HLA 3.63.0,2026-02-19 18:49:27.959055
B*13:74,B*13:74,B,Bw4 - 80T,Bw4_80T,classified,T,NLRTALR,Bw4 - 80T,HLAtools_protein_alignment,IPD-IMGT/HLA 3.63.0,2026-02-19 18:49:27.959055
B*13:75,B*13:75,B,Bw4 - 80T,Bw4_80T,classified,T,NLRTALR,Bw4 - 80T,HLAtools_protein_alignment,IPD-IMGT/HLA 3.63.0,2026-02-19 18:49:27.959055
B*13:77,B*13:77,B,Bw4 - 80T,Bw4_80T,classified,T,NLRTALR,Bw4 - 80T,HLAtools_protein_alignment,IPD-IMGT/HLA 3.63.0,2026-02-19 18:49:27.959055
B*13:78,B*13:78,B,Bw4 - 80T,Bw4_80T,classified,T,NLRTALR,Bw4 - 80T,HLAtools_protein_alignment,IPD-IMGT/HLA 3.63.0,2026-02-19 18:49:27.959055
B*13:79,B*13:79,B,Bw4 - 80T,Bw4_80T,classified,T,NLRTALR,Bw4 - 80T,HLAtools_protein_alignment,IPD-IMGT/HLA 3.63.0,2026-02-19 18:49:27.959055
B*13:80,B*13:80,B,Bw4 - 80T,Bw4_80T,classified,T,NLRTALR,Bw4 - 80T,HLAtools_protein_alignment,IPD-IMGT/HLA 3.63.0,2026-02-19 18:49:27.959055
B*13:81,B*13:81,B,Bw4 - 80T,Bw4_80T,classified,T,NLRTALR,Bw4 - 80T,HLAtools_protein_alignment,IPD-IMGT/HLA 3.63.0,2026-02-19 18:49:27.959055
B*13:82,B*13:82,B,Bw4 - 80T,Bw4_80T,classified,T,NLRTALR,Bw4 - 80T,HLAtools_protein_alignment,IPD-IMGT/HLA 3.63.0,2026-02-19 18:49:27.959055
B*13:83,B*13:83,B,Bw4 - 80T,Bw4_80T,classified,T,NLRTALR,Bw4 - 80T,HLAtools_protein_alignment,IPD-IMGT/HLA 3.63.0,2026-02-19 18:49:27.959055
B*13:84,B*13:84,B,Bw4 - 80T,Bw4_80T,classified,T,NLRTALR,Bw4 - 80T,HLAtools_protein_alignment,IPD-IMGT/HLA 3.63.0,2026-02-19 18:49:27.959055
B*13:85,B*13:85,B,Bw4 - 80T,Bw4_80T,classified,T,NLRTALR,Bw4 - 80T,HLAtools_protein_alignment,IPD-IMGT/HLA 3.63.0,2026-02-19 18:49:27.959055
B*13:86,B*13:86,B,Bw4 - 80T,Bw4_80T,classified,T,NLRTALR,Bw4 - 80T,HLAtools_protein_alignment,IPD-IMGT/HLA 3.63.0,2026-02-19 18:49:27.959055
B*13:87,B*13:87,B,Bw4 - 80T,Bw4_80T,classified,T,NLRTALR,Bw4 - 80T,HLAtools_protein_alignment,IPD-IMGT/HLA 3.63.0,2026-02-19 18:49:27.959055
B*13:88,B*13:88,B,Bw4 - 80T,Bw4_80T,classified,T,NLRTALR,Bw4 - 80T,HLAtools_protein_alignment,IPD-IMGT/HLA 3.63.0,2026-02-19 18:49:27.959055
B*13:89,B*13:89,B,Bw4 - 80T,Bw4_80T,classified,T,NLRTALR,Bw4 - 80T,HLAtools_protein_alignment,IPD-IMGT/HLA 3.63.0,2026-02-19 18:49:27.959055
B*13:90,B*13:90,B,Bw4 - 80T,Bw4_80T,classified,T,NLRTALR,Bw4 - 80T,HLAtools_protein_alignment,IPD-IMGT/HLA 3.63.0,2026-02-19 18:49:27.959055
B*13:91,B*13:91,B,Bw4 - 80T,Bw4_80T,classified,T,NLRTALR,Bw4 - 80T,HLAtools_protein_alignment,IPD-IMGT/HLA 3.63.0,2026-02-19 18:49:27.959055
B*13:92,B*13:92,B,Bw4 - 80T,Bw4_80T,classified,T,NLRTALR,Bw4 - 80T,HLAtools_protein_alignment,IPD-IMGT/HLA 3.63.0,2026-02-19 18:49:27.959055
B*13:93,B*13:93,B,Bw4 - 80T,Bw4_80T,classified,T,NLRTALR,Bw4 - 80T,HLAtools_protein_alignment,IPD-IMGT/HLA 3.63.0,2026-02-19 18:49:27.959055
B*13:94,B*13:94,B,Bw4 - 80T,Bw4_80T,classified,T,NLRTALR,Bw4 - 80T,HLAtools_protein_alignment,IPD-IMGT/HLA 3.63.0,2026-02-19 18:49:27.959055
B*13:95,B*13:95,B,Bw4 - 80T,Bw4_80T,classified,T,NLRTALR,Bw4 - 80T,HLAtools_protein_alignment,IPD-IMGT/HLA 3.63.0,2026-02-19 18:49:27.959055
B*13:96,B*13:96,B,Bw4 - 80T,Bw4_80T,classified,T,NLRTALR,Bw4 - 80T,HLAtools_protein_alignment,IPD-IMGT/HLA 3.63.0,2026-02-19 18:49:27.959055
B*13:97,B*13:97,B,Bw4 - 80T,Bw4_80T,classified,T,NLRTALR,Bw4 - 80T,HLAtools_protein_alignment,IPD-IMGT/HLA 3.63.0,2026-02-19 18:49:27.959055
B*13:98,B*13:98,B,Bw4 - 80T,Bw4_80T,classified,T,NLRTALR,Bw4 - 80T,HLAtools_protein_alignment,IPD-IMGT/HLA 3.63.0,2026-02-19 18:49:27.959055
B*13:99,B*13:99,B,Bw4 - 80T,Bw4_80T,classified,T,NLRTALR,Bw4 - 80T,HLAtools_protein_alignment,IPD-IMGT/HLA 3.63.0,2026-02-19 18:49:27.959055
B*14:01,B*14:01,B,Bw6,Bw6,classified,N,SLRNLRG,Bw6,HLAtools_protein_alignment,IPD-IMGT/HLA 3.63.0,2026-02-19 18:49:27.959055
B*14:02,B*14:02,B,Bw6,Bw6,classified,N,SLRNLRG,Bw6,HLAtools_protein_alignment,IPD-IMGT/HLA 3.63.0,2026-02-19 18:49:27.959055
B*14:02Q,B*14:02Q,B,Bw6,Bw6,classified,N,SLRNLRG,NA,HLAtools_protein_alignment,IPD-IMGT/HLA 3.63.0,2026-02-19 18:49:27.959055
B*14:03,B*14:03,B,Bw6,Bw6,classified,N,SLRNLRG,Bw6,HLAtools_protein_alignment,IPD-IMGT/HLA 3.63.0,2026-02-19 18:49:27.959055
B*14:04,B*14:04,B,Bw6,Bw6,classified,N,SLRNLRG,Bw6,HLAtools_protein_alignment,IPD-IMGT/HLA 3.63.0,2026-02-19 18:49:27.959055
B*14:05,B*14:05,B,Bw6,Bw6,classified,N,SLRNLRG,Bw6,HLAtools_protein_alignment,IPD-IMGT/HLA 3.63.0,2026-02-19 18:49:27.959055
B*14:06,B*14:06,B,Bw6,Bw6,classified,N,SLRNLRG,Bw6,HLAtools_protein_alignment,IPD-IMGT/HLA 3.63.0,2026-02-19 18:49:27.959055
B*14:08,B*14:08,B,Bw6,Bw6,classified,N,SLRNLRG,Bw6,HLAtools_protein_alignment,IPD-IMGT/HLA 3.63.0,2026-02-19 18:49:27.959055
B*14:09,B*14:09,B,Bw6,Bw6,classified,N,SLRNLRG,Bw6,HLAtools_protein_alignment,IPD-IMGT/HLA 3.63.0,2026-02-19 18:49:27.959055
B*14:10,B*14:10,B,Bw6,Bw6,classified,N,SLRNLRG,Bw6,HLAtools_protein_alignment,IPD-IMGT/HLA 3.63.0,2026-02-19 18:49:27.959055
B*14:102,B*14:102,B,Bw6,Bw6,classified,N,SLRNLRG,Bw6,HLAtools_protein_alignment,IPD-IMGT/HLA 3.63.0,2026-02-19 18:49:27.959055
B*14:103,B*14:103,B,Bw6,Bw6,classified,N,SLRNLRG,Bw6,HLAtools_protein_alignment,IPD-IMGT/HLA 3.63.0,2026-02-19 18:49:27.959055
B*14:104,B*14:104,B,Bw6,Bw6,classified,N,SLRNLRG,Bw6,HLAtools_protein_alignment,IPD-IMGT/HLA 3.63.0,2026-02-19 18:49:27.959055
B*14:105,B*14:105,B,Bw6,Bw6,classified,N,SLRNLRG,Bw6,HLAtools_protein_alignment,IPD-IMGT/HLA 3.63.0,2026-02-19 18:49:27.959055
B*14:106,B*14:106,B,Bw6,Bw6,classified,N,SLRNLRG,Bw6,HLAtools_protein_alignment,IPD-IMGT/HLA 3.63.0,2026-02-19 18:49:27.959055
B*14:107,B*14:107,B,Non-canonical,NonCanonical,non_canonical_83,N,SLRNLRV,Bw6,HLAtools_protein_alignment,IPD-IMGT/HLA 3.63.0,2026-02-19 18:49:27.959055
B*14:108Q,B*14:108Q,B,Bw6,Bw6,classified,N,SLRNLRG,NA,HLAtools_protein_alignment,IPD-IMGT/HLA 3.63.0,2026-02-19 18:49:27.959055
B*14:109,B*14:109,B,Bw6,Bw6,classified,N,SLRNLRG,Bw6,HLAtools_protein_alignment,IPD-IMGT/HLA 3.63.0,2026-02-19 18:49:27.959055
B*14:11,B*14:11,B,Bw6,Bw6,classified,N,SLRNLRG,Bw6,HLAtools_protein_alignment,IPD-IMGT/HLA 3.63.0,2026-02-19 18:49:27.959055
B*14:110,B*14:110,B,Bw6,Bw6,classified,N,SLRNLRG,Bw6,HLAtools_protein_alignment,IPD-IMGT/HLA 3.63.0,2026-02-19 18:49:27.959055
B*14:111,B*14:111,B,Bw6,Bw6,classified,N,SLRNLRG,Bw6,HLAtools_protein_alignment,IPD-IMGT/HLA 3.63.0,2026-02-19 18:49:27.959055
B*14:112,B*14:112,B,Bw6,Bw6,classified,N,SLRNLRG,Bw6,HLAtools_protein_alignment,IPD-IMGT/HLA 3.63.0,2026-02-19 18:49:27.959055
B*14:114,B*14:114,B,Bw6,Bw6,classified,N,SLRNLRG,Bw6,HLAtools_protein_alignment,IPD-IMGT/HLA 3.63.0,2026-02-19 18:49:27.959055
B*14:115,B*14:115,B,Bw6,Bw6,classified,N,SLRNLRG,Bw6,HLAtools_protein_alignment,IPD-IMGT/HLA 3.63.0,2026-02-19 18:49:27.959055
B*14:116,B*14:116,B,Bw6,Bw6,classified,N,SLRNLRG,Bw6,HLAtools_protein_alignment,IPD-IMGT/HLA 3.63.0,2026-02-19 18:49:27.959055
B*14:117,B*14:117,B,Bw6,Bw6,classified,N,SLRNLRG,Bw6,HLAtools_protein_alignment,IPD-IMGT/HLA 3.63.0,2026-02-19 18:49:27.959055
B*14:118,B*14:118,B,Bw4 - 80T,Bw4_80T,classified,T,SLRTALR,Bw4 - 80T,HLAtools_protein_alignment,IPD-IMGT/HLA 3.63.0,2026-02-19 18:49:27.959055
B*14:119,B*14:119,B,Bw6,Bw6,classified,N,SLRNLRG,Bw6,HLAtools_protein_alignment,IPD-IMGT/HLA 3.63.0,2026-02-19 18:49:27.959055
B*14:12,B*14:12,B,Bw6,Bw6,classified,N,SLRNLRG,Bw6,HLAtools_protein_alignment,IPD-IMGT/HLA 3.63.0,2026-02-19 18:49:27.959055
B*14:120,B*14:120,B,Bw6,Bw6,classified,N,SLRNLRG,Bw6,HLAtools_protein_alignment,IPD-IMGT/HLA 3.63.0,2026-02-19 18:49:27.959055
B*14:121,B*14:121,B,Bw6,Bw6,classified,N,SLRNLRG,Bw6,HLAtools_protein_alignment,IPD-IMGT/HLA 3.63.0,2026-02-19 18:49:27.959055
B*14:122,B*14:122,B,Bw6,Bw6,classified,N,SLRNLRG,Bw6,HLAtools_protein_alignment,IPD-IMGT/HLA 3.63.0,2026-02-19 18:49:27.959055
B*14:123,B*14:123,B,Bw6,Bw6,classified,N,SLRNLRG,Bw6,HLAtools_protein_alignment,IPD-IMGT/HLA 3.63.0,2026-02-19 18:49:27.959055
B*14:124,B*14:124,B,Bw6,Bw6,classified,N,SLRNLRG,Bw6,HLAtools_protein_alignment,IPD-IMGT/HLA 3.63.0,2026-02-19 18:49:27.959055
B*14:125,B*14:125,B,Bw6,Bw6,classified,N,SLRNLRG,Bw6,HLAtools_protein_alignment,IPD-IMGT/HLA 3.63.0,2026-02-19 18:49:27.959055
B*14:126,B*14:126,B,Bw6,Bw6,classified,N,SLRNLRG,Bw6,HLAtools_protein_alignment,IPD-IMGT/HLA 3.63.0,2026-02-19 18:49:27.959055
B*14:127,B*14:127,B,Bw6,Bw6,classified,N,SLRNLRG,Bw6,HLAtools_protein_alignment,IPD-IMGT/HLA 3.63.0,2026-02-19 18:49:27.959055
B*14:128,B*14:128,B,Bw6,Bw6,classified,N,SLRNLRG,Bw6,HLAtools_protein_alignment,IPD-IMGT/HLA 3.63.0,2026-02-19 18:49:27.959055
B*14:129,B*14:129,B,Bw6,Bw6,classified,N,SLRNLRG,Bw6,HLAtools_protein_alignment,IPD-IMGT/HLA 3.63.0,2026-02-19 18:49:27.959055
B*14:13,B*14:13,B,Bw6,Bw6,classified,N,SLRNLRG,Bw6,HLAtools_protein_alignment,IPD-IMGT/HLA 3.63.0,2026-02-19 18:49:27.959055
B*14:130,B*14:130,B,Bw6,Bw6,classified,N,SLRNLRG,Bw6,HLAtools_protein_alignment,IPD-IMGT/HLA 3.63.0,2026-02-19 18:49:27.959055
B*14:132,B*14:132,B,Bw6,Bw6,classified,N,SLRNLRG,Bw6,HLAtools_protein_alignment,IPD-IMGT/HLA 3.63.0,2026-02-19 18:49:27.959055
B*14:133,B*14:133,B,Bw6,Bw6,classified,N,SLRNLRG,Bw6,HLAtools_protein_alignment,IPD-IMGT/HLA 3.63.0,2026-02-19 18:49:27.959055
B*14:134,B*14:134,B,Bw6,Bw6,classified,N,NLRNLRG,NA,HLAtools_protein_alignment,IPD-IMGT/HLA 3.63.0,2026-02-19 18:49:27.959055
B*14:135,B*14:135,B,Bw6,Bw6,classified,N,SLRNLRG,Bw6,HLAtools_protein_alignment,IPD-IMGT/HLA 3.63.0,2026-02-19 18:49:27.959055
B*14:136,B*14:136,B,Bw6,Bw6,classified,N,SLRNLRG,Bw6,HLAtools_protein_alignment,IPD-IMGT/HLA 3.63.0,2026-02-19 18:49:27.959055
B*14:137,B*14:137,B,Bw6,Bw6,classified,N,SLRNLRG,Bw6,HLAtools_protein_alignment,IPD-IMGT/HLA 3.63.0,2026-02-19 18:49:27.959055
B*14:138,B*14:138,B,Bw6,Bw6,classified,N,SLRNLRG,Bw6,HLAtools_protein_alignment,IPD-IMGT/HLA 3.63.0,2026-02-19 18:49:27.959055
B*14:14,B*14:14,B,Bw6,Bw6,classified,N,SLRNLRG,Bw6,HLAtools_protein_alignment,IPD-IMGT/HLA 3.63.0,2026-02-19 18:49:27.959055
B*14:140,B*14:140,B,Bw6,Bw6,classified,N,SLRNLRG,Bw6,HLAtools_protein_alignment,IPD-IMGT/HLA 3.63.0,2026-02-19 18:49:27.959055
B*14:15,B*14:15,B,Bw6,Bw6,classified,N,SLRNLRG,Bw6,HLAtools_protein_alignment,IPD-IMGT/HLA 3.63.0,2026-02-19 18:49:27.959055
B*14:16,B*14:16,B,Bw6,Bw6,classified,N,SLRNLRG,Bw6,HLAtools_protein_alignment,IPD-IMGT/HLA 3.63.0,2026-02-19 18:49:27.959055
B*14:17,B*14:17,B,Bw6,Bw6,classified,N,SLRNLRG,Bw6,HLAtools_protein_alignment,IPD-IMGT/HLA 3.63.0,2026-02-19 18:49:27.959055
B*14:18,B*14:18,B,Bw6,Bw6,classified,N,SLRNLRG,Bw6,HLAtools_protein_alignment,IPD-IMGT/HLA 3.63.0,2026-02-19 18:49:27.959055
B*14:19,B*14:19,B,Bw6,Bw6,classified,N,SLRNLRG,Bw6,HLAtools_protein_alignment,IPD-IMGT/HLA 3.63.0,2026-02-19 18:49:27.959055
B*14:20,B*14:20,B,Bw6,Bw6,classified,N,SLRNLRG,Bw6,HLAtools_protein_alignment,IPD-IMGT/HLA 3.63.0,2026-02-19 18:49:27.959055
B*14:21,B*14:21,B,Bw6,Bw6,classified,N,SLRNLRG,Bw6,HLAtools_protein_alignment,IPD-IMGT/HLA 3.63.0,2026-02-19 18:49:27.959055
B*14:22,B*14:22,B,Bw6,Bw6,classified,N,SLRNLRG,Bw6,HLAtools_protein_alignment,IPD-IMGT/HLA 3.63.0,2026-02-19 18:49:27.959055
B*14:23,B*14:23,B,Bw6,Bw6,classified,N,SLRNLRG,Bw6,HLAtools_protein_alignment,IPD-IMGT/HLA 3.63.0,2026-02-19 18:49:27.959055
B*14:24,B*14:24,B,Bw6,Bw6,classified,N,SLRNLRG,Bw6,HLAtools_protein_alignment,IPD-IMGT/HLA 3.63.0,2026-02-19 18:49:27.959055
B*14:25,B*14:25,B,Bw6,Bw6,classified,N,SLRNLRG,Bw6,HLAtools_protein_alignment,IPD-IMGT/HLA 3.63.0,2026-02-19 18:49:27.959055
B*14:26,B*14:26,B,Bw6,Bw6,classified,N,SLRNLRG,Bw6,HLAtools_protein_alignment,IPD-IMGT/HLA 3.63.0,2026-02-19 18:49:27.959055
B*14:27,B*14:27,B,Bw6,Bw6,classified,N,SLRNLRG,Bw6,HLAtools_protein_alignment,IPD-IMGT/HLA 3.63.0,2026-02-19 18:49:27.959055
B*14:28,B*14:28,B,Bw6,Bw6,classified,N,SLRNLRG,Bw6,HLAtools_protein_alignment,IPD-IMGT/HLA 3.63.0,2026-02-19 18:49:27.959055
B*14:29,B*14:29,B,Bw6,Bw6,classified,N,SLRNLRG,Bw6,HLAtools_protein_alignment,IPD-IMGT/HLA 3.63.0,2026-02-19 18:49:27.959055
B*14:30,B*14:30,B,Bw6,Bw6,classified,N,SLQNLRG,Bw6,HLAtools_protein_alignment,IPD-IMGT/HLA 3.63.0,2026-02-19 18:49:27.959055
B*14:31,B*14:31,B,Bw6,Bw6,classified,N,SLRNLRG,Bw6,HLAtools_protein_alignment,IPD-IMGT/HLA 3.63.0,2026-02-19 18:49:27.959055
B*14:32,B*14:32,B,Bw6,Bw6,classified,N,SLRNLRG,Bw6,HLAtools_protein_alignment,IPD-IMGT/HLA 3.63.0,2026-02-19 18:49:27.959055
B*14:33,B*14:33,B,Bw6,Bw6,classified,N,SLRNLRG,Bw6,HLAtools_protein_alignment,IPD-IMGT/HLA 3.63.0,2026-02-19 18:49:27.959055
B*14:34,B*14:34,B,Bw6,Bw6,classified,N,SLRNLRG,Bw6,HLAtools_protein_alignment,IPD-IMGT/HLA 3.63.0,2026-02-19 18:49:27.959055
B*14:35,B*14:35,B,Bw6,Bw6,classified,N,SLRNLRG,Bw6,HLAtools_protein_alignment,IPD-IMGT/HLA 3.63.0,2026-02-19 18:49:27.959055
B*14:36,B*14:36,B,Bw6,Bw6,classified,N,SLRNLRG,Bw6,HLAtools_protein_alignment,IPD-IMGT/HLA 3.63.0,2026-02-19 18:49:27.959055
B*14:37,B*14:37,B,Bw6,Bw6,classified,N,SLRNLRG,Bw6,HLAtools_protein_alignment,IPD-IMGT/HLA 3.63.0,2026-02-19 18:49:27.959055
B*14:38,B*14:38,B,Bw6,Bw6,classified,N,SLRNLRG,Bw6,HLAtools_protein_alignment,IPD-IMGT/HLA 3.63.0,2026-02-19 18:49:27.959055
B*14:39,B*14:39,B,Bw6,Bw6,classified,N,SLRNLRG,Bw6,HLAtools_protein_alignment,IPD-IMGT/HLA 3.63.0,2026-02-19 18:49:27.959055
B*14:40,B*14:40,B,Bw6,Bw6,classified,N,SLRNLRG,Bw6,HLAtools_protein_alignment,IPD-IMGT/HLA 3.63.0,2026-02-19 18:49:27.959055
B*14:42,B*14:42,B,Bw6,Bw6,classified,N,SLRNLRG,Bw6,HLAtools_protein_alignment,IPD-IMGT/HLA 3.63.0,2026-02-19 18:49:27.959055
B*14:43,B*14:43,B,Bw6,Bw6,classified,N,SLRNLRG,Bw6,HLAtools_protein_alignment,IPD-IMGT/HLA 3.63.0,2026-02-19 18:49:27.959055
B*14:44,B*14:44,B,Bw6,Bw6,classified,N,SLRNLRG,Bw6,HLAtools_protein_alignment,IPD-IMGT/HLA 3.63.0,2026-02-19 18:49:27.959055
B*14:45,B*14:45,B,Bw6,Bw6,classified,N,SLRNLRG,Bw6,HLAtools_protein_alignment,IPD-IMGT/HLA 3.63.0,2026-02-19 18:49:27.959055
B*14:46,B*14:46,B,Bw6,Bw6,classified,N,SLRNLRG,Bw6,HLAtools_protein_alignment,IPD-IMGT/HLA 3.63.0,2026-02-19 18:49:27.959055
B*14:47,B*14:47,B,Bw6,Bw6,classified,N,SLRNLRG,Bw6,HLAtools_protein_alignment,IPD-IMGT/HLA 3.63.0,2026-02-19 18:49:27.959055
B*14:48,B*14:48,B,Bw6,Bw6,classified,N,SLRNLRG,Bw6,HLAtools_protein_alignment,IPD-IMGT/HLA 3.63.0,2026-02-19 18:49:27.959055
B*14:49,B*14:49,B,Bw6,Bw6,classified,N,SLRNLRG,Bw6,HLAtools_protein_alignment,IPD-IMGT/HLA 3.63.0,2026-02-19 18:49:27.959055
B*14:50,B*14:50,B,Bw6,Bw6,classified,N,SLRNLRG,Bw6,HLAtools_protein_alignment,IPD-IMGT/HLA 3.63.0,2026-02-19 18:49:27.959055
B*14:51,B*14:51,B,Bw6,Bw6,classified,N,SLRNLRG,Bw6,HLAtools_protein_alignment,IPD-IMGT/HLA 3.63.0,2026-02-19 18:49:27.959055
B*14:52,B*14:52,B,Bw6,Bw6,classified,N,SLRNLRG,Bw6,HLAtools_protein_alignment,IPD-IMGT/HLA 3.63.0,2026-02-19 18:49:27.959055
B*14:53,B*14:53,B,Bw6,Bw6,classified,N,SLRNLRG,Bw6,HLAtools_protein_alignment,IPD-IMGT/HLA 3.63.0,2026-02-19 18:49:27.959055
B*14:54,B*14:54,B,Bw6,Bw6,classified,N,SLRNLRG,Bw6,HLAtools_protein_alignment,IPD-IMGT/HLA 3.63.0,2026-02-19 18:49:27.959055
B*14:55,B*14:55,B,Bw6,Bw6,classified,N,SLRNLRG,Bw6,HLAtools_protein_alignment,IPD-IMGT/HLA 3.63.0,2026-02-19 18:49:27.959055
B*14:56,B*14:56,B,Bw6,Bw6,classified,N,SLRNLRG,Bw6,HLAtools_protein_alignment,IPD-IMGT/HLA 3.63.0,2026-02-19 18:49:27.959055
B*14:57,B*14:57,B,Bw6,Bw6,classified,N,SLRNLRG,Bw6,HLAtools_protein_alignment,IPD-IMGT/HLA 3.63.0,2026-02-19 18:49:27.959055
B*14:58,B*14:58,B,Bw6,Bw6,classified,N,SLRNLRG,Bw6,HLAtools_protein_alignment,IPD-IMGT/HLA 3.63.0,2026-02-19 18:49:27.959055
B*14:59,B*14:59,B,Bw6,Bw6,classified,N,SLRNLRG,Bw6,HLAtools_protein_alignment,IPD-IMGT/HLA 3.63.0,2026-02-19 18:49:27.959055
B*14:60,B*14:60,B,Bw6,Bw6,classified,N,SLRNLRG,Bw6,HLAtools_protein_alignment,IPD-IMGT/HLA 3.63.0,2026-02-19 18:49:27.959055
B*14:61,B*14:61,B,Bw6,Bw6,classified,N,SLRNLRG,Bw6,HLAtools_protein_alignment,IPD-IMGT/HLA 3.63.0,2026-02-19 18:49:27.959055
B*14:62,B*14:62,B,Bw6,Bw6,classified,N,SLRNLRG,Bw6,HLAtools_protein_alignment,IPD-IMGT/HLA 3.63.0,2026-02-19 18:49:27.959055
B*14:63,B*14:63,B,Bw6,Bw6,classified,N,SLRNLRG,Bw6,HLAtools_protein_alignment,IPD-IMGT/HLA 3.63.0,2026-02-19 18:49:27.959055
B*14:64,B*14:64,B,Bw6,Bw6,classified,N,SLRNLRG,Bw6,HLAtools_protein_alignment,IPD-IMGT/HLA 3.63.0,2026-02-19 18:49:27.959055
B*14:65,B*14:65,B,Bw6,Bw6,classified,N,SLRNLRG,Bw6,HLAtools_protein_alignment,IPD-IMGT/HLA 3.63.0,2026-02-19 18:49:27.959055
B*14:66,B*14:66,B,Bw6,Bw6,classified,N,SLRNLRG,Bw6,HLAtools_protein_alignment,IPD-IMGT/HLA 3.63.0,2026-02-19 18:49:27.959055
B*14:67,B*14:67,B,Bw6,Bw6,classified,N,SLRNLRG,Bw6,HLAtools_protein_alignment,IPD-IMGT/HLA 3.63.0,2026-02-19 18:49:27.959055
B*14:68,B*14:68,B,Bw6,Bw6,classified,N,SLRNLRG,Bw6,HLAtools_protein_alignment,IPD-IMGT/HLA 3.63.0,2026-02-19 18:49:27.959055
B*14:70Q,B*14:70Q,B,Bw6,Bw6,classified,N,SLRNLRG,NA,HLAtools_protein_alignment,IPD-IMGT/HLA 3.63.0,2026-02-19 18:49:27.959055
B*14:71,B*14:71,B,Bw6,Bw6,classified,N,SLRNLRG,Bw6,HLAtools_protein_alignment,IPD-IMGT/HLA 3.63.0,2026-02-19 18:49:27.959055
B*14:73,B*14:73,B,Bw6,Bw6,classified,N,SLRNLRG,Bw6,HLAtools_protein_alignment,IPD-IMGT/HLA 3.63.0,2026-02-19 18:49:27.959055
B*14:74,B*14:74,B,Bw6,Bw6,classified,N,SLRNLRG,Bw6,HLAtools_protein_alignment,IPD-IMGT/HLA 3.63.0,2026-02-19 18:49:27.959055
B*14:75,B*14:75,B,Bw6,Bw6,classified,N,SLRNLRG,Bw6,HLAtools_protein_alignment,IPD-IMGT/HLA 3.63.0,2026-02-19 18:49:27.959055
B*14:77,B*14:77,B,Bw6,Bw6,classified,N,RLRNLRG,NA,HLAtools_protein_alignment,IPD-IMGT/HLA 3.63.0,2026-02-19 18:49:27.959055
B*14:78,B*14:78,B,Bw6,Bw6,classified,N,SLRNLRG,Bw6,HLAtools_protein_alignment,IPD-IMGT/HLA 3.63.0,2026-02-19 18:49:27.959055
B*14:80,B*14:80,B,Bw6,Bw6,classified,N,SLRNLRG,Bw6,HLAtools_protein_alignment,IPD-IMGT/HLA 3.63.0,2026-02-19 18:49:27.959055
B*14:81,B*14:81,B,Bw6,Bw6,classified,N,SLRNLRG,Bw6,HLAtools_protein_alignment,IPD-IMGT/HLA 3.63.0,2026-02-19 18:49:27.959055
B*14:82,B*14:82,B,Bw6,Bw6,classified,N,SLRNLRG,Bw6,HLAtools_protein_alignment,IPD-IMGT/HLA 3.63.0,2026-02-19 18:49:27.959055
B*14:83,B*14:83,B,Bw6,Bw6,classified,N,SLRNLRG,Bw6,HLAtools_protein_alignment,IPD-IMGT/HLA 3.63.0,2026-02-19 18:49:27.959055
B*14:84,B*14:84,B,Bw6,Bw6,classified,N,SLRNLRG,Bw6,HLAtools_protein_alignment,IPD-IMGT/HLA 3.63.0,2026-02-19 18:49:27.959055
B*14:86,B*14:86,B,Bw6,Bw6,classified,N,SLRNLRG,Bw6,HLAtools_protein_alignment,IPD-IMGT/HLA 3.63.0,2026-02-19 18:49:27.959055
B*14:87,B*14:87,B,Bw6,Bw6,classified,N,SLRNLRG,Bw6,HLAtools_protein_alignment,IPD-IMGT/HLA 3.63.0,2026-02-19 18:49:27.959055
B*14:88,B*14:88,B,Bw6,Bw6,classified,N,SLRNLRG,Bw6,HLAtools_protein_alignment,IPD-IMGT/HLA 3.63.0,2026-02-19 18:49:27.959055
B*14:89,B*14:89,B,Bw6,Bw6,classified,N,SLRNLRG,Bw6,HLAtools_protein_alignment,IPD-IMGT/HLA 3.63.0,2026-02-19 18:49:27.959055
B*14:90,B*14:90,B,Bw6,Bw6,classified,N,SLRNLRG,Bw6,HLAtools_protein_alignment,IPD-IMGT/HLA 3.63.0,2026-02-19 18:49:27.959055
B*14:91,B*14:91,B,Bw6,Bw6,classified,N,SLRNLRG,Bw6,HLAtools_protein_alignment,IPD-IMGT/HLA 3.63.0,2026-02-19 18:49:27.959055
B*14:92,B*14:92,B,Bw6,Bw6,classified,N,SLRNLRG,Bw6,HLAtools_protein_alignment,IPD-IMGT/HLA 3.63.0,2026-02-19 18:49:27.959055
B*14:93,B*14:93,B,Bw4 - 80I,Bw4_80I,classified,I,NLRIALR,Bw4 - 80I,HLAtools_protein_alignment,IPD-IMGT/HLA 3.63.0,2026-02-19 18:49:27.959055
B*14:94,B*14:94,B,Bw6,Bw6,classified,N,SLRNLRG,Bw6,HLAtools_protein_alignment,IPD-IMGT/HLA 3.63.0,2026-02-19 18:49:27.959055
B*14:95,B*14:95,B,Bw6,Bw6,classified,N,SLRNLRG,Bw6,HLAtools_protein_alignment,IPD-IMGT/HLA 3.63.0,2026-02-19 18:49:27.959055
B*14:96,B*14:96,B,Bw6,Bw6,classified,N,SLRNLRG,Bw6,HLAtools_protein_alignment,IPD-IMGT/HLA 3.63.0,2026-02-19 18:49:27.959055
B*14:97,B*14:97,B,Bw6,Bw6,classified,N,SLRNLRG,Bw6,HLAtools_protein_alignment,IPD-IMGT/HLA 3.63.0,2026-02-19 18:49:27.959055
B*14:98,B*14:98,B,Bw6,Bw6,classified,N,SLRNLRG,Bw6,HLAtools_protein_alignment,IPD-IMGT/HLA 3.63.0,2026-02-19 18:49:27.959055
B*14:99,B*14:99,B,Bw6,Bw6,classified,N,SLRNLRG,Bw6,HLAtools_protein_alignment,IPD-IMGT/HLA 3.63.0,2026-02-19 18:49:27.959055
B*15:01,B*15:01,B,Bw6,Bw6,classified,N,SLRNLRG,Bw6,HLAtools_protein_alignment,IPD-IMGT/HLA 3.63.0,2026-02-19 18:49:27.959055
B*15:01Q,B*15:01Q,B,Bw6,Bw6,classified,N,SLRNLRG,NA,HLAtools_protein_alignment,IPD-IMGT/HLA 3.63.0,2026-02-19 18:49:27.959055
B*15:02,B*15:02,B,Bw6,Bw6,classified,N,SLRNLRG,Bw6,HLAtools_protein_alignment,IPD-IMGT/HLA 3.63.0,2026-02-19 18:49:27.959055
B*15:03,B*15:03,B,Bw6,Bw6,classified,N,SLRNLRG,Bw6,HLAtools_protein_alignment,IPD-IMGT/HLA 3.63.0,2026-02-19 18:49:27.959055
B*15:04,B*15:04,B,Bw6,Bw6,classified,N,SLRNLRG,Bw6,HLAtools_protein_alignment,IPD-IMGT/HLA 3.63.0,2026-02-19 18:49:27.959055
B*15:05,B*15:05,B,Bw6,Bw6,classified,N,SLRNLRG,Bw6,HLAtools_protein_alignment,IPD-IMGT/HLA 3.63.0,2026-02-19 18:49:27.959055
B*15:06,B*15:06,B,Bw6,Bw6,classified,N,SLRNLRG,Bw6,HLAtools_protein_alignment,IPD-IMGT/HLA 3.63.0,2026-02-19 18:49:27.959055
B*15:07,B*15:07,B,Bw6,Bw6,classified,N,SLRNLRG,Bw6,HLAtools_protein_alignment,IPD-IMGT/HLA 3.63.0,2026-02-19 18:49:27.959055
B*15:08,B*15:08,B,Bw6,Bw6,classified,N,SLRNLRG,Bw6,HLAtools_protein_alignment,IPD-IMGT/HLA 3.63.0,2026-02-19 18:49:27.959055
B*15:09,B*15:09,B,Bw6,Bw6,classified,N,SLRNLRG,Bw6,HLAtools_protein_alignment,IPD-IMGT/HLA 3.63.0,2026-02-19 18:49:27.959055
B*15:10,B*15:10,B,Bw6,Bw6,classified,N,SLRNLRG,Bw6,HLAtools_protein_alignment,IPD-IMGT/HLA 3.63.0,2026-02-19 18:49:27.959055
B*15:101,B*15:101,B,Bw6,Bw6,classified,N,SLRNLRG,Bw6,HLAtools_protein_alignment,IPD-IMGT/HLA 3.63.0,2026-02-19 18:49:27.959055
B*15:102,B*15:102,B,Bw6,Bw6,classified,N,SLRNLRG,Bw6,HLAtools_protein_alignment,IPD-IMGT/HLA 3.63.0,2026-02-19 18:49:27.959055
B*15:103,B*15:103,B,Bw6,Bw6,classified,N,SLRNLRG,Bw6,HLAtools_protein_alignment,IPD-IMGT/HLA 3.63.0,2026-02-19 18:49:27.959055
B*15:104,B*15:104,B,Bw6,Bw6,classified,N,SLRNLRG,Bw6,HLAtools_protein_alignment,IPD-IMGT/HLA 3.63.0,2026-02-19 18:49:27.959055
B*15:105,B*15:105,B,Bw6,Bw6,classified,N,SLRNLRG,Bw6,HLAtools_protein_alignment,IPD-IMGT/HLA 3.63.0,2026-02-19 18:49:27.959055
B*15:106,B*15:106,B,Bw6,Bw6,classified,N,SLRNLRG,Bw6,HLAtools_protein_alignment,IPD-IMGT/HLA 3.63.0,2026-02-19 18:49:27.959055
B*15:107,B*15:107,B,Bw6,Bw6,classified,N,SLRNLRG,Bw6,HLAtools_protein_alignment,IPD-IMGT/HLA 3.63.0,2026-02-19 18:49:27.959055
B*15:108,B*15:108,B,Bw6,Bw6,classified,N,SLRNLRG,Bw6,HLAtools_protein_alignment,IPD-IMGT/HLA 3.63.0,2026-02-19 18:49:27.959055
B*15:109,B*15:109,B,Bw6,Bw6,classified,N,SLRNLRG,Bw6,HLAtools_protein_alignment,IPD-IMGT/HLA 3.63.0,2026-02-19 18:49:27.959055
B*15:11,B*15:11,B,Bw6,Bw6,classified,N,SLRNLRG,Bw6,HLAtools_protein_alignment,IPD-IMGT/HLA 3.63.0,2026-02-19 18:49:27.959055
B*15:110,B*15:110,B,Bw6,Bw6,classified,N,SLRNLRG,Bw6,HLAtools_protein_alignment,IPD-IMGT/HLA 3.63.0,2026-02-19 18:49:27.959055
B*15:112,B*15:112,B,Bw6,Bw6,classified,N,SLRNLRG,Bw6,HLAtools_protein_alignment,IPD-IMGT/HLA 3.63.0,2026-02-19 18:49:27.959055
B*15:113,B*15:113,B,Bw6,Bw6,classified,N,SLRNLRG,Bw6,HLAtools_protein_alignment,IPD-IMGT/HLA 3.63.0,2026-02-19 18:49:27.959055
B*15:114,B*15:114,B,Bw6,Bw6,classified,N,SLRNLRG,Bw6,HLAtools_protein_alignment,IPD-IMGT/HLA 3.63.0,2026-02-19 18:49:27.959055
B*15:115,B*15:115,B,Bw4 - 80T,Bw4_80T,classified,T,SLRTALR,Bw4 - 80T,HLAtools_protein_alignment,IPD-IMGT/HLA 3.63.0,2026-02-19 18:49:27.959055
B*15:116,B*15:116,B,Bw6,Bw6,classified,N,SLRNLRG,Bw6,HLAtools_protein_alignment,IPD-IMGT/HLA 3.63.0,2026-02-19 18:49:27.959055
B*15:117,B*15:117,B,Bw6,Bw6,classified,N,SLRNLRG,Bw6,HLAtools_protein_alignment,IPD-IMGT/HLA 3.63.0,2026-02-19 18:49:27.959055
B*15:118,B*15:118,B,Bw6,Bw6,classified,N,SLRNLRG,Bw6,HLAtools_protein_alignment,IPD-IMGT/HLA 3.63.0,2026-02-19 18:49:27.959055
B*15:119,B*15:119,B,Bw6,Bw6,classified,N,SLRNLRG,Bw6,HLAtools_protein_alignment,IPD-IMGT/HLA 3.63.0,2026-02-19 18:49:27.959055
B*15:12,B*15:12,B,Bw6,Bw6,classified,N,SLRNLRG,Bw6,HLAtools_protein_alignment,IPD-IMGT/HLA 3.63.0,2026-02-19 18:49:27.959055
B*15:120,B*15:120,B,Bw6,Bw6,classified,N,SLRNLRG,Bw6,HLAtools_protein_alignment,IPD-IMGT/HLA 3.63.0,2026-02-19 18:49:27.959055
B*15:121,B*15:121,B,Bw6,Bw6,classified,N,SLRNLRG,Bw6,HLAtools_protein_alignment,IPD-IMGT/HLA 3.63.0,2026-02-19 18:49:27.959055
B*15:122,B*15:122,B,Bw6,Bw6,classified,N,SLRNLRG,Bw6,HLAtools_protein_alignment,IPD-IMGT/HLA 3.63.0,2026-02-19 18:49:27.959055
B*15:123,B*15:123,B,Bw6,Bw6,classified,N,SLRNLRG,Bw6,HLAtools_protein_alignment,IPD-IMGT/HLA 3.63.0,2026-02-19 18:49:27.959055
B*15:124,B*15:124,B,Bw6,Bw6,classified,N,SLRNLRG,Bw6,HLAtools_protein_alignment,IPD-IMGT/HLA 3.63.0,2026-02-19 18:49:27.959055
B*15:125,B*15:125,B,Bw6,Bw6,classified,N,SLRNLRG,Bw6,HLAtools_protein_alignment,IPD-IMGT/HLA 3.63.0,2026-02-19 18:49:27.959055
B*15:126,B*15:126,B,Bw6,Bw6,classified,N,SLRNLRG,Bw6,HLAtools_protein_alignment,IPD-IMGT/HLA 3.63.0,2026-02-19 18:49:27.959055
B*15:127,B*15:127,B,Bw6,Bw6,classified,N,SLRNLRG,Bw6,HLAtools_protein_alignment,IPD-IMGT/HLA 3.63.0,2026-02-19 18:49:27.959055
B*15:128,B*15:128,B,Bw6,Bw6,classified,N,SLRNLRG,Bw6,HLAtools_protein_alignment,IPD-IMGT/HLA 3.63.0,2026-02-19 18:49:27.959055
B*15:129,B*15:129,B,Bw6,Bw6,classified,N,SLRNLRG,Bw6,HLAtools_protein_alignment,IPD-IMGT/HLA 3.63.0,2026-02-19 18:49:27.959055
B*15:13,B*15:13,B,Bw4 - 80I,Bw4_80I,classified,I,NLRIALR,Bw4 - 80I,HLAtools_protein_alignment,IPD-IMGT/HLA 3.63.0,2026-02-19 18:49:27.959055
B*15:131,B*15:131,B,Bw6,Bw6,classified,N,SLRNLRG,Bw6,HLAtools_protein_alignment,IPD-IMGT/HLA 3.63.0,2026-02-19 18:49:27.959055
B*15:132,B*15:132,B,Bw6,Bw6,classified,N,SLRNLRG,Bw6,HLAtools_protein_alignment,IPD-IMGT/HLA 3.63.0,2026-02-19 18:49:27.959055
B*15:133,B*15:133,B,Bw6,Bw6,classified,N,SLRNLRG,Bw6,HLAtools_protein_alignment,IPD-IMGT/HLA 3.63.0,2026-02-19 18:49:27.959055
B*15:134,B*15:134,B,Bw6,Bw6,classified,N,SLRNLRG,Bw6,HLAtools_protein_alignment,IPD-IMGT/HLA 3.63.0,2026-02-19 18:49:27.959055
B*15:135,B*15:135,B,Bw6,Bw6,classified,N,NLRNLRG,NA,HLAtools_protein_alignment,IPD-IMGT/HLA 3.63.0,2026-02-19 18:49:27.959055
B*15:136,B*15:136,B,Bw6,Bw6,classified,N,SLRNLRG,Bw6,HLAtools_protein_alignment,IPD-IMGT/HLA 3.63.0,2026-02-19 18:49:27.959055
B*15:137,B*15:137,B,Bw6,Bw6,classified,N,SLRNLRG,Bw6,HLAtools_protein_alignment,IPD-IMGT/HLA 3.63.0,2026-02-19 18:49:27.959055
B*15:138,B*15:138,B,Bw6,Bw6,classified,N,SLRNLRG,Bw6,HLAtools_protein_alignment,IPD-IMGT/HLA 3.63.0,2026-02-19 18:49:27.959055
B*15:139,B*15:139,B,Bw6,Bw6,classified,N,SLRNLRG,Bw6,HLAtools_protein_alignment,IPD-IMGT/HLA 3.63.0,2026-02-19 18:49:27.959055
B*15:14,B*15:14,B,Bw6,Bw6,classified,N,SLRNLRG,Bw6,HLAtools_protein_alignment,IPD-IMGT/HLA 3.63.0,2026-02-19 18:49:27.959055
B*15:140,B*15:140,B,Bw6,Bw6,classified,N,SLRNLRG,Bw6,HLAtools_protein_alignment,IPD-IMGT/HLA 3.63.0,2026-02-19 18:49:27.959055
B*15:141,B*15:141,B,Bw6,Bw6,classified,N,SLRNLRG,Bw6,HLAtools_protein_alignment,IPD-IMGT/HLA 3.63.0,2026-02-19 18:49:27.959055
B*15:142,B*15:142,B,Bw6,Bw6,classified,N,SLRNLRG,Bw6,HLAtools_protein_alignment,IPD-IMGT/HLA 3.63.0,2026-02-19 18:49:27.959055
B*15:143,B*15:143,B,Bw6,Bw6,classified,N,SLRNLRG,Bw6,HLAtools_protein_alignment,IPD-IMGT/HLA 3.63.0,2026-02-19 18:49:27.959055
B*15:144,B*15:144,B,Bw6,Bw6,classified,N,SLRNLRG,Bw6,HLAtools_protein_alignment,IPD-IMGT/HLA 3.63.0,2026-02-19 18:49:27.959055
B*15:145,B*15:145,B,Bw6,Bw6,classified,N,SLRNLRG,Bw6,HLAtools_protein_alignment,IPD-IMGT/HLA 3.63.0,2026-02-19 18:49:27.959055
B*15:146,B*15:146,B,Bw6,Bw6,classified,N,SLRNLRG,Bw6,HLAtools_protein_alignment,IPD-IMGT/HLA 3.63.0,2026-02-19 18:49:27.959055
B*15:147,B*15:147,B,Bw6,Bw6,classified,N,SLRNLRG,Bw6,HLAtools_protein_alignment,IPD-IMGT/HLA 3.63.0,2026-02-19 18:49:27.959055
B*15:148,B*15:148,B,Bw6,Bw6,classified,N,SLRNLRG,Bw6,HLAtools_protein_alignment,IPD-IMGT/HLA 3.63.0,2026-02-19 18:49:27.959055
B*15:15,B*15:15,B,Bw6,Bw6,classified,N,SLRNLRG,Bw6,HLAtools_protein_alignment,IPD-IMGT/HLA 3.63.0,2026-02-19 18:49:27.959055
B*15:150,B*15:150,B,Bw6,Bw6,classified,N,SLRNLRG,Bw6,HLAtools_protein_alignment,IPD-IMGT/HLA 3.63.0,2026-02-19 18:49:27.959055
B*15:151,B*15:151,B,Bw6,Bw6,classified,N,SLRNLRG,Bw6,HLAtools_protein_alignment,IPD-IMGT/HLA 3.63.0,2026-02-19 18:49:27.959055
B*15:152,B*15:152,B,Bw6,Bw6,classified,N,SLRNLRG,Bw6,HLAtools_protein_alignment,IPD-IMGT/HLA 3.63.0,2026-02-19 18:49:27.959055
B*15:153,B*15:153,B,Bw6,Bw6,classified,N,SLRNLRG,Bw6,HLAtools_protein_alignment,IPD-IMGT/HLA 3.63.0,2026-02-19 18:49:27.959055
B*15:154,B*15:154,B,Bw6,Bw6,classified,N,SLRNLRG,Bw6,HLAtools_protein_alignment,IPD-IMGT/HLA 3.63.0,2026-02-19 18:49:27.959055
B*15:155,B*15:155,B,Bw6,Bw6,classified,N,SLRNLRG,Bw6,HLAtools_protein_alignment,IPD-IMGT/HLA 3.63.0,2026-02-19 18:49:27.959055
B*15:156,B*15:156,B,Bw6,Bw6,classified,N,SLRNLRG,Bw6,HLAtools_protein_alignment,IPD-IMGT/HLA 3.63.0,2026-02-19 18:49:27.959055
B*15:157,B*15:157,B,Bw4 - 80I,Bw4_80I,classified,I,NLRIALR,Bw4 - 80I,HLAtools_protein_alignment,IPD-IMGT/HLA 3.63.0,2026-02-19 18:49:27.959055
B*15:158,B*15:158,B,Bw6,Bw6,classified,N,SLRNLRG,Bw6,HLAtools_protein_alignment,IPD-IMGT/HLA 3.63.0,2026-02-19 18:49:27.959055
B*15:159,B*15:159,B,Bw6,Bw6,classified,N,SLRNLRG,Bw6,HLAtools_protein_alignment,IPD-IMGT/HLA 3.63.0,2026-02-19 18:49:27.959055
B*15:16,B*15:16,B,Bw4 - 80I,Bw4_80I,classified,I,NLRIALR,Bw4 - 80I,HLAtools_protein_alignment,IPD-IMGT/HLA 3.63.0,2026-02-19 18:49:27.959055
B*15:160,B*15:160,B,Bw6,Bw6,classified,N,SLRNLRG,Bw6,HLAtools_protein_alignment,IPD-IMGT/HLA 3.63.0,2026-02-19 18:49:27.959055
B*15:161,B*15:161,B,Bw6,Bw6,classified,N,SLRNLRG,Bw6,HLAtools_protein_alignment,IPD-IMGT/HLA 3.63.0,2026-02-19 18:49:27.959055
B*15:162,B*15:162,B,Bw4 - 80I,Bw4_80I,classified,I,NLRIALR,Bw4 - 80I,HLAtools_protein_alignment,IPD-IMGT/HLA 3.63.0,2026-02-19 18:49:27.959055
B*15:163,B*15:163,B,Bw6,Bw6,classified,N,SLRNLRG,Bw6,HLAtools_protein_alignment,IPD-IMGT/HLA 3.63.0,2026-02-19 18:49:27.959055
B*15:164,B*15:164,B,Bw6,Bw6,classified,N,SLRNLRG,Bw6,HLAtools_protein_alignment,IPD-IMGT/HLA 3.63.0,2026-02-19 18:49:27.959055
B*15:165,B*15:165,B,Bw6,Bw6,classified,N,SLRNLRG,Bw6,HLAtools_protein_alignment,IPD-IMGT/HLA 3.63.0,2026-02-19 18:49:27.959055
B*15:166,B*15:166,B,Bw6,Bw6,classified,N,SLRNLRG,Bw6,HLAtools_protein_alignment,IPD-IMGT/HLA 3.63.0,2026-02-19 18:49:27.959055
B*15:167,B*15:167,B,Bw6,Bw6,classified,N,SLRNLRG,Bw6,HLAtools_protein_alignment,IPD-IMGT/HLA 3.63.0,2026-02-19 18:49:27.959055
B*15:168,B*15:168,B,Bw4 - 80I,Bw4_80I,classified,I,NLRIALR,Bw4 - 80I,HLAtools_protein_alignment,IPD-IMGT/HLA 3.63.0,2026-02-19 18:49:27.959055
B*15:169,B*15:169,B,Bw6,Bw6,classified,N,SLRNLRG,Bw6,HLAtools_protein_alignment,IPD-IMGT/HLA 3.63.0,2026-02-19 18:49:27.959055
B*15:17,B*15:17,B,Bw4 - 80I,Bw4_80I,classified,I,NLRIALR,Bw4 - 80I,HLAtools_protein_alignment,IPD-IMGT/HLA 3.63.0,2026-02-19 18:49:27.959055
B*15:170,B*15:170,B,Bw6,Bw6,classified,N,SLRNLRG,Bw6,HLAtools_protein_alignment,IPD-IMGT/HLA 3.63.0,2026-02-19 18:49:27.959055
B*15:171,B*15:171,B,Bw6,Bw6,classified,N,SLRNLRG,Bw6,HLAtools_protein_alignment,IPD-IMGT/HLA 3.63.0,2026-02-19 18:49:27.959055
B*15:172,B*15:172,B,Bw6,Bw6,classified,N,SLRNLRG,Bw6,HLAtools_protein_alignment,IPD-IMGT/HLA 3.63.0,2026-02-19 18:49:27.959055
B*15:173,B*15:173,B,Bw6,Bw6,classified,N,SLRNLRG,Bw6,HLAtools_protein_alignment,IPD-IMGT/HLA 3.63.0,2026-02-19 18:49:27.959055
B*15:174,B*15:174,B,Bw6,Bw6,classified,N,SLRNLRG,Bw6,HLAtools_protein_alignment,IPD-IMGT/HLA 3.63.0,2026-02-19 18:49:27.959055
B*15:175,B*15:175,B,Bw6,Bw6,classified,N,SLRNLRG,Bw6,HLAtools_protein_alignment,IPD-IMGT/HLA 3.63.0,2026-02-19 18:49:27.959055
B*15:176,B*15:176,B,Bw6,Bw6,classified,N,SLRNLRG,Bw6,HLAtools_protein_alignment,IPD-IMGT/HLA 3.63.0,2026-02-19 18:49:27.959055
B*15:177,B*15:177,B,Bw4 - 80I,Bw4_80I,classified,I,NLRIALR,Bw4 - 80I,HLAtools_protein_alignment,IPD-IMGT/HLA 3.63.0,2026-02-19 18:49:27.959055
B*15:178,B*15:178,B,Bw6,Bw6,classified,N,SLRNLRG,Bw6,HLAtools_protein_alignment,IPD-IMGT/HLA 3.63.0,2026-02-19 18:49:27.959055
B*15:179,B*15:179,B,Bw6,Bw6,classified,N,SLRNLRG,Bw6,HLAtools_protein_alignment,IPD-IMGT/HLA 3.63.0,2026-02-19 18:49:27.959055
B*15:18,B*15:18,B,Bw6,Bw6,classified,N,SLRNLRG,Bw6,HLAtools_protein_alignment,IPD-IMGT/HLA 3.63.0,2026-02-19 18:49:27.959055
B*15:180,B*15:180,B,Bw6,Bw6,classified,N,SLRNLRG,Bw6,HLAtools_protein_alignment,IPD-IMGT/HLA 3.63.0,2026-02-19 18:49:27.959055
B*15:183,B*15:183,B,Bw6,Bw6,classified,N,SLRNLRG,Bw6,HLAtools_protein_alignment,IPD-IMGT/HLA 3.63.0,2026-02-19 18:49:27.959055
B*15:184,B*15:184,B,Bw6,Bw6,classified,N,SLRNLRG,Bw6,HLAtools_protein_alignment,IPD-IMGT/HLA 3.63.0,2026-02-19 18:49:27.959055
B*15:185,B*15:185,B,Bw6,Bw6,classified,N,SLRNLRG,Bw6,HLAtools_protein_alignment,IPD-IMGT/HLA 3.63.0,2026-02-19 18:49:27.959055
B*15:186,B*15:186,B,Bw6,Bw6,classified,N,SLRNLRG,Bw6,HLAtools_protein_alignment,IPD-IMGT/HLA 3.63.0,2026-02-19 18:49:27.959055
B*15:187,B*15:187,B,Bw6,Bw6,classified,N,SLRNLRG,Bw6,HLAtools_protein_alignment,IPD-IMGT/HLA 3.63.0,2026-02-19 18:49:27.959055
B*15:188,B*15:188,B,Bw6,Bw6,classified,N,SLRNLRG,Bw6,HLAtools_protein_alignment,IPD-IMGT/HLA 3.63.0,2026-02-19 18:49:27.959055
B*15:189,B*15:189,B,Bw6,Bw6,classified,N,SLRNLRG,Bw6,HLAtools_protein_alignment,IPD-IMGT/HLA 3.63.0,2026-02-19 18:49:27.959055
B*15:19,B*15:19,B,Bw6,Bw6,classified,N,SLRNLRG,Bw6,HLAtools_protein_alignment,IPD-IMGT/HLA 3.63.0,2026-02-19 18:49:27.959055
B*15:191,B*15:191,B,Bw6,Bw6,classified,N,SLRNLRG,Bw6,HLAtools_protein_alignment,IPD-IMGT/HLA 3.63.0,2026-02-19 18:49:27.959055
B*15:192,B*15:192,B,Bw6,Bw6,classified,N,SLRNLRG,Bw6,HLAtools_protein_alignment,IPD-IMGT/HLA 3.63.0,2026-02-19 18:49:27.959055
B*15:193,B*15:193,B,Bw6,Bw6,classified,N,SLRNLRG,Bw6,HLAtools_protein_alignment,IPD-IMGT/HLA 3.63.0,2026-02-19 18:49:27.959055
B*15:194,B*15:194,B,Bw6,Bw6,classified,N,SLRNLRG,Bw6,HLAtools_protein_alignment,IPD-IMGT/HLA 3.63.0,2026-02-19 18:49:27.959055
B*15:195,B*15:195,B,Bw6,Bw6,classified,N,SLRNLRG,Bw6,HLAtools_protein_alignment,IPD-IMGT/HLA 3.63.0,2026-02-19 18:49:27.959055
B*15:196,B*15:196,B,Bw4 - 80I,Bw4_80I,classified,I,NLRIALR,Bw4 - 80I,HLAtools_protein_alignment,IPD-IMGT/HLA 3.63.0,2026-02-19 18:49:27.959055
B*15:197,B*15:197,B,Bw6,Bw6,classified,N,SLRNLRG,Bw6,HLAtools_protein_alignment,IPD-IMGT/HLA 3.63.0,2026-02-19 18:49:27.959055
B*15:198,B*15:198,B,Bw6,Bw6,classified,N,SLRNLRG,Bw6,HLAtools_protein_alignment,IPD-IMGT/HLA 3.63.0,2026-02-19 18:49:27.959055
B*15:199,B*15:199,B,Bw6,Bw6,classified,N,SLRNLRG,Bw6,HLAtools_protein_alignment,IPD-IMGT/HLA 3.63.0,2026-02-19 18:49:27.959055
B*15:20,B*15:20,B,Bw6,Bw6,classified,N,SLRNLRG,Bw6,HLAtools_protein_alignment,IPD-IMGT/HLA 3.63.0,2026-02-19 18:49:27.959055
B*15:200,B*15:200,B,Bw6,Bw6,classified,N,SLRNLRG,Bw6,HLAtools_protein_alignment,IPD-IMGT/HLA 3.63.0,2026-02-19 18:49:27.959055
B*15:201,B*15:201,B,Bw6,Bw6,classified,N,SLRNLRG,Bw6,HLAtools_protein_alignment,IPD-IMGT/HLA 3.63.0,2026-02-19 18:49:27.959055
B*15:202,B*15:202,B,Bw6,Bw6,classified,N,SLRNLRG,Bw6,HLAtools_protein_alignment,IPD-IMGT/HLA 3.63.0,2026-02-19 18:49:27.959055
B*15:203,B*15:203,B,Bw6,Bw6,classified,N,SLRNLRG,Bw6,HLAtools_protein_alignment,IPD-IMGT/HLA 3.63.0,2026-02-19 18:49:27.959055
B*15:204,B*15:204,B,Bw6,Bw6,classified,N,SLRNLRG,Bw6,HLAtools_protein_alignment,IPD-IMGT/HLA 3.63.0,2026-02-19 18:49:27.959055
B*15:205,B*15:205,B,Bw6,Bw6,classified,N,SLRNLRG,Bw6,HLAtools_protein_alignment,IPD-IMGT/HLA 3.63.0,2026-02-19 18:49:27.959055
B*15:206,B*15:206,B,Bw6,Bw6,classified,N,SLRNLRG,Bw6,HLAtools_protein_alignment,IPD-IMGT/HLA 3.63.0,2026-02-19 18:49:27.959055
B*15:207,B*15:207,B,Bw6,Bw6,classified,N,SLRNLRG,Bw6,HLAtools_protein_alignment,IPD-IMGT/HLA 3.63.0,2026-02-19 18:49:27.959055
B*15:208,B*15:208,B,Bw4 - 80I,Bw4_80I,classified,I,NLRIALR,Bw4 - 80I,HLAtools_protein_alignment,IPD-IMGT/HLA 3.63.0,2026-02-19 18:49:27.959055
B*15:21,B*15:21,B,Bw6,Bw6,classified,N,SLRNLRG,Bw6,HLAtools_protein_alignment,IPD-IMGT/HLA 3.63.0,2026-02-19 18:49:27.959055
B*15:210,B*15:210,B,Bw6,Bw6,classified,N,SLRNLRG,Bw6,HLAtools_protein_alignment,IPD-IMGT/HLA 3.63.0,2026-02-19 18:49:27.959055
B*15:211,B*15:211,B,Bw6,Bw6,classified,N,SLRNLRG,Bw6,HLAtools_protein_alignment,IPD-IMGT/HLA 3.63.0,2026-02-19 18:49:27.959055
B*15:212,B*15:212,B,Bw6,Bw6,classified,N,SLRNLRG,Bw6,HLAtools_protein_alignment,IPD-IMGT/HLA 3.63.0,2026-02-19 18:49:27.959055
B*15:213,B*15:213,B,Bw6,Bw6,classified,N,SLRNLRG,Bw6,HLAtools_protein_alignment,IPD-IMGT/HLA 3.63.0,2026-02-19 18:49:27.959055
B*15:214,B*15:214,B,Bw6,Bw6,classified,N,SLRNLRG,Bw6,HLAtools_protein_alignment,IPD-IMGT/HLA 3.63.0,2026-02-19 18:49:27.959055
B*15:215,B*15:215,B,Bw6,Bw6,classified,N,SLRNLRG,Bw6,HLAtools_protein_alignment,IPD-IMGT/HLA 3.63.0,2026-02-19 18:49:27.959055
B*15:216,B*15:216,B,Bw4 - 80I,Bw4_80I,classified,I,NLRIALR,Bw4 - 80I,HLAtools_protein_alignment,IPD-IMGT/HLA 3.63.0,2026-02-19 18:49:27.959055
B*15:217,B*15:217,B,Bw6,Bw6,classified,N,SLRNLRG,Bw6,HLAtools_protein_alignment,IPD-IMGT/HLA 3.63.0,2026-02-19 18:49:27.959055
B*15:218Q,B*15:218Q,B,Bw6,Bw6,classified,N,SLRNLRG,NA,HLAtools_protein_alignment,IPD-IMGT/HLA 3.63.0,2026-02-19 18:49:27.959055
B*15:219,B*15:219,B,Bw6,Bw6,classified,N,SLRNLRG,Bw6,HLAtools_protein_alignment,IPD-IMGT/HLA 3.63.0,2026-02-19 18:49:27.959055
B*15:220,B*15:220,B,Bw6,Bw6,classified,N,SLRNLRG,Bw6,HLAtools_protein_alignment,IPD-IMGT/HLA 3.63.0,2026-02-19 18:49:27.959055
B*15:221,B*15:221,B,Bw6,Bw6,classified,N,SLRNLRG,Bw6,HLAtools_protein_alignment,IPD-IMGT/HLA 3.63.0,2026-02-19 18:49:27.959055
B*15:222,B*15:222,B,Bw4 - 80I,Bw4_80I,classified,I,NLRIALR,Bw4 - 80I,HLAtools_protein_alignment,IPD-IMGT/HLA 3.63.0,2026-02-19 18:49:27.959055
B*15:223,B*15:223,B,Bw6,Bw6,classified,N,SLRNLRG,Bw6,HLAtools_protein_alignment,IPD-IMGT/HLA 3.63.0,2026-02-19 18:49:27.959055
B*15:224,B*15:224,B,Bw6,Bw6,classified,N,SLRNLRG,Bw6,HLAtools_protein_alignment,IPD-IMGT/HLA 3.63.0,2026-02-19 18:49:27.959055
B*15:225,B*15:225,B,Bw6,Bw6,classified,N,SLRNLRG,Bw6,HLAtools_protein_alignment,IPD-IMGT/HLA 3.63.0,2026-02-19 18:49:27.959055
B*15:227,B*15:227,B,Bw6,Bw6,classified,N,SLRNLRG,Bw6,HLAtools_protein_alignment,IPD-IMGT/HLA 3.63.0,2026-02-19 18:49:27.959055
B*15:228,B*15:228,B,Bw6,Bw6,classified,N,SLRNLRG,Bw6,HLAtools_protein_alignment,IPD-IMGT/HLA 3.63.0,2026-02-19 18:49:27.959055
B*15:229,B*15:229,B,Bw6,Bw6,classified,N,SLRNLRG,Bw6,HLAtools_protein_alignment,IPD-IMGT/HLA 3.63.0,2026-02-19 18:49:27.959055
B*15:23,B*15:23,B,Bw4 - 80I,Bw4_80I,classified,I,NLRIALR,Bw4 - 80I,HLAtools_protein_alignment,IPD-IMGT/HLA 3.63.0,2026-02-19 18:49:27.959055
B*15:230,B*15:230,B,Bw4 - 80I,Bw4_80I,classified,I,NLRIALR,Bw4 - 80I,HLAtools_protein_alignment,IPD-IMGT/HLA 3.63.0,2026-02-19 18:49:27.959055
B*15:231,B*15:231,B,Bw6,Bw6,classified,N,SLRNLRG,Bw6,HLAtools_protein_alignment,IPD-IMGT/HLA 3.63.0,2026-02-19 18:49:27.959055
B*15:232,B*15:232,B,Bw6,Bw6,classified,N,SLRNLRG,Bw6,HLAtools_protein_alignment,IPD-IMGT/HLA 3.63.0,2026-02-19 18:49:27.959055
B*15:233,B*15:233,B,Bw6,Bw6,classified,N,SLRNLRG,Bw6,HLAtools_protein_alignment,IPD-IMGT/HLA 3.63.0,2026-02-19 18:49:27.959055
B*15:234,B*15:234,B,Bw6,Bw6,classified,N,SLRNLRG,Bw6,HLAtools_protein_alignment,IPD-IMGT/HLA 3.63.0,2026-02-19 18:49:27.959055
B*15:235,B*15:235,B,Bw6,Bw6,classified,N,SLRNLRG,Bw6,HLAtools_protein_alignment,IPD-IMGT/HLA 3.63.0,2026-02-19 18:49:27.959055
B*15:236,B*15:236,B,Bw6,Bw6,classified,N,SLRNLRG,Bw6,HLAtools_protein_alignment,IPD-IMGT/HLA 3.63.0,2026-02-19 18:49:27.959055
B*15:237,B*15:237,B,Bw6,Bw6,classified,N,SLRNLRG,Bw6,HLAtools_protein_alignment,IPD-IMGT/HLA 3.63.0,2026-02-19 18:49:27.959055
B*15:238,B*15:238,B,Bw6,Bw6,classified,N,SLRNLRG,Bw6,HLAtools_protein_alignment,IPD-IMGT/HLA 3.63.0,2026-02-19 18:49:27.959055
B*15:239,B*15:239,B,Bw6,Bw6,classified,N,SLRNLRG,Bw6,HLAtools_protein_alignment,IPD-IMGT/HLA 3.63.0,2026-02-19 18:49:27.959055
B*15:24,B*15:24,B,Bw4 - 80I,Bw4_80I,classified,I,NLRIALR,Bw4 - 80I,HLAtools_protein_alignment,IPD-IMGT/HLA 3.63.0,2026-02-19 18:49:27.959055
B*15:240,B*15:240,B,Bw6,Bw6,classified,N,SLRNLRG,Bw6,HLAtools_protein_alignment,IPD-IMGT/HLA 3.63.0,2026-02-19 18:49:27.959055
B*15:241,B*15:241,B,Bw6,Bw6,classified,N,SLRNLRG,Bw6,HLAtools_protein_alignment,IPD-IMGT/HLA 3.63.0,2026-02-19 18:49:27.959055
B*15:242,B*15:242,B,Bw6,Bw6,classified,N,SLRNLRG,Bw6,HLAtools_protein_alignment,IPD-IMGT/HLA 3.63.0,2026-02-19 18:49:27.959055
B*15:243,B*15:243,B,Bw6,Bw6,classified,N,SLRNLRG,Bw6,HLAtools_protein_alignment,IPD-IMGT/HLA 3.63.0,2026-02-19 18:49:27.959055
B*15:244,B*15:244,B,Bw6,Bw6,classified,N,SLRNLRG,Bw6,HLAtools_protein_alignment,IPD-IMGT/HLA 3.63.0,2026-02-19 18:49:27.959055
B*15:245Q,B*15:245Q,B,Bw6,Bw6,classified,N,SLRNLRG,NA,HLAtools_protein_alignment,IPD-IMGT/HLA 3.63.0,2026-02-19 18:49:27.959055
B*15:247,B*15:247,B,Bw6,Bw6,classified,N,SLRNLRG,Bw6,HLAtools_protein_alignment,IPD-IMGT/HLA 3.63.0,2026-02-19 18:49:27.959055
B*15:248,B*15:248,B,Bw6,Bw6,classified,N,SLRNLRG,Bw6,HLAtools_protein_alignment,IPD-IMGT/HLA 3.63.0,2026-02-19 18:49:27.959055
B*15:249,B*15:249,B,Bw6,Bw6,classified,N,SLRNLRG,Bw6,HLAtools_protein_alignment,IPD-IMGT/HLA 3.63.0,2026-02-19 18:49:27.959055
B*15:25,B*15:25,B,Bw6,Bw6,classified,N,SLRNLRG,Bw6,HLAtools_protein_alignment,IPD-IMGT/HLA 3.63.0,2026-02-19 18:49:27.959055
B*15:250,B*15:250,B,Bw6,Bw6,classified,N,SLRNLRG,Bw6,HLAtools_protein_alignment,IPD-IMGT/HLA 3.63.0,2026-02-19 18:49:27.959055
B*15:251,B*15:251,B,Bw6,Bw6,classified,N,SLRNLRG,Bw6,HLAtools_protein_alignment,IPD-IMGT/HLA 3.63.0,2026-02-19 18:49:27.959055
B*15:252,B*15:252,B,Bw6,Bw6,classified,N,SLRNLRG,Bw6,HLAtools_protein_alignment,IPD-IMGT/HLA 3.63.0,2026-02-19 18:49:27.959055
B*15:253,B*15:253,B,Bw6,Bw6,classified,N,SLRNLRG,Bw6,HLAtools_protein_alignment,IPD-IMGT/HLA 3.63.0,2026-02-19 18:49:27.959055
B*15:254,B*15:254,B,Bw4 - 80I,Bw4_80I,classified,I,NLRIALR,Bw4 - 80I,HLAtools_protein_alignment,IPD-IMGT/HLA 3.63.0,2026-02-19 18:49:27.959055
B*15:255,B*15:255,B,Bw6,Bw6,classified,N,SLRNLRG,Bw6,HLAtools_protein_alignment,IPD-IMGT/HLA 3.63.0,2026-02-19 18:49:27.959055
B*15:256,B*15:256,B,Bw4 - 80T,Bw4_80T,classified,T,NLRTALR,Bw4 - 80T,HLAtools_protein_alignment,IPD-IMGT/HLA 3.63.0,2026-02-19 18:49:27.959055
B*15:257,B*15:257,B,Bw6,Bw6,classified,N,SLRNLRG,Bw6,HLAtools_protein_alignment,IPD-IMGT/HLA 3.63.0,2026-02-19 18:49:27.959055
B*15:259,B*15:259,B,Bw6,Bw6,classified,N,SLRNLRG,Bw6,HLAtools_protein_alignment,IPD-IMGT/HLA 3.63.0,2026-02-19 18:49:27.959055
B*15:260,B*15:260,B,Bw6,Bw6,classified,N,SLRNLRG,Bw6,HLAtools_protein_alignment,IPD-IMGT/HLA 3.63.0,2026-02-19 18:49:27.959055
B*15:261,B*15:261,B,Bw6,Bw6,classified,N,SLRNLRG,Bw6,HLAtools_protein_alignment,IPD-IMGT/HLA 3.63.0,2026-02-19 18:49:27.959055
B*15:263,B*15:263,B,Bw6,Bw6,classified,N,SLRNLRG,Bw6,HLAtools_protein_alignment,IPD-IMGT/HLA 3.63.0,2026-02-19 18:49:27.959055
B*15:264,B*15:264,B,Bw6,Bw6,classified,N,SLRNLRG,Bw6,HLAtools_protein_alignment,IPD-IMGT/HLA 3.63.0,2026-02-19 18:49:27.959055
B*15:265,B*15:265,B,Bw6,Bw6,classified,N,SLRNLRG,Bw6,HLAtools_protein_alignment,IPD-IMGT/HLA 3.63.0,2026-02-19 18:49:27.959055
B*15:266,B*15:266,B,Bw6,Bw6,classified,N,SLRNLRG,Bw6,HLAtools_protein_alignment,IPD-IMGT/HLA 3.63.0,2026-02-19 18:49:27.959055
B*15:267,B*15:267,B,Bw6,Bw6,classified,N,SLRNLRG,Bw6,HLAtools_protein_alignment,IPD-IMGT/HLA 3.63.0,2026-02-19 18:49:27.959055
B*15:268,B*15:268,B,Bw4 - 80I,Bw4_80I,classified,I,NLRIALR,Bw4 - 80I,HLAtools_protein_alignment,IPD-IMGT/HLA 3.63.0,2026-02-19 18:49:27.959055
B*15:269,B*15:269,B,Bw6,Bw6,classified,N,SLRNLRG,Bw6,HLAtools_protein_alignment,IPD-IMGT/HLA 3.63.0,2026-02-19 18:49:27.959055
B*15:27,B*15:27,B,Bw6,Bw6,classified,N,SLRNLRG,Bw6,HLAtools_protein_alignment,IPD-IMGT/HLA 3.63.0,2026-02-19 18:49:27.959055
B*15:270,B*15:270,B,Bw6,Bw6,classified,N,SLRNLRG,Bw6,HLAtools_protein_alignment,IPD-IMGT/HLA 3.63.0,2026-02-19 18:49:27.959055
B*15:271,B*15:271,B,Bw6,Bw6,classified,N,SLRNLRG,Bw6,HLAtools_protein_alignment,IPD-IMGT/HLA 3.63.0,2026-02-19 18:49:27.959055
B*15:273,B*15:273,B,Bw4 - 80I,Bw4_80I,classified,I,NLRIALR,Bw4 - 80I,HLAtools_protein_alignment,IPD-IMGT/HLA 3.63.0,2026-02-19 18:49:27.959055
B*15:274,B*15:274,B,Bw6,Bw6,classified,N,SLRNLRG,Bw6,HLAtools_protein_alignment,IPD-IMGT/HLA 3.63.0,2026-02-19 18:49:27.959055
B*15:275,B*15:275,B,Bw6,Bw6,classified,N,SLRNLRG,Bw6,HLAtools_protein_alignment,IPD-IMGT/HLA 3.63.0,2026-02-19 18:49:27.959055
B*15:276,B*15:276,B,Bw6,Bw6,classified,N,SLRNLRG,Bw6,HLAtools_protein_alignment,IPD-IMGT/HLA 3.63.0,2026-02-19 18:49:27.959055
B*15:277,B*15:277,B,Bw6,Bw6,classified,K,SLRKLRG,NA,HLAtools_protein_alignment,IPD-IMGT/HLA 3.63.0,2026-02-19 18:49:27.959055
B*15:278,B*15:278,B,Bw6,Bw6,classified,N,SLRNLRG,Bw6,HLAtools_protein_alignment,IPD-IMGT/HLA 3.63.0,2026-02-19 18:49:27.959055
B*15:279,B*15:279,B,Bw6,Bw6,classified,N,SLRNLRG,Bw6,HLAtools_protein_alignment,IPD-IMGT/HLA 3.63.0,2026-02-19 18:49:27.959055
B*15:28,B*15:28,B,Bw6,Bw6,classified,N,SLRNLRG,Bw6,HLAtools_protein_alignment,IPD-IMGT/HLA 3.63.0,2026-02-19 18:49:27.959055
B*15:280,B*15:280,B,Bw6,Bw6,classified,N,SLRNLRG,Bw6,HLAtools_protein_alignment,IPD-IMGT/HLA 3.63.0,2026-02-19 18:49:27.959055
B*15:281,B*15:281,B,Bw6,Bw6,classified,N,SLRNLRG,Bw6,HLAtools_protein_alignment,IPD-IMGT/HLA 3.63.0,2026-02-19 18:49:27.959055
B*15:282,B*15:282,B,Bw6,Bw6,classified,N,SLRNLRG,Bw6,HLAtools_protein_alignment,IPD-IMGT/HLA 3.63.0,2026-02-19 18:49:27.959055
B*15:283,B*15:283,B,Bw6,Bw6,classified,N,SLRNLRG,Bw6,HLAtools_protein_alignment,IPD-IMGT/HLA 3.63.0,2026-02-19 18:49:27.959055
B*15:284,B*15:284,B,Bw6,Bw6,classified,N,SLRNLRG,Bw6,HLAtools_protein_alignment,IPD-IMGT/HLA 3.63.0,2026-02-19 18:49:27.959055
B*15:285,B*15:285,B,Bw6,Bw6,classified,N,SLRNLRG,Bw6,HLAtools_protein_alignment,IPD-IMGT/HLA 3.63.0,2026-02-19 18:49:27.959055
B*15:286,B*15:286,B,Bw6,Bw6,classified,N,SLRNLRG,Bw6,HLAtools_protein_alignment,IPD-IMGT/HLA 3.63.0,2026-02-19 18:49:27.959055
B*15:287,B*15:287,B,Bw6,Bw6,classified,N,SLRNLRG,Bw6,HLAtools_protein_alignment,IPD-IMGT/HLA 3.63.0,2026-02-19 18:49:27.959055
B*15:288,B*15:288,B,Bw6,Bw6,classified,N,SLRNLRG,Bw6,HLAtools_protein_alignment,IPD-IMGT/HLA 3.63.0,2026-02-19 18:49:27.959055
B*15:289,B*15:289,B,Bw6,Bw6,classified,N,SLRNLRG,Bw6,HLAtools_protein_alignment,IPD-IMGT/HLA 3.63.0,2026-02-19 18:49:27.959055
B*15:29,B*15:29,B,Bw6,Bw6,classified,N,SLRNLRG,Bw6,HLAtools_protein_alignment,IPD-IMGT/HLA 3.63.0,2026-02-19 18:49:27.959055
B*15:290,B*15:290,B,Bw6,Bw6,classified,N,SLRNLRG,Bw6,HLAtools_protein_alignment,IPD-IMGT/HLA 3.63.0,2026-02-19 18:49:27.959055
B*15:291,B*15:291,B,Bw6,Bw6,classified,N,SLRNLRG,Bw6,HLAtools_protein_alignment,IPD-IMGT/HLA 3.63.0,2026-02-19 18:49:27.959055
B*15:292,B*15:292,B,Bw6,Bw6,classified,N,SLRNLRG,Bw6,HLAtools_protein_alignment,IPD-IMGT/HLA 3.63.0,2026-02-19 18:49:27.959055
B*15:293,B*15:293,B,Bw6,Bw6,classified,N,SLRNLRG,Bw6,HLAtools_protein_alignment,IPD-IMGT/HLA 3.63.0,2026-02-19 18:49:27.959055
B*15:295,B*15:295,B,Bw6,Bw6,classified,N,SLRNLRG,Bw6,HLAtools_protein_alignment,IPD-IMGT/HLA 3.63.0,2026-02-19 18:49:27.959055
B*15:296,B*15:296,B,Bw6,Bw6,classified,N,SLRNLRG,Bw6,HLAtools_protein_alignment,IPD-IMGT/HLA 3.63.0,2026-02-19 18:49:27.959055
B*15:297,B*15:297,B,Bw6,Bw6,classified,N,SLRNLRG,Bw6,HLAtools_protein_alignment,IPD-IMGT/HLA 3.63.0,2026-02-19 18:49:27.959055
B*15:298,B*15:298,B,Bw6,Bw6,classified,N,SLRNLRG,Bw6,HLAtools_protein_alignment,IPD-IMGT/HLA 3.63.0,2026-02-19 18:49:27.959055
B*15:299,B*15:299,B,Bw6,Bw6,classified,N,SLRNLRG,Bw6,HLAtools_protein_alignment,IPD-IMGT/HLA 3.63.0,2026-02-19 18:49:27.959055
B*15:30,B*15:30,B,Bw6,Bw6,classified,N,SLRNLRG,Bw6,HLAtools_protein_alignment,IPD-IMGT/HLA 3.63.0,2026-02-19 18:49:27.959055
B*15:300,B*15:300,B,Bw6,Bw6,classified,N,SLRNLRG,Bw6,HLAtools_protein_alignment,IPD-IMGT/HLA 3.63.0,2026-02-19 18:49:27.959055
B*15:301,B*15:301,B,Bw6,Bw6,classified,N,SLRNLRG,Bw6,HLAtools_protein_alignment,IPD-IMGT/HLA 3.63.0,2026-02-19 18:49:27.959055
B*15:303,B*15:303,B,Bw6,Bw6,classified,N,SLRNLRG,Bw6,HLAtools_protein_alignment,IPD-IMGT/HLA 3.63.0,2026-02-19 18:49:27.959055
B*15:305,B*15:305,B,Bw6,Bw6,classified,N,SLRNLRG,Bw6,HLAtools_protein_alignment,IPD-IMGT/HLA 3.63.0,2026-02-19 18:49:27.959055
B*15:306,B*15:306,B,Bw6,Bw6,classified,N,SLRNLRG,Bw6,HLAtools_protein_alignment,IPD-IMGT/HLA 3.63.0,2026-02-19 18:49:27.959055
B*15:307,B*15:307,B,Bw6,Bw6,classified,N,SLRNLRG,Bw6,HLAtools_protein_alignment,IPD-IMGT/HLA 3.63.0,2026-02-19 18:49:27.959055
B*15:308,B*15:308,B,Bw6,Bw6,classified,N,SLRNLRG,Bw6,HLAtools_protein_alignment,IPD-IMGT/HLA 3.63.0,2026-02-19 18:49:27.959055
B*15:309,B*15:309,B,Bw6,Bw6,classified,N,SLRNLRG,Bw6,HLAtools_protein_alignment,IPD-IMGT/HLA 3.63.0,2026-02-19 18:49:27.959055
B*15:31,B*15:31,B,Bw6,Bw6,classified,N,SLRNLRG,Bw6,HLAtools_protein_alignment,IPD-IMGT/HLA 3.63.0,2026-02-19 18:49:27.959055
B*15:310,B*15:310,B,Bw6,Bw6,classified,N,SLRNLRG,Bw6,HLAtools_protein_alignment,IPD-IMGT/HLA 3.63.0,2026-02-19 18:49:27.959055
B*15:311,B*15:311,B,Bw6,Bw6,classified,N,SLQNLRG,Bw6,HLAtools_protein_alignment,IPD-IMGT/HLA 3.63.0,2026-02-19 18:49:27.959055
B*15:312,B*15:312,B,Bw6,Bw6,classified,N,SLRNLRG,Bw6,HLAtools_protein_alignment,IPD-IMGT/HLA 3.63.0,2026-02-19 18:49:27.959055
B*15:313,B*15:313,B,Bw6,Bw6,classified,N,SLRNLRG,Bw6,HLAtools_protein_alignment,IPD-IMGT/HLA 3.63.0,2026-02-19 18:49:27.959055
B*15:314,B*15:314,B,Bw6,Bw6,classified,N,SLRNLRG,Bw6,HLAtools_protein_alignment,IPD-IMGT/HLA 3.63.0,2026-02-19 18:49:27.959055
B*15:315,B*15:315,B,Bw6,Bw6,classified,N,SLRNLRG,Bw6,HLAtools_protein_alignment,IPD-IMGT/HLA 3.63.0,2026-02-19 18:49:27.959055
B*15:316,B*15:316,B,Bw6,Bw6,classified,N,SLRNLRG,Bw6,HLAtools_protein_alignment,IPD-IMGT/HLA 3.63.0,2026-02-19 18:49:27.959055
B*15:317,B*15:317,B,Bw6,Bw6,classified,N,SLRNLRG,Bw6,HLAtools_protein_alignment,IPD-IMGT/HLA 3.63.0,2026-02-19 18:49:27.959055
B*15:318,B*15:318,B,Bw6,Bw6,classified,N,SLRNLRG,Bw6,HLAtools_protein_alignment,IPD-IMGT/HLA 3.63.0,2026-02-19 18:49:27.959055
B*15:319,B*15:319,B,Bw6,Bw6,classified,N,SLRNLRG,Bw6,HLAtools_protein_alignment,IPD-IMGT/HLA 3.63.0,2026-02-19 18:49:27.959055
B*15:32,B*15:32,B,Bw6,Bw6,classified,N,SLRNLRG,Bw6,HLAtools_protein_alignment,IPD-IMGT/HLA 3.63.0,2026-02-19 18:49:27.959055
B*15:320,B*15:320,B,Bw6,Bw6,classified,N,SLRNLRG,Bw6,HLAtools_protein_alignment,IPD-IMGT/HLA 3.63.0,2026-02-19 18:49:27.959055
B*15:321Q,B*15:321Q,B,Bw6,Bw6,classified,N,SLRNLRG,NA,HLAtools_protein_alignment,IPD-IMGT/HLA 3.63.0,2026-02-19 18:49:27.959055
B*15:322,B*15:322,B,Bw6,Bw6,classified,N,SLRNLRG,Bw6,HLAtools_protein_alignment,IPD-IMGT/HLA 3.63.0,2026-02-19 18:49:27.959055
B*15:323,B*15:323,B,Bw6,Bw6,classified,N,SLRNLRG,Bw6,HLAtools_protein_alignment,IPD-IMGT/HLA 3.63.0,2026-02-19 18:49:27.959055
B*15:324,B*15:324,B,Bw6,Bw6,classified,N,SLRNLRG,Bw6,HLAtools_protein_alignment,IPD-IMGT/HLA 3.63.0,2026-02-19 18:49:27.959055
B*15:325,B*15:325,B,Bw6,Bw6,classified,N,SLRNLRG,Bw6,HLAtools_protein_alignment,IPD-IMGT/HLA 3.63.0,2026-02-19 18:49:27.959055
B*15:326,B*15:326,B,Bw6,Bw6,classified,N,SLRNLRG,Bw6,HLAtools_protein_alignment,IPD-IMGT/HLA 3.63.0,2026-02-19 18:49:27.959055
B*15:327,B*15:327,B,Bw6,Bw6,classified,N,SLRNLRG,Bw6,HLAtools_protein_alignment,IPD-IMGT/HLA 3.63.0,2026-02-19 18:49:27.959055
B*15:328,B*15:328,B,Bw6,Bw6,classified,N,SLRNLRG,Bw6,HLAtools_protein_alignment,IPD-IMGT/HLA 3.63.0,2026-02-19 18:49:27.959055
B*15:329,B*15:329,B,Bw6,Bw6,classified,N,SLRNLRG,Bw6,HLAtools_protein_alignment,IPD-IMGT/HLA 3.63.0,2026-02-19 18:49:27.959055
B*15:33,B*15:33,B,Bw6,Bw6,classified,N,SLRNLRG,Bw6,HLAtools_protein_alignment,IPD-IMGT/HLA 3.63.0,2026-02-19 18:49:27.959055
B*15:330,B*15:330,B,Bw6,Bw6,classified,N,SLRNLRG,Bw6,HLAtools_protein_alignment,IPD-IMGT/HLA 3.63.0,2026-02-19 18:49:27.959055
B*15:331,B*15:331,B,Bw6,Bw6,classified,N,SLRNLRG,Bw6,HLAtools_protein_alignment,IPD-IMGT/HLA 3.63.0,2026-02-19 18:49:27.959055
B*15:332,B*15:332,B,Bw6,Bw6,classified,N,SLRNLRG,Bw6,HLAtools_protein_alignment,IPD-IMGT/HLA 3.63.0,2026-02-19 18:49:27.959055
B*15:333,B*15:333,B,Bw6,Bw6,classified,N,SLRNLRG,Bw6,HLAtools_protein_alignment,IPD-IMGT/HLA 3.63.0,2026-02-19 18:49:27.959055
B*15:334,B*15:334,B,Bw6,Bw6,classified,N,SLRNLRG,Bw6,HLAtools_protein_alignment,IPD-IMGT/HLA 3.63.0,2026-02-19 18:49:27.959055
B*15:335,B*15:335,B,Bw6,Bw6,classified,N,SLRNLRG,Bw6,HLAtools_protein_alignment,IPD-IMGT/HLA 3.63.0,2026-02-19 18:49:27.959055
B*15:336,B*15:336,B,Bw6,Bw6,classified,N,SLRNLRG,Bw6,HLAtools_protein_alignment,IPD-IMGT/HLA 3.63.0,2026-02-19 18:49:27.959055
B*15:337,B*15:337,B,Bw6,Bw6,classified,N,SLRNLRG,Bw6,HLAtools_protein_alignment,IPD-IMGT/HLA 3.63.0,2026-02-19 18:49:27.959055
B*15:338,B*15:338,B,Bw6,Bw6,classified,N,SLRNLRG,Bw6,HLAtools_protein_alignment,IPD-IMGT/HLA 3.63.0,2026-02-19 18:49:27.959055
B*15:339,B*15:339,B,Bw4 - 80T,Bw4_80T,classified,T,NLRTALR,Bw4 - 80T,HLAtools_protein_alignment,IPD-IMGT/HLA 3.63.0,2026-02-19 18:49:27.959055
B*15:34,B*15:34,B,Bw6,Bw6,classified,N,SLRNLRG,Bw6,HLAtools_protein_alignment,IPD-IMGT/HLA 3.63.0,2026-02-19 18:49:27.959055
B*15:340,B*15:340,B,Bw6,Bw6,classified,N,SLRNLRG,Bw6,HLAtools_protein_alignment,IPD-IMGT/HLA 3.63.0,2026-02-19 18:49:27.959055
B*15:341,B*15:341,B,Bw6,Bw6,classified,N,SLRNLRG,Bw6,HLAtools_protein_alignment,IPD-IMGT/HLA 3.63.0,2026-02-19 18:49:27.959055
B*15:342,B*15:342,B,Bw6,Bw6,classified,N,SLRNLRG,Bw6,HLAtools_protein_alignment,IPD-IMGT/HLA 3.63.0,2026-02-19 18:49:27.959055
B*15:343,B*15:343,B,Bw6,Bw6,classified,N,SLRNLRG,Bw6,HLAtools_protein_alignment,IPD-IMGT/HLA 3.63.0,2026-02-19 18:49:27.959055
B*15:344,B*15:344,B,Bw6,Bw6,classified,N,SLRNLRG,Bw6,HLAtools_protein_alignment,IPD-IMGT/HLA 3.63.0,2026-02-19 18:49:27.959055
B*15:345,B*15:345,B,Bw6,Bw6,classified,N,SLRNLRG,Bw6,HLAtools_protein_alignment,IPD-IMGT/HLA 3.63.0,2026-02-19 18:49:27.959055
B*15:346,B*15:346,B,Bw6,Bw6,classified,N,SLRNLRG,Bw6,HLAtools_protein_alignment,IPD-IMGT/HLA 3.63.0,2026-02-19 18:49:27.959055
B*15:347,B*15:347,B,Bw6,Bw6,classified,N,SLRNLRG,Bw6,HLAtools_protein_alignment,IPD-IMGT/HLA 3.63.0,2026-02-19 18:49:27.959055
B*15:348,B*15:348,B,Bw6,Bw6,classified,N,SLRNLRG,Bw6,HLAtools_protein_alignment,IPD-IMGT/HLA 3.63.0,2026-02-19 18:49:27.959055
B*15:349,B*15:349,B,Bw6,Bw6,classified,N,SLRNLRG,Bw6,HLAtools_protein_alignment,IPD-IMGT/HLA 3.63.0,2026-02-19 18:49:27.959055
B*15:35,B*15:35,B,Bw6,Bw6,classified,N,SLRNLRG,Bw6,HLAtools_protein_alignment,IPD-IMGT/HLA 3.63.0,2026-02-19 18:49:27.959055
B*15:350,B*15:350,B,Bw6,Bw6,classified,N,SLRNLRG,Bw6,HLAtools_protein_alignment,IPD-IMGT/HLA 3.63.0,2026-02-19 18:49:27.959055
B*15:351,B*15:351,B,Bw6,Bw6,classified,N,SLRNLRG,Bw6,HLAtools_protein_alignment,IPD-IMGT/HLA 3.63.0,2026-02-19 18:49:27.959055
B*15:352,B*15:352,B,Bw6,Bw6,classified,N,SLRNLRG,Bw6,HLAtools_protein_alignment,IPD-IMGT/HLA 3.63.0,2026-02-19 18:49:27.959055
B*15:353,B*15:353,B,Bw6,Bw6,classified,N,SLRNLRG,Bw6,HLAtools_protein_alignment,IPD-IMGT/HLA 3.63.0,2026-02-19 18:49:27.959055
B*15:354,B*15:354,B,Bw6,Bw6,classified,N,SLRNLRG,Bw6,HLAtools_protein_alignment,IPD-IMGT/HLA 3.63.0,2026-02-19 18:49:27.959055
B*15:355,B*15:355,B,Bw6,Bw6,classified,N,SLRNLRG,Bw6,HLAtools_protein_alignment,IPD-IMGT/HLA 3.63.0,2026-02-19 18:49:27.959055
B*15:356,B*15:356,B,Bw4 - 80I,Bw4_80I,classified,I,NLRIALR,Bw4 - 80I,HLAtools_protein_alignment,IPD-IMGT/HLA 3.63.0,2026-02-19 18:49:27.959055
B*15:357,B*15:357,B,Bw6,Bw6,classified,N,SLRNLRG,Bw6,HLAtools_protein_alignment,IPD-IMGT/HLA 3.63.0,2026-02-19 18:49:27.959055
B*15:358,B*15:358,B,Bw6,Bw6,classified,N,SLRNLRG,Bw6,HLAtools_protein_alignment,IPD-IMGT/HLA 3.63.0,2026-02-19 18:49:27.959055
B*15:359,B*15:359,B,Bw6,Bw6,classified,N,SLRNLRG,Bw6,HLAtools_protein_alignment,IPD-IMGT/HLA 3.63.0,2026-02-19 18:49:27.959055
B*15:36,B*15:36,B,Bw4 - 80T,Bw4_80T,classified,T,NLRTALR,Bw4 - 80T,HLAtools_protein_alignment,IPD-IMGT/HLA 3.63.0,2026-02-19 18:49:27.959055
B*15:360,B*15:360,B,Bw6,Bw6,classified,N,SLRNLRG,Bw6,HLAtools_protein_alignment,IPD-IMGT/HLA 3.63.0,2026-02-19 18:49:27.959055
B*15:361,B*15:361,B,Bw4 - 80I,Bw4_80I,classified,I,NLRIALR,Bw4 - 80I,HLAtools_protein_alignment,IPD-IMGT/HLA 3.63.0,2026-02-19 18:49:27.959055
B*15:362,B*15:362,B,Bw4 - 80I,Bw4_80I,classified,I,NLRIALR,Bw4 - 80I,HLAtools_protein_alignment,IPD-IMGT/HLA 3.63.0,2026-02-19 18:49:27.959055
B*15:363,B*15:363,B,Bw6,Bw6,classified,N,SLRNLRG,Bw6,HLAtools_protein_alignment,IPD-IMGT/HLA 3.63.0,2026-02-19 18:49:27.959055
B*15:364,B*15:364,B,Bw6,Bw6,classified,N,SLRNLRG,Bw6,HLAtools_protein_alignment,IPD-IMGT/HLA 3.63.0,2026-02-19 18:49:27.959055
B*15:365,B*15:365,B,Bw6,Bw6,classified,N,SLRNLRG,Bw6,HLAtools_protein_alignment,IPD-IMGT/HLA 3.63.0,2026-02-19 18:49:27.959055
B*15:366,B*15:366,B,Bw6,Bw6,classified,N,SLRNLRG,Bw6,HLAtools_protein_alignment,IPD-IMGT/HLA 3.63.0,2026-02-19 18:49:27.959055
B*15:367,B*15:367,B,Bw6,Bw6,classified,N,SLRNLRG,Bw6,HLAtools_protein_alignment,IPD-IMGT/HLA 3.63.0,2026-02-19 18:49:27.959055
B*15:368,B*15:368,B,Bw6,Bw6,classified,N,SLRNLRG,Bw6,HLAtools_protein_alignment,IPD-IMGT/HLA 3.63.0,2026-02-19 18:49:27.959055
B*15:369,B*15:369,B,Bw6,Bw6,classified,N,SLRNLRG,Bw6,HLAtools_protein_alignment,IPD-IMGT/HLA 3.63.0,2026-02-19 18:49:27.959055
B*15:37,B*15:37,B,Bw6,Bw6,classified,N,SLRNLRG,Bw6,HLAtools_protein_alignment,IPD-IMGT/HLA 3.63.0,2026-02-19 18:49:27.959055
B*15:370,B*15:370,B,Bw6,Bw6,classified,N,SLRNLRG,Bw6,HLAtools_protein_alignment,IPD-IMGT/HLA 3.63.0,2026-02-19 18:49:27.959055
B*15:371,B*15:371,B,Bw6,Bw6,classified,N,SLRNLRG,Bw6,HLAtools_protein_alignment,IPD-IMGT/HLA 3.63.0,2026-02-19 18:49:27.959055
B*15:372,B*15:372,B,Bw6,Bw6,classified,N,SLRNLRG,Bw6,HLAtools_protein_alignment,IPD-IMGT/HLA 3.63.0,2026-02-19 18:49:27.959055
B*15:373,B*15:373,B,Bw6,Bw6,classified,N,SLRNLRG,Bw6,HLAtools_protein_alignment,IPD-IMGT/HLA 3.63.0,2026-02-19 18:49:27.959055
B*15:374,B*15:374,B,Bw6,Bw6,classified,N,SLRNLRG,Bw6,HLAtools_protein_alignment,IPD-IMGT/HLA 3.63.0,2026-02-19 18:49:27.959055
B*15:376,B*15:376,B,Bw6,Bw6,classified,N,SLRNLRG,Bw6,HLAtools_protein_alignment,IPD-IMGT/HLA 3.63.0,2026-02-19 18:49:27.959055
B*15:377Q,B*15:377Q,B,Bw6,Bw6,classified,N,SLRNLRG,NA,HLAtools_protein_alignment,IPD-IMGT/HLA 3.63.0,2026-02-19 18:49:27.959055
B*15:378,B*15:378,B,Bw6,Bw6,classified,N,SLRNLRG,Bw6,HLAtools_protein_alignment,IPD-IMGT/HLA 3.63.0,2026-02-19 18:49:27.959055
B*15:379,B*15:379,B,Bw6,Bw6,classified,N,SLRNLRG,Bw6,HLAtools_protein_alignment,IPD-IMGT/HLA 3.63.0,2026-02-19 18:49:27.959055
B*15:38,B*15:38,B,Bw6,Bw6,classified,N,SLRNLRG,Bw6,HLAtools_protein_alignment,IPD-IMGT/HLA 3.63.0,2026-02-19 18:49:27.959055
B*15:381,B*15:381,B,Bw6,Bw6,classified,N,SLRNLRG,Bw6,HLAtools_protein_alignment,IPD-IMGT/HLA 3.63.0,2026-02-19 18:49:27.959055
B*15:382,B*15:382,B,Bw6,Bw6,classified,N,SLRNLRG,Bw6,HLAtools_protein_alignment,IPD-IMGT/HLA 3.63.0,2026-02-19 18:49:27.959055
B*15:383,B*15:383,B,Bw6,Bw6,classified,N,SLRNLRG,Bw6,HLAtools_protein_alignment,IPD-IMGT/HLA 3.63.0,2026-02-19 18:49:27.959055
B*15:384,B*15:384,B,Bw6,Bw6,classified,N,SLRNLRG,Bw6,HLAtools_protein_alignment,IPD-IMGT/HLA 3.63.0,2026-02-19 18:49:27.959055
B*15:385,B*15:385,B,Bw6,Bw6,classified,N,SLRNLRG,Bw6,HLAtools_protein_alignment,IPD-IMGT/HLA 3.63.0,2026-02-19 18:49:27.959055
B*15:386,B*15:386,B,Bw6,Bw6,classified,N,SLRNLRG,Bw6,HLAtools_protein_alignment,IPD-IMGT/HLA 3.63.0,2026-02-19 18:49:27.959055
B*15:387,B*15:387,B,Bw6,Bw6,classified,N,SLRNLRG,Bw6,HLAtools_protein_alignment,IPD-IMGT/HLA 3.63.0,2026-02-19 18:49:27.959055
B*15:388,B*15:388,B,Bw6,Bw6,classified,N,SLRNLRG,Bw6,HLAtools_protein_alignment,IPD-IMGT/HLA 3.63.0,2026-02-19 18:49:27.959055
B*15:389,B*15:389,B,Bw6,Bw6,classified,N,SLRNLRG,Bw6,HLAtools_protein_alignment,IPD-IMGT/HLA 3.63.0,2026-02-19 18:49:27.959055
B*15:39,B*15:39,B,Bw6,Bw6,classified,N,SLRNLRG,Bw6,HLAtools_protein_alignment,IPD-IMGT/HLA 3.63.0,2026-02-19 18:49:27.959055
B*15:390,B*15:390,B,Bw6,Bw6,classified,N,SLRNLRG,Bw6,HLAtools_protein_alignment,IPD-IMGT/HLA 3.63.0,2026-02-19 18:49:27.959055
B*15:391,B*15:391,B,Bw6,Bw6,classified,N,SLRNLRG,Bw6,HLAtools_protein_alignment,IPD-IMGT/HLA 3.63.0,2026-02-19 18:49:27.959055
B*15:392,B*15:392,B,Bw6,Bw6,classified,N,SLRNLRG,Bw6,HLAtools_protein_alignment,IPD-IMGT/HLA 3.63.0,2026-02-19 18:49:27.959055
B*15:393,B*15:393,B,Bw6,Bw6,classified,N,SLRNLRG,Bw6,HLAtools_protein_alignment,IPD-IMGT/HLA 3.63.0,2026-02-19 18:49:27.959055
B*15:394,B*15:394,B,Bw6,Bw6,classified,N,SLRNLRG,Bw6,HLAtools_protein_alignment,IPD-IMGT/HLA 3.63.0,2026-02-19 18:49:27.959055
B*15:395,B*15:395,B,Bw6,Bw6,classified,N,SLRNLRG,Bw6,HLAtools_protein_alignment,IPD-IMGT/HLA 3.63.0,2026-02-19 18:49:27.959055
B*15:396,B*15:396,B,Bw4 - 80I,Bw4_80I,classified,I,NLRIALR,Bw4 - 80I,HLAtools_protein_alignment,IPD-IMGT/HLA 3.63.0,2026-02-19 18:49:27.959055
B*15:397,B*15:397,B,Bw6,Bw6,classified,N,SLRNLRG,Bw6,HLAtools_protein_alignment,IPD-IMGT/HLA 3.63.0,2026-02-19 18:49:27.959055
B*15:398,B*15:398,B,Bw6,Bw6,classified,N,SLRNLRG,Bw6,HLAtools_protein_alignment,IPD-IMGT/HLA 3.63.0,2026-02-19 18:49:27.959055
B*15:399,B*15:399,B,Bw6,Bw6,classified,N,SLRNLRG,Bw6,HLAtools_protein_alignment,IPD-IMGT/HLA 3.63.0,2026-02-19 18:49:27.959055
B*15:40,B*15:40,B,Bw6,Bw6,classified,N,SLRNLRG,Bw6,HLAtools_protein_alignment,IPD-IMGT/HLA 3.63.0,2026-02-19 18:49:27.959055
B*15:401,B*15:401,B,Bw6,Bw6,classified,N,SLRNLRG,Bw6,HLAtools_protein_alignment,IPD-IMGT/HLA 3.63.0,2026-02-19 18:49:27.959055
B*15:402,B*15:402,B,Bw6,Bw6,classified,N,SLRNLRG,Bw6,HLAtools_protein_alignment,IPD-IMGT/HLA 3.63.0,2026-02-19 18:49:27.959055
B*15:403,B*15:403,B,Non-canonical,NonCanonical,non_canonical_83,I,NLRIALP,Bw4 - 80I,HLAtools_protein_alignment,IPD-IMGT/HLA 3.63.0,2026-02-19 18:49:27.959055
B*15:404,B*15:404,B,Bw6,Bw6,classified,N,SLRNLRG,Bw6,HLAtools_protein_alignment,IPD-IMGT/HLA 3.63.0,2026-02-19 18:49:27.959055
B*15:405,B*15:405,B,Bw6,Bw6,classified,N,SLRNLRG,Bw6,HLAtools_protein_alignment,IPD-IMGT/HLA 3.63.0,2026-02-19 18:49:27.959055
B*15:406,B*15:406,B,Bw6,Bw6,classified,N,SLRNLRG,Bw6,HLAtools_protein_alignment,IPD-IMGT/HLA 3.63.0,2026-02-19 18:49:27.959055
B*15:407,B*15:407,B,Bw6,Bw6,classified,N,SLRNLRG,Bw6,HLAtools_protein_alignment,IPD-IMGT/HLA 3.63.0,2026-02-19 18:49:27.959055
B*15:408,B*15:408,B,Bw4 - 80I,Bw4_80I,classified,I,NLRIALR,Bw4 - 80I,HLAtools_protein_alignment,IPD-IMGT/HLA 3.63.0,2026-02-19 18:49:27.959055
B*15:409,B*15:409,B,Bw6,Bw6,classified,N,SLRNLRG,Bw6,HLAtools_protein_alignment,IPD-IMGT/HLA 3.63.0,2026-02-19 18:49:27.959055
B*15:410,B*15:410,B,Bw6,Bw6,classified,N,SLRNLRG,Bw6,HLAtools_protein_alignment,IPD-IMGT/HLA 3.63.0,2026-02-19 18:49:27.959055
B*15:411,B*15:411,B,Bw4 - 80I,Bw4_80I,classified,I,NLRIALR,Bw4 - 80I,HLAtools_protein_alignment,IPD-IMGT/HLA 3.63.0,2026-02-19 18:49:27.959055
B*15:412,B*15:412,B,Bw6,Bw6,classified,N,SLRNLRG,Bw6,HLAtools_protein_alignment,IPD-IMGT/HLA 3.63.0,2026-02-19 18:49:27.959055
B*15:413,B*15:413,B,Bw6,Bw6,classified,N,SLRNLRG,Bw6,HLAtools_protein_alignment,IPD-IMGT/HLA 3.63.0,2026-02-19 18:49:27.959055
B*15:414,B*15:414,B,Bw6,Bw6,classified,N,SLRNLRG,Bw6,HLAtools_protein_alignment,IPD-IMGT/HLA 3.63.0,2026-02-19 18:49:27.959055
B*15:415,B*15:415,B,Bw6,Bw6,classified,N,SLRNLRG,Bw6,HLAtools_protein_alignment,IPD-IMGT/HLA 3.63.0,2026-02-19 18:49:27.959055
B*15:416,B*15:416,B,Bw6,Bw6,classified,N,SLRNLRG,Bw6,HLAtools_protein_alignment,IPD-IMGT/HLA 3.63.0,2026-02-19 18:49:27.959055
B*15:417,B*15:417,B,Bw6,Bw6,classified,N,SLRNLRG,Bw6,HLAtools_protein_alignment,IPD-IMGT/HLA 3.63.0,2026-02-19 18:49:27.959055
B*15:418,B*15:418,B,Bw4 - 80I,Bw4_80I,classified,I,NLRIALR,Bw4 - 80I,HLAtools_protein_alignment,IPD-IMGT/HLA 3.63.0,2026-02-19 18:49:27.959055
B*15:419,B*15:419,B,Bw6,Bw6,classified,N,SLRNLRG,Bw6,HLAtools_protein_alignment,IPD-IMGT/HLA 3.63.0,2026-02-19 18:49:27.959055
B*15:42,B*15:42,B,Bw6,Bw6,classified,N,SLRNLRG,Bw6,HLAtools_protein_alignment,IPD-IMGT/HLA 3.63.0,2026-02-19 18:49:27.959055
B*15:420,B*15:420,B,Bw6,Bw6,classified,N,SLRNLRG,Bw6,HLAtools_protein_alignment,IPD-IMGT/HLA 3.63.0,2026-02-19 18:49:27.959055
B*15:421,B*15:421,B,Bw6,Bw6,classified,N,SLRNLRG,Bw6,HLAtools_protein_alignment,IPD-IMGT/HLA 3.63.0,2026-02-19 18:49:27.959055
B*15:422,B*15:422,B,Bw6,Bw6,classified,N,SLRNLRG,Bw6,HLAtools_protein_alignment,IPD-IMGT/HLA 3.63.0,2026-02-19 18:49:27.959055
B*15:423,B*15:423,B,Bw4 - 80I,Bw4_80I,classified,I,NLRIALR,Bw4 - 80I,HLAtools_protein_alignment,IPD-IMGT/HLA 3.63.0,2026-02-19 18:49:27.959055
B*15:424,B*15:424,B,Bw4 - 80I,Bw4_80I,classified,I,NLRIALR,Bw4 - 80I,HLAtools_protein_alignment,IPD-IMGT/HLA 3.63.0,2026-02-19 18:49:27.959055
B*15:425,B*15:425,B,Bw6,Bw6,classified,N,SLRNLRG,Bw6,HLAtools_protein_alignment,IPD-IMGT/HLA 3.63.0,2026-02-19 18:49:27.959055
B*15:426,B*15:426,B,Bw6,Bw6,classified,N,SLRNLRG,Bw6,HLAtools_protein_alignment,IPD-IMGT/HLA 3.63.0,2026-02-19 18:49:27.959055
B*15:427,B*15:427,B,Bw6,Bw6,classified,N,SLRNLRG,Bw6,HLAtools_protein_alignment,IPD-IMGT/HLA 3.63.0,2026-02-19 18:49:27.959055
B*15:428,B*15:428,B,Bw6,Bw6,classified,N,SLRNLRG,Bw6,HLAtools_protein_alignment,IPD-IMGT/HLA 3.63.0,2026-02-19 18:49:27.959055
B*15:429,B*15:429,B,Bw6,Bw6,classified,N,SLRNLRG,Bw6,HLAtools_protein_alignment,IPD-IMGT/HLA 3.63.0,2026-02-19 18:49:27.959055
B*15:43,B*15:43,B,Bw4 - 80T,Bw4_80T,classified,T,DLRTLLR,Bw4 - 80T,HLAtools_protein_alignment,IPD-IMGT/HLA 3.63.0,2026-02-19 18:49:27.959055
B*15:430,B*15:430,B,Bw6,Bw6,classified,K,SLRKLRG,NA,HLAtools_protein_alignment,IPD-IMGT/HLA 3.63.0,2026-02-19 18:49:27.959055
B*15:431,B*15:431,B,Bw6,Bw6,classified,N,SLRNLRG,Bw6,HLAtools_protein_alignment,IPD-IMGT/HLA 3.63.0,2026-02-19 18:49:27.959055
B*15:432,B*15:432,B,Bw6,Bw6,classified,N,SLRNLRG,Bw6,HLAtools_protein_alignment,IPD-IMGT/HLA 3.63.0,2026-02-19 18:49:27.959055
B*15:433,B*15:433,B,Bw6,Bw6,classified,N,SLRNLRG,Bw6,HLAtools_protein_alignment,IPD-IMGT/HLA 3.63.0,2026-02-19 18:49:27.959055
B*15:434,B*15:434,B,Bw6,Bw6,classified,N,SLRNLRG,Bw6,HLAtools_protein_alignment,IPD-IMGT/HLA 3.63.0,2026-02-19 18:49:27.959055
B*15:435,B*15:435,B,Bw6,Bw6,classified,N,SLRNLRG,Bw6,HLAtools_protein_alignment,IPD-IMGT/HLA 3.63.0,2026-02-19 18:49:27.959055
B*15:436,B*15:436,B,Bw6,Bw6,classified,N,SLRNLRG,Bw6,HLAtools_protein_alignment,IPD-IMGT/HLA 3.63.0,2026-02-19 18:49:27.959055
B*15:437,B*15:437,B,Bw6,Bw6,classified,N,SLRNLRG,Bw6,HLAtools_protein_alignment,IPD-IMGT/HLA 3.63.0,2026-02-19 18:49:27.959055
B*15:438,B*15:438,B,Bw6,Bw6,classified,N,SLRNLRG,Bw6,HLAtools_protein_alignment,IPD-IMGT/HLA 3.63.0,2026-02-19 18:49:27.959055
B*15:439,B*15:439,B,Bw6,Bw6,classified,N,SLRNLRG,Bw6,HLAtools_protein_alignment,IPD-IMGT/HLA 3.63.0,2026-02-19 18:49:27.959055
B*15:44,B*15:44,B,Bw6,Bw6,classified,N,SLRNLRG,Bw6,HLAtools_protein_alignment,IPD-IMGT/HLA 3.63.0,2026-02-19 18:49:27.959055
B*15:440,B*15:440,B,Bw6,Bw6,classified,N,SLRNLRG,Bw6,HLAtools_protein_alignment,IPD-IMGT/HLA 3.63.0,2026-02-19 18:49:27.959055
B*15:441,B*15:441,B,Bw6,Bw6,classified,N,SLRNLRG,Bw6,HLAtools_protein_alignment,IPD-IMGT/HLA 3.63.0,2026-02-19 18:49:27.959055
B*15:442,B*15:442,B,Bw4 - 80I,Bw4_80I,classified,I,NLRIALR,Bw4 - 80I,HLAtools_protein_alignment,IPD-IMGT/HLA 3.63.0,2026-02-19 18:49:27.959055
B*15:443,B*15:443,B,Bw6,Bw6,classified,N,SLRNLRG,Bw6,HLAtools_protein_alignment,IPD-IMGT/HLA 3.63.0,2026-02-19 18:49:27.959055
B*15:444,B*15:444,B,Bw6,Bw6,classified,N,SLRNLRG,Bw6,HLAtools_protein_alignment,IPD-IMGT/HLA 3.63.0,2026-02-19 18:49:27.959055
B*15:445,B*15:445,B,Bw6,Bw6,classified,N,SLRNLRG,Bw6,HLAtools_protein_alignment,IPD-IMGT/HLA 3.63.0,2026-02-19 18:49:27.959055
B*15:446,B*15:446,B,Bw4 - 80I,Bw4_80I,classified,I,NLRIALR,Bw4 - 80I,HLAtools_protein_alignment,IPD-IMGT/HLA 3.63.0,2026-02-19 18:49:27.959055
B*15:447,B*15:447,B,Bw6,Bw6,classified,N,SLRNLRG,Bw6,HLAtools_protein_alignment,IPD-IMGT/HLA 3.63.0,2026-02-19 18:49:27.959055
B*15:448,B*15:448,B,Bw6,Bw6,classified,N,SLRNLRG,Bw6,HLAtools_protein_alignment,IPD-IMGT/HLA 3.63.0,2026-02-19 18:49:27.959055
B*15:449,B*15:449,B,Bw6,Bw6,classified,N,SLRNLRG,Bw6,HLAtools_protein_alignment,IPD-IMGT/HLA 3.63.0,2026-02-19 18:49:27.959055
B*15:45,B*15:45,B,Bw6,Bw6,classified,N,SLRNLRG,Bw6,HLAtools_protein_alignment,IPD-IMGT/HLA 3.63.0,2026-02-19 18:49:27.959055
B*15:450,B*15:450,B,Bw6,Bw6,classified,N,SLRNLRG,Bw6,HLAtools_protein_alignment,IPD-IMGT/HLA 3.63.0,2026-02-19 18:49:27.959055
B*15:451,B*15:451,B,Bw6,Bw6,classified,N,SLRNLRG,Bw6,HLAtools_protein_alignment,IPD-IMGT/HLA 3.63.0,2026-02-19 18:49:27.959055
B*15:452,B*15:452,B,Bw6,Bw6,classified,N,SLRNLRG,Bw6,HLAtools_protein_alignment,IPD-IMGT/HLA 3.63.0,2026-02-19 18:49:27.959055
B*15:453,B*15:453,B,Bw6,Bw6,classified,N,SLRNLRG,Bw6,HLAtools_protein_alignment,IPD-IMGT/HLA 3.63.0,2026-02-19 18:49:27.959055
B*15:455,B*15:455,B,Bw6,Bw6,classified,N,SLRNLRG,Bw6,HLAtools_protein_alignment,IPD-IMGT/HLA 3.63.0,2026-02-19 18:49:27.959055
B*15:456,B*15:456,B,Bw6,Bw6,classified,N,SLRNLRG,Bw6,HLAtools_protein_alignment,IPD-IMGT/HLA 3.63.0,2026-02-19 18:49:27.959055
B*15:457,B*15:457,B,Bw6,Bw6,classified,N,SLRNLRG,Bw6,HLAtools_protein_alignment,IPD-IMGT/HLA 3.63.0,2026-02-19 18:49:27.959055
B*15:458,B*15:458,B,Bw6,Bw6,classified,N,SLRNLRG,Bw6,HLAtools_protein_alignment,IPD-IMGT/HLA 3.63.0,2026-02-19 18:49:27.959055
B*15:459,B*15:459,B,Bw6,Bw6,classified,N,SLRNLRG,Bw6,HLAtools_protein_alignment,IPD-IMGT/HLA 3.63.0,2026-02-19 18:49:27.959055
B*15:46,B*15:46,B,Bw6,Bw6,classified,N,SLRNLRG,Bw6,HLAtools_protein_alignment,IPD-IMGT/HLA 3.63.0,2026-02-19 18:49:27.959055
B*15:460,B*15:460,B,Bw6,Bw6,classified,N,SLRNLRG,Bw6,HLAtools_protein_alignment,IPD-IMGT/HLA 3.63.0,2026-02-19 18:49:27.959055
B*15:461,B*15:461,B,Bw6,Bw6,classified,N,SLRNLRG,Bw6,HLAtools_protein_alignment,IPD-IMGT/HLA 3.63.0,2026-02-19 18:49:27.959055
B*15:462,B*15:462,B,Bw4 - 80I,Bw4_80I,classified,I,NLRIALR,Bw4 - 80I,HLAtools_protein_alignment,IPD-IMGT/HLA 3.63.0,2026-02-19 18:49:27.959055
B*15:464,B*15:464,B,Bw6,Bw6,classified,N,SLRNLRG,Bw6,HLAtools_protein_alignment,IPD-IMGT/HLA 3.63.0,2026-02-19 18:49:27.959055
B*15:465,B*15:465,B,Bw6,Bw6,classified,N,SLRNLRG,Bw6,HLAtools_protein_alignment,IPD-IMGT/HLA 3.63.0,2026-02-19 18:49:27.959055
B*15:466,B*15:466,B,Bw6,Bw6,classified,N,SLRNLRG,Bw6,HLAtools_protein_alignment,IPD-IMGT/HLA 3.63.0,2026-02-19 18:49:27.959055
B*15:467,B*15:467,B,Bw6,Bw6,classified,N,SLRNLRG,Bw6,HLAtools_protein_alignment,IPD-IMGT/HLA 3.63.0,2026-02-19 18:49:27.959055
B*15:468,B*15:468,B,Bw6,Bw6,classified,N,SLRNLRG,Bw6,HLAtools_protein_alignment,IPD-IMGT/HLA 3.63.0,2026-02-19 18:49:27.959055
B*15:469,B*15:469,B,Bw6,Bw6,classified,N,SLRNLRG,Bw6,HLAtools_protein_alignment,IPD-IMGT/HLA 3.63.0,2026-02-19 18:49:27.959055
B*15:47,B*15:47,B,Bw6,Bw6,classified,N,SLRNLRG,Bw6,HLAtools_protein_alignment,IPD-IMGT/HLA 3.63.0,2026-02-19 18:49:27.959055
B*15:470,B*15:470,B,Bw6,Bw6,classified,N,SLRNLRG,Bw6,HLAtools_protein_alignment,IPD-IMGT/HLA 3.63.0,2026-02-19 18:49:27.959055
B*15:471,B*15:471,B,Bw6,Bw6,classified,N,SLRNLRG,Bw6,HLAtools_protein_alignment,IPD-IMGT/HLA 3.63.0,2026-02-19 18:49:27.959055
B*15:472,B*15:472,B,Bw6,Bw6,classified,N,SLRNLRG,Bw6,HLAtools_protein_alignment,IPD-IMGT/HLA 3.63.0,2026-02-19 18:49:27.959055
B*15:473,B*15:473,B,Bw6,Bw6,classified,N,SLRNLRG,Bw6,HLAtools_protein_alignment,IPD-IMGT/HLA 3.63.0,2026-02-19 18:49:27.959055
B*15:474,B*15:474,B,Bw6,Bw6,classified,N,SLRNLRG,Bw6,HLAtools_protein_alignment,IPD-IMGT/HLA 3.63.0,2026-02-19 18:49:27.959055
B*15:475,B*15:475,B,Bw6,Bw6,classified,N,SLRNLRG,Bw6,HLAtools_protein_alignment,IPD-IMGT/HLA 3.63.0,2026-02-19 18:49:27.959055
B*15:476,B*15:476,B,Bw6,Bw6,classified,N,SLRNLRG,Bw6,HLAtools_protein_alignment,IPD-IMGT/HLA 3.63.0,2026-02-19 18:49:27.959055
B*15:477,B*15:477,B,Bw6,Bw6,classified,N,SLRNLRG,Bw6,HLAtools_protein_alignment,IPD-IMGT/HLA 3.63.0,2026-02-19 18:49:27.959055
B*15:478,B*15:478,B,Bw6,Bw6,classified,N,SLRNLRG,Bw6,HLAtools_protein_alignment,IPD-IMGT/HLA 3.63.0,2026-02-19 18:49:27.959055
B*15:479,B*15:479,B,Bw6,Bw6,classified,N,SLRNLRG,Bw6,HLAtools_protein_alignment,IPD-IMGT/HLA 3.63.0,2026-02-19 18:49:27.959055
B*15:48,B*15:48,B,Bw6,Bw6,classified,N,SLRNLRG,Bw6,HLAtools_protein_alignment,IPD-IMGT/HLA 3.63.0,2026-02-19 18:49:27.959055
B*15:480,B*15:480,B,Bw6,Bw6,classified,N,SLRNLRG,Bw6,HLAtools_protein_alignment,IPD-IMGT/HLA 3.63.0,2026-02-19 18:49:27.959055
B*15:481,B*15:481,B,Bw6,Bw6,classified,N,SLRNLLG,Bw6,HLAtools_protein_alignment,IPD-IMGT/HLA 3.63.0,2026-02-19 18:49:27.959055
B*15:482,B*15:482,B,Bw6,Bw6,classified,N,SLRNLRG,Bw6,HLAtools_protein_alignment,IPD-IMGT/HLA 3.63.0,2026-02-19 18:49:27.959055
B*15:484,B*15:484,B,Bw6,Bw6,classified,N,SLRNLRG,Bw6,HLAtools_protein_alignment,IPD-IMGT/HLA 3.63.0,2026-02-19 18:49:27.959055
B*15:485,B*15:485,B,Bw6,Bw6,classified,N,SLRNLRG,Bw6,HLAtools_protein_alignment,IPD-IMGT/HLA 3.63.0,2026-02-19 18:49:27.959055
B*15:486,B*15:486,B,Bw6,Bw6,classified,N,SLRNLRG,Bw6,HLAtools_protein_alignment,IPD-IMGT/HLA 3.63.0,2026-02-19 18:49:27.959055
B*15:488,B*15:488,B,Bw6,Bw6,classified,N,SLRNLRG,Bw6,HLAtools_protein_alignment,IPD-IMGT/HLA 3.63.0,2026-02-19 18:49:27.959055
B*15:489,B*15:489,B,Bw6,Bw6,classified,N,SLRNLRG,Bw6,HLAtools_protein_alignment,IPD-IMGT/HLA 3.63.0,2026-02-19 18:49:27.959055
B*15:49,B*15:49,B,Bw6,Bw6,classified,N,SLRNLRG,Bw6,HLAtools_protein_alignment,IPD-IMGT/HLA 3.63.0,2026-02-19 18:49:27.959055
B*15:490,B*15:490,B,Bw6,Bw6,classified,N,SLRNLRG,Bw6,HLAtools_protein_alignment,IPD-IMGT/HLA 3.63.0,2026-02-19 18:49:27.959055
B*15:491,B*15:491,B,Bw6,Bw6,classified,N,SLRNLRG,Bw6,HLAtools_protein_alignment,IPD-IMGT/HLA 3.63.0,2026-02-19 18:49:27.959055
B*15:492,B*15:492,B,Bw6,Bw6,classified,N,SLRNLRG,Bw6,HLAtools_protein_alignment,IPD-IMGT/HLA 3.63.0,2026-02-19 18:49:27.959055
B*15:493,B*15:493,B,Bw6,Bw6,classified,N,SLRNLRG,Bw6,HLAtools_protein_alignment,IPD-IMGT/HLA 3.63.0,2026-02-19 18:49:27.959055
B*15:494,B*15:494,B,Bw6,Bw6,classified,N,SLRNLRG,Bw6,HLAtools_protein_alignment,IPD-IMGT/HLA 3.63.0,2026-02-19 18:49:27.959055
B*15:495,B*15:495,B,Bw6,Bw6,classified,N,SLRNLRG,Bw6,HLAtools_protein_alignment,IPD-IMGT/HLA 3.63.0,2026-02-19 18:49:27.959055
B*15:497,B*15:497,B,Bw6,Bw6,classified,N,SLRNLRG,Bw6,HLAtools_protein_alignment,IPD-IMGT/HLA 3.63.0,2026-02-19 18:49:27.959055
B*15:498,B*15:498,B,Bw6,Bw6,classified,N,SLRNLRG,Bw6,HLAtools_protein_alignment,IPD-IMGT/HLA 3.63.0,2026-02-19 18:49:27.959055
B*15:499,B*15:499,B,Bw6,Bw6,classified,N,SLRNLRG,Bw6,HLAtools_protein_alignment,IPD-IMGT/HLA 3.63.0,2026-02-19 18:49:27.959055
B*15:50,B*15:50,B,Bw6,Bw6,classified,N,SLRNLRG,Bw6,HLAtools_protein_alignment,IPD-IMGT/HLA 3.63.0,2026-02-19 18:49:27.959055
B*15:500,B*15:500,B,Bw4 - 80I,Bw4_80I,classified,I,NLRIALR,Bw4 - 80I,HLAtools_protein_alignment,IPD-IMGT/HLA 3.63.0,2026-02-19 18:49:27.959055
B*15:501,B*15:501,B,Bw6,Bw6,classified,N,SLRNLRG,Bw6,HLAtools_protein_alignment,IPD-IMGT/HLA 3.63.0,2026-02-19 18:49:27.959055
B*15:502,B*15:502,B,Bw6,Bw6,classified,N,SLRNLRG,Bw6,HLAtools_protein_alignment,IPD-IMGT/HLA 3.63.0,2026-02-19 18:49:27.959055
B*15:503,B*15:503,B,Bw6,Bw6,classified,N,SLRNLRG,Bw6,HLAtools_protein_alignment,IPD-IMGT/HLA 3.63.0,2026-02-19 18:49:27.959055
B*15:504,B*15:504,B,Bw6,Bw6,classified,N,SLRNLRG,Bw6,HLAtools_protein_alignment,IPD-IMGT/HLA 3.63.0,2026-02-19 18:49:27.959055
B*15:505,B*15:505,B,Bw4 - 80T,Bw4_80T,classified,T,NLRTALR,Bw4 - 80T,HLAtools_protein_alignment,IPD-IMGT/HLA 3.63.0,2026-02-19 18:49:27.959055
B*15:506,B*15:506,B,Bw6,Bw6,classified,N,SLRNLRG,Bw6,HLAtools_protein_alignment,IPD-IMGT/HLA 3.63.0,2026-02-19 18:49:27.959055
B*15:507,B*15:507,B,Bw6,Bw6,classified,N,SLRNLRG,Bw6,HLAtools_protein_alignment,IPD-IMGT/HLA 3.63.0,2026-02-19 18:49:27.959055
B*15:508,B*15:508,B,Bw6,Bw6,classified,N,SLRNLRG,Bw6,HLAtools_protein_alignment,IPD-IMGT/HLA 3.63.0,2026-02-19 18:49:27.959055
B*15:509,B*15:509,B,Bw6,Bw6,classified,N,SLRNLRG,Bw6,HLAtools_protein_alignment,IPD-IMGT/HLA 3.63.0,2026-02-19 18:49:27.959055
B*15:51,B*15:51,B,Bw6,Bw6,classified,N,SLRNLRG,Bw6,HLAtools_protein_alignment,IPD-IMGT/HLA 3.63.0,2026-02-19 18:49:27.959055
B*15:510,B*15:510,B,Bw6,Bw6,classified,N,SLRNLRG,Bw6,HLAtools_protein_alignment,IPD-IMGT/HLA 3.63.0,2026-02-19 18:49:27.959055
B*15:511,B*15:511,B,Bw6,Bw6,classified,N,SLRNLRG,Bw6,HLAtools_protein_alignment,IPD-IMGT/HLA 3.63.0,2026-02-19 18:49:27.959055
B*15:512,B*15:512,B,Bw6,Bw6,classified,N,SLRNLRG,Bw6,HLAtools_protein_alignment,IPD-IMGT/HLA 3.63.0,2026-02-19 18:49:27.959055
B*15:513,B*15:513,B,Bw6,Bw6,classified,N,SLRNLRG,Bw6,HLAtools_protein_alignment,IPD-IMGT/HLA 3.63.0,2026-02-19 18:49:27.959055
B*15:514,B*15:514,B,Bw6,Bw6,classified,N,SLRNLRG,Bw6,HLAtools_protein_alignment,IPD-IMGT/HLA 3.63.0,2026-02-19 18:49:27.959055
B*15:515,B*15:515,B,Bw6,Bw6,classified,N,SLRNLRG,Bw6,HLAtools_protein_alignment,IPD-IMGT/HLA 3.63.0,2026-02-19 18:49:27.959055
B*15:516,B*15:516,B,Bw4 - 80I,Bw4_80I,classified,I,NLRIALR,Bw4 - 80I,HLAtools_protein_alignment,IPD-IMGT/HLA 3.63.0,2026-02-19 18:49:27.959055
B*15:517,B*15:517,B,Bw6,Bw6,classified,N,SLRNLRG,Bw6,HLAtools_protein_alignment,IPD-IMGT/HLA 3.63.0,2026-02-19 18:49:27.959055
B*15:518,B*15:518,B,Bw6,Bw6,classified,N,SLRNLRG,Bw6,HLAtools_protein_alignment,IPD-IMGT/HLA 3.63.0,2026-02-19 18:49:27.959055
B*15:519,B*15:519,B,Bw6,Bw6,classified,N,SLRNLRG,Bw6,HLAtools_protein_alignment,IPD-IMGT/HLA 3.63.0,2026-02-19 18:49:27.959055
B*15:52,B*15:52,B,Bw6,Bw6,classified,N,SLRNLRG,Bw6,HLAtools_protein_alignment,IPD-IMGT/HLA 3.63.0,2026-02-19 18:49:27.959055
B*15:520Q,B*15:520Q,B,Bw6,Bw6,classified,N,SLRNLRG,NA,HLAtools_protein_alignment,IPD-IMGT/HLA 3.63.0,2026-02-19 18:49:27.959055
B*15:521,B*15:521,B,Bw6,Bw6,classified,H,SLRHLRG,NA,HLAtools_protein_alignment,IPD-IMGT/HLA 3.63.0,2026-02-19 18:49:27.959055
B*15:522,B*15:522,B,Bw6,Bw6,classified,N,SLRNLRG,Bw6,HLAtools_protein_alignment,IPD-IMGT/HLA 3.63.0,2026-02-19 18:49:27.959055
B*15:523,B*15:523,B,Bw4 - 80I,Bw4_80I,classified,I,NLRIALR,Bw4 - 80I,HLAtools_protein_alignment,IPD-IMGT/HLA 3.63.0,2026-02-19 18:49:27.959055
B*15:524,B*15:524,B,Bw6,Bw6,classified,N,SLRNLRG,Bw6,HLAtools_protein_alignment,IPD-IMGT/HLA 3.63.0,2026-02-19 18:49:27.959055
B*15:525,B*15:525,B,Bw6,Bw6,classified,N,SLRNLRG,Bw6,HLAtools_protein_alignment,IPD-IMGT/HLA 3.63.0,2026-02-19 18:49:27.959055
B*15:526,B*15:526,B,Bw6,Bw6,classified,N,SLRNLRG,Bw6,HLAtools_protein_alignment,IPD-IMGT/HLA 3.63.0,2026-02-19 18:49:27.959055
B*15:527,B*15:527,B,Bw6,Bw6,classified,N,SLRNLRG,Bw6,HLAtools_protein_alignment,IPD-IMGT/HLA 3.63.0,2026-02-19 18:49:27.959055
B*15:529,B*15:529,B,Bw6,Bw6,classified,N,SLRNLRG,Bw6,HLAtools_protein_alignment,IPD-IMGT/HLA 3.63.0,2026-02-19 18:49:27.959055
B*15:53,B*15:53,B,Bw6,Bw6,classified,N,SLRNLRG,Bw6,HLAtools_protein_alignment,IPD-IMGT/HLA 3.63.0,2026-02-19 18:49:27.959055
B*15:530,B*15:530,B,Bw6,Bw6,classified,N,NLRNLRG,NA,HLAtools_protein_alignment,IPD-IMGT/HLA 3.63.0,2026-02-19 18:49:27.959055
B*15:531,B*15:531,B,Bw6,Bw6,classified,N,SLRNLRG,Bw6,HLAtools_protein_alignment,IPD-IMGT/HLA 3.63.0,2026-02-19 18:49:27.959055
B*15:532,B*15:532,B,Bw4 - 80I,Bw4_80I,classified,I,NLRIALR,Bw4 - 80I,HLAtools_protein_alignment,IPD-IMGT/HLA 3.63.0,2026-02-19 18:49:27.959055
B*15:533,B*15:533,B,Bw6,Bw6,classified,N,SLRNLRG,Bw6,HLAtools_protein_alignment,IPD-IMGT/HLA 3.63.0,2026-02-19 18:49:27.959055
B*15:534,B*15:534,B,Bw6,Bw6,classified,N,SLRNLRG,Bw6,HLAtools_protein_alignment,IPD-IMGT/HLA 3.63.0,2026-02-19 18:49:27.959055
B*15:535,B*15:535,B,Bw6,Bw6,classified,N,SLRNLRG,Bw6,HLAtools_protein_alignment,IPD-IMGT/HLA 3.63.0,2026-02-19 18:49:27.959055
B*15:536,B*15:536,B,Bw6,Bw6,classified,N,SLRNLRG,Bw6,HLAtools_protein_alignment,IPD-IMGT/HLA 3.63.0,2026-02-19 18:49:27.959055
B*15:537,B*15:537,B,Bw6,Bw6,classified,N,SLRNLRG,Bw6,HLAtools_protein_alignment,IPD-IMGT/HLA 3.63.0,2026-02-19 18:49:27.959055
B*15:538,B*15:538,B,Bw6,Bw6,classified,N,SLRNLRG,Bw6,HLAtools_protein_alignment,IPD-IMGT/HLA 3.63.0,2026-02-19 18:49:27.959055
B*15:539,B*15:539,B,Bw6,Bw6,classified,N,SLRNLRG,Bw6,HLAtools_protein_alignment,IPD-IMGT/HLA 3.63.0,2026-02-19 18:49:27.959055
B*15:54,B*15:54,B,Bw6,Bw6,classified,N,SLRNLRG,Bw6,HLAtools_protein_alignment,IPD-IMGT/HLA 3.63.0,2026-02-19 18:49:27.959055
B*15:541,B*15:541,B,Bw6,Bw6,classified,N,SLRNLRG,Bw6,HLAtools_protein_alignment,IPD-IMGT/HLA 3.63.0,2026-02-19 18:49:27.959055
B*15:542,B*15:542,B,Bw6,Bw6,classified,N,SLRNLRG,Bw6,HLAtools_protein_alignment,IPD-IMGT/HLA 3.63.0,2026-02-19 18:49:27.959055
B*15:543,B*15:543,B,Bw6,Bw6,classified,N,SLRNLRG,Bw6,HLAtools_protein_alignment,IPD-IMGT/HLA 3.63.0,2026-02-19 18:49:27.959055
B*15:545,B*15:545,B,Bw6,Bw6,classified,N,SLRNLRG,Bw6,HLAtools_protein_alignment,IPD-IMGT/HLA 3.63.0,2026-02-19 18:49:27.959055
B*15:546Q,B*15:546Q,B,Bw4 - 80I,Bw4_80I,classified,I,NLRIALR,NA,HLAtools_protein_alignment,IPD-IMGT/HLA 3.63.0,2026-02-19 18:49:27.959055
B*15:547,B*15:547,B,Bw6,Bw6,classified,N,SLRNLRG,Bw6,HLAtools_protein_alignment,IPD-IMGT/HLA 3.63.0,2026-02-19 18:49:27.959055
B*15:548,B*15:548,B,Bw6,Bw6,classified,N,SLRNLRG,Bw6,HLAtools_protein_alignment,IPD-IMGT/HLA 3.63.0,2026-02-19 18:49:27.959055
B*15:55,B*15:55,B,Bw6,Bw6,classified,N,SLRNLRG,Bw6,HLAtools_protein_alignment,IPD-IMGT/HLA 3.63.0,2026-02-19 18:49:27.959055
B*15:550,B*15:550,B,Bw4 - 80I,Bw4_80I,classified,I,NLRIALR,Bw4 - 80I,HLAtools_protein_alignment,IPD-IMGT/HLA 3.63.0,2026-02-19 18:49:27.959055
B*15:551,B*15:551,B,Bw6,Bw6,classified,N,SLRNLRG,Bw6,HLAtools_protein_alignment,IPD-IMGT/HLA 3.63.0,2026-02-19 18:49:27.959055
B*15:552,B*15:552,B,Bw6,Bw6,classified,N,SLRNLRG,Bw6,HLAtools_protein_alignment,IPD-IMGT/HLA 3.63.0,2026-02-19 18:49:27.959055
B*15:553,B*15:553,B,Bw6,Bw6,classified,N,SLRNLRG,Bw6,HLAtools_protein_alignment,IPD-IMGT/HLA 3.63.0,2026-02-19 18:49:27.959055
B*15:554,B*15:554,B,Bw6,Bw6,classified,N,SLRNLRG,Bw6,HLAtools_protein_alignment,IPD-IMGT/HLA 3.63.0,2026-02-19 18:49:27.959055
B*15:555,B*15:555,B,Bw4 - 80I,Bw4_80I,classified,I,NLWIALR,Bw4 - 80I,HLAtools_protein_alignment,IPD-IMGT/HLA 3.63.0,2026-02-19 18:49:27.959055
B*15:556,B*15:556,B,Bw6,Bw6,classified,N,SLRNLRG,Bw6,HLAtools_protein_alignment,IPD-IMGT/HLA 3.63.0,2026-02-19 18:49:27.959055
B*15:557,B*15:557,B,Bw6,Bw6,classified,N,SLRNLRG,Bw6,HLAtools_protein_alignment,IPD-IMGT/HLA 3.63.0,2026-02-19 18:49:27.959055
B*15:558,B*15:558,B,Bw6,Bw6,classified,N,SLRNLRG,Bw6,HLAtools_protein_alignment,IPD-IMGT/HLA 3.63.0,2026-02-19 18:49:27.959055
B*15:559,B*15:559,B,Bw6,Bw6,classified,N,SLRNLRG,Bw6,HLAtools_protein_alignment,IPD-IMGT/HLA 3.63.0,2026-02-19 18:49:27.959055
B*15:56,B*15:56,B,Bw6,Bw6,classified,N,SLRNLRG,Bw6,HLAtools_protein_alignment,IPD-IMGT/HLA 3.63.0,2026-02-19 18:49:27.959055
B*15:560,B*15:560,B,Bw6,Bw6,classified,N,SLRNLRG,Bw6,HLAtools_protein_alignment,IPD-IMGT/HLA 3.63.0,2026-02-19 18:49:27.959055
B*15:561,B*15:561,B,Bw6,Bw6,classified,N,SLRNLRG,Bw6,HLAtools_protein_alignment,IPD-IMGT/HLA 3.63.0,2026-02-19 18:49:27.959055
B*15:563,B*15:563,B,Bw6,Bw6,classified,N,SLRNLRG,Bw6,HLAtools_protein_alignment,IPD-IMGT/HLA 3.63.0,2026-02-19 18:49:27.959055
B*15:564,B*15:564,B,Bw6,Bw6,classified,N,SLRNLRG,Bw6,HLAtools_protein_alignment,IPD-IMGT/HLA 3.63.0,2026-02-19 18:49:27.959055
B*15:565,B*15:565,B,Bw6,Bw6,classified,N,SLRNLRG,Bw6,HLAtools_protein_alignment,IPD-IMGT/HLA 3.63.0,2026-02-19 18:49:27.959055
B*15:566,B*15:566,B,Bw6,Bw6,classified,N,SLRNLRG,Bw6,HLAtools_protein_alignment,IPD-IMGT/HLA 3.63.0,2026-02-19 18:49:27.959055
B*15:567,B*15:567,B,Bw6,Bw6,classified,N,SLRNLRG,Bw6,HLAtools_protein_alignment,IPD-IMGT/HLA 3.63.0,2026-02-19 18:49:27.959055
B*15:568,B*15:568,B,Bw6,Bw6,classified,N,SLRNLRG,Bw6,HLAtools_protein_alignment,IPD-IMGT/HLA 3.63.0,2026-02-19 18:49:27.959055
B*15:569,B*15:569,B,Bw6,Bw6,classified,N,SLRNLRG,Bw6,HLAtools_protein_alignment,IPD-IMGT/HLA 3.63.0,2026-02-19 18:49:27.959055
B*15:57,B*15:57,B,Bw6,Bw6,classified,N,NLRNLRG,NA,HLAtools_protein_alignment,IPD-IMGT/HLA 3.63.0,2026-02-19 18:49:27.959055
B*15:570,B*15:570,B,Bw6,Bw6,classified,N,SLRNLRG,Bw6,HLAtools_protein_alignment,IPD-IMGT/HLA 3.63.0,2026-02-19 18:49:27.959055
B*15:571,B*15:571,B,Bw6,Bw6,classified,N,SLRNLRG,Bw6,HLAtools_protein_alignment,IPD-IMGT/HLA 3.63.0,2026-02-19 18:49:27.959055
B*15:572,B*15:572,B,Bw6,Bw6,classified,N,SLRNLRG,Bw6,HLAtools_protein_alignment,IPD-IMGT/HLA 3.63.0,2026-02-19 18:49:27.959055
B*15:573,B*15:573,B,Bw6,Bw6,classified,N,SLRNLRG,Bw6,HLAtools_protein_alignment,IPD-IMGT/HLA 3.63.0,2026-02-19 18:49:27.959055
B*15:574,B*15:574,B,Bw6,Bw6,classified,N,SLRNLRG,Bw6,HLAtools_protein_alignment,IPD-IMGT/HLA 3.63.0,2026-02-19 18:49:27.959055
B*15:576,B*15:576,B,Bw6,Bw6,classified,N,SLRNLRG,Bw6,HLAtools_protein_alignment,IPD-IMGT/HLA 3.63.0,2026-02-19 18:49:27.959055
B*15:577,B*15:577,B,Bw6,Bw6,classified,N,SLRNLRG,Bw6,HLAtools_protein_alignment,IPD-IMGT/HLA 3.63.0,2026-02-19 18:49:27.959055
B*15:578,B*15:578,B,Bw6,Bw6,classified,N,SLRNLRG,Bw6,HLAtools_protein_alignment,IPD-IMGT/HLA 3.63.0,2026-02-19 18:49:27.959055
B*15:579,B*15:579,B,Bw6,Bw6,classified,N,SLRNLRG,Bw6,HLAtools_protein_alignment,IPD-IMGT/HLA 3.63.0,2026-02-19 18:49:27.959055
B*15:58,B*15:58,B,Bw6,Bw6,classified,N,SLRNLRG,Bw6,HLAtools_protein_alignment,IPD-IMGT/HLA 3.63.0,2026-02-19 18:49:27.959055
B*15:580,B*15:580,B,Bw6,Bw6,classified,N,SLRNLRG,Bw6,HLAtools_protein_alignment,IPD-IMGT/HLA 3.63.0,2026-02-19 18:49:27.959055
B*15:581,B*15:581,B,Bw6,Bw6,classified,N,SLRNLRG,Bw6,HLAtools_protein_alignment,IPD-IMGT/HLA 3.63.0,2026-02-19 18:49:27.959055
B*15:582,B*15:582,B,Bw6,Bw6,classified,N,SLRNLRG,Bw6,HLAtools_protein_alignment,IPD-IMGT/HLA 3.63.0,2026-02-19 18:49:27.959055
B*15:583,B*15:583,B,Bw6,Bw6,classified,N,SLRNLRG,Bw6,HLAtools_protein_alignment,IPD-IMGT/HLA 3.63.0,2026-02-19 18:49:27.959055
B*15:585,B*15:585,B,Bw6,Bw6,classified,N,SLRNLRG,Bw6,HLAtools_protein_alignment,IPD-IMGT/HLA 3.63.0,2026-02-19 18:49:27.959055
B*15:586,B*15:586,B,Bw4 - 80I,Bw4_80I,classified,I,NLRIALR,Bw4 - 80I,HLAtools_protein_alignment,IPD-IMGT/HLA 3.63.0,2026-02-19 18:49:27.959055
B*15:587,B*15:587,B,Bw6,Bw6,classified,N,SLRNLRG,Bw6,HLAtools_protein_alignment,IPD-IMGT/HLA 3.63.0,2026-02-19 18:49:27.959055
B*15:588,B*15:588,B,Bw6,Bw6,classified,N,SLRNLRG,Bw6,HLAtools_protein_alignment,IPD-IMGT/HLA 3.63.0,2026-02-19 18:49:27.959055
B*15:589,B*15:589,B,Bw6,Bw6,classified,N,SLRNLRG,Bw6,HLAtools_protein_alignment,IPD-IMGT/HLA 3.63.0,2026-02-19 18:49:27.959055
B*15:590,B*15:590,B,Bw6,Bw6,classified,N,SLRNLRG,Bw6,HLAtools_protein_alignment,IPD-IMGT/HLA 3.63.0,2026-02-19 18:49:27.959055
B*15:591,B*15:591,B,Bw6,Bw6,classified,N,SLRNLRG,Bw6,HLAtools_protein_alignment,IPD-IMGT/HLA 3.63.0,2026-02-19 18:49:27.959055
B*15:592,B*15:592,B,Bw6,Bw6,classified,N,SLRNLRG,Bw6,HLAtools_protein_alignment,IPD-IMGT/HLA 3.63.0,2026-02-19 18:49:27.959055
B*15:593,B*15:593,B,Bw6,Bw6,classified,N,SLRNLRG,Bw6,HLAtools_protein_alignment,IPD-IMGT/HLA 3.63.0,2026-02-19 18:49:27.959055
B*15:594,B*15:594,B,Bw4 - 80T,Bw4_80T,classified,T,SLRTLLR,Bw4 - 80T,HLAtools_protein_alignment,IPD-IMGT/HLA 3.63.0,2026-02-19 18:49:27.959055
B*15:595,B*15:595,B,Bw6,Bw6,classified,N,SLRNLRG,Bw6,HLAtools_protein_alignment,IPD-IMGT/HLA 3.63.0,2026-02-19 18:49:27.959055
B*15:597,B*15:597,B,Bw6,Bw6,classified,N,SLRNLRG,Bw6,HLAtools_protein_alignment,IPD-IMGT/HLA 3.63.0,2026-02-19 18:49:27.959055
B*15:598,B*15:598,B,Bw6,Bw6,classified,N,SLRNLRG,Bw6,HLAtools_protein_alignment,IPD-IMGT/HLA 3.63.0,2026-02-19 18:49:27.959055
B*15:599,B*15:599,B,Bw6,Bw6,classified,N,SLRNLRG,Bw6,HLAtools_protein_alignment,IPD-IMGT/HLA 3.63.0,2026-02-19 18:49:27.959055
B*15:60,B*15:60,B,Bw6,Bw6,classified,N,SLRNLRG,Bw6,HLAtools_protein_alignment,IPD-IMGT/HLA 3.63.0,2026-02-19 18:49:27.959055
B*15:600,B*15:600,B,Bw6,Bw6,classified,N,SLRNLRG,Bw6,HLAtools_protein_alignment,IPD-IMGT/HLA 3.63.0,2026-02-19 18:49:27.959055
B*15:601,B*15:601,B,Bw6,Bw6,classified,N,SLRNLRG,Bw6,HLAtools_protein_alignment,IPD-IMGT/HLA 3.63.0,2026-02-19 18:49:27.959055
B*15:602,B*15:602,B,Bw4 - 80I,Bw4_80I,classified,I,NLRIALR,Bw4 - 80I,HLAtools_protein_alignment,IPD-IMGT/HLA 3.63.0,2026-02-19 18:49:27.959055
B*15:603,B*15:603,B,Bw4 - 80I,Bw4_80I,classified,I,NLRIALR,Bw4 - 80I,HLAtools_protein_alignment,IPD-IMGT/HLA 3.63.0,2026-02-19 18:49:27.959055
B*15:605,B*15:605,B,Bw6,Bw6,classified,N,SLRNLRG,Bw6,HLAtools_protein_alignment,IPD-IMGT/HLA 3.63.0,2026-02-19 18:49:27.959055
B*15:606,B*15:606,B,Bw6,Bw6,classified,N,SLRNLRG,Bw6,HLAtools_protein_alignment,IPD-IMGT/HLA 3.63.0,2026-02-19 18:49:27.959055
B*15:607,B*15:607,B,Bw6,Bw6,classified,N,SLRNLRG,Bw6,HLAtools_protein_alignment,IPD-IMGT/HLA 3.63.0,2026-02-19 18:49:27.959055
B*15:608,B*15:608,B,Bw6,Bw6,classified,N,SLRNLRG,Bw6,HLAtools_protein_alignment,IPD-IMGT/HLA 3.63.0,2026-02-19 18:49:27.959055
B*15:609,B*15:609,B,Bw6,Bw6,classified,N,SLRNLRG,Bw6,HLAtools_protein_alignment,IPD-IMGT/HLA 3.63.0,2026-02-19 18:49:27.959055
B*15:61,B*15:61,B,Bw6,Bw6,classified,N,SLRNLRG,Bw6,HLAtools_protein_alignment,IPD-IMGT/HLA 3.63.0,2026-02-19 18:49:27.959055
B*15:610,B*15:610,B,Bw6,Bw6,classified,N,SLRNLRG,Bw6,HLAtools_protein_alignment,IPD-IMGT/HLA 3.63.0,2026-02-19 18:49:27.959055
B*15:611,B*15:611,B,Bw6,Bw6,classified,N,SLRNLRG,Bw6,HLAtools_protein_alignment,IPD-IMGT/HLA 3.63.0,2026-02-19 18:49:27.959055
B*15:612,B*15:612,B,Bw6,Bw6,classified,N,SLRNLRG,Bw6,HLAtools_protein_alignment,IPD-IMGT/HLA 3.63.0,2026-02-19 18:49:27.959055
B*15:613,B*15:613,B,Bw4 - 80I,Bw4_80I,classified,I,NLRIALR,Bw4 - 80I,HLAtools_protein_alignment,IPD-IMGT/HLA 3.63.0,2026-02-19 18:49:27.959055
B*15:614,B*15:614,B,Bw6,Bw6,classified,N,SLRNLRG,Bw6,HLAtools_protein_alignment,IPD-IMGT/HLA 3.63.0,2026-02-19 18:49:27.959055
B*15:615,B*15:615,B,Bw6,Bw6,classified,N,SLRNLRG,Bw6,HLAtools_protein_alignment,IPD-IMGT/HLA 3.63.0,2026-02-19 18:49:27.959055
B*15:616Q,B*15:616Q,B,Bw6,Bw6,classified,N,SLRNLRG,NA,HLAtools_protein_alignment,IPD-IMGT/HLA 3.63.0,2026-02-19 18:49:27.959055
B*15:617,B*15:617,B,Bw6,Bw6,classified,N,SLRNLRG,Bw6,HLAtools_protein_alignment,IPD-IMGT/HLA 3.63.0,2026-02-19 18:49:27.959055
B*15:618,B*15:618,B,Bw6,Bw6,classified,N,SLRNLRG,Bw6,HLAtools_protein_alignment,IPD-IMGT/HLA 3.63.0,2026-02-19 18:49:27.959055
B*15:619,B*15:619,B,Bw4 - 80I,Bw4_80I,classified,I,NLRIALR,Bw4 - 80I,HLAtools_protein_alignment,IPD-IMGT/HLA 3.63.0,2026-02-19 18:49:27.959055
B*15:62,B*15:62,B,Bw6,Bw6,classified,N,SLRNLRG,Bw6,HLAtools_protein_alignment,IPD-IMGT/HLA 3.63.0,2026-02-19 18:49:27.959055
B*15:620,B*15:620,B,Bw6,Bw6,classified,N,SLRNLRG,Bw6,HLAtools_protein_alignment,IPD-IMGT/HLA 3.63.0,2026-02-19 18:49:27.959055
B*15:621,B*15:621,B,Bw6,Bw6,classified,N,SLRNLRG,Bw6,HLAtools_protein_alignment,IPD-IMGT/HLA 3.63.0,2026-02-19 18:49:27.959055
B*15:622,B*15:622,B,Bw6,Bw6,classified,N,SLRNLRG,Bw6,HLAtools_protein_alignment,IPD-IMGT/HLA 3.63.0,2026-02-19 18:49:27.959055
B*15:623,B*15:623,B,Bw6,Bw6,classified,N,SLRNLRG,Bw6,HLAtools_protein_alignment,IPD-IMGT/HLA 3.63.0,2026-02-19 18:49:27.959055
B*15:624,B*15:624,B,Bw6,Bw6,classified,N,SLRNLRG,Bw6,HLAtools_protein_alignment,IPD-IMGT/HLA 3.63.0,2026-02-19 18:49:27.959055
B*15:625,B*15:625,B,Bw6,Bw6,classified,N,SLRNLRG,Bw6,HLAtools_protein_alignment,IPD-IMGT/HLA 3.63.0,2026-02-19 18:49:27.959055
B*15:626,B*15:626,B,Bw6,Bw6,classified,N,SLRNLRG,Bw6,HLAtools_protein_alignment,IPD-IMGT/HLA 3.63.0,2026-02-19 18:49:27.959055
B*15:627,B*15:627,B,Bw6,Bw6,classified,N,SLRNLRG,Bw6,HLAtools_protein_alignment,IPD-IMGT/HLA 3.63.0,2026-02-19 18:49:27.959055
B*15:628,B*15:628,B,Bw6,Bw6,classified,N,SLRNLRG,Bw6,HLAtools_protein_alignment,IPD-IMGT/HLA 3.63.0,2026-02-19 18:49:27.959055
B*15:629,B*15:629,B,Bw6,Bw6,classified,N,SLRNLRG,Bw6,HLAtools_protein_alignment,IPD-IMGT/HLA 3.63.0,2026-02-19 18:49:27.959055
B*15:63,B*15:63,B,Bw6,Bw6,classified,N,SLRNLRG,Bw6,HLAtools_protein_alignment,IPD-IMGT/HLA 3.63.0,2026-02-19 18:49:27.959055
B*15:630,B*15:630,B,Bw6,Bw6,classified,N,SLRNLRG,Bw6,HLAtools_protein_alignment,IPD-IMGT/HLA 3.63.0,2026-02-19 18:49:27.959055
B*15:631,B*15:631,B,Bw6,Bw6,classified,N,SLRNLRG,Bw6,HLAtools_protein_alignment,IPD-IMGT/HLA 3.63.0,2026-02-19 18:49:27.959055
B*15:632,B*15:632,B,Bw6,Bw6,classified,N,SLRNLRG,Bw6,HLAtools_protein_alignment,IPD-IMGT/HLA 3.63.0,2026-02-19 18:49:27.959055
B*15:633,B*15:633,B,Bw6,Bw6,classified,N,SLRNLRG,Bw6,HLAtools_protein_alignment,IPD-IMGT/HLA 3.63.0,2026-02-19 18:49:27.959055
B*15:634,B*15:634,B,Bw6,Bw6,classified,N,SLRNLRG,Bw6,HLAtools_protein_alignment,IPD-IMGT/HLA 3.63.0,2026-02-19 18:49:27.959055
B*15:635,B*15:635,B,Bw6,Bw6,classified,N,SLRNLRG,Bw6,HLAtools_protein_alignment,IPD-IMGT/HLA 3.63.0,2026-02-19 18:49:27.959055
B*15:636,B*15:636,B,Bw6,Bw6,classified,N,SLRNLRG,Bw6,HLAtools_protein_alignment,IPD-IMGT/HLA 3.63.0,2026-02-19 18:49:27.959055
B*15:637,B*15:637,B,Bw6,Bw6,classified,N,SLRNLRG,Bw6,HLAtools_protein_alignment,IPD-IMGT/HLA 3.63.0,2026-02-19 18:49:27.959055
B*15:638,B*15:638,B,Bw6,Bw6,classified,N,SLRNLRG,Bw6,HLAtools_protein_alignment,IPD-IMGT/HLA 3.63.0,2026-02-19 18:49:27.959055
B*15:639,B*15:639,B,Bw6,Bw6,classified,N,SLRNLRG,Bw6,HLAtools_protein_alignment,IPD-IMGT/HLA 3.63.0,2026-02-19 18:49:27.959055
B*15:64,B*15:64,B,Bw6,Bw6,classified,N,SLRNLRG,Bw6,HLAtools_protein_alignment,IPD-IMGT/HLA 3.63.0,2026-02-19 18:49:27.959055
B*15:640,B*15:640,B,Bw6,Bw6,classified,N,SLRNLRG,Bw6,HLAtools_protein_alignment,IPD-IMGT/HLA 3.63.0,2026-02-19 18:49:27.959055
B*15:641,B*15:641,B,Bw6,Bw6,classified,N,SLRNLRG,Bw6,HLAtools_protein_alignment,IPD-IMGT/HLA 3.63.0,2026-02-19 18:49:27.959055
B*15:642,B*15:642,B,Bw4 - 80I,Bw4_80I,classified,I,NLRIALR,Bw4 - 80I,HLAtools_protein_alignment,IPD-IMGT/HLA 3.63.0,2026-02-19 18:49:27.959055
B*15:643,B*15:643,B,Bw6,Bw6,classified,N,SLRNLRG,Bw6,HLAtools_protein_alignment,IPD-IMGT/HLA 3.63.0,2026-02-19 18:49:27.959055
B*15:644,B*15:644,B,Bw4 - 80I,Bw4_80I,classified,I,NLRIALR,Bw4 - 80I,HLAtools_protein_alignment,IPD-IMGT/HLA 3.63.0,2026-02-19 18:49:27.959055
B*15:645,B*15:645,B,Bw6,Bw6,classified,N,SLRNLRG,Bw6,HLAtools_protein_alignment,IPD-IMGT/HLA 3.63.0,2026-02-19 18:49:27.959055
B*15:646,B*15:646,B,Bw6,Bw6,classified,N,SLRNLRG,Bw6,HLAtools_protein_alignment,IPD-IMGT/HLA 3.63.0,2026-02-19 18:49:27.959055
B*15:647,B*15:647,B,Bw6,Bw6,classified,N,SLRNLRG,Bw6,HLAtools_protein_alignment,IPD-IMGT/HLA 3.63.0,2026-02-19 18:49:27.959055
B*15:648,B*15:648,B,Bw6,Bw6,classified,N,NLRNLRG,NA,HLAtools_protein_alignment,IPD-IMGT/HLA 3.63.0,2026-02-19 18:49:27.959055
B*15:649,B*15:649,B,Bw6,Bw6,classified,N,SLRNLRG,Bw6,HLAtools_protein_alignment,IPD-IMGT/HLA 3.63.0,2026-02-19 18:49:27.959055
B*15:65,B*15:65,B,Bw6,Bw6,classified,N,SLRNLRG,Bw6,HLAtools_protein_alignment,IPD-IMGT/HLA 3.63.0,2026-02-19 18:49:27.959055
B*15:650,B*15:650,B,Bw6,Bw6,classified,N,SLRNLRG,Bw6,HLAtools_protein_alignment,IPD-IMGT/HLA 3.63.0,2026-02-19 18:49:27.959055
B*15:651,B*15:651,B,Bw6,Bw6,classified,N,SLRNLRG,Bw6,HLAtools_protein_alignment,IPD-IMGT/HLA 3.63.0,2026-02-19 18:49:27.959055
B*15:652,B*15:652,B,Bw6,Bw6,classified,N,SLRNLRG,Bw6,HLAtools_protein_alignment,IPD-IMGT/HLA 3.63.0,2026-02-19 18:49:27.959055
B*15:653,B*15:653,B,Bw6,Bw6,classified,N,SLRNLRG,Bw6,HLAtools_protein_alignment,IPD-IMGT/HLA 3.63.0,2026-02-19 18:49:27.959055
B*15:654,B*15:654,B,Bw6,Bw6,classified,N,SLRNLRG,Bw6,HLAtools_protein_alignment,IPD-IMGT/HLA 3.63.0,2026-02-19 18:49:27.959055
B*15:655,B*15:655,B,Bw4 - 80I,Bw4_80I,classified,I,NLRIALR,Bw4 - 80I,HLAtools_protein_alignment,IPD-IMGT/HLA 3.63.0,2026-02-19 18:49:27.959055
B*15:656,B*15:656,B,Bw6,Bw6,classified,N,SLRNLRG,Bw6,HLAtools_protein_alignment,IPD-IMGT/HLA 3.63.0,2026-02-19 18:49:27.959055
B*15:657,B*15:657,B,Bw6,Bw6,classified,N,SLRNLRG,Bw6,HLAtools_protein_alignment,IPD-IMGT/HLA 3.63.0,2026-02-19 18:49:27.959055
B*15:658,B*15:658,B,Bw6,Bw6,classified,N,SLRNLRG,Bw6,HLAtools_protein_alignment,IPD-IMGT/HLA 3.63.0,2026-02-19 18:49:27.959055
B*15:659,B*15:659,B,Bw6,Bw6,classified,N,SLRNLRG,Bw6,HLAtools_protein_alignment,IPD-IMGT/HLA 3.63.0,2026-02-19 18:49:27.959055
B*15:66,B*15:66,B,Bw6,Bw6,classified,N,SLRNLRG,Bw6,HLAtools_protein_alignment,IPD-IMGT/HLA 3.63.0,2026-02-19 18:49:27.959055
B*15:660,B*15:660,B,Bw6,Bw6,classified,N,SLRNLRG,Bw6,HLAtools_protein_alignment,IPD-IMGT/HLA 3.63.0,2026-02-19 18:49:27.959055
B*15:661,B*15:661,B,Bw6,Bw6,classified,N,SLRNLRG,Bw6,HLAtools_protein_alignment,IPD-IMGT/HLA 3.63.0,2026-02-19 18:49:27.959055
B*15:662,B*15:662,B,Bw6,Bw6,classified,N,SLRNLRG,Bw6,HLAtools_protein_alignment,IPD-IMGT/HLA 3.63.0,2026-02-19 18:49:27.959055
B*15:663,B*15:663,B,Bw6,Bw6,classified,N,SLRNLRG,Bw6,HLAtools_protein_alignment,IPD-IMGT/HLA 3.63.0,2026-02-19 18:49:27.959055
B*15:664,B*15:664,B,Bw6,Bw6,classified,N,SLRNLRG,Bw6,HLAtools_protein_alignment,IPD-IMGT/HLA 3.63.0,2026-02-19 18:49:27.959055
B*15:665,B*15:665,B,Bw6,Bw6,classified,N,SLRNLRG,Bw6,HLAtools_protein_alignment,IPD-IMGT/HLA 3.63.0,2026-02-19 18:49:27.959055
B*15:666,B*15:666,B,Bw6,Bw6,classified,N,SLRNLRG,Bw6,HLAtools_protein_alignment,IPD-IMGT/HLA 3.63.0,2026-02-19 18:49:27.959055
B*15:667,B*15:667,B,Bw6,Bw6,classified,N,SLRNLRG,Bw6,HLAtools_protein_alignment,IPD-IMGT/HLA 3.63.0,2026-02-19 18:49:27.959055
B*15:668,B*15:668,B,Bw6,Bw6,classified,N,SLRNLRG,Bw6,HLAtools_protein_alignment,IPD-IMGT/HLA 3.63.0,2026-02-19 18:49:27.959055
B*15:67,B*15:67,B,Bw4 - 80I,Bw4_80I,classified,I,NLRIALR,Bw4 - 80I,HLAtools_protein_alignment,IPD-IMGT/HLA 3.63.0,2026-02-19 18:49:27.959055
B*15:670,B*15:670,B,Bw6,Bw6,classified,N,SLRNLRG,Bw6,HLAtools_protein_alignment,IPD-IMGT/HLA 3.63.0,2026-02-19 18:49:27.959055
B*15:672,B*15:672,B,Bw6,Bw6,classified,N,SLRNLRG,Bw6,HLAtools_protein_alignment,IPD-IMGT/HLA 3.63.0,2026-02-19 18:49:27.959055
B*15:673,B*15:673,B,Bw6,Bw6,classified,N,SLRNLRG,Bw6,HLAtools_protein_alignment,IPD-IMGT/HLA 3.63.0,2026-02-19 18:49:27.959055
B*15:674,B*15:674,B,Bw6,Bw6,classified,N,SLRNLRG,Bw6,HLAtools_protein_alignment,IPD-IMGT/HLA 3.63.0,2026-02-19 18:49:27.959055
B*15:675,B*15:675,B,Bw6,Bw6,classified,N,SLRNLRG,Bw6,HLAtools_protein_alignment,IPD-IMGT/HLA 3.63.0,2026-02-19 18:49:27.959055
B*15:676,B*15:676,B,Bw6,Bw6,classified,N,SLRNLRG,Bw6,HLAtools_protein_alignment,IPD-IMGT/HLA 3.63.0,2026-02-19 18:49:27.959055
B*15:677,B*15:677,B,Bw6,Bw6,classified,N,SLRNLRG,Bw6,HLAtools_protein_alignment,IPD-IMGT/HLA 3.63.0,2026-02-19 18:49:27.959055
B*15:678,B*15:678,B,Bw6,Bw6,classified,N,SLRNLRG,Bw6,HLAtools_protein_alignment,IPD-IMGT/HLA 3.63.0,2026-02-19 18:49:27.959055
B*15:679,B*15:679,B,Bw6,Bw6,classified,N,SLRNLRG,Bw6,HLAtools_protein_alignment,IPD-IMGT/HLA 3.63.0,2026-02-19 18:49:27.959055
B*15:68,B*15:68,B,Bw6,Bw6,classified,N,SLRNLRG,Bw6,HLAtools_protein_alignment,IPD-IMGT/HLA 3.63.0,2026-02-19 18:49:27.959055
B*15:680,B*15:680,B,Bw4 - 80I,Bw4_80I,classified,I,NLRIALR,Bw4 - 80I,HLAtools_protein_alignment,IPD-IMGT/HLA 3.63.0,2026-02-19 18:49:27.959055
B*15:681,B*15:681,B,Bw6,Bw6,classified,N,SLRNLRG,Bw6,HLAtools_protein_alignment,IPD-IMGT/HLA 3.63.0,2026-02-19 18:49:27.959055
B*15:682,B*15:682,B,Bw6,Bw6,classified,N,SLRNLRG,Bw6,HLAtools_protein_alignment,IPD-IMGT/HLA 3.63.0,2026-02-19 18:49:27.959055
B*15:683,B*15:683,B,Bw6,Bw6,classified,N,SLRNLRG,Bw6,HLAtools_protein_alignment,IPD-IMGT/HLA 3.63.0,2026-02-19 18:49:27.959055
B*15:684,B*15:684,B,Bw6,Bw6,classified,N,SLRNLRG,Bw6,HLAtools_protein_alignment,IPD-IMGT/HLA 3.63.0,2026-02-19 18:49:27.959055
B*15:685,B*15:685,B,Bw6,Bw6,classified,N,SLRNLRG,Bw6,HLAtools_protein_alignment,IPD-IMGT/HLA 3.63.0,2026-02-19 18:49:27.959055
B*15:686,B*15:686,B,Bw6,Bw6,classified,N,SLRNLRG,Bw6,HLAtools_protein_alignment,IPD-IMGT/HLA 3.63.0,2026-02-19 18:49:27.959055
B*15:687,B*15:687,B,Bw6,Bw6,classified,N,SLRNLRG,Bw6,HLAtools_protein_alignment,IPD-IMGT/HLA 3.63.0,2026-02-19 18:49:27.959055
B*15:688,B*15:688,B,Bw4 - 80I,Bw4_80I,classified,I,NLRIALR,Bw4 - 80I,HLAtools_protein_alignment,IPD-IMGT/HLA 3.63.0,2026-02-19 18:49:27.959055
B*15:689,B*15:689,B,Bw4 - 80I,Bw4_80I,classified,I,NLRIALR,Bw4 - 80I,HLAtools_protein_alignment,IPD-IMGT/HLA 3.63.0,2026-02-19 18:49:27.959055
B*15:69,B*15:69,B,Bw6,Bw6,classified,N,SLRNLRG,Bw6,HLAtools_protein_alignment,IPD-IMGT/HLA 3.63.0,2026-02-19 18:49:27.959055
B*15:690,B*15:690,B,Bw6,Bw6,classified,N,SLRNLRG,Bw6,HLAtools_protein_alignment,IPD-IMGT/HLA 3.63.0,2026-02-19 18:49:27.959055
B*15:691,B*15:691,B,Bw6,Bw6,classified,N,SLRNLRG,Bw6,HLAtools_protein_alignment,IPD-IMGT/HLA 3.63.0,2026-02-19 18:49:27.959055
B*15:692,B*15:692,B,Bw4 - 80I,Bw4_80I,classified,I,NLRIALR,Bw4 - 80I,HLAtools_protein_alignment,IPD-IMGT/HLA 3.63.0,2026-02-19 18:49:27.959055
B*15:693,B*15:693,B,Bw6,Bw6,classified,N,SLRNLRG,Bw6,HLAtools_protein_alignment,IPD-IMGT/HLA 3.63.0,2026-02-19 18:49:27.959055
B*15:694,B*15:694,B,Bw6,Bw6,classified,N,SLRNLRG,Bw6,HLAtools_protein_alignment,IPD-IMGT/HLA 3.63.0,2026-02-19 18:49:27.959055
B*15:695,B*15:695,B,Bw6,Bw6,classified,N,SLRNLRG,Bw6,HLAtools_protein_alignment,IPD-IMGT/HLA 3.63.0,2026-02-19 18:49:27.959055
B*15:696,B*15:696,B,Bw6,Bw6,classified,N,SLRNLRG,Bw6,HLAtools_protein_alignment,IPD-IMGT/HLA 3.63.0,2026-02-19 18:49:27.959055
B*15:697,B*15:697,B,Bw6,Bw6,classified,N,SLRNLRG,Bw6,HLAtools_protein_alignment,IPD-IMGT/HLA 3.63.0,2026-02-19 18:49:27.959055
B*15:698,B*15:698,B,Bw6,Bw6,classified,N,SLRNLRG,Bw6,HLAtools_protein_alignment,IPD-IMGT/HLA 3.63.0,2026-02-19 18:49:27.959055
B*15:699,B*15:699,B,Bw6,Bw6,classified,N,SLRNLRG,Bw6,HLAtools_protein_alignment,IPD-IMGT/HLA 3.63.0,2026-02-19 18:49:27.959055
B*15:70,B*15:70,B,Bw6,Bw6,classified,N,SLRNLRG,Bw6,HLAtools_protein_alignment,IPD-IMGT/HLA 3.63.0,2026-02-19 18:49:27.959055
B*15:700,B*15:700,B,Bw6,Bw6,classified,N,SLRNLRG,Bw6,HLAtools_protein_alignment,IPD-IMGT/HLA 3.63.0,2026-02-19 18:49:27.959055
B*15:701,B*15:701,B,Bw6,Bw6,classified,N,SLRNLRG,Bw6,HLAtools_protein_alignment,IPD-IMGT/HLA 3.63.0,2026-02-19 18:49:27.959055
B*15:702,B*15:702,B,Bw6,Bw6,classified,N,SLRNLRG,Bw6,HLAtools_protein_alignment,IPD-IMGT/HLA 3.63.0,2026-02-19 18:49:27.959055
B*15:703,B*15:703,B,Bw6,Bw6,classified,N,SLRNLRG,Bw6,HLAtools_protein_alignment,IPD-IMGT/HLA 3.63.0,2026-02-19 18:49:27.959055
B*15:704,B*15:704,B,Bw6,Bw6,classified,N,SLRNLRG,Bw6,HLAtools_protein_alignment,IPD-IMGT/HLA 3.63.0,2026-02-19 18:49:27.959055
B*15:705,B*15:705,B,Bw6,Bw6,classified,N,SLRNLRG,Bw6,HLAtools_protein_alignment,IPD-IMGT/HLA 3.63.0,2026-02-19 18:49:27.959055
B*15:706,B*15:706,B,Bw6,Bw6,classified,N,SLRNLRG,Bw6,HLAtools_protein_alignment,IPD-IMGT/HLA 3.63.0,2026-02-19 18:49:27.959055
B*15:707,B*15:707,B,Bw6,Bw6,classified,N,SLRNLRG,Bw6,HLAtools_protein_alignment,IPD-IMGT/HLA 3.63.0,2026-02-19 18:49:27.959055
B*15:708,B*15:708,B,Bw6,Bw6,classified,N,SLRNLRG,Bw6,HLAtools_protein_alignment,IPD-IMGT/HLA 3.63.0,2026-02-19 18:49:27.959055
B*15:709,B*15:709,B,Bw4 - 80I,Bw4_80I,classified,I,NLRIALR,Bw4 - 80I,HLAtools_protein_alignment,IPD-IMGT/HLA 3.63.0,2026-02-19 18:49:27.959055
B*15:71,B*15:71,B,Bw6,Bw6,classified,N,SLRNLRG,Bw6,HLAtools_protein_alignment,IPD-IMGT/HLA 3.63.0,2026-02-19 18:49:27.959055
B*15:710,B*15:710,B,Bw6,Bw6,classified,N,SLRNLRG,Bw6,HLAtools_protein_alignment,IPD-IMGT/HLA 3.63.0,2026-02-19 18:49:27.959055
B*15:711,B*15:711,B,Bw6,Bw6,classified,N,SLRNLRG,Bw6,HLAtools_protein_alignment,IPD-IMGT/HLA 3.63.0,2026-02-19 18:49:27.959055
B*15:712,B*15:712,B,Bw4 - 80I,Bw4_80I,classified,I,NLRIALR,Bw4 - 80I,HLAtools_protein_alignment,IPD-IMGT/HLA 3.63.0,2026-02-19 18:49:27.959055
B*15:713,B*15:713,B,Bw6,Bw6,classified,N,SLRNLRG,Bw6,HLAtools_protein_alignment,IPD-IMGT/HLA 3.63.0,2026-02-19 18:49:27.959055
B*15:714,B*15:714,B,Bw4 - 80T,Bw4_80T,classified,T,DLRTLLR,Bw4 - 80T,HLAtools_protein_alignment,IPD-IMGT/HLA 3.63.0,2026-02-19 18:49:27.959055
B*15:715,B*15:715,B,Bw6,Bw6,classified,N,SLRNLRG,Bw6,HLAtools_protein_alignment,IPD-IMGT/HLA 3.63.0,2026-02-19 18:49:27.959055
B*15:716,B*15:716,B,Bw6,Bw6,classified,N,SLRNLRG,Bw6,HLAtools_protein_alignment,IPD-IMGT/HLA 3.63.0,2026-02-19 18:49:27.959055
B*15:717,B*15:717,B,Bw6,Bw6,classified,N,SLRNLRG,Bw6,HLAtools_protein_alignment,IPD-IMGT/HLA 3.63.0,2026-02-19 18:49:27.959055
B*15:718,B*15:718,B,Bw6,Bw6,classified,N,SLRNLRG,Bw6,HLAtools_protein_alignment,IPD-IMGT/HLA 3.63.0,2026-02-19 18:49:27.959055
B*15:719,B*15:719,B,Bw6,Bw6,classified,N,SLRNLRG,Bw6,HLAtools_protein_alignment,IPD-IMGT/HLA 3.63.0,2026-02-19 18:49:27.959055
B*15:72,B*15:72,B,Bw6,Bw6,classified,N,SLRNLRG,Bw6,HLAtools_protein_alignment,IPD-IMGT/HLA 3.63.0,2026-02-19 18:49:27.959055
B*15:720,B*15:720,B,Bw6,Bw6,classified,N,SLRNLRG,Bw6,HLAtools_protein_alignment,IPD-IMGT/HLA 3.63.0,2026-02-19 18:49:27.959055
B*15:721,B*15:721,B,Bw6,Bw6,classified,N,SLRNLRG,Bw6,HLAtools_protein_alignment,IPD-IMGT/HLA 3.63.0,2026-02-19 18:49:27.959055
B*15:722,B*15:722,B,Bw6,Bw6,classified,N,SLRNLRG,Bw6,HLAtools_protein_alignment,IPD-IMGT/HLA 3.63.0,2026-02-19 18:49:27.959055
B*15:723,B*15:723,B,Bw6,Bw6,classified,N,SLRNLRG,Bw6,HLAtools_protein_alignment,IPD-IMGT/HLA 3.63.0,2026-02-19 18:49:27.959055
B*15:724,B*15:724,B,Bw6,Bw6,classified,N,SLRNLRG,Bw6,HLAtools_protein_alignment,IPD-IMGT/HLA 3.63.0,2026-02-19 18:49:27.959055
B*15:725,B*15:725,B,Bw6,Bw6,classified,N,SLRNLRG,Bw6,HLAtools_protein_alignment,IPD-IMGT/HLA 3.63.0,2026-02-19 18:49:27.959055
B*15:726,B*15:726,B,Bw6,Bw6,classified,N,SLRNLRG,Bw6,HLAtools_protein_alignment,IPD-IMGT/HLA 3.63.0,2026-02-19 18:49:27.959055
B*15:727,B*15:727,B,Bw6,Bw6,classified,N,SLRNLRG,Bw6,HLAtools_protein_alignment,IPD-IMGT/HLA 3.63.0,2026-02-19 18:49:27.959055
B*15:728,B*15:728,B,Bw6,Bw6,classified,N,SLRNLRG,Bw6,HLAtools_protein_alignment,IPD-IMGT/HLA 3.63.0,2026-02-19 18:49:27.959055
B*15:729,B*15:729,B,Bw6,Bw6,classified,N,SLRNLRG,Bw6,HLAtools_protein_alignment,IPD-IMGT/HLA 3.63.0,2026-02-19 18:49:27.959055
B*15:73,B*15:73,B,Bw6,Bw6,classified,N,SLRNLRG,Bw6,HLAtools_protein_alignment,IPD-IMGT/HLA 3.63.0,2026-02-19 18:49:27.959055
B*15:730,B*15:730,B,Bw6,Bw6,classified,N,SLRNLRG,Bw6,HLAtools_protein_alignment,IPD-IMGT/HLA 3.63.0,2026-02-19 18:49:27.959055
B*15:731,B*15:731,B,Bw4 - 80I,Bw4_80I,classified,I,SLRIALR,NA,HLAtools_protein_alignment,IPD-IMGT/HLA 3.63.0,2026-02-19 18:49:27.959055
B*15:733,B*15:733,B,Bw6,Bw6,classified,N,SLRNLRG,Bw6,HLAtools_protein_alignment,IPD-IMGT/HLA 3.63.0,2026-02-19 18:49:27.959055
B*15:734,B*15:734,B,Bw6,Bw6,classified,N,SLRNLRG,Bw6,HLAtools_protein_alignment,IPD-IMGT/HLA 3.63.0,2026-02-19 18:49:27.959055
B*15:735,B*15:735,B,Bw6,Bw6,classified,N,SLRNLRG,Bw6,HLAtools_protein_alignment,IPD-IMGT/HLA 3.63.0,2026-02-19 18:49:27.959055
B*15:736,B*15:736,B,Bw6,Bw6,classified,N,SLRNLRG,Bw6,HLAtools_protein_alignment,IPD-IMGT/HLA 3.63.0,2026-02-19 18:49:27.959055
B*15:738,B*15:738,B,Bw6,Bw6,classified,K,SLRKLRG,NA,HLAtools_protein_alignment,IPD-IMGT/HLA 3.63.0,2026-02-19 18:49:27.959055
B*15:74,B*15:74,B,Bw6,Bw6,classified,N,SLRNLRG,Bw6,HLAtools_protein_alignment,IPD-IMGT/HLA 3.63.0,2026-02-19 18:49:27.959055
B*15:740,B*15:740,B,Bw6,Bw6,classified,N,SLRNLRG,Bw6,HLAtools_protein_alignment,IPD-IMGT/HLA 3.63.0,2026-02-19 18:49:27.959055
B*15:741,B*15:741,B,Bw6,Bw6,classified,N,SLRNLRG,Bw6,HLAtools_protein_alignment,IPD-IMGT/HLA 3.63.0,2026-02-19 18:49:27.959055
B*15:742,B*15:742,B,Bw6,Bw6,classified,N,SLRNLRG,Bw6,HLAtools_protein_alignment,IPD-IMGT/HLA 3.63.0,2026-02-19 18:49:27.959055
B*15:743,B*15:743,B,Bw6,Bw6,classified,N,SLRNLRG,Bw6,HLAtools_protein_alignment,IPD-IMGT/HLA 3.63.0,2026-02-19 18:49:27.959055
B*15:744,B*15:744,B,Bw6,Bw6,classified,N,SLRNLRG,Bw6,HLAtools_protein_alignment,IPD-IMGT/HLA 3.63.0,2026-02-19 18:49:27.959055
B*15:745,B*15:745,B,Bw6,Bw6,classified,N,SLRNLRG,Bw6,HLAtools_protein_alignment,IPD-IMGT/HLA 3.63.0,2026-02-19 18:49:27.959055
B*15:746,B*15:746,B,Bw4 - 80I,Bw4_80I,classified,I,NLRIALR,Bw4 - 80I,HLAtools_protein_alignment,IPD-IMGT/HLA 3.63.0,2026-02-19 18:49:27.959055
B*15:747,B*15:747,B,Bw6,Bw6,classified,N,SLRNLRG,Bw6,HLAtools_protein_alignment,IPD-IMGT/HLA 3.63.0,2026-02-19 18:49:27.959055
B*15:748,B*15:748,B,Bw6,Bw6,classified,N,SLRNLRG,Bw6,HLAtools_protein_alignment,IPD-IMGT/HLA 3.63.0,2026-02-19 18:49:27.959055
B*15:749,B*15:749,B,Bw6,Bw6,classified,N,SLRNLRG,Bw6,HLAtools_protein_alignment,IPD-IMGT/HLA 3.63.0,2026-02-19 18:49:27.959055
B*15:75,B*15:75,B,Bw6,Bw6,classified,N,SLRNLRG,Bw6,HLAtools_protein_alignment,IPD-IMGT/HLA 3.63.0,2026-02-19 18:49:27.959055
B*15:750,B*15:750,B,Bw6,Bw6,classified,N,SLRNLRG,Bw6,HLAtools_protein_alignment,IPD-IMGT/HLA 3.63.0,2026-02-19 18:49:27.959055
B*15:751,B*15:751,B,Bw6,Bw6,classified,N,SLRNLRG,Bw6,HLAtools_protein_alignment,IPD-IMGT/HLA 3.63.0,2026-02-19 18:49:27.959055
B*15:752,B*15:752,B,Bw6,Bw6,classified,N,SLRNLRG,Bw6,HLAtools_protein_alignment,IPD-IMGT/HLA 3.63.0,2026-02-19 18:49:27.959055
B*15:753,B*15:753,B,Bw6,Bw6,classified,N,SLRNLRG,Bw6,HLAtools_protein_alignment,IPD-IMGT/HLA 3.63.0,2026-02-19 18:49:27.959055
B*15:754,B*15:754,B,Bw6,Bw6,classified,N,SLRNLRG,Bw6,HLAtools_protein_alignment,IPD-IMGT/HLA 3.63.0,2026-02-19 18:49:27.959055
B*15:755,B*15:755,B,Bw6,Bw6,classified,N,SLRNLRG,Bw6,HLAtools_protein_alignment,IPD-IMGT/HLA 3.63.0,2026-02-19 18:49:27.959055
B*15:756,B*15:756,B,Bw6,Bw6,classified,N,SLRNLRG,Bw6,HLAtools_protein_alignment,IPD-IMGT/HLA 3.63.0,2026-02-19 18:49:27.959055
B*15:757,B*15:757,B,Bw6,Bw6,classified,N,SLRNLRG,Bw6,HLAtools_protein_alignment,IPD-IMGT/HLA 3.63.0,2026-02-19 18:49:27.959055
B*15:758,B*15:758,B,Bw6,Bw6,classified,N,SLRNLRG,Bw6,HLAtools_protein_alignment,IPD-IMGT/HLA 3.63.0,2026-02-19 18:49:27.959055
B*15:759,B*15:759,B,Bw6,Bw6,classified,N,SLRNLRG,Bw6,HLAtools_protein_alignment,IPD-IMGT/HLA 3.63.0,2026-02-19 18:49:27.959055
B*15:76,B*15:76,B,Bw6,Bw6,classified,N,SLRNLRG,Bw6,HLAtools_protein_alignment,IPD-IMGT/HLA 3.63.0,2026-02-19 18:49:27.959055
B*15:760,B*15:760,B,Bw6,Bw6,classified,N,SLRNLRG,Bw6,HLAtools_protein_alignment,IPD-IMGT/HLA 3.63.0,2026-02-19 18:49:27.959055
B*15:77,B*15:77,B,Bw6,Bw6,classified,N,SLRNLRG,Bw6,HLAtools_protein_alignment,IPD-IMGT/HLA 3.63.0,2026-02-19 18:49:27.959055
B*15:78,B*15:78,B,Bw6,Bw6,classified,N,SLRNLRG,Bw6,HLAtools_protein_alignment,IPD-IMGT/HLA 3.63.0,2026-02-19 18:49:27.959055
B*15:80,B*15:80,B,Bw6,Bw6,classified,N,SLRNLRG,Bw6,HLAtools_protein_alignment,IPD-IMGT/HLA 3.63.0,2026-02-19 18:49:27.959055
B*15:81,B*15:81,B,Bw6,Bw6,classified,N,SLRNLRG,Bw6,HLAtools_protein_alignment,IPD-IMGT/HLA 3.63.0,2026-02-19 18:49:27.959055
B*15:82,B*15:82,B,Bw6,Bw6,classified,N,SLRNLRG,Bw6,HLAtools_protein_alignment,IPD-IMGT/HLA 3.63.0,2026-02-19 18:49:27.959055
B*15:83,B*15:83,B,Bw6,Bw6,classified,N,SLRNLRG,Bw6,HLAtools_protein_alignment,IPD-IMGT/HLA 3.63.0,2026-02-19 18:49:27.959055
B*15:84,B*15:84,B,Bw6,Bw6,classified,N,SLRNLRG,Bw6,HLAtools_protein_alignment,IPD-IMGT/HLA 3.63.0,2026-02-19 18:49:27.959055
B*15:85,B*15:85,B,Bw6,Bw6,classified,N,SLRNLRG,Bw6,HLAtools_protein_alignment,IPD-IMGT/HLA 3.63.0,2026-02-19 18:49:27.959055
B*15:86,B*15:86,B,Bw6,Bw6,classified,N,SLRNLRG,Bw6,HLAtools_protein_alignment,IPD-IMGT/HLA 3.63.0,2026-02-19 18:49:27.959055
B*15:87,B*15:87,B,Bw4 - 80I,Bw4_80I,classified,I,SLRIALR,NA,HLAtools_protein_alignment,IPD-IMGT/HLA 3.63.0,2026-02-19 18:49:27.959055
B*15:88,B*15:88,B,Bw6,Bw6,classified,N,SLRNLRG,Bw6,HLAtools_protein_alignment,IPD-IMGT/HLA 3.63.0,2026-02-19 18:49:27.959055
B*15:89,B*15:89,B,Bw4 - 80T,Bw4_80T,classified,T,NLRTALR,Bw4 - 80T,HLAtools_protein_alignment,IPD-IMGT/HLA 3.63.0,2026-02-19 18:49:27.959055
B*15:90,B*15:90,B,Bw6,Bw6,classified,N,SLRNLRG,Bw6,HLAtools_protein_alignment,IPD-IMGT/HLA 3.63.0,2026-02-19 18:49:27.959055
B*15:91,B*15:91,B,Bw6,Bw6,classified,N,SLRNLRG,Bw6,HLAtools_protein_alignment,IPD-IMGT/HLA 3.63.0,2026-02-19 18:49:27.959055
B*15:92,B*15:92,B,Bw6,Bw6,classified,N,SLRNLRG,Bw6,HLAtools_protein_alignment,IPD-IMGT/HLA 3.63.0,2026-02-19 18:49:27.959055
B*15:93,B*15:93,B,Bw6,Bw6,classified,N,SLRNLRG,Bw6,HLAtools_protein_alignment,IPD-IMGT/HLA 3.63.0,2026-02-19 18:49:27.959055
B*15:95,B*15:95,B,Bw4 - 80I,Bw4_80I,classified,I,NLRIALR,Bw4 - 80I,HLAtools_protein_alignment,IPD-IMGT/HLA 3.63.0,2026-02-19 18:49:27.959055
B*15:96,B*15:96,B,Bw6,Bw6,classified,N,SLRNLRG,Bw6,HLAtools_protein_alignment,IPD-IMGT/HLA 3.63.0,2026-02-19 18:49:27.959055
B*15:97,B*15:97,B,Bw6,Bw6,classified,N,SLRNLRG,Bw6,HLAtools_protein_alignment,IPD-IMGT/HLA 3.63.0,2026-02-19 18:49:27.959055
B*15:98,B*15:98,B,Bw6,Bw6,classified,N,SLRNLRG,Bw6,HLAtools_protein_alignment,IPD-IMGT/HLA 3.63.0,2026-02-19 18:49:27.959055
B*15:99,B*15:99,B,Bw6,Bw6,classified,N,SLRNLRG,Bw6,HLAtools_protein_alignment,IPD-IMGT/HLA 3.63.0,2026-02-19 18:49:27.959055
B*18:01,B*18:01,B,Bw6,Bw6,classified,N,SLRNLRG,Bw6,HLAtools_protein_alignment,IPD-IMGT/HLA 3.63.0,2026-02-19 18:49:27.959055
B*18:01Q,B*18:01Q,B,Bw6,Bw6,classified,N,SLRNLRG,NA,HLAtools_protein_alignment,IPD-IMGT/HLA 3.63.0,2026-02-19 18:49:27.959055
B*18:02,B*18:02,B,Bw6,Bw6,classified,N,SLRNLRG,Bw6,HLAtools_protein_alignment,IPD-IMGT/HLA 3.63.0,2026-02-19 18:49:27.959055
B*18:03,B*18:03,B,Bw6,Bw6,classified,N,SLRNLRG,Bw6,HLAtools_protein_alignment,IPD-IMGT/HLA 3.63.0,2026-02-19 18:49:27.959055
B*18:04,B*18:04,B,Bw6,Bw6,classified,N,SLRNLRG,Bw6,HLAtools_protein_alignment,IPD-IMGT/HLA 3.63.0,2026-02-19 18:49:27.959055
B*18:05,B*18:05,B,Bw6,Bw6,classified,N,SLRNLRG,Bw6,HLAtools_protein_alignment,IPD-IMGT/HLA 3.63.0,2026-02-19 18:49:27.959055
B*18:06,B*18:06,B,Bw6,Bw6,classified,N,SLRNLRG,Bw6,HLAtools_protein_alignment,IPD-IMGT/HLA 3.63.0,2026-02-19 18:49:27.959055
B*18:07,B*18:07,B,Bw6,Bw6,classified,N,SLRNLRG,Bw6,HLAtools_protein_alignment,IPD-IMGT/HLA 3.63.0,2026-02-19 18:49:27.959055
B*18:08,B*18:08,B,Bw6,Bw6,classified,N,SLRNLRG,Bw6,HLAtools_protein_alignment,IPD-IMGT/HLA 3.63.0,2026-02-19 18:49:27.959055
B*18:09,B*18:09,B,Bw4 - 80T,Bw4_80T,classified,T,NLRTALR,Bw4 - 80T,HLAtools_protein_alignment,IPD-IMGT/HLA 3.63.0,2026-02-19 18:49:27.959055
B*18:10,B*18:10,B,Bw6,Bw6,classified,N,SLRNLRG,Bw6,HLAtools_protein_alignment,IPD-IMGT/HLA 3.63.0,2026-02-19 18:49:27.959055
B*18:100,B*18:100,B,Bw6,Bw6,classified,N,SLRNLRG,Bw6,HLAtools_protein_alignment,IPD-IMGT/HLA 3.63.0,2026-02-19 18:49:27.959055
B*18:101,B*18:101,B,Bw6,Bw6,classified,N,SLRNLRG,Bw6,HLAtools_protein_alignment,IPD-IMGT/HLA 3.63.0,2026-02-19 18:49:27.959055
B*18:102,B*18:102,B,Bw6,Bw6,classified,N,SLRNLRG,Bw6,HLAtools_protein_alignment,IPD-IMGT/HLA 3.63.0,2026-02-19 18:49:27.959055
B*18:103,B*18:103,B,Bw6,Bw6,classified,N,SLRNLRG,Bw6,HLAtools_protein_alignment,IPD-IMGT/HLA 3.63.0,2026-02-19 18:49:27.959055
B*18:104,B*18:104,B,Bw6,Bw6,classified,N,SLRNLRG,Bw6,HLAtools_protein_alignment,IPD-IMGT/HLA 3.63.0,2026-02-19 18:49:27.959055
B*18:105,B*18:105,B,Bw6,Bw6,classified,N,SLRNLRG,Bw6,HLAtools_protein_alignment,IPD-IMGT/HLA 3.63.0,2026-02-19 18:49:27.959055
B*18:106Q,B*18:106Q,B,Bw6,Bw6,classified,N,SLRNLRG,NA,HLAtools_protein_alignment,IPD-IMGT/HLA 3.63.0,2026-02-19 18:49:27.959055
B*18:107,B*18:107,B,Bw6,Bw6,classified,N,SLRNLRG,Bw6,HLAtools_protein_alignment,IPD-IMGT/HLA 3.63.0,2026-02-19 18:49:27.959055
B*18:108,B*18:108,B,Bw6,Bw6,classified,N,DLRNLRG,NA,HLAtools_protein_alignment,IPD-IMGT/HLA 3.63.0,2026-02-19 18:49:27.959055
B*18:109,B*18:109,B,Bw6,Bw6,classified,N,SLRNLRG,Bw6,HLAtools_protein_alignment,IPD-IMGT/HLA 3.63.0,2026-02-19 18:49:27.959055
B*18:11,B*18:11,B,Bw6,Bw6,classified,N,SLRNLRG,Bw6,HLAtools_protein_alignment,IPD-IMGT/HLA 3.63.0,2026-02-19 18:49:27.959055
B*18:110,B*18:110,B,Bw6,Bw6,classified,N,SLRNLRG,Bw6,HLAtools_protein_alignment,IPD-IMGT/HLA 3.63.0,2026-02-19 18:49:27.959055
B*18:111,B*18:111,B,Bw6,Bw6,classified,N,SLRNLRG,Bw6,HLAtools_protein_alignment,IPD-IMGT/HLA 3.63.0,2026-02-19 18:49:27.959055
B*18:112,B*18:112,B,Bw6,Bw6,classified,N,SLRNLRG,Bw6,HLAtools_protein_alignment,IPD-IMGT/HLA 3.63.0,2026-02-19 18:49:27.959055
B*18:113,B*18:113,B,Bw6,Bw6,classified,N,SLRNLRG,Bw6,HLAtools_protein_alignment,IPD-IMGT/HLA 3.63.0,2026-02-19 18:49:27.959055
B*18:114,B*18:114,B,Bw6,Bw6,classified,N,SLRNLRG,Bw6,HLAtools_protein_alignment,IPD-IMGT/HLA 3.63.0,2026-02-19 18:49:27.959055
B*18:115,B*18:115,B,Bw6,Bw6,classified,N,SLRNLRG,Bw6,HLAtools_protein_alignment,IPD-IMGT/HLA 3.63.0,2026-02-19 18:49:27.959055
B*18:116,B*18:116,B,Bw6,Bw6,classified,N,SLRNLRG,Bw6,HLAtools_protein_alignment,IPD-IMGT/HLA 3.63.0,2026-02-19 18:49:27.959055
B*18:117,B*18:117,B,Bw6,Bw6,classified,N,SLRNLRG,Bw6,HLAtools_protein_alignment,IPD-IMGT/HLA 3.63.0,2026-02-19 18:49:27.959055
B*18:118,B*18:118,B,Bw6,Bw6,classified,N,SLRNLRG,Bw6,HLAtools_protein_alignment,IPD-IMGT/HLA 3.63.0,2026-02-19 18:49:27.959055
B*18:119,B*18:119,B,Bw6,Bw6,classified,N,SLRNLRG,Bw6,HLAtools_protein_alignment,IPD-IMGT/HLA 3.63.0,2026-02-19 18:49:27.959055
B*18:12,B*18:12,B,Bw6,Bw6,classified,N,SLRNLRG,Bw6,HLAtools_protein_alignment,IPD-IMGT/HLA 3.63.0,2026-02-19 18:49:27.959055
B*18:120,B*18:120,B,Bw6,Bw6,classified,N,SLRNLRG,Bw6,HLAtools_protein_alignment,IPD-IMGT/HLA 3.63.0,2026-02-19 18:49:27.959055
B*18:121,B*18:121,B,Bw6,Bw6,classified,N,SLRNLRG,Bw6,HLAtools_protein_alignment,IPD-IMGT/HLA 3.63.0,2026-02-19 18:49:27.959055
B*18:122,B*18:122,B,Bw6,Bw6,classified,N,SLRNLRG,Bw6,HLAtools_protein_alignment,IPD-IMGT/HLA 3.63.0,2026-02-19 18:49:27.959055
B*18:123,B*18:123,B,Bw6,Bw6,classified,N,SLRNLRG,Bw6,HLAtools_protein_alignment,IPD-IMGT/HLA 3.63.0,2026-02-19 18:49:27.959055
B*18:124,B*18:124,B,Bw6,Bw6,classified,N,SLRNLRG,Bw6,HLAtools_protein_alignment,IPD-IMGT/HLA 3.63.0,2026-02-19 18:49:27.959055
B*18:125,B*18:125,B,Bw6,Bw6,classified,N,SLRNLRG,Bw6,HLAtools_protein_alignment,IPD-IMGT/HLA 3.63.0,2026-02-19 18:49:27.959055
B*18:126,B*18:126,B,Bw6,Bw6,classified,N,SLRNLRG,Bw6,HLAtools_protein_alignment,IPD-IMGT/HLA 3.63.0,2026-02-19 18:49:27.959055
B*18:127,B*18:127,B,Bw6,Bw6,classified,N,SLRNLRG,Bw6,HLAtools_protein_alignment,IPD-IMGT/HLA 3.63.0,2026-02-19 18:49:27.959055
B*18:128,B*18:128,B,Bw6,Bw6,classified,N,SLRNLRG,Bw6,HLAtools_protein_alignment,IPD-IMGT/HLA 3.63.0,2026-02-19 18:49:27.959055
B*18:129,B*18:129,B,Bw6,Bw6,classified,N,SLRNLRG,Bw6,HLAtools_protein_alignment,IPD-IMGT/HLA 3.63.0,2026-02-19 18:49:27.959055
B*18:13,B*18:13,B,Bw6,Bw6,classified,N,SLRNLRG,Bw6,HLAtools_protein_alignment,IPD-IMGT/HLA 3.63.0,2026-02-19 18:49:27.959055
B*18:130,B*18:130,B,Bw6,Bw6,classified,N,SLRNLRG,Bw6,HLAtools_protein_alignment,IPD-IMGT/HLA 3.63.0,2026-02-19 18:49:27.959055
B*18:131,B*18:131,B,Bw6,Bw6,classified,N,SLRNLRG,Bw6,HLAtools_protein_alignment,IPD-IMGT/HLA 3.63.0,2026-02-19 18:49:27.959055
B*18:132,B*18:132,B,Bw6,Bw6,classified,N,DLRNLRG,NA,HLAtools_protein_alignment,IPD-IMGT/HLA 3.63.0,2026-02-19 18:49:27.959055
B*18:133,B*18:133,B,Bw6,Bw6,classified,N,SLRNLRG,Bw6,HLAtools_protein_alignment,IPD-IMGT/HLA 3.63.0,2026-02-19 18:49:27.959055
B*18:134,B*18:134,B,Bw6,Bw6,classified,N,SLRNLRG,Bw6,HLAtools_protein_alignment,IPD-IMGT/HLA 3.63.0,2026-02-19 18:49:27.959055
B*18:135,B*18:135,B,Bw6,Bw6,classified,N,SLRNLRG,Bw6,HLAtools_protein_alignment,IPD-IMGT/HLA 3.63.0,2026-02-19 18:49:27.959055
B*18:136,B*18:136,B,Bw4 - 80I,Bw4_80I,classified,I,NLRIALR,Bw4 - 80I,HLAtools_protein_alignment,IPD-IMGT/HLA 3.63.0,2026-02-19 18:49:27.959055
B*18:137,B*18:137,B,Bw6,Bw6,classified,N,SLRNLRG,Bw6,HLAtools_protein_alignment,IPD-IMGT/HLA 3.63.0,2026-02-19 18:49:27.959055
B*18:139,B*18:139,B,Bw6,Bw6,classified,N,SLRNLRG,Bw6,HLAtools_protein_alignment,IPD-IMGT/HLA 3.63.0,2026-02-19 18:49:27.959055
B*18:14,B*18:14,B,Bw6,Bw6,classified,N,SLRNLRG,Bw6,HLAtools_protein_alignment,IPD-IMGT/HLA 3.63.0,2026-02-19 18:49:27.959055
B*18:140,B*18:140,B,Bw6,Bw6,classified,N,SLRNLRG,Bw6,HLAtools_protein_alignment,IPD-IMGT/HLA 3.63.0,2026-02-19 18:49:27.959055
B*18:141,B*18:141,B,Bw6,Bw6,classified,N,SLRNLRG,Bw6,HLAtools_protein_alignment,IPD-IMGT/HLA 3.63.0,2026-02-19 18:49:27.959055
B*18:142,B*18:142,B,Bw6,Bw6,classified,N,NLRNLRG,NA,HLAtools_protein_alignment,IPD-IMGT/HLA 3.63.0,2026-02-19 18:49:27.959055
B*18:143,B*18:143,B,Bw6,Bw6,classified,N,SLRNLRG,Bw6,HLAtools_protein_alignment,IPD-IMGT/HLA 3.63.0,2026-02-19 18:49:27.959055
B*18:144,B*18:144,B,Bw6,Bw6,classified,N,SLRNLRG,Bw6,HLAtools_protein_alignment,IPD-IMGT/HLA 3.63.0,2026-02-19 18:49:27.959055
B*18:145,B*18:145,B,Bw6,Bw6,classified,N,SLRNLRG,Bw6,HLAtools_protein_alignment,IPD-IMGT/HLA 3.63.0,2026-02-19 18:49:27.959055
B*18:146,B*18:146,B,Bw6,Bw6,classified,N,SLRNLRG,Bw6,HLAtools_protein_alignment,IPD-IMGT/HLA 3.63.0,2026-02-19 18:49:27.959055
B*18:147,B*18:147,B,Bw6,Bw6,classified,N,SLRNLHG,Bw6,HLAtools_protein_alignment,IPD-IMGT/HLA 3.63.0,2026-02-19 18:49:27.959055
B*18:148,B*18:148,B,Bw6,Bw6,classified,N,SLRNLRG,Bw6,HLAtools_protein_alignment,IPD-IMGT/HLA 3.63.0,2026-02-19 18:49:27.959055
B*18:149,B*18:149,B,Bw6,Bw6,classified,N,SLRNLRG,Bw6,HLAtools_protein_alignment,IPD-IMGT/HLA 3.63.0,2026-02-19 18:49:27.959055
B*18:15,B*18:15,B,Bw6,Bw6,classified,N,SLRNLRG,Bw6,HLAtools_protein_alignment,IPD-IMGT/HLA 3.63.0,2026-02-19 18:49:27.959055
B*18:150,B*18:150,B,Bw6,Bw6,classified,N,SLRNLRG,Bw6,HLAtools_protein_alignment,IPD-IMGT/HLA 3.63.0,2026-02-19 18:49:27.959055
B*18:151,B*18:151,B,Bw6,Bw6,classified,N,SLRNLRG,Bw6,HLAtools_protein_alignment,IPD-IMGT/HLA 3.63.0,2026-02-19 18:49:27.959055
B*18:152,B*18:152,B,Bw6,Bw6,classified,N,SLRNLRG,Bw6,HLAtools_protein_alignment,IPD-IMGT/HLA 3.63.0,2026-02-19 18:49:27.959055
B*18:153,B*18:153,B,Bw6,Bw6,classified,N,SLRNLRG,Bw6,HLAtools_protein_alignment,IPD-IMGT/HLA 3.63.0,2026-02-19 18:49:27.959055
B*18:155,B*18:155,B,Bw6,Bw6,classified,N,SLRNLRG,Bw6,HLAtools_protein_alignment,IPD-IMGT/HLA 3.63.0,2026-02-19 18:49:27.959055
B*18:156,B*18:156,B,Bw6,Bw6,classified,N,SLRNLRG,Bw6,HLAtools_protein_alignment,IPD-IMGT/HLA 3.63.0,2026-02-19 18:49:27.959055
B*18:157,B*18:157,B,Bw6,Bw6,classified,N,SLRNLRG,Bw6,HLAtools_protein_alignment,IPD-IMGT/HLA 3.63.0,2026-02-19 18:49:27.959055
B*18:158,B*18:158,B,Bw6,Bw6,classified,N,SLRNLRG,Bw6,HLAtools_protein_alignment,IPD-IMGT/HLA 3.63.0,2026-02-19 18:49:27.959055
B*18:159,B*18:159,B,Bw6,Bw6,classified,N,SLRNLRG,Bw6,HLAtools_protein_alignment,IPD-IMGT/HLA 3.63.0,2026-02-19 18:49:27.959055
B*18:160,B*18:160,B,Bw6,Bw6,classified,N,SLRNLRG,Bw6,HLAtools_protein_alignment,IPD-IMGT/HLA 3.63.0,2026-02-19 18:49:27.959055
B*18:161,B*18:161,B,Bw6,Bw6,classified,N,SLRNLRG,Bw6,HLAtools_protein_alignment,IPD-IMGT/HLA 3.63.0,2026-02-19 18:49:27.959055
B*18:162,B*18:162,B,Bw6,Bw6,classified,N,SLRNLRG,Bw6,HLAtools_protein_alignment,IPD-IMGT/HLA 3.63.0,2026-02-19 18:49:27.959055
B*18:163,B*18:163,B,Bw6,Bw6,classified,N,SLRNLRG,Bw6,HLAtools_protein_alignment,IPD-IMGT/HLA 3.63.0,2026-02-19 18:49:27.959055
B*18:164,B*18:164,B,Bw6,Bw6,classified,N,SLRNLRG,Bw6,HLAtools_protein_alignment,IPD-IMGT/HLA 3.63.0,2026-02-19 18:49:27.959055
B*18:165,B*18:165,B,Bw6,Bw6,classified,N,SLRNLRG,Bw6,HLAtools_protein_alignment,IPD-IMGT/HLA 3.63.0,2026-02-19 18:49:27.959055
B*18:166,B*18:166,B,Bw6,Bw6,classified,N,SLRNLRG,Bw6,HLAtools_protein_alignment,IPD-IMGT/HLA 3.63.0,2026-02-19 18:49:27.959055
B*18:167,B*18:167,B,Bw6,Bw6,classified,N,SLRNLRG,Bw6,HLAtools_protein_alignment,IPD-IMGT/HLA 3.63.0,2026-02-19 18:49:27.959055
B*18:168,B*18:168,B,Bw6,Bw6,classified,N,SLRNLRG,Bw6,HLAtools_protein_alignment,IPD-IMGT/HLA 3.63.0,2026-02-19 18:49:27.959055
B*18:169,B*18:169,B,Bw6,Bw6,classified,N,SLRNLRG,Bw6,HLAtools_protein_alignment,IPD-IMGT/HLA 3.63.0,2026-02-19 18:49:27.959055
B*18:170,B*18:170,B,Bw6,Bw6,classified,N,SLRNLRG,Bw6,HLAtools_protein_alignment,IPD-IMGT/HLA 3.63.0,2026-02-19 18:49:27.959055
B*18:171,B*18:171,B,Bw6,Bw6,classified,N,SLRNLRG,Bw6,HLAtools_protein_alignment,IPD-IMGT/HLA 3.63.0,2026-02-19 18:49:27.959055
B*18:172,B*18:172,B,Bw6,Bw6,classified,N,SLRNLRG,Bw6,HLAtools_protein_alignment,IPD-IMGT/HLA 3.63.0,2026-02-19 18:49:27.959055
B*18:173,B*18:173,B,Bw6,Bw6,classified,N,SLRNLRG,Bw6,HLAtools_protein_alignment,IPD-IMGT/HLA 3.63.0,2026-02-19 18:49:27.959055
B*18:174,B*18:174,B,Bw6,Bw6,classified,N,SLRNLRG,Bw6,HLAtools_protein_alignment,IPD-IMGT/HLA 3.63.0,2026-02-19 18:49:27.959055
B*18:175,B*18:175,B,Bw6,Bw6,classified,N,SLRNLRG,Bw6,HLAtools_protein_alignment,IPD-IMGT/HLA 3.63.0,2026-02-19 18:49:27.959055
B*18:176,B*18:176,B,Bw6,Bw6,classified,N,SLRNLRG,Bw6,HLAtools_protein_alignment,IPD-IMGT/HLA 3.63.0,2026-02-19 18:49:27.959055
B*18:177,B*18:177,B,Bw6,Bw6,classified,N,SLRNLRG,Bw6,HLAtools_protein_alignment,IPD-IMGT/HLA 3.63.0,2026-02-19 18:49:27.959055
B*18:178,B*18:178,B,Bw6,Bw6,classified,N,SLRNLRG,Bw6,HLAtools_protein_alignment,IPD-IMGT/HLA 3.63.0,2026-02-19 18:49:27.959055
B*18:179,B*18:179,B,Bw6,Bw6,classified,N,SLRNVRG,Bw6,HLAtools_protein_alignment,IPD-IMGT/HLA 3.63.0,2026-02-19 18:49:27.959055
B*18:18,B*18:18,B,Bw6,Bw6,classified,N,SLRNLRG,Bw6,HLAtools_protein_alignment,IPD-IMGT/HLA 3.63.0,2026-02-19 18:49:27.959055
B*18:180,B*18:180,B,Bw6,Bw6,classified,N,SLRNLRG,Bw6,HLAtools_protein_alignment,IPD-IMGT/HLA 3.63.0,2026-02-19 18:49:27.959055
B*18:181,B*18:181,B,Bw6,Bw6,classified,N,SLRNLRG,Bw6,HLAtools_protein_alignment,IPD-IMGT/HLA 3.63.0,2026-02-19 18:49:27.959055
B*18:183,B*18:183,B,Bw6,Bw6,classified,N,SLRNLRG,Bw6,HLAtools_protein_alignment,IPD-IMGT/HLA 3.63.0,2026-02-19 18:49:27.959055
B*18:184,B*18:184,B,Bw6,Bw6,classified,N,SLRNLRG,Bw6,HLAtools_protein_alignment,IPD-IMGT/HLA 3.63.0,2026-02-19 18:49:27.959055
B*18:185,B*18:185,B,Bw6,Bw6,classified,N,SLRNLRG,Bw6,HLAtools_protein_alignment,IPD-IMGT/HLA 3.63.0,2026-02-19 18:49:27.959055
B*18:186,B*18:186,B,Bw6,Bw6,classified,N,SLRNLRG,Bw6,HLAtools_protein_alignment,IPD-IMGT/HLA 3.63.0,2026-02-19 18:49:27.959055
B*18:187,B*18:187,B,Bw6,Bw6,classified,N,SLRNLRG,Bw6,HLAtools_protein_alignment,IPD-IMGT/HLA 3.63.0,2026-02-19 18:49:27.959055
B*18:188,B*18:188,B,Bw6,Bw6,classified,N,SLRNLRG,Bw6,HLAtools_protein_alignment,IPD-IMGT/HLA 3.63.0,2026-02-19 18:49:27.959055
B*18:189,B*18:189,B,Bw6,Bw6,classified,N,SLRNLRG,Bw6,HLAtools_protein_alignment,IPD-IMGT/HLA 3.63.0,2026-02-19 18:49:27.959055
B*18:19,B*18:19,B,Bw6,Bw6,classified,N,SLRNLRG,Bw6,HLAtools_protein_alignment,IPD-IMGT/HLA 3.63.0,2026-02-19 18:49:27.959055
B*18:190,B*18:190,B,Non-canonical,NonCanonical,non_canonical_83,N,SLRNLRS,Bw6,HLAtools_protein_alignment,IPD-IMGT/HLA 3.63.0,2026-02-19 18:49:27.959055
B*18:191,B*18:191,B,Bw6,Bw6,classified,N,SLRNLRG,Bw6,HLAtools_protein_alignment,IPD-IMGT/HLA 3.63.0,2026-02-19 18:49:27.959055
B*18:192,B*18:192,B,Bw6,Bw6,classified,N,SLRNLRG,Bw6,HLAtools_protein_alignment,IPD-IMGT/HLA 3.63.0,2026-02-19 18:49:27.959055
B*18:193,B*18:193,B,Bw6,Bw6,classified,N,SLRNLRG,Bw6,HLAtools_protein_alignment,IPD-IMGT/HLA 3.63.0,2026-02-19 18:49:27.959055
B*18:194,B*18:194,B,Bw4 - 80I,Bw4_80I,classified,I,NLRIALR,Bw4 - 80I,HLAtools_protein_alignment,IPD-IMGT/HLA 3.63.0,2026-02-19 18:49:27.959055
B*18:195,B*18:195,B,Bw4 - 80T,Bw4_80T,classified,T,DLRTLLR,Bw4 - 80T,HLAtools_protein_alignment,IPD-IMGT/HLA 3.63.0,2026-02-19 18:49:27.959055
B*18:196,B*18:196,B,Bw6,Bw6,classified,N,SLRNLRG,Bw6,HLAtools_protein_alignment,IPD-IMGT/HLA 3.63.0,2026-02-19 18:49:27.959055
B*18:197,B*18:197,B,Bw6,Bw6,classified,N,SLRNLRG,Bw6,HLAtools_protein_alignment,IPD-IMGT/HLA 3.63.0,2026-02-19 18:49:27.959055
B*18:198,B*18:198,B,Bw6,Bw6,classified,N,ILRNLRG,NA,HLAtools_protein_alignment,IPD-IMGT/HLA 3.63.0,2026-02-19 18:49:27.959055
B*18:199,B*18:199,B,Bw6,Bw6,classified,N,SLRNLRG,Bw6,HLAtools_protein_alignment,IPD-IMGT/HLA 3.63.0,2026-02-19 18:49:27.959055
B*18:20,B*18:20,B,Bw6,Bw6,classified,N,SLRNLRG,Bw6,HLAtools_protein_alignment,IPD-IMGT/HLA 3.63.0,2026-02-19 18:49:27.959055
B*18:200,B*18:200,B,Bw6,Bw6,classified,N,SLRNLRG,Bw6,HLAtools_protein_alignment,IPD-IMGT/HLA 3.63.0,2026-02-19 18:49:27.959055
B*18:201,B*18:201,B,Bw6,Bw6,classified,N,SLRNLRG,Bw6,HLAtools_protein_alignment,IPD-IMGT/HLA 3.63.0,2026-02-19 18:49:27.959055
B*18:202,B*18:202,B,Bw6,Bw6,classified,N,SLRNLRG,Bw6,HLAtools_protein_alignment,IPD-IMGT/HLA 3.63.0,2026-02-19 18:49:27.959055
B*18:203,B*18:203,B,Bw6,Bw6,classified,N,SLRNLRG,Bw6,HLAtools_protein_alignment,IPD-IMGT/HLA 3.63.0,2026-02-19 18:49:27.959055
B*18:204,B*18:204,B,Bw6,Bw6,classified,N,SLRNLRG,Bw6,HLAtools_protein_alignment,IPD-IMGT/HLA 3.63.0,2026-02-19 18:49:27.959055
B*18:205,B*18:205,B,Bw6,Bw6,classified,N,SLRNLRG,Bw6,HLAtools_protein_alignment,IPD-IMGT/HLA 3.63.0,2026-02-19 18:49:27.959055
B*18:206,B*18:206,B,Bw6,Bw6,classified,N,SLRNLRG,Bw6,HLAtools_protein_alignment,IPD-IMGT/HLA 3.63.0,2026-02-19 18:49:27.959055
B*18:207,B*18:207,B,Bw6,Bw6,classified,N,SLRNLRG,Bw6,HLAtools_protein_alignment,IPD-IMGT/HLA 3.63.0,2026-02-19 18:49:27.959055
B*18:208,B*18:208,B,Bw6,Bw6,classified,N,SLRNLRG,Bw6,HLAtools_protein_alignment,IPD-IMGT/HLA 3.63.0,2026-02-19 18:49:27.959055
B*18:209,B*18:209,B,Bw6,Bw6,classified,N,SLRNLRG,Bw6,HLAtools_protein_alignment,IPD-IMGT/HLA 3.63.0,2026-02-19 18:49:27.959055
B*18:21,B*18:21,B,Bw6,Bw6,classified,N,SLRNLRG,Bw6,HLAtools_protein_alignment,IPD-IMGT/HLA 3.63.0,2026-02-19 18:49:27.959055
B*18:210,B*18:210,B,Bw6,Bw6,classified,N,SLRNLRG,Bw6,HLAtools_protein_alignment,IPD-IMGT/HLA 3.63.0,2026-02-19 18:49:27.959055
B*18:211,B*18:211,B,Bw6,Bw6,classified,N,SLRNLRG,Bw6,HLAtools_protein_alignment,IPD-IMGT/HLA 3.63.0,2026-02-19 18:49:27.959055
B*18:212,B*18:212,B,Bw6,Bw6,classified,N,SLRNLRG,Bw6,HLAtools_protein_alignment,IPD-IMGT/HLA 3.63.0,2026-02-19 18:49:27.959055
B*18:213,B*18:213,B,Bw6,Bw6,classified,N,SLRNLRG,Bw6,HLAtools_protein_alignment,IPD-IMGT/HLA 3.63.0,2026-02-19 18:49:27.959055
B*18:214,B*18:214,B,Bw6,Bw6,classified,N,SLRNLRG,Bw6,HLAtools_protein_alignment,IPD-IMGT/HLA 3.63.0,2026-02-19 18:49:27.959055
B*18:215,B*18:215,B,Bw6,Bw6,classified,N,SLRNLRG,Bw6,HLAtools_protein_alignment,IPD-IMGT/HLA 3.63.0,2026-02-19 18:49:27.959055
B*18:216,B*18:216,B,Bw6,Bw6,classified,N,SLRNLRG,Bw6,HLAtools_protein_alignment,IPD-IMGT/HLA 3.63.0,2026-02-19 18:49:27.959055
B*18:217,B*18:217,B,Bw6,Bw6,classified,N,SLRNLRG,Bw6,HLAtools_protein_alignment,IPD-IMGT/HLA 3.63.0,2026-02-19 18:49:27.959055
B*18:218,B*18:218,B,Bw6,Bw6,classified,N,SLRNLRG,Bw6,HLAtools_protein_alignment,IPD-IMGT/HLA 3.63.0,2026-02-19 18:49:27.959055
B*18:219,B*18:219,B,Bw6,Bw6,classified,N,SLRNLRG,Bw6,HLAtools_protein_alignment,IPD-IMGT/HLA 3.63.0,2026-02-19 18:49:27.959055
B*18:22,B*18:22,B,Bw6,Bw6,classified,N,SLRNLRG,Bw6,HLAtools_protein_alignment,IPD-IMGT/HLA 3.63.0,2026-02-19 18:49:27.959055
B*18:220,B*18:220,B,Bw6,Bw6,classified,N,SLRNLRG,Bw6,HLAtools_protein_alignment,IPD-IMGT/HLA 3.63.0,2026-02-19 18:49:27.959055
B*18:221,B*18:221,B,Bw6,Bw6,classified,N,SLRNLRG,Bw6,HLAtools_protein_alignment,IPD-IMGT/HLA 3.63.0,2026-02-19 18:49:27.959055
B*18:222,B*18:222,B,Bw6,Bw6,classified,N,SLRNLRG,Bw6,HLAtools_protein_alignment,IPD-IMGT/HLA 3.63.0,2026-02-19 18:49:27.959055
B*18:223,B*18:223,B,Bw6,Bw6,classified,N,SLRNLRG,Bw6,HLAtools_protein_alignment,IPD-IMGT/HLA 3.63.0,2026-02-19 18:49:27.959055
B*18:224,B*18:224,B,Bw6,Bw6,classified,N,SLRNLRG,Bw6,HLAtools_protein_alignment,IPD-IMGT/HLA 3.63.0,2026-02-19 18:49:27.959055
B*18:225,B*18:225,B,Bw6,Bw6,classified,N,SLRNLRG,Bw6,HLAtools_protein_alignment,IPD-IMGT/HLA 3.63.0,2026-02-19 18:49:27.959055
B*18:226,B*18:226,B,Bw6,Bw6,classified,N,SLRNLRG,Bw6,HLAtools_protein_alignment,IPD-IMGT/HLA 3.63.0,2026-02-19 18:49:27.959055
B*18:227,B*18:227,B,Bw6,Bw6,classified,N,SLRNLRG,Bw6,HLAtools_protein_alignment,IPD-IMGT/HLA 3.63.0,2026-02-19 18:49:27.959055
B*18:228,B*18:228,B,Bw6,Bw6,classified,N,SLRNLRG,Bw6,HLAtools_protein_alignment,IPD-IMGT/HLA 3.63.0,2026-02-19 18:49:27.959055
B*18:229,B*18:229,B,Bw6,Bw6,classified,N,SLRNLRG,Bw6,HLAtools_protein_alignment,IPD-IMGT/HLA 3.63.0,2026-02-19 18:49:27.959055
B*18:230,B*18:230,B,Bw6,Bw6,classified,N,SLRNLRG,Bw6,HLAtools_protein_alignment,IPD-IMGT/HLA 3.63.0,2026-02-19 18:49:27.959055
B*18:231Q,B*18:231Q,B,Bw6,Bw6,classified,N,SLRNLRG,NA,HLAtools_protein_alignment,IPD-IMGT/HLA 3.63.0,2026-02-19 18:49:27.959055
B*18:232,B*18:232,B,Bw6,Bw6,classified,N,SLRNLRG,Bw6,HLAtools_protein_alignment,IPD-IMGT/HLA 3.63.0,2026-02-19 18:49:27.959055
B*18:233,B*18:233,B,Bw6,Bw6,classified,N,SLRNLRG,Bw6,HLAtools_protein_alignment,IPD-IMGT/HLA 3.63.0,2026-02-19 18:49:27.959055
B*18:234,B*18:234,B,Bw6,Bw6,classified,N,SLRNLRG,Bw6,HLAtools_protein_alignment,IPD-IMGT/HLA 3.63.0,2026-02-19 18:49:27.959055
B*18:235,B*18:235,B,Bw6,Bw6,classified,N,SLRNLRG,Bw6,HLAtools_protein_alignment,IPD-IMGT/HLA 3.63.0,2026-02-19 18:49:27.959055
B*18:236,B*18:236,B,Bw6,Bw6,classified,N,SLRNLRG,Bw6,HLAtools_protein_alignment,IPD-IMGT/HLA 3.63.0,2026-02-19 18:49:27.959055
B*18:237,B*18:237,B,Bw6,Bw6,classified,N,SLRNLRG,Bw6,HLAtools_protein_alignment,IPD-IMGT/HLA 3.63.0,2026-02-19 18:49:27.959055
B*18:238,B*18:238,B,Bw6,Bw6,classified,N,SLRNLRG,Bw6,HLAtools_protein_alignment,IPD-IMGT/HLA 3.63.0,2026-02-19 18:49:27.959055
B*18:239,B*18:239,B,Bw6,Bw6,classified,N,SLRNLRG,Bw6,HLAtools_protein_alignment,IPD-IMGT/HLA 3.63.0,2026-02-19 18:49:27.959055
B*18:24,B*18:24,B,Bw6,Bw6,classified,N,SLRNLRG,Bw6,HLAtools_protein_alignment,IPD-IMGT/HLA 3.63.0,2026-02-19 18:49:27.959055
B*18:240,B*18:240,B,Bw6,Bw6,classified,N,SLRNLRG,Bw6,HLAtools_protein_alignment,IPD-IMGT/HLA 3.63.0,2026-02-19 18:49:27.959055
B*18:241,B*18:241,B,Bw6,Bw6,classified,N,SLRNLRG,Bw6,HLAtools_protein_alignment,IPD-IMGT/HLA 3.63.0,2026-02-19 18:49:27.959055
B*18:242,B*18:242,B,Bw6,Bw6,classified,N,SLRNLRG,Bw6,HLAtools_protein_alignment,IPD-IMGT/HLA 3.63.0,2026-02-19 18:49:27.959055
B*18:243,B*18:243,B,Bw6,Bw6,classified,N,SLRNLRG,Bw6,HLAtools_protein_alignment,IPD-IMGT/HLA 3.63.0,2026-02-19 18:49:27.959055
B*18:244,B*18:244,B,Bw6,Bw6,classified,N,SLRNLRG,Bw6,HLAtools_protein_alignment,IPD-IMGT/HLA 3.63.0,2026-02-19 18:49:27.959055
B*18:246,B*18:246,B,Bw6,Bw6,classified,N,SLRNLRG,Bw6,HLAtools_protein_alignment,IPD-IMGT/HLA 3.63.0,2026-02-19 18:49:27.959055
B*18:247,B*18:247,B,Bw6,Bw6,classified,N,SLRNLRG,Bw6,HLAtools_protein_alignment,IPD-IMGT/HLA 3.63.0,2026-02-19 18:49:27.959055
B*18:249,B*18:249,B,Bw6,Bw6,classified,N,SLRNLRG,Bw6,HLAtools_protein_alignment,IPD-IMGT/HLA 3.63.0,2026-02-19 18:49:27.959055
B*18:25,B*18:25,B,Bw6,Bw6,classified,N,SLRNLRG,Bw6,HLAtools_protein_alignment,IPD-IMGT/HLA 3.63.0,2026-02-19 18:49:27.959055
B*18:250,B*18:250,B,Bw6,Bw6,classified,N,SLRNLRG,Bw6,HLAtools_protein_alignment,IPD-IMGT/HLA 3.63.0,2026-02-19 18:49:27.959055
B*18:251,B*18:251,B,Bw6,Bw6,classified,N,SLRNLRG,Bw6,HLAtools_protein_alignment,IPD-IMGT/HLA 3.63.0,2026-02-19 18:49:27.959055
B*18:252,B*18:252,B,Bw6,Bw6,classified,N,SLRNLRG,Bw6,HLAtools_protein_alignment,IPD-IMGT/HLA 3.63.0,2026-02-19 18:49:27.959055
B*18:253,B*18:253,B,Bw6,Bw6,classified,N,SLRNLRG,Bw6,HLAtools_protein_alignment,IPD-IMGT/HLA 3.63.0,2026-02-19 18:49:27.959055
B*18:254,B*18:254,B,Bw6,Bw6,classified,N,SLRNLRG,Bw6,HLAtools_protein_alignment,IPD-IMGT/HLA 3.63.0,2026-02-19 18:49:27.959055
B*18:255,B*18:255,B,Bw6,Bw6,classified,N,SLRNLRG,Bw6,HLAtools_protein_alignment,IPD-IMGT/HLA 3.63.0,2026-02-19 18:49:27.959055
B*18:256,B*18:256,B,Bw6,Bw6,classified,N,SLRNLRG,Bw6,HLAtools_protein_alignment,IPD-IMGT/HLA 3.63.0,2026-02-19 18:49:27.959055
B*18:257,B*18:257,B,Bw6,Bw6,classified,N,SLRNLRG,Bw6,HLAtools_protein_alignment,IPD-IMGT/HLA 3.63.0,2026-02-19 18:49:27.959055
B*18:259,B*18:259,B,Bw6,Bw6,classified,N,SLRNLRG,Bw6,HLAtools_protein_alignment,IPD-IMGT/HLA 3.63.0,2026-02-19 18:49:27.959055
B*18:26,B*18:26,B,Bw6,Bw6,classified,N,SLRNLRG,Bw6,HLAtools_protein_alignment,IPD-IMGT/HLA 3.63.0,2026-02-19 18:49:27.959055
B*18:260,B*18:260,B,Bw6,Bw6,classified,N,SLRNLRG,Bw6,HLAtools_protein_alignment,IPD-IMGT/HLA 3.63.0,2026-02-19 18:49:27.959055
B*18:261,B*18:261,B,Bw6,Bw6,classified,N,SLRNLRG,Bw6,HLAtools_protein_alignment,IPD-IMGT/HLA 3.63.0,2026-02-19 18:49:27.959055
B*18:262,B*18:262,B,Bw6,Bw6,classified,N,SLRNLRG,Bw6,HLAtools_protein_alignment,IPD-IMGT/HLA 3.63.0,2026-02-19 18:49:27.959055
B*18:263,B*18:263,B,Bw6,Bw6,classified,N,SLRNLRG,Bw6,HLAtools_protein_alignment,IPD-IMGT/HLA 3.63.0,2026-02-19 18:49:27.959055
B*18:264,B*18:264,B,Bw6,Bw6,classified,N,SLRNLRG,Bw6,HLAtools_protein_alignment,IPD-IMGT/HLA 3.63.0,2026-02-19 18:49:27.959055
B*18:265,B*18:265,B,Bw6,Bw6,classified,N,SLRNLRG,Bw6,HLAtools_protein_alignment,IPD-IMGT/HLA 3.63.0,2026-02-19 18:49:27.959055
B*18:266,B*18:266,B,Bw6,Bw6,classified,N,SLRNLRG,Bw6,HLAtools_protein_alignment,IPD-IMGT/HLA 3.63.0,2026-02-19 18:49:27.959055
B*18:267,B*18:267,B,Bw6,Bw6,classified,N,SLRNLRG,Bw6,HLAtools_protein_alignment,IPD-IMGT/HLA 3.63.0,2026-02-19 18:49:27.959055
B*18:268,B*18:268,B,Bw6,Bw6,classified,N,SLRNLRG,Bw6,HLAtools_protein_alignment,IPD-IMGT/HLA 3.63.0,2026-02-19 18:49:27.959055
B*18:27,B*18:27,B,Bw6,Bw6,classified,N,SLRNLRG,Bw6,HLAtools_protein_alignment,IPD-IMGT/HLA 3.63.0,2026-02-19 18:49:27.959055
B*18:28,B*18:28,B,Bw6,Bw6,classified,N,SLRNLRG,Bw6,HLAtools_protein_alignment,IPD-IMGT/HLA 3.63.0,2026-02-19 18:49:27.959055
B*18:29,B*18:29,B,Bw6,Bw6,classified,N,SLRNLRG,Bw6,HLAtools_protein_alignment,IPD-IMGT/HLA 3.63.0,2026-02-19 18:49:27.959055
B*18:30,B*18:30,B,Bw6,Bw6,classified,N,SLRNLRG,Bw6,HLAtools_protein_alignment,IPD-IMGT/HLA 3.63.0,2026-02-19 18:49:27.959055
B*18:31,B*18:31,B,Bw6,Bw6,classified,N,SLRNLRG,Bw6,HLAtools_protein_alignment,IPD-IMGT/HLA 3.63.0,2026-02-19 18:49:27.959055
B*18:32,B*18:32,B,Bw6,Bw6,classified,N,SLRNLRG,Bw6,HLAtools_protein_alignment,IPD-IMGT/HLA 3.63.0,2026-02-19 18:49:27.959055
B*18:33,B*18:33,B,Bw6,Bw6,classified,N,SLRNLRG,Bw6,HLAtools_protein_alignment,IPD-IMGT/HLA 3.63.0,2026-02-19 18:49:27.959055
B*18:34,B*18:34,B,Bw6,Bw6,classified,N,SLRNLRG,Bw6,HLAtools_protein_alignment,IPD-IMGT/HLA 3.63.0,2026-02-19 18:49:27.959055
B*18:35,B*18:35,B,Bw6,Bw6,classified,N,SLRNLRG,Bw6,HLAtools_protein_alignment,IPD-IMGT/HLA 3.63.0,2026-02-19 18:49:27.959055
B*18:36,B*18:36,B,Bw6,Bw6,classified,N,SLRNLRG,Bw6,HLAtools_protein_alignment,IPD-IMGT/HLA 3.63.0,2026-02-19 18:49:27.959055
B*18:37,B*18:37,B,Bw6,Bw6,classified,N,SLRNLRG,Bw6,HLAtools_protein_alignment,IPD-IMGT/HLA 3.63.0,2026-02-19 18:49:27.959055
B*18:38,B*18:38,B,Bw6,Bw6,classified,N,SLRNLRG,Bw6,HLAtools_protein_alignment,IPD-IMGT/HLA 3.63.0,2026-02-19 18:49:27.959055
B*18:39,B*18:39,B,Bw6,Bw6,classified,N,SLRNLRG,Bw6,HLAtools_protein_alignment,IPD-IMGT/HLA 3.63.0,2026-02-19 18:49:27.959055
B*18:40,B*18:40,B,Bw6,Bw6,classified,N,SLRNLRG,Bw6,HLAtools_protein_alignment,IPD-IMGT/HLA 3.63.0,2026-02-19 18:49:27.959055
B*18:41,B*18:41,B,Bw6,Bw6,classified,N,SLRNLRG,Bw6,HLAtools_protein_alignment,IPD-IMGT/HLA 3.63.0,2026-02-19 18:49:27.959055
B*18:42,B*18:42,B,Bw6,Bw6,classified,N,SLRNLRG,Bw6,HLAtools_protein_alignment,IPD-IMGT/HLA 3.63.0,2026-02-19 18:49:27.959055
B*18:43,B*18:43,B,Bw6,Bw6,classified,N,SLRNLRG,Bw6,HLAtools_protein_alignment,IPD-IMGT/HLA 3.63.0,2026-02-19 18:49:27.959055
B*18:44,B*18:44,B,Bw6,Bw6,classified,N,SLRNLRG,Bw6,HLAtools_protein_alignment,IPD-IMGT/HLA 3.63.0,2026-02-19 18:49:27.959055
B*18:45,B*18:45,B,Bw6,Bw6,classified,N,SLRNLRG,Bw6,HLAtools_protein_alignment,IPD-IMGT/HLA 3.63.0,2026-02-19 18:49:27.959055
B*18:46,B*18:46,B,Bw6,Bw6,classified,N,SLRNLRG,Bw6,HLAtools_protein_alignment,IPD-IMGT/HLA 3.63.0,2026-02-19 18:49:27.959055
B*18:47,B*18:47,B,Bw6,Bw6,classified,N,SLRNLRG,Bw6,HLAtools_protein_alignment,IPD-IMGT/HLA 3.63.0,2026-02-19 18:49:27.959055
B*18:48,B*18:48,B,Bw6,Bw6,classified,N,SLRNLRG,Bw6,HLAtools_protein_alignment,IPD-IMGT/HLA 3.63.0,2026-02-19 18:49:27.959055
B*18:49,B*18:49,B,Bw6,Bw6,classified,N,NLRNLRG,NA,HLAtools_protein_alignment,IPD-IMGT/HLA 3.63.0,2026-02-19 18:49:27.959055
B*18:50,B*18:50,B,Bw6,Bw6,classified,N,SLRNLRG,Bw6,HLAtools_protein_alignment,IPD-IMGT/HLA 3.63.0,2026-02-19 18:49:27.959055
B*18:51,B*18:51,B,Bw6,Bw6,classified,N,SLRNLRG,Bw6,HLAtools_protein_alignment,IPD-IMGT/HLA 3.63.0,2026-02-19 18:49:27.959055
B*18:52,B*18:52,B,Bw6,Bw6,classified,N,SLRNLRG,Bw6,HLAtools_protein_alignment,IPD-IMGT/HLA 3.63.0,2026-02-19 18:49:27.959055
B*18:53,B*18:53,B,Bw6,Bw6,classified,N,SLRNLRG,Bw6,HLAtools_protein_alignment,IPD-IMGT/HLA 3.63.0,2026-02-19 18:49:27.959055
B*18:54,B*18:54,B,Bw4 - 80T,Bw4_80T,classified,T,DLRTLLR,Bw4 - 80T,HLAtools_protein_alignment,IPD-IMGT/HLA 3.63.0,2026-02-19 18:49:27.959055
B*18:55,B*18:55,B,Bw6,Bw6,classified,N,SLRNLRG,Bw6,HLAtools_protein_alignment,IPD-IMGT/HLA 3.63.0,2026-02-19 18:49:27.959055
B*18:56,B*18:56,B,Bw6,Bw6,classified,N,SLRNLRG,Bw6,HLAtools_protein_alignment,IPD-IMGT/HLA 3.63.0,2026-02-19 18:49:27.959055
B*18:57,B*18:57,B,Bw6,Bw6,classified,N,SLRNLRG,Bw6,HLAtools_protein_alignment,IPD-IMGT/HLA 3.63.0,2026-02-19 18:49:27.959055
B*18:58,B*18:58,B,Bw6,Bw6,classified,N,SLRNLRG,Bw6,HLAtools_protein_alignment,IPD-IMGT/HLA 3.63.0,2026-02-19 18:49:27.959055
B*18:59,B*18:59,B,Bw6,Bw6,classified,N,SLRNLRG,Bw6,HLAtools_protein_alignment,IPD-IMGT/HLA 3.63.0,2026-02-19 18:49:27.959055
B*18:60,B*18:60,B,Bw6,Bw6,classified,N,SLRNLRG,Bw6,HLAtools_protein_alignment,IPD-IMGT/HLA 3.63.0,2026-02-19 18:49:27.959055
B*18:61,B*18:61,B,Bw6,Bw6,classified,N,SLRNLRG,Bw6,HLAtools_protein_alignment,IPD-IMGT/HLA 3.63.0,2026-02-19 18:49:27.959055
B*18:62,B*18:62,B,Bw6,Bw6,classified,N,SLRNLRG,Bw6,HLAtools_protein_alignment,IPD-IMGT/HLA 3.63.0,2026-02-19 18:49:27.959055
B*18:63,B*18:63,B,Bw6,Bw6,classified,N,SLRNLRG,Bw6,HLAtools_protein_alignment,IPD-IMGT/HLA 3.63.0,2026-02-19 18:49:27.959055
B*18:64,B*18:64,B,Bw6,Bw6,classified,N,SLRNLRG,Bw6,HLAtools_protein_alignment,IPD-IMGT/HLA 3.63.0,2026-02-19 18:49:27.959055
B*18:65,B*18:65,B,Bw6,Bw6,classified,N,SLRNLRG,Bw6,HLAtools_protein_alignment,IPD-IMGT/HLA 3.63.0,2026-02-19 18:49:27.959055
B*18:66,B*18:66,B,Bw6,Bw6,classified,N,SLRNLRG,Bw6,HLAtools_protein_alignment,IPD-IMGT/HLA 3.63.0,2026-02-19 18:49:27.959055
B*18:67,B*18:67,B,Bw4 - 80I,Bw4_80I,classified,I,SLRIALR,NA,HLAtools_protein_alignment,IPD-IMGT/HLA 3.63.0,2026-02-19 18:49:27.959055
B*18:68,B*18:68,B,Bw6,Bw6,classified,N,SLRNLRG,Bw6,HLAtools_protein_alignment,IPD-IMGT/HLA 3.63.0,2026-02-19 18:49:27.959055
B*18:69,B*18:69,B,Bw6,Bw6,classified,N,SLRNLRG,Bw6,HLAtools_protein_alignment,IPD-IMGT/HLA 3.63.0,2026-02-19 18:49:27.959055
B*18:70,B*18:70,B,Bw6,Bw6,classified,N,SLRNLRG,Bw6,HLAtools_protein_alignment,IPD-IMGT/HLA 3.63.0,2026-02-19 18:49:27.959055
B*18:71,B*18:71,B,Bw6,Bw6,classified,N,SLRNLRG,Bw6,HLAtools_protein_alignment,IPD-IMGT/HLA 3.63.0,2026-02-19 18:49:27.959055
B*18:72,B*18:72,B,Bw6,Bw6,classified,N,SLRNLRG,Bw6,HLAtools_protein_alignment,IPD-IMGT/HLA 3.63.0,2026-02-19 18:49:27.959055
B*18:73,B*18:73,B,Bw6,Bw6,classified,N,SLRNLRG,Bw6,HLAtools_protein_alignment,IPD-IMGT/HLA 3.63.0,2026-02-19 18:49:27.959055
B*18:75,B*18:75,B,Bw6,Bw6,classified,N,SLRNLRG,Bw6,HLAtools_protein_alignment,IPD-IMGT/HLA 3.63.0,2026-02-19 18:49:27.959055
B*18:76,B*18:76,B,Bw6,Bw6,classified,N,SLRNLRG,Bw6,HLAtools_protein_alignment,IPD-IMGT/HLA 3.63.0,2026-02-19 18:49:27.959055
B*18:77,B*18:77,B,Bw6,Bw6,classified,N,SLRNLRG,Bw6,HLAtools_protein_alignment,IPD-IMGT/HLA 3.63.0,2026-02-19 18:49:27.959055
B*18:78,B*18:78,B,Bw6,Bw6,classified,N,SLRNLRG,Bw6,HLAtools_protein_alignment,IPD-IMGT/HLA 3.63.0,2026-02-19 18:49:27.959055
B*18:79,B*18:79,B,Bw6,Bw6,classified,N,NLRNLRG,NA,HLAtools_protein_alignment,IPD-IMGT/HLA 3.63.0,2026-02-19 18:49:27.959055
B*18:80,B*18:80,B,Bw6,Bw6,classified,N,SLRNLRG,Bw6,HLAtools_protein_alignment,IPD-IMGT/HLA 3.63.0,2026-02-19 18:49:27.959055
B*18:81,B*18:81,B,Bw6,Bw6,classified,N,SLRNLRG,Bw6,HLAtools_protein_alignment,IPD-IMGT/HLA 3.63.0,2026-02-19 18:49:27.959055
B*18:82,B*18:82,B,Bw6,Bw6,classified,N,SLRNLRG,Bw6,HLAtools_protein_alignment,IPD-IMGT/HLA 3.63.0,2026-02-19 18:49:27.959055
B*18:83,B*18:83,B,Bw6,Bw6,classified,N,SLRNLRG,Bw6,HLAtools_protein_alignment,IPD-IMGT/HLA 3.63.0,2026-02-19 18:49:27.959055
B*18:84,B*18:84,B,Bw6,Bw6,classified,N,SLRNLRG,Bw6,HLAtools_protein_alignment,IPD-IMGT/HLA 3.63.0,2026-02-19 18:49:27.959055
B*18:85,B*18:85,B,Bw6,Bw6,classified,N,SLRNLRG,Bw6,HLAtools_protein_alignment,IPD-IMGT/HLA 3.63.0,2026-02-19 18:49:27.959055
B*18:86,B*18:86,B,Bw6,Bw6,classified,N,SLRNLRG,Bw6,HLAtools_protein_alignment,IPD-IMGT/HLA 3.63.0,2026-02-19 18:49:27.959055
B*18:87,B*18:87,B,Bw6,Bw6,classified,N,SLRNLRG,Bw6,HLAtools_protein_alignment,IPD-IMGT/HLA 3.63.0,2026-02-19 18:49:27.959055
B*18:88,B*18:88,B,Bw6,Bw6,classified,N,SLRNLRG,Bw6,HLAtools_protein_alignment,IPD-IMGT/HLA 3.63.0,2026-02-19 18:49:27.959055
B*18:89,B*18:89,B,Bw6,Bw6,classified,N,SLRNLRG,Bw6,HLAtools_protein_alignment,IPD-IMGT/HLA 3.63.0,2026-02-19 18:49:27.959055
B*18:90,B*18:90,B,Bw6,Bw6,classified,N,SLRNLRG,Bw6,HLAtools_protein_alignment,IPD-IMGT/HLA 3.63.0,2026-02-19 18:49:27.959055
B*18:91,B*18:91,B,Bw6,Bw6,classified,N,SLRNLRG,Bw6,HLAtools_protein_alignment,IPD-IMGT/HLA 3.63.0,2026-02-19 18:49:27.959055
B*18:92,B*18:92,B,Bw6,Bw6,classified,N,SLRNLRG,Bw6,HLAtools_protein_alignment,IPD-IMGT/HLA 3.63.0,2026-02-19 18:49:27.959055
B*18:93,B*18:93,B,Bw6,Bw6,classified,N,SLRNLRG,Bw6,HLAtools_protein_alignment,IPD-IMGT/HLA 3.63.0,2026-02-19 18:49:27.959055
B*18:95,B*18:95,B,Bw6,Bw6,classified,N,SLRNLRG,Bw6,HLAtools_protein_alignment,IPD-IMGT/HLA 3.63.0,2026-02-19 18:49:27.959055
B*18:96,B*18:96,B,Bw6,Bw6,classified,N,SLRNLRG,Bw6,HLAtools_protein_alignment,IPD-IMGT/HLA 3.63.0,2026-02-19 18:49:27.959055
B*18:97,B*18:97,B,Bw6,Bw6,classified,N,SLRNLRG,Bw6,HLAtools_protein_alignment,IPD-IMGT/HLA 3.63.0,2026-02-19 18:49:27.959055
B*18:98,B*18:98,B,Bw6,Bw6,classified,N,SLRNLRG,Bw6,HLAtools_protein_alignment,IPD-IMGT/HLA 3.63.0,2026-02-19 18:49:27.959055
B*18:99,B*18:99,B,Bw6,Bw6,classified,N,SLRNLRG,Bw6,HLAtools_protein_alignment,IPD-IMGT/HLA 3.63.0,2026-02-19 18:49:27.959055
B*27:01,B*27:01,B,Bw4 - 80T,Bw4_80T,classified,T,NLRTALR,Bw4 - 80T,HLAtools_protein_alignment,IPD-IMGT/HLA 3.63.0,2026-02-19 18:49:27.959055
B*27:02,B*27:02,B,Bw4 - 80I,Bw4_80I,classified,I,NLRIALR,Bw4 - 80I,HLAtools_protein_alignment,IPD-IMGT/HLA 3.63.0,2026-02-19 18:49:27.959055
B*27:03,B*27:03,B,Bw4 - 80T,Bw4_80T,classified,T,DLRTLLR,Bw4 - 80T,HLAtools_protein_alignment,IPD-IMGT/HLA 3.63.0,2026-02-19 18:49:27.959055
B*27:04,B*27:04,B,Bw4 - 80T,Bw4_80T,classified,T,SLRTLLR,Bw4 - 80T,HLAtools_protein_alignment,IPD-IMGT/HLA 3.63.0,2026-02-19 18:49:27.959055
B*27:05,B*27:05,B,Bw4 - 80T,Bw4_80T,classified,T,DLRTLLR,Bw4 - 80T,HLAtools_protein_alignment,IPD-IMGT/HLA 3.63.0,2026-02-19 18:49:27.959055
B*27:05Q,B*27:05Q,B,Bw4 - 80T,Bw4_80T,classified,T,DLRTLLR,NA,HLAtools_protein_alignment,IPD-IMGT/HLA 3.63.0,2026-02-19 18:49:27.959055
B*27:06,B*27:06,B,Bw4 - 80T,Bw4_80T,classified,T,SLRTLLR,Bw4 - 80T,HLAtools_protein_alignment,IPD-IMGT/HLA 3.63.0,2026-02-19 18:49:27.959055
B*27:07,B*27:07,B,Bw4 - 80T,Bw4_80T,classified,T,DLRTLLR,Bw4 - 80T,HLAtools_protein_alignment,IPD-IMGT/HLA 3.63.0,2026-02-19 18:49:27.959055
B*27:07Q,B*27:07Q,B,Bw4 - 80T,Bw4_80T,classified,T,DLRTLLR,NA,HLAtools_protein_alignment,IPD-IMGT/HLA 3.63.0,2026-02-19 18:49:27.959055
B*27:08,B*27:08,B,Bw6,Bw6,classified,N,SLRNLRG,Bw6,HLAtools_protein_alignment,IPD-IMGT/HLA 3.63.0,2026-02-19 18:49:27.959055
B*27:09,B*27:09,B,Bw4 - 80T,Bw4_80T,classified,T,DLRTLLR,Bw4 - 80T,HLAtools_protein_alignment,IPD-IMGT/HLA 3.63.0,2026-02-19 18:49:27.959055
B*27:10,B*27:10,B,Bw4 - 80T,Bw4_80T,classified,T,DLRTLLR,Bw4 - 80T,HLAtools_protein_alignment,IPD-IMGT/HLA 3.63.0,2026-02-19 18:49:27.959055
B*27:100,B*27:100,B,Bw4 - 80T,Bw4_80T,classified,T,SLRTLLR,Bw4 - 80T,HLAtools_protein_alignment,IPD-IMGT/HLA 3.63.0,2026-02-19 18:49:27.959055
B*27:101,B*27:101,B,Bw4 - 80T,Bw4_80T,classified,T,DLRTLLR,Bw4 - 80T,HLAtools_protein_alignment,IPD-IMGT/HLA 3.63.0,2026-02-19 18:49:27.959055
B*27:102,B*27:102,B,Bw4 - 80I,Bw4_80I,classified,I,NLRIALR,Bw4 - 80I,HLAtools_protein_alignment,IPD-IMGT/HLA 3.63.0,2026-02-19 18:49:27.959055
B*27:103,B*27:103,B,Bw4 - 80T,Bw4_80T,classified,T,SLRTLLR,Bw4 - 80T,HLAtools_protein_alignment,IPD-IMGT/HLA 3.63.0,2026-02-19 18:49:27.959055
B*27:104,B*27:104,B,Bw4 - 80T,Bw4_80T,classified,T,DLRTLLR,Bw4 - 80T,HLAtools_protein_alignment,IPD-IMGT/HLA 3.63.0,2026-02-19 18:49:27.959055
B*27:105,B*27:105,B,Bw4 - 80T,Bw4_80T,classified,T,SLRTLLR,Bw4 - 80T,HLAtools_protein_alignment,IPD-IMGT/HLA 3.63.0,2026-02-19 18:49:27.959055
B*27:106,B*27:106,B,Bw4 - 80T,Bw4_80T,classified,T,SLRTLLR,Bw4 - 80T,HLAtools_protein_alignment,IPD-IMGT/HLA 3.63.0,2026-02-19 18:49:27.959055
B*27:107,B*27:107,B,Bw4 - 80T,Bw4_80T,classified,T,SLRTLLR,Bw4 - 80T,HLAtools_protein_alignment,IPD-IMGT/HLA 3.63.0,2026-02-19 18:49:27.959055
B*27:108,B*27:108,B,Bw4 - 80T,Bw4_80T,classified,T,SLRTLLR,Bw4 - 80T,HLAtools_protein_alignment,IPD-IMGT/HLA 3.63.0,2026-02-19 18:49:27.959055
B*27:109,B*27:109,B,Bw4 - 80T,Bw4_80T,classified,T,SLRTLLR,Bw4 - 80T,HLAtools_protein_alignment,IPD-IMGT/HLA 3.63.0,2026-02-19 18:49:27.959055
B*27:11,B*27:11,B,Bw4 - 80T,Bw4_80T,classified,T,SLRTLLR,Bw4 - 80T,HLAtools_protein_alignment,IPD-IMGT/HLA 3.63.0,2026-02-19 18:49:27.959055
B*27:110,B*27:110,B,Bw4 - 80T,Bw4_80T,classified,T,NLRTLLR,Bw4 - 80T,HLAtools_protein_alignment,IPD-IMGT/HLA 3.63.0,2026-02-19 18:49:27.959055
B*27:111,B*27:111,B,Bw4 - 80T,Bw4_80T,classified,T,DLRTLLR,Bw4 - 80T,HLAtools_protein_alignment,IPD-IMGT/HLA 3.63.0,2026-02-19 18:49:27.959055
B*27:112,B*27:112,B,Bw4 - 80T,Bw4_80T,classified,T,SLRTLLR,Bw4 - 80T,HLAtools_protein_alignment,IPD-IMGT/HLA 3.63.0,2026-02-19 18:49:27.959055
B*27:113,B*27:113,B,Bw4 - 80T,Bw4_80T,classified,T,SLRTLLR,Bw4 - 80T,HLAtools_protein_alignment,IPD-IMGT/HLA 3.63.0,2026-02-19 18:49:27.959055
B*27:114,B*27:114,B,Bw4 - 80T,Bw4_80T,classified,T,SLRTLLR,Bw4 - 80T,HLAtools_protein_alignment,IPD-IMGT/HLA 3.63.0,2026-02-19 18:49:27.959055
B*27:115,B*27:115,B,Bw4 - 80T,Bw4_80T,classified,T,SLRTLLR,Bw4 - 80T,HLAtools_protein_alignment,IPD-IMGT/HLA 3.63.0,2026-02-19 18:49:27.959055
B*27:116,B*27:116,B,Non-canonical,NonCanonical,non_canonical_83,T,DLRTLLH,Bw4 - 80T,HLAtools_protein_alignment,IPD-IMGT/HLA 3.63.0,2026-02-19 18:49:27.959055
B*27:117,B*27:117,B,Bw4 - 80T,Bw4_80T,classified,T,DLRTLLR,Bw4 - 80T,HLAtools_protein_alignment,IPD-IMGT/HLA 3.63.0,2026-02-19 18:49:27.959055
B*27:118,B*27:118,B,Bw4 - 80T,Bw4_80T,classified,T,DLRTLLR,Bw4 - 80T,HLAtools_protein_alignment,IPD-IMGT/HLA 3.63.0,2026-02-19 18:49:27.959055
B*27:119,B*27:119,B,Bw4 - 80I,Bw4_80I,classified,I,NLRIALR,Bw4 - 80I,HLAtools_protein_alignment,IPD-IMGT/HLA 3.63.0,2026-02-19 18:49:27.959055
B*27:12,B*27:12,B,Bw6,Bw6,classified,N,SLRNLRG,Bw6,HLAtools_protein_alignment,IPD-IMGT/HLA 3.63.0,2026-02-19 18:49:27.959055
B*27:120,B*27:120,B,Bw4 - 80T,Bw4_80T,classified,T,SLRTLLR,Bw4 - 80T,HLAtools_protein_alignment,IPD-IMGT/HLA 3.63.0,2026-02-19 18:49:27.959055
B*27:121,B*27:121,B,Bw4 - 80T,Bw4_80T,classified,T,DLRTLLR,Bw4 - 80T,HLAtools_protein_alignment,IPD-IMGT/HLA 3.63.0,2026-02-19 18:49:27.959055
B*27:122,B*27:122,B,Bw4 - 80T,Bw4_80T,classified,T,DLRTLLR,Bw4 - 80T,HLAtools_protein_alignment,IPD-IMGT/HLA 3.63.0,2026-02-19 18:49:27.959055
B*27:123,B*27:123,B,Bw4 - 80T,Bw4_80T,classified,T,DLRTLLR,Bw4 - 80T,HLAtools_protein_alignment,IPD-IMGT/HLA 3.63.0,2026-02-19 18:49:27.959055
B*27:124,B*27:124,B,Bw4 - 80T,Bw4_80T,classified,T,DLRTLLR,Bw4 - 80T,HLAtools_protein_alignment,IPD-IMGT/HLA 3.63.0,2026-02-19 18:49:27.959055
B*27:125,B*27:125,B,Bw4 - 80T,Bw4_80T,classified,T,SLRTLLR,Bw4 - 80T,HLAtools_protein_alignment,IPD-IMGT/HLA 3.63.0,2026-02-19 18:49:27.959055
B*27:126,B*27:126,B,Bw4 - 80I,Bw4_80I,classified,I,NLRIALR,Bw4 - 80I,HLAtools_protein_alignment,IPD-IMGT/HLA 3.63.0,2026-02-19 18:49:27.959055
B*27:127,B*27:127,B,Bw4 - 80T,Bw4_80T,classified,T,DLRTLLR,Bw4 - 80T,HLAtools_protein_alignment,IPD-IMGT/HLA 3.63.0,2026-02-19 18:49:27.959055
B*27:128,B*27:128,B,Bw4 - 80T,Bw4_80T,classified,T,DLRTLLR,Bw4 - 80T,HLAtools_protein_alignment,IPD-IMGT/HLA 3.63.0,2026-02-19 18:49:27.959055
B*27:129,B*27:129,B,Bw4 - 80T,Bw4_80T,classified,T,DLRTLLR,Bw4 - 80T,HLAtools_protein_alignment,IPD-IMGT/HLA 3.63.0,2026-02-19 18:49:27.959055
B*27:13,B*27:13,B,Bw4 - 80T,Bw4_80T,classified,T,DLRTLLR,Bw4 - 80T,HLAtools_protein_alignment,IPD-IMGT/HLA 3.63.0,2026-02-19 18:49:27.959055
B*27:130,B*27:130,B,Bw4 - 80T,Bw4_80T,classified,T,DLRTLLR,Bw4 - 80T,HLAtools_protein_alignment,IPD-IMGT/HLA 3.63.0,2026-02-19 18:49:27.959055
B*27:131,B*27:131,B,Bw4 - 80T,Bw4_80T,classified,T,SLRTLLR,Bw4 - 80T,HLAtools_protein_alignment,IPD-IMGT/HLA 3.63.0,2026-02-19 18:49:27.959055
B*27:132,B*27:132,B,Bw4 - 80T,Bw4_80T,classified,T,DLRTLLR,Bw4 - 80T,HLAtools_protein_alignment,IPD-IMGT/HLA 3.63.0,2026-02-19 18:49:27.959055
B*27:133,B*27:133,B,Bw4 - 80T,Bw4_80T,classified,T,DLRTLLR,Bw4 - 80T,HLAtools_protein_alignment,IPD-IMGT/HLA 3.63.0,2026-02-19 18:49:27.959055
B*27:134,B*27:134,B,Bw4 - 80I,Bw4_80I,classified,I,NLRIALR,Bw4 - 80I,HLAtools_protein_alignment,IPD-IMGT/HLA 3.63.0,2026-02-19 18:49:27.959055
B*27:135,B*27:135,B,Bw4 - 80T,Bw4_80T,classified,T,DLRTLLR,Bw4 - 80T,HLAtools_protein_alignment,IPD-IMGT/HLA 3.63.0,2026-02-19 18:49:27.959055
B*27:136,B*27:136,B,Bw4 - 80T,Bw4_80T,classified,T,DLRTLLR,Bw4 - 80T,HLAtools_protein_alignment,IPD-IMGT/HLA 3.63.0,2026-02-19 18:49:27.959055
B*27:137,B*27:137,B,Bw4 - 80T,Bw4_80T,classified,T,DLRTLLR,Bw4 - 80T,HLAtools_protein_alignment,IPD-IMGT/HLA 3.63.0,2026-02-19 18:49:27.959055
B*27:138,B*27:138,B,Bw4 - 80T,Bw4_80T,classified,T,SLRTLLR,Bw4 - 80T,HLAtools_protein_alignment,IPD-IMGT/HLA 3.63.0,2026-02-19 18:49:27.959055
B*27:139,B*27:139,B,Bw4 - 80T,Bw4_80T,classified,T,DLRTLLR,Bw4 - 80T,HLAtools_protein_alignment,IPD-IMGT/HLA 3.63.0,2026-02-19 18:49:27.959055
B*27:14,B*27:14,B,Bw4 - 80T,Bw4_80T,classified,T,DLRTLLR,Bw4 - 80T,HLAtools_protein_alignment,IPD-IMGT/HLA 3.63.0,2026-02-19 18:49:27.959055
B*27:140,B*27:140,B,Bw4 - 80T,Bw4_80T,classified,T,DLRTLLR,Bw4 - 80T,HLAtools_protein_alignment,IPD-IMGT/HLA 3.63.0,2026-02-19 18:49:27.959055
B*27:141,B*27:141,B,Bw4 - 80T,Bw4_80T,classified,T,DLRTLLR,Bw4 - 80T,HLAtools_protein_alignment,IPD-IMGT/HLA 3.63.0,2026-02-19 18:49:27.959055
B*27:142,B*27:142,B,Bw4 - 80T,Bw4_80T,classified,T,NLRTALR,Bw4 - 80T,HLAtools_protein_alignment,IPD-IMGT/HLA 3.63.0,2026-02-19 18:49:27.959055
B*27:143,B*27:143,B,Bw4 - 80T,Bw4_80T,classified,T,DLRTLLR,Bw4 - 80T,HLAtools_protein_alignment,IPD-IMGT/HLA 3.63.0,2026-02-19 18:49:27.959055
B*27:144,B*27:144,B,Bw4 - 80T,Bw4_80T,classified,T,DLRTLLR,Bw4 - 80T,HLAtools_protein_alignment,IPD-IMGT/HLA 3.63.0,2026-02-19 18:49:27.959055
B*27:145,B*27:145,B,Bw4 - 80T,Bw4_80T,classified,T,DLRTLLR,Bw4 - 80T,HLAtools_protein_alignment,IPD-IMGT/HLA 3.63.0,2026-02-19 18:49:27.959055
B*27:146,B*27:146,B,Bw4 - 80T,Bw4_80T,classified,T,DLRTLLR,Bw4 - 80T,HLAtools_protein_alignment,IPD-IMGT/HLA 3.63.0,2026-02-19 18:49:27.959055
B*27:147,B*27:147,B,Bw4 - 80T,Bw4_80T,classified,T,SLRTLLR,Bw4 - 80T,HLAtools_protein_alignment,IPD-IMGT/HLA 3.63.0,2026-02-19 18:49:27.959055
B*27:148,B*27:148,B,Bw4 - 80T,Bw4_80T,classified,T,DLRTLLR,Bw4 - 80T,HLAtools_protein_alignment,IPD-IMGT/HLA 3.63.0,2026-02-19 18:49:27.959055
B*27:149,B*27:149,B,Bw4 - 80T,Bw4_80T,classified,T,SLRTLLR,Bw4 - 80T,HLAtools_protein_alignment,IPD-IMGT/HLA 3.63.0,2026-02-19 18:49:27.959055
B*27:15,B*27:15,B,Bw4 - 80T,Bw4_80T,classified,T,SLRTLLR,Bw4 - 80T,HLAtools_protein_alignment,IPD-IMGT/HLA 3.63.0,2026-02-19 18:49:27.959055
B*27:150,B*27:150,B,Bw4 - 80T,Bw4_80T,classified,T,DLRTLLR,Bw4 - 80T,HLAtools_protein_alignment,IPD-IMGT/HLA 3.63.0,2026-02-19 18:49:27.959055
B*27:151,B*27:151,B,Bw4 - 80T,Bw4_80T,classified,T,DLRTLLR,Bw4 - 80T,HLAtools_protein_alignment,IPD-IMGT/HLA 3.63.0,2026-02-19 18:49:27.959055
B*27:152,B*27:152,B,Bw4 - 80T,Bw4_80T,classified,T,DLRTLLR,Bw4 - 80T,HLAtools_protein_alignment,IPD-IMGT/HLA 3.63.0,2026-02-19 18:49:27.959055
B*27:153,B*27:153,B,Bw6,Bw6,classified,N,SLRNLRG,Bw6,HLAtools_protein_alignment,IPD-IMGT/HLA 3.63.0,2026-02-19 18:49:27.959055
B*27:154,B*27:154,B,Bw4 - 80T,Bw4_80T,classified,T,SLRTLLR,Bw4 - 80T,HLAtools_protein_alignment,IPD-IMGT/HLA 3.63.0,2026-02-19 18:49:27.959055
B*27:155,B*27:155,B,Bw4 - 80T,Bw4_80T,classified,T,DLRTLLR,Bw4 - 80T,HLAtools_protein_alignment,IPD-IMGT/HLA 3.63.0,2026-02-19 18:49:27.959055
B*27:156,B*27:156,B,Bw4 - 80T,Bw4_80T,classified,T,DLRTLLR,Bw4 - 80T,HLAtools_protein_alignment,IPD-IMGT/HLA 3.63.0,2026-02-19 18:49:27.959055
B*27:157,B*27:157,B,Bw4 - 80I,Bw4_80I,classified,I,NLRIALR,Bw4 - 80I,HLAtools_protein_alignment,IPD-IMGT/HLA 3.63.0,2026-02-19 18:49:27.959055
B*27:158,B*27:158,B,Bw4 - 80T,Bw4_80T,classified,T,DLPTLLR,Bw4 - 80T,HLAtools_protein_alignment,IPD-IMGT/HLA 3.63.0,2026-02-19 18:49:27.959055
B*27:159,B*27:159,B,Bw4 - 80T,Bw4_80T,classified,T,DLRTLLR,Bw4 - 80T,HLAtools_protein_alignment,IPD-IMGT/HLA 3.63.0,2026-02-19 18:49:27.959055
B*27:16,B*27:16,B,Bw4 - 80T,Bw4_80T,classified,T,DLRTLLR,Bw4 - 80T,HLAtools_protein_alignment,IPD-IMGT/HLA 3.63.0,2026-02-19 18:49:27.959055
B*27:160,B*27:160,B,Bw4 - 80T,Bw4_80T,classified,T,DLRTLLR,Bw4 - 80T,HLAtools_protein_alignment,IPD-IMGT/HLA 3.63.0,2026-02-19 18:49:27.959055
B*27:161,B*27:161,B,Bw4 - 80T,Bw4_80T,classified,T,DLRTLLR,Bw4 - 80T,HLAtools_protein_alignment,IPD-IMGT/HLA 3.63.0,2026-02-19 18:49:27.959055
B*27:162,B*27:162,B,Bw4 - 80T,Bw4_80T,classified,T,DLRTLLR,Bw4 - 80T,HLAtools_protein_alignment,IPD-IMGT/HLA 3.63.0,2026-02-19 18:49:27.959055
B*27:163,B*27:163,B,Bw4 - 80I,Bw4_80I,classified,I,NLRIALR,Bw4 - 80I,HLAtools_protein_alignment,IPD-IMGT/HLA 3.63.0,2026-02-19 18:49:27.959055
B*27:164,B*27:164,B,Bw4 - 80T,Bw4_80T,classified,T,DLRTLLR,Bw4 - 80T,HLAtools_protein_alignment,IPD-IMGT/HLA 3.63.0,2026-02-19 18:49:27.959055
B*27:165,B*27:165,B,Bw4 - 80N,Bw4_80N,classified,N,SLRNLLR,Bw4 - 80N,HLAtools_protein_alignment,IPD-IMGT/HLA 3.63.0,2026-02-19 18:49:27.959055
B*27:166,B*27:166,B,Bw4 - 80T,Bw4_80T,classified,T,DLRTLLR,Bw4 - 80T,HLAtools_protein_alignment,IPD-IMGT/HLA 3.63.0,2026-02-19 18:49:27.959055
B*27:167,B*27:167,B,Bw4 - 80T,Bw4_80T,classified,T,DLRTLLR,Bw4 - 80T,HLAtools_protein_alignment,IPD-IMGT/HLA 3.63.0,2026-02-19 18:49:27.959055
B*27:168,B*27:168,B,Bw4 - 80T,Bw4_80T,classified,T,SLRTLLR,Bw4 - 80T,HLAtools_protein_alignment,IPD-IMGT/HLA 3.63.0,2026-02-19 18:49:27.959055
B*27:169,B*27:169,B,Non-canonical,NonCanonical,non_canonical_83,T,DLRTLLL,Bw4 - 80T,HLAtools_protein_alignment,IPD-IMGT/HLA 3.63.0,2026-02-19 18:49:27.959055
B*27:17,B*27:17,B,Bw4 - 80T,Bw4_80T,classified,T,DLRTLLR,Bw4 - 80T,HLAtools_protein_alignment,IPD-IMGT/HLA 3.63.0,2026-02-19 18:49:27.959055
B*27:170,B*27:170,B,Bw4 - 80T,Bw4_80T,classified,T,DLRTLLR,Bw4 - 80T,HLAtools_protein_alignment,IPD-IMGT/HLA 3.63.0,2026-02-19 18:49:27.959055
B*27:171,B*27:171,B,Bw4 - 80I,Bw4_80I,classified,I,NLRIALR,Bw4 - 80I,HLAtools_protein_alignment,IPD-IMGT/HLA 3.63.0,2026-02-19 18:49:27.959055
B*27:172,B*27:172,B,Bw4 - 80I,Bw4_80I,classified,I,NLRIALR,Bw4 - 80I,HLAtools_protein_alignment,IPD-IMGT/HLA 3.63.0,2026-02-19 18:49:27.959055
B*27:173,B*27:173,B,Bw4 - 80T,Bw4_80T,classified,T,SLRTLLR,Bw4 - 80T,HLAtools_protein_alignment,IPD-IMGT/HLA 3.63.0,2026-02-19 18:49:27.959055
B*27:174,B*27:174,B,Bw4 - 80T,Bw4_80T,classified,T,DLRTLLR,Bw4 - 80T,HLAtools_protein_alignment,IPD-IMGT/HLA 3.63.0,2026-02-19 18:49:27.959055
B*27:175,B*27:175,B,Bw4 - 80T,Bw4_80T,classified,T,DLRTLLR,Bw4 - 80T,HLAtools_protein_alignment,IPD-IMGT/HLA 3.63.0,2026-02-19 18:49:27.959055
B*27:177,B*27:177,B,Bw4 - 80T,Bw4_80T,classified,T,DLRTLLR,Bw4 - 80T,HLAtools_protein_alignment,IPD-IMGT/HLA 3.63.0,2026-02-19 18:49:27.959055
B*27:178,B*27:178,B,Bw4 - 80T,Bw4_80T,classified,T,DLRTLLR,Bw4 - 80T,HLAtools_protein_alignment,IPD-IMGT/HLA 3.63.0,2026-02-19 18:49:27.959055
B*27:179,B*27:179,B,Bw4 - 80T,Bw4_80T,classified,T,DLRTLLR,Bw4 - 80T,HLAtools_protein_alignment,IPD-IMGT/HLA 3.63.0,2026-02-19 18:49:27.959055
B*27:18,B*27:18,B,Bw6,Bw6,classified,N,SLRNLRG,Bw6,HLAtools_protein_alignment,IPD-IMGT/HLA 3.63.0,2026-02-19 18:49:27.959055
B*27:180,B*27:180,B,Bw4 - 80T,Bw4_80T,classified,T,DLRTLLR,Bw4 - 80T,HLAtools_protein_alignment,IPD-IMGT/HLA 3.63.0,2026-02-19 18:49:27.959055
B*27:181,B*27:181,B,Bw4 - 80I,Bw4_80I,classified,I,NLRIALR,Bw4 - 80I,HLAtools_protein_alignment,IPD-IMGT/HLA 3.63.0,2026-02-19 18:49:27.959055
B*27:182,B*27:182,B,Bw4 - 80T,Bw4_80T,classified,T,DLRTLLR,Bw4 - 80T,HLAtools_protein_alignment,IPD-IMGT/HLA 3.63.0,2026-02-19 18:49:27.959055
B*27:183,B*27:183,B,Bw4 - 80T,Bw4_80T,classified,T,SLRTLLR,Bw4 - 80T,HLAtools_protein_alignment,IPD-IMGT/HLA 3.63.0,2026-02-19 18:49:27.959055
B*27:184,B*27:184,B,Bw4 - 80T,Bw4_80T,classified,T,DLRTLLR,Bw4 - 80T,HLAtools_protein_alignment,IPD-IMGT/HLA 3.63.0,2026-02-19 18:49:27.959055
B*27:185Q,B*27:185Q,B,Bw4 - 80T,Bw4_80T,classified,T,DLRTLLR,NA,HLAtools_protein_alignment,IPD-IMGT/HLA 3.63.0,2026-02-19 18:49:27.959055
B*27:186,B*27:186,B,Bw4 - 80T,Bw4_80T,classified,T,DLRTLLR,Bw4 - 80T,HLAtools_protein_alignment,IPD-IMGT/HLA 3.63.0,2026-02-19 18:49:27.959055
B*27:187,B*27:187,B,Bw4 - 80T,Bw4_80T,classified,T,DLRTLLR,Bw4 - 80T,HLAtools_protein_alignment,IPD-IMGT/HLA 3.63.0,2026-02-19 18:49:27.959055
B*27:188,B*27:188,B,Bw4 - 80I,Bw4_80I,classified,I,NLRIALR,Bw4 - 80I,HLAtools_protein_alignment,IPD-IMGT/HLA 3.63.0,2026-02-19 18:49:27.959055
B*27:189,B*27:189,B,Bw4 - 80T,Bw4_80T,classified,T,DLRTLLR,Bw4 - 80T,HLAtools_protein_alignment,IPD-IMGT/HLA 3.63.0,2026-02-19 18:49:27.959055
B*27:19,B*27:19,B,Bw4 - 80T,Bw4_80T,classified,T,DLRTLLR,Bw4 - 80T,HLAtools_protein_alignment,IPD-IMGT/HLA 3.63.0,2026-02-19 18:49:27.959055
B*27:190,B*27:190,B,Bw4 - 80T,Bw4_80T,classified,T,DLRTLLR,Bw4 - 80T,HLAtools_protein_alignment,IPD-IMGT/HLA 3.63.0,2026-02-19 18:49:27.959055
B*27:191,B*27:191,B,Bw4 - 80T,Bw4_80T,classified,T,DLRTLLR,Bw4 - 80T,HLAtools_protein_alignment,IPD-IMGT/HLA 3.63.0,2026-02-19 18:49:27.959055
B*27:192,B*27:192,B,Bw4 - 80T,Bw4_80T,classified,T,SLRTLLR,Bw4 - 80T,HLAtools_protein_alignment,IPD-IMGT/HLA 3.63.0,2026-02-19 18:49:27.959055
B*27:193,B*27:193,B,Bw4 - 80T,Bw4_80T,classified,T,DLRTLLR,Bw4 - 80T,HLAtools_protein_alignment,IPD-IMGT/HLA 3.63.0,2026-02-19 18:49:27.959055
B*27:194,B*27:194,B,Bw4 - 80T,Bw4_80T,classified,T,DLRTLLR,Bw4 - 80T,HLAtools_protein_alignment,IPD-IMGT/HLA 3.63.0,2026-02-19 18:49:27.959055
B*27:195,B*27:195,B,Bw4 - 80T,Bw4_80T,classified,T,DLRTLLR,Bw4 - 80T,HLAtools_protein_alignment,IPD-IMGT/HLA 3.63.0,2026-02-19 18:49:27.959055
B*27:196,B*27:196,B,Bw4 - 80T,Bw4_80T,classified,T,DLRTLLR,Bw4 - 80T,HLAtools_protein_alignment,IPD-IMGT/HLA 3.63.0,2026-02-19 18:49:27.959055
B*27:197,B*27:197,B,Bw4 - 80I,Bw4_80I,classified,I,NLRIALR,Bw4 - 80I,HLAtools_protein_alignment,IPD-IMGT/HLA 3.63.0,2026-02-19 18:49:27.959055
B*27:198,B*27:198,B,Bw4 - 80T,Bw4_80T,classified,T,DLRTLLR,Bw4 - 80T,HLAtools_protein_alignment,IPD-IMGT/HLA 3.63.0,2026-02-19 18:49:27.959055
B*27:199,B*27:199,B,Bw4 - 80T,Bw4_80T,classified,T,DLRTLLR,Bw4 - 80T,HLAtools_protein_alignment,IPD-IMGT/HLA 3.63.0,2026-02-19 18:49:27.959055
B*27:20,B*27:20,B,Bw4 - 80T,Bw4_80T,classified,T,SLRTLLR,Bw4 - 80T,HLAtools_protein_alignment,IPD-IMGT/HLA 3.63.0,2026-02-19 18:49:27.959055
B*27:200,B*27:200,B,Bw4 - 80T,Bw4_80T,classified,T,DLRTLLR,Bw4 - 80T,HLAtools_protein_alignment,IPD-IMGT/HLA 3.63.0,2026-02-19 18:49:27.959055
B*27:201,B*27:201,B,Bw4 - 80T,Bw4_80T,classified,T,DLRTLLR,Bw4 - 80T,HLAtools_protein_alignment,IPD-IMGT/HLA 3.63.0,2026-02-19 18:49:27.959055
B*27:202,B*27:202,B,Bw4 - 80T,Bw4_80T,classified,T,SLRTLLR,Bw4 - 80T,HLAtools_protein_alignment,IPD-IMGT/HLA 3.63.0,2026-02-19 18:49:27.959055
B*27:203,B*27:203,B,Bw4 - 80I,Bw4_80I,classified,I,NLRIALR,Bw4 - 80I,HLAtools_protein_alignment,IPD-IMGT/HLA 3.63.0,2026-02-19 18:49:27.959055
B*27:204,B*27:204,B,Bw6,Bw6,classified,N,SLRNLRG,Bw6,HLAtools_protein_alignment,IPD-IMGT/HLA 3.63.0,2026-02-19 18:49:27.959055
B*27:205,B*27:205,B,Bw4 - 80T,Bw4_80T,classified,T,DLRTLLR,Bw4 - 80T,HLAtools_protein_alignment,IPD-IMGT/HLA 3.63.0,2026-02-19 18:49:27.959055
B*27:206,B*27:206,B,Bw4 - 80T,Bw4_80T,classified,T,DLRTLLR,Bw4 - 80T,HLAtools_protein_alignment,IPD-IMGT/HLA 3.63.0,2026-02-19 18:49:27.959055
B*27:207,B*27:207,B,Bw4 - 80T,Bw4_80T,classified,T,DLRTLLR,Bw4 - 80T,HLAtools_protein_alignment,IPD-IMGT/HLA 3.63.0,2026-02-19 18:49:27.959055
B*27:208,B*27:208,B,Bw4 - 80T,Bw4_80T,classified,T,SLRTLLR,Bw4 - 80T,HLAtools_protein_alignment,IPD-IMGT/HLA 3.63.0,2026-02-19 18:49:27.959055
B*27:209,B*27:209,B,Bw4 - 80T,Bw4_80T,classified,T,DLRTLLR,Bw4 - 80T,HLAtools_protein_alignment,IPD-IMGT/HLA 3.63.0,2026-02-19 18:49:27.959055
B*27:21,B*27:21,B,Bw4 - 80T,Bw4_80T,classified,T,SLRTLLR,Bw4 - 80T,HLAtools_protein_alignment,IPD-IMGT/HLA 3.63.0,2026-02-19 18:49:27.959055
B*27:210,B*27:210,B,Bw4 - 80T,Bw4_80T,classified,T,SLRTLLR,Bw4 - 80T,HLAtools_protein_alignment,IPD-IMGT/HLA 3.63.0,2026-02-19 18:49:27.959055
B*27:211,B*27:211,B,Bw4 - 80T,Bw4_80T,classified,T,SLRTLLR,Bw4 - 80T,HLAtools_protein_alignment,IPD-IMGT/HLA 3.63.0,2026-02-19 18:49:27.959055
B*27:213,B*27:213,B,Bw4 - 80I,Bw4_80I,classified,I,DLRIALR,NA,HLAtools_protein_alignment,IPD-IMGT/HLA 3.63.0,2026-02-19 18:49:27.959055
B*27:214,B*27:214,B,Bw4 - 80T,Bw4_80T,classified,T,SLRTLLR,Bw4 - 80T,HLAtools_protein_alignment,IPD-IMGT/HLA 3.63.0,2026-02-19 18:49:27.959055
B*27:216,B*27:216,B,Bw4 - 80T,Bw4_80T,classified,T,DLRTLLR,Bw4 - 80T,HLAtools_protein_alignment,IPD-IMGT/HLA 3.63.0,2026-02-19 18:49:27.959055
B*27:217,B*27:217,B,Bw4 - 80T,Bw4_80T,classified,T,DLRTLLR,Bw4 - 80T,HLAtools_protein_alignment,IPD-IMGT/HLA 3.63.0,2026-02-19 18:49:27.959055
B*27:218,B*27:218,B,Bw4 - 80T,Bw4_80T,classified,T,DLRTLLR,Bw4 - 80T,HLAtools_protein_alignment,IPD-IMGT/HLA 3.63.0,2026-02-19 18:49:27.959055
B*27:219,B*27:219,B,Bw4 - 80T,Bw4_80T,classified,T,DLRTLLR,Bw4 - 80T,HLAtools_protein_alignment,IPD-IMGT/HLA 3.63.0,2026-02-19 18:49:27.959055
B*27:220,B*27:220,B,Bw4 - 80T,Bw4_80T,classified,T,DLRTLLR,Bw4 - 80T,HLAtools_protein_alignment,IPD-IMGT/HLA 3.63.0,2026-02-19 18:49:27.959055
B*27:221,B*27:221,B,Bw4 - 80T,Bw4_80T,classified,T,DLRTLLR,Bw4 - 80T,HLAtools_protein_alignment,IPD-IMGT/HLA 3.63.0,2026-02-19 18:49:27.959055
B*27:222,B*27:222,B,Bw4 - 80T,Bw4_80T,classified,T,SLRTLLR,Bw4 - 80T,HLAtools_protein_alignment,IPD-IMGT/HLA 3.63.0,2026-02-19 18:49:27.959055
B*27:224,B*27:224,B,Bw4 - 80T,Bw4_80T,classified,T,DLRTLLR,Bw4 - 80T,HLAtools_protein_alignment,IPD-IMGT/HLA 3.63.0,2026-02-19 18:49:27.959055
B*27:226,B*27:226,B,Bw4 - 80T,Bw4_80T,classified,T,SLRTLLR,Bw4 - 80T,HLAtools_protein_alignment,IPD-IMGT/HLA 3.63.0,2026-02-19 18:49:27.959055
B*27:227,B*27:227,B,Bw4 - 80T,Bw4_80T,classified,T,DLRTLLR,Bw4 - 80T,HLAtools_protein_alignment,IPD-IMGT/HLA 3.63.0,2026-02-19 18:49:27.959055
B*27:228,B*27:228,B,Bw4 - 80T,Bw4_80T,classified,T,DLRTLLR,Bw4 - 80T,HLAtools_protein_alignment,IPD-IMGT/HLA 3.63.0,2026-02-19 18:49:27.959055
B*27:229,B*27:229,B,Bw4 - 80T,Bw4_80T,classified,T,SLRTLLR,Bw4 - 80T,HLAtools_protein_alignment,IPD-IMGT/HLA 3.63.0,2026-02-19 18:49:27.959055
B*27:23,B*27:23,B,Bw4 - 80T,Bw4_80T,classified,T,SLRTLLR,Bw4 - 80T,HLAtools_protein_alignment,IPD-IMGT/HLA 3.63.0,2026-02-19 18:49:27.959055
B*27:230,B*27:230,B,Bw4 - 80T,Bw4_80T,classified,T,DLRTLLR,Bw4 - 80T,HLAtools_protein_alignment,IPD-IMGT/HLA 3.63.0,2026-02-19 18:49:27.959055
B*27:231,B*27:231,B,Bw4 - 80T,Bw4_80T,classified,T,DLRTLLR,Bw4 - 80T,HLAtools_protein_alignment,IPD-IMGT/HLA 3.63.0,2026-02-19 18:49:27.959055
B*27:232,B*27:232,B,Bw4 - 80I,Bw4_80I,classified,I,NLRIALR,Bw4 - 80I,HLAtools_protein_alignment,IPD-IMGT/HLA 3.63.0,2026-02-19 18:49:27.959055
B*27:233,B*27:233,B,Bw4 - 80T,Bw4_80T,classified,T,DLRTLLR,Bw4 - 80T,HLAtools_protein_alignment,IPD-IMGT/HLA 3.63.0,2026-02-19 18:49:27.959055
B*27:234,B*27:234,B,Bw4 - 80T,Bw4_80T,classified,T,DLRTLLR,Bw4 - 80T,HLAtools_protein_alignment,IPD-IMGT/HLA 3.63.0,2026-02-19 18:49:27.959055
B*27:235,B*27:235,B,Bw4 - 80T,Bw4_80T,classified,T,DLRTLLR,Bw4 - 80T,HLAtools_protein_alignment,IPD-IMGT/HLA 3.63.0,2026-02-19 18:49:27.959055
B*27:236,B*27:236,B,Bw4 - 80I,Bw4_80I,classified,I,NLRIALR,Bw4 - 80I,HLAtools_protein_alignment,IPD-IMGT/HLA 3.63.0,2026-02-19 18:49:27.959055
B*27:237,B*27:237,B,Bw4 - 80T,Bw4_80T,classified,T,DLRTLLR,Bw4 - 80T,HLAtools_protein_alignment,IPD-IMGT/HLA 3.63.0,2026-02-19 18:49:27.959055
B*27:238,B*27:238,B,Bw4 - 80T,Bw4_80T,classified,T,DLRTLLR,Bw4 - 80T,HLAtools_protein_alignment,IPD-IMGT/HLA 3.63.0,2026-02-19 18:49:27.959055
B*27:239,B*27:239,B,Bw4 - 80T,Bw4_80T,classified,T,DLRTLLR,Bw4 - 80T,HLAtools_protein_alignment,IPD-IMGT/HLA 3.63.0,2026-02-19 18:49:27.959055
B*27:24,B*27:24,B,Bw4 - 80T,Bw4_80T,classified,T,SLRTLLR,Bw4 - 80T,HLAtools_protein_alignment,IPD-IMGT/HLA 3.63.0,2026-02-19 18:49:27.959055
B*27:240,B*27:240,B,Bw4 - 80T,Bw4_80T,classified,T,SLRTLLR,Bw4 - 80T,HLAtools_protein_alignment,IPD-IMGT/HLA 3.63.0,2026-02-19 18:49:27.959055
B*27:241,B*27:241,B,Bw4 - 80T,Bw4_80T,classified,T,DLRTLLR,Bw4 - 80T,HLAtools_protein_alignment,IPD-IMGT/HLA 3.63.0,2026-02-19 18:49:27.959055
B*27:242,B*27:242,B,Bw6,Bw6,classified,N,SLRNLRG,Bw6,HLAtools_protein_alignment,IPD-IMGT/HLA 3.63.0,2026-02-19 18:49:27.959055
B*27:244,B*27:244,B,Bw4 - 80T,Bw4_80T,classified,T,DLRTLLR,Bw4 - 80T,HLAtools_protein_alignment,IPD-IMGT/HLA 3.63.0,2026-02-19 18:49:27.959055
B*27:245,B*27:245,B,Bw4 - 80I,Bw4_80I,classified,I,NLRIALR,Bw4 - 80I,HLAtools_protein_alignment,IPD-IMGT/HLA 3.63.0,2026-02-19 18:49:27.959055
B*27:247,B*27:247,B,Bw4 - 80T,Bw4_80T,classified,T,SLRTLLR,Bw4 - 80T,HLAtools_protein_alignment,IPD-IMGT/HLA 3.63.0,2026-02-19 18:49:27.959055
B*27:248,B*27:248,B,Bw4 - 80T,Bw4_80T,classified,T,DLRTLLR,Bw4 - 80T,HLAtools_protein_alignment,IPD-IMGT/HLA 3.63.0,2026-02-19 18:49:27.959055
B*27:249,B*27:249,B,Bw4 - 80T,Bw4_80T,classified,T,DLRTLLR,Bw4 - 80T,HLAtools_protein_alignment,IPD-IMGT/HLA 3.63.0,2026-02-19 18:49:27.959055
B*27:25,B*27:25,B,Bw4 - 80T,Bw4_80T,classified,T,SLRTLLR,Bw4 - 80T,HLAtools_protein_alignment,IPD-IMGT/HLA 3.63.0,2026-02-19 18:49:27.959055
B*27:250,B*27:250,B,Bw4 - 80T,Bw4_80T,classified,T,DLRTLLR,Bw4 - 80T,HLAtools_protein_alignment,IPD-IMGT/HLA 3.63.0,2026-02-19 18:49:27.959055
B*27:251,B*27:251,B,Bw4 - 80I,Bw4_80I,classified,I,NLRIALR,Bw4 - 80I,HLAtools_protein_alignment,IPD-IMGT/HLA 3.63.0,2026-02-19 18:49:27.959055
B*27:252,B*27:252,B,Bw4 - 80T,Bw4_80T,classified,T,DLRTLLR,Bw4 - 80T,HLAtools_protein_alignment,IPD-IMGT/HLA 3.63.0,2026-02-19 18:49:27.959055
B*27:253Q,B*27:253Q,B,Bw4 - 80T,Bw4_80T,classified,T,DLRTLLR,NA,HLAtools_protein_alignment,IPD-IMGT/HLA 3.63.0,2026-02-19 18:49:27.959055
B*27:255,B*27:255,B,Bw4 - 80T,Bw4_80T,classified,T,DLRTLLR,Bw4 - 80T,HLAtools_protein_alignment,IPD-IMGT/HLA 3.63.0,2026-02-19 18:49:27.959055
B*27:256,B*27:256,B,Bw4 - 80T,Bw4_80T,classified,T,DLRTLLR,Bw4 - 80T,HLAtools_protein_alignment,IPD-IMGT/HLA 3.63.0,2026-02-19 18:49:27.959055
B*27:257,B*27:257,B,Bw4 - 80T,Bw4_80T,classified,T,SLRTLLR,Bw4 - 80T,HLAtools_protein_alignment,IPD-IMGT/HLA 3.63.0,2026-02-19 18:49:27.959055
B*27:258,B*27:258,B,Bw4 - 80T,Bw4_80T,classified,T,DLRTLLR,Bw4 - 80T,HLAtools_protein_alignment,IPD-IMGT/HLA 3.63.0,2026-02-19 18:49:27.959055
B*27:259,B*27:259,B,Bw4 - 80T,Bw4_80T,classified,T,DLRTLLR,Bw4 - 80T,HLAtools_protein_alignment,IPD-IMGT/HLA 3.63.0,2026-02-19 18:49:27.959055
B*27:26,B*27:26,B,Bw6,Bw6,classified,N,SLRNLRG,Bw6,HLAtools_protein_alignment,IPD-IMGT/HLA 3.63.0,2026-02-19 18:49:27.959055
B*27:260,B*27:260,B,Bw6,Bw6,classified,T,DLRTLRG,Bw6,HLAtools_protein_alignment,IPD-IMGT/HLA 3.63.0,2026-02-19 18:49:27.959055
B*27:262,B*27:262,B,Bw4 - 80T,Bw4_80T,classified,T,NLRTLLR,Bw4 - 80T,HLAtools_protein_alignment,IPD-IMGT/HLA 3.63.0,2026-02-19 18:49:27.959055
B*27:264,B*27:264,B,Bw4 - 80T,Bw4_80T,classified,T,DLRTLLR,Bw4 - 80T,HLAtools_protein_alignment,IPD-IMGT/HLA 3.63.0,2026-02-19 18:49:27.959055
B*27:265,B*27:265,B,Bw4 - 80T,Bw4_80T,classified,T,DLRTLLR,Bw4 - 80T,HLAtools_protein_alignment,IPD-IMGT/HLA 3.63.0,2026-02-19 18:49:27.959055
B*27:266,B*27:266,B,Bw4 - 80T,Bw4_80T,classified,T,DLRTLLR,Bw4 - 80T,HLAtools_protein_alignment,IPD-IMGT/HLA 3.63.0,2026-02-19 18:49:27.959055
B*27:267,B*27:267,B,Bw4 - 80T,Bw4_80T,classified,T,SLRTLLR,Bw4 - 80T,HLAtools_protein_alignment,IPD-IMGT/HLA 3.63.0,2026-02-19 18:49:27.959055
B*27:268,B*27:268,B,Bw4 - 80T,Bw4_80T,classified,T,SLRTLLR,Bw4 - 80T,HLAtools_protein_alignment,IPD-IMGT/HLA 3.63.0,2026-02-19 18:49:27.959055
B*27:269,B*27:269,B,Bw4 - 80T,Bw4_80T,classified,T,SLRTLLR,Bw4 - 80T,HLAtools_protein_alignment,IPD-IMGT/HLA 3.63.0,2026-02-19 18:49:27.959055
B*27:27,B*27:27,B,Bw4 - 80T,Bw4_80T,classified,T,DLRTLLR,Bw4 - 80T,HLAtools_protein_alignment,IPD-IMGT/HLA 3.63.0,2026-02-19 18:49:27.959055
B*27:270,B*27:270,B,Bw4 - 80T,Bw4_80T,classified,T,DLRTLLR,Bw4 - 80T,HLAtools_protein_alignment,IPD-IMGT/HLA 3.63.0,2026-02-19 18:49:27.959055
B*27:271,B*27:271,B,Bw4 - 80T,Bw4_80T,classified,T,DLRTLPR,Bw4 - 80T,HLAtools_protein_alignment,IPD-IMGT/HLA 3.63.0,2026-02-19 18:49:27.959055
B*27:272,B*27:272,B,Bw4 - 80T,Bw4_80T,classified,T,DLRTLLR,Bw4 - 80T,HLAtools_protein_alignment,IPD-IMGT/HLA 3.63.0,2026-02-19 18:49:27.959055
B*27:273,B*27:273,B,Bw4 - 80T,Bw4_80T,classified,T,DLRTLLR,Bw4 - 80T,HLAtools_protein_alignment,IPD-IMGT/HLA 3.63.0,2026-02-19 18:49:27.959055
B*27:274,B*27:274,B,Bw4 - 80T,Bw4_80T,classified,T,DLRTLLR,Bw4 - 80T,HLAtools_protein_alignment,IPD-IMGT/HLA 3.63.0,2026-02-19 18:49:27.959055
B*27:275,B*27:275,B,Bw4 - 80I,Bw4_80I,classified,I,NLRIALR,Bw4 - 80I,HLAtools_protein_alignment,IPD-IMGT/HLA 3.63.0,2026-02-19 18:49:27.959055
B*27:276,B*27:276,B,Bw4 - 80T,Bw4_80T,classified,T,DLRTLLR,Bw4 - 80T,HLAtools_protein_alignment,IPD-IMGT/HLA 3.63.0,2026-02-19 18:49:27.959055
B*27:277,B*27:277,B,Bw4 - 80T,Bw4_80T,classified,T,DLRTLLR,Bw4 - 80T,HLAtools_protein_alignment,IPD-IMGT/HLA 3.63.0,2026-02-19 18:49:27.959055
B*27:278,B*27:278,B,Bw4 - 80T,Bw4_80T,classified,T,DLRTLLR,Bw4 - 80T,HLAtools_protein_alignment,IPD-IMGT/HLA 3.63.0,2026-02-19 18:49:27.959055
B*27:279,B*27:279,B,Bw6,Bw6,classified,N,SLRNLRG,Bw6,HLAtools_protein_alignment,IPD-IMGT/HLA 3.63.0,2026-02-19 18:49:27.959055
B*27:28,B*27:28,B,Bw4 - 80T,Bw4_80T,classified,T,DLRTLLR,Bw4 - 80T,HLAtools_protein_alignment,IPD-IMGT/HLA 3.63.0,2026-02-19 18:49:27.959055
B*27:280,B*27:280,B,Bw4 - 80T,Bw4_80T,classified,T,NLRTALR,Bw4 - 80T,HLAtools_protein_alignment,IPD-IMGT/HLA 3.63.0,2026-02-19 18:49:27.959055
B*27:281,B*27:281,B,Bw4 - 80T,Bw4_80T,classified,T,DLRTLLR,Bw4 - 80T,HLAtools_protein_alignment,IPD-IMGT/HLA 3.63.0,2026-02-19 18:49:27.959055
B*27:282,B*27:282,B,Bw4 - 80T,Bw4_80T,classified,T,DLRTLLR,Bw4 - 80T,HLAtools_protein_alignment,IPD-IMGT/HLA 3.63.0,2026-02-19 18:49:27.959055
B*27:283,B*27:283,B,Bw4 - 80T,Bw4_80T,classified,T,SLRTLLR,Bw4 - 80T,HLAtools_protein_alignment,IPD-IMGT/HLA 3.63.0,2026-02-19 18:49:27.959055
B*27:284,B*27:284,B,Bw4 - 80T,Bw4_80T,classified,T,DLRTLLR,Bw4 - 80T,HLAtools_protein_alignment,IPD-IMGT/HLA 3.63.0,2026-02-19 18:49:27.959055
B*27:285,B*27:285,B,Bw4 - 80I,Bw4_80I,classified,I,NLRIALR,Bw4 - 80I,HLAtools_protein_alignment,IPD-IMGT/HLA 3.63.0,2026-02-19 18:49:27.959055
B*27:286,B*27:286,B,Bw4 - 80T,Bw4_80T,classified,T,DLRTLLR,Bw4 - 80T,HLAtools_protein_alignment,IPD-IMGT/HLA 3.63.0,2026-02-19 18:49:27.959055
B*27:288,B*27:288,B,Bw4 - 80T,Bw4_80T,classified,T,DLRTLLR,Bw4 - 80T,HLAtools_protein_alignment,IPD-IMGT/HLA 3.63.0,2026-02-19 18:49:27.959055
B*27:289,B*27:289,B,Bw4 - 80T,Bw4_80T,classified,T,DLRTLLR,Bw4 - 80T,HLAtools_protein_alignment,IPD-IMGT/HLA 3.63.0,2026-02-19 18:49:27.959055
B*27:29,B*27:29,B,Bw4 - 80T,Bw4_80T,classified,T,DLRTLLR,Bw4 - 80T,HLAtools_protein_alignment,IPD-IMGT/HLA 3.63.0,2026-02-19 18:49:27.959055
B*27:290,B*27:290,B,Bw4 - 80T,Bw4_80T,classified,T,DLRTLLR,Bw4 - 80T,HLAtools_protein_alignment,IPD-IMGT/HLA 3.63.0,2026-02-19 18:49:27.959055
B*27:291,B*27:291,B,Bw4 - 80T,Bw4_80T,classified,T,DLRTLLR,Bw4 - 80T,HLAtools_protein_alignment,IPD-IMGT/HLA 3.63.0,2026-02-19 18:49:27.959055
B*27:292,B*27:292,B,Bw4 - 80T,Bw4_80T,classified,T,SLRTLLR,Bw4 - 80T,HLAtools_protein_alignment,IPD-IMGT/HLA 3.63.0,2026-02-19 18:49:27.959055
B*27:293,B*27:293,B,Bw4 - 80T,Bw4_80T,classified,T,DLRTLLR,Bw4 - 80T,HLAtools_protein_alignment,IPD-IMGT/HLA 3.63.0,2026-02-19 18:49:27.959055
B*27:294,B*27:294,B,Bw4 - 80T,Bw4_80T,classified,T,DLRTLLR,Bw4 - 80T,HLAtools_protein_alignment,IPD-IMGT/HLA 3.63.0,2026-02-19 18:49:27.959055
B*27:295,B*27:295,B,Bw4 - 80I,Bw4_80I,classified,I,NLRIALR,Bw4 - 80I,HLAtools_protein_alignment,IPD-IMGT/HLA 3.63.0,2026-02-19 18:49:27.959055
B*27:296,B*27:296,B,Bw4 - 80T,Bw4_80T,classified,T,DLRTLLR,Bw4 - 80T,HLAtools_protein_alignment,IPD-IMGT/HLA 3.63.0,2026-02-19 18:49:27.959055
B*27:297,B*27:297,B,Bw4 - 80T,Bw4_80T,classified,T,DLRTLLR,Bw4 - 80T,HLAtools_protein_alignment,IPD-IMGT/HLA 3.63.0,2026-02-19 18:49:27.959055
B*27:298,B*27:298,B,Bw4 - 80T,Bw4_80T,classified,T,DLRTLLR,Bw4 - 80T,HLAtools_protein_alignment,IPD-IMGT/HLA 3.63.0,2026-02-19 18:49:27.959055
B*27:299,B*27:299,B,Bw4 - 80T,Bw4_80T,classified,T,SLRTLLR,Bw4 - 80T,HLAtools_protein_alignment,IPD-IMGT/HLA 3.63.0,2026-02-19 18:49:27.959055
B*27:30,B*27:30,B,Bw4 - 80I,Bw4_80I,classified,I,NLRIALR,Bw4 - 80I,HLAtools_protein_alignment,IPD-IMGT/HLA 3.63.0,2026-02-19 18:49:27.959055
B*27:300,B*27:300,B,Bw4 - 80I,Bw4_80I,classified,I,NLRIALR,Bw4 - 80I,HLAtools_protein_alignment,IPD-IMGT/HLA 3.63.0,2026-02-19 18:49:27.959055
B*27:301,B*27:301,B,Bw4 - 80T,Bw4_80T,classified,T,DLRTLLR,Bw4 - 80T,HLAtools_protein_alignment,IPD-IMGT/HLA 3.63.0,2026-02-19 18:49:27.959055
B*27:302,B*27:302,B,Bw4 - 80T,Bw4_80T,classified,T,DLRTLLR,Bw4 - 80T,HLAtools_protein_alignment,IPD-IMGT/HLA 3.63.0,2026-02-19 18:49:27.959055
B*27:303,B*27:303,B,Bw4 - 80T,Bw4_80T,classified,T,DLRTLLR,Bw4 - 80T,HLAtools_protein_alignment,IPD-IMGT/HLA 3.63.0,2026-02-19 18:49:27.959055
B*27:31,B*27:31,B,Bw4 - 80T,Bw4_80T,classified,T,SLRTLLR,Bw4 - 80T,HLAtools_protein_alignment,IPD-IMGT/HLA 3.63.0,2026-02-19 18:49:27.959055
B*27:32,B*27:32,B,Bw4 - 80T,Bw4_80T,classified,T,DLRTLLR,Bw4 - 80T,HLAtools_protein_alignment,IPD-IMGT/HLA 3.63.0,2026-02-19 18:49:27.959055
B*27:33,B*27:33,B,Bw6,Bw6,classified,N,SLRNLRG,Bw6,HLAtools_protein_alignment,IPD-IMGT/HLA 3.63.0,2026-02-19 18:49:27.959055
B*27:34,B*27:34,B,Bw4 - 80T,Bw4_80T,classified,T,DLRTLLR,Bw4 - 80T,HLAtools_protein_alignment,IPD-IMGT/HLA 3.63.0,2026-02-19 18:49:27.959055
B*27:35,B*27:35,B,Bw4 - 80T,Bw4_80T,classified,T,DLRTLLR,Bw4 - 80T,HLAtools_protein_alignment,IPD-IMGT/HLA 3.63.0,2026-02-19 18:49:27.959055
B*27:36,B*27:36,B,Bw4 - 80T,Bw4_80T,classified,T,SLRTLLR,Bw4 - 80T,HLAtools_protein_alignment,IPD-IMGT/HLA 3.63.0,2026-02-19 18:49:27.959055
B*27:37,B*27:37,B,Bw4 - 80T,Bw4_80T,classified,T,DLRTLLR,Bw4 - 80T,HLAtools_protein_alignment,IPD-IMGT/HLA 3.63.0,2026-02-19 18:49:27.959055
B*27:38,B*27:38,B,Bw4 - 80T,Bw4_80T,classified,T,DLRTLLR,Bw4 - 80T,HLAtools_protein_alignment,IPD-IMGT/HLA 3.63.0,2026-02-19 18:49:27.959055
B*27:39,B*27:39,B,Bw4 - 80T,Bw4_80T,classified,T,DLRTLLR,Bw4 - 80T,HLAtools_protein_alignment,IPD-IMGT/HLA 3.63.0,2026-02-19 18:49:27.959055
B*27:40,B*27:40,B,Bw6,Bw6,classified,N,SLRNLRG,Bw6,HLAtools_protein_alignment,IPD-IMGT/HLA 3.63.0,2026-02-19 18:49:27.959055
B*27:41,B*27:41,B,Bw4 - 80T,Bw4_80T,classified,T,DLRTLLR,Bw4 - 80T,HLAtools_protein_alignment,IPD-IMGT/HLA 3.63.0,2026-02-19 18:49:27.959055
B*27:42,B*27:42,B,Bw6,Bw6,classified,N,DLRNLRG,NA,HLAtools_protein_alignment,IPD-IMGT/HLA 3.63.0,2026-02-19 18:49:27.959055
B*27:43,B*27:43,B,Bw4 - 80T,Bw4_80T,classified,T,DLRTLLR,Bw4 - 80T,HLAtools_protein_alignment,IPD-IMGT/HLA 3.63.0,2026-02-19 18:49:27.959055
B*27:44,B*27:44,B,Bw6,Bw6,classified,N,SLRNLRG,Bw6,HLAtools_protein_alignment,IPD-IMGT/HLA 3.63.0,2026-02-19 18:49:27.959055
B*27:45,B*27:45,B,Bw4 - 80T,Bw4_80T,classified,T,DLRTLLR,Bw4 - 80T,HLAtools_protein_alignment,IPD-IMGT/HLA 3.63.0,2026-02-19 18:49:27.959055
B*27:46,B*27:46,B,Bw4 - 80T,Bw4_80T,classified,T,DLRTLLR,Bw4 - 80T,HLAtools_protein_alignment,IPD-IMGT/HLA 3.63.0,2026-02-19 18:49:27.959055
B*27:47,B*27:47,B,Bw4 - 80T,Bw4_80T,classified,T,DLRTLLR,Bw4 - 80T,HLAtools_protein_alignment,IPD-IMGT/HLA 3.63.0,2026-02-19 18:49:27.959055
B*27:48,B*27:48,B,Bw4 - 80T,Bw4_80T,classified,T,DLRTLLR,Bw4 - 80T,HLAtools_protein_alignment,IPD-IMGT/HLA 3.63.0,2026-02-19 18:49:27.959055
B*27:49,B*27:49,B,Bw4 - 80T,Bw4_80T,classified,T,DLRTLFR,Bw4 - 80T,HLAtools_protein_alignment,IPD-IMGT/HLA 3.63.0,2026-02-19 18:49:27.959055
B*27:50,B*27:50,B,Bw4 - 80T,Bw4_80T,classified,T,DLRTLLR,Bw4 - 80T,HLAtools_protein_alignment,IPD-IMGT/HLA 3.63.0,2026-02-19 18:49:27.959055
B*27:51,B*27:51,B,Bw4 - 80T,Bw4_80T,classified,T,DLRTLLR,Bw4 - 80T,HLAtools_protein_alignment,IPD-IMGT/HLA 3.63.0,2026-02-19 18:49:27.959055
B*27:52,B*27:52,B,Bw4 - 80T,Bw4_80T,classified,T,DLRTLLR,Bw4 - 80T,HLAtools_protein_alignment,IPD-IMGT/HLA 3.63.0,2026-02-19 18:49:27.959055
B*27:53,B*27:53,B,Bw4 - 80I,Bw4_80I,classified,I,DLRIALR,NA,HLAtools_protein_alignment,IPD-IMGT/HLA 3.63.0,2026-02-19 18:49:27.959055
B*27:54,B*27:54,B,Bw4 - 80T,Bw4_80T,classified,T,DLRTLLR,Bw4 - 80T,HLAtools_protein_alignment,IPD-IMGT/HLA 3.63.0,2026-02-19 18:49:27.959055
B*27:55,B*27:55,B,Bw4 - 80T,Bw4_80T,classified,T,DLRTLLR,Bw4 - 80T,HLAtools_protein_alignment,IPD-IMGT/HLA 3.63.0,2026-02-19 18:49:27.959055
B*27:56,B*27:56,B,Bw4 - 80T,Bw4_80T,classified,T,DLRTLLR,Bw4 - 80T,HLAtools_protein_alignment,IPD-IMGT/HLA 3.63.0,2026-02-19 18:49:27.959055
B*27:57,B*27:57,B,Bw4 - 80I,Bw4_80I,classified,I,NLRIALR,Bw4 - 80I,HLAtools_protein_alignment,IPD-IMGT/HLA 3.63.0,2026-02-19 18:49:27.959055
B*27:58,B*27:58,B,Bw4 - 80T,Bw4_80T,classified,T,DLRTLLR,Bw4 - 80T,HLAtools_protein_alignment,IPD-IMGT/HLA 3.63.0,2026-02-19 18:49:27.959055
B*27:60,B*27:60,B,Bw4 - 80T,Bw4_80T,classified,T,DLRTLLR,Bw4 - 80T,HLAtools_protein_alignment,IPD-IMGT/HLA 3.63.0,2026-02-19 18:49:27.959055
B*27:61,B*27:61,B,Bw4 - 80T,Bw4_80T,classified,T,SLRTLLR,Bw4 - 80T,HLAtools_protein_alignment,IPD-IMGT/HLA 3.63.0,2026-02-19 18:49:27.959055
B*27:62,B*27:62,B,Bw4 - 80I,Bw4_80I,classified,I,NLRIALR,Bw4 - 80I,HLAtools_protein_alignment,IPD-IMGT/HLA 3.63.0,2026-02-19 18:49:27.959055
B*27:63,B*27:63,B,Bw4 - 80T,Bw4_80T,classified,T,SLRTLLR,Bw4 - 80T,HLAtools_protein_alignment,IPD-IMGT/HLA 3.63.0,2026-02-19 18:49:27.959055
B*27:67,B*27:67,B,Bw4 - 80T,Bw4_80T,classified,T,DLRTLLR,Bw4 - 80T,HLAtools_protein_alignment,IPD-IMGT/HLA 3.63.0,2026-02-19 18:49:27.959055
B*27:68,B*27:68,B,Bw4 - 80T,Bw4_80T,classified,T,SLRTLLR,Bw4 - 80T,HLAtools_protein_alignment,IPD-IMGT/HLA 3.63.0,2026-02-19 18:49:27.959055
B*27:69,B*27:69,B,Bw4 - 80T,Bw4_80T,classified,T,SLRTLLR,Bw4 - 80T,HLAtools_protein_alignment,IPD-IMGT/HLA 3.63.0,2026-02-19 18:49:27.959055
B*27:70,B*27:70,B,Bw4 - 80T,Bw4_80T,classified,T,DLRTLLR,Bw4 - 80T,HLAtools_protein_alignment,IPD-IMGT/HLA 3.63.0,2026-02-19 18:49:27.959055
B*27:71,B*27:71,B,Bw4 - 80T,Bw4_80T,classified,T,DLRTLLR,Bw4 - 80T,HLAtools_protein_alignment,IPD-IMGT/HLA 3.63.0,2026-02-19 18:49:27.959055
B*27:72,B*27:72,B,Bw4 - 80T,Bw4_80T,classified,T,DLRTLLR,Bw4 - 80T,HLAtools_protein_alignment,IPD-IMGT/HLA 3.63.0,2026-02-19 18:49:27.959055
B*27:73,B*27:73,B,Bw4 - 80T,Bw4_80T,classified,T,DLRTLLR,Bw4 - 80T,HLAtools_protein_alignment,IPD-IMGT/HLA 3.63.0,2026-02-19 18:49:27.959055
B*27:74,B*27:74,B,Bw4 - 80T,Bw4_80T,classified,T,DLRTLLR,Bw4 - 80T,HLAtools_protein_alignment,IPD-IMGT/HLA 3.63.0,2026-02-19 18:49:27.959055
B*27:75,B*27:75,B,Bw4 - 80I,Bw4_80I,classified,I,NLRIALR,Bw4 - 80I,HLAtools_protein_alignment,IPD-IMGT/HLA 3.63.0,2026-02-19 18:49:27.959055
B*27:76,B*27:76,B,Bw4 - 80T,Bw4_80T,classified,T,DLRTLLR,Bw4 - 80T,HLAtools_protein_alignment,IPD-IMGT/HLA 3.63.0,2026-02-19 18:49:27.959055
B*27:77,B*27:77,B,Bw4 - 80I,Bw4_80I,classified,I,NLRIALR,Bw4 - 80I,HLAtools_protein_alignment,IPD-IMGT/HLA 3.63.0,2026-02-19 18:49:27.959055
B*27:78,B*27:78,B,Bw4 - 80T,Bw4_80T,classified,T,DLRTLLR,Bw4 - 80T,HLAtools_protein_alignment,IPD-IMGT/HLA 3.63.0,2026-02-19 18:49:27.959055
B*27:79,B*27:79,B,Bw4 - 80T,Bw4_80T,classified,T,SLRTLLR,Bw4 - 80T,HLAtools_protein_alignment,IPD-IMGT/HLA 3.63.0,2026-02-19 18:49:27.959055
B*27:80,B*27:80,B,Bw4 - 80T,Bw4_80T,classified,T,DLRTLLR,Bw4 - 80T,HLAtools_protein_alignment,IPD-IMGT/HLA 3.63.0,2026-02-19 18:49:27.959055
B*27:81,B*27:81,B,Bw4 - 80T,Bw4_80T,classified,T,DLRTLLR,Bw4 - 80T,HLAtools_protein_alignment,IPD-IMGT/HLA 3.63.0,2026-02-19 18:49:27.959055
B*27:82,B*27:82,B,Bw4 - 80T,Bw4_80T,classified,T,DLRTLLR,Bw4 - 80T,HLAtools_protein_alignment,IPD-IMGT/HLA 3.63.0,2026-02-19 18:49:27.959055
B*27:83,B*27:83,B,Bw4 - 80I,Bw4_80I,classified,I,NLRIALR,Bw4 - 80I,HLAtools_protein_alignment,IPD-IMGT/HLA 3.63.0,2026-02-19 18:49:27.959055
B*27:84,B*27:84,B,Bw4 - 80T,Bw4_80T,classified,T,DLRTLLR,Bw4 - 80T,HLAtools_protein_alignment,IPD-IMGT/HLA 3.63.0,2026-02-19 18:49:27.959055
B*27:85,B*27:85,B,Bw4 - 80T,Bw4_80T,classified,T,DLRTLLR,Bw4 - 80T,HLAtools_protein_alignment,IPD-IMGT/HLA 3.63.0,2026-02-19 18:49:27.959055
B*27:86,B*27:86,B,Bw4 - 80T,Bw4_80T,classified,T,SLRTLLR,Bw4 - 80T,HLAtools_protein_alignment,IPD-IMGT/HLA 3.63.0,2026-02-19 18:49:27.959055
B*27:87,B*27:87,B,Bw4 - 80T,Bw4_80T,classified,T,DLRTLLR,Bw4 - 80T,HLAtools_protein_alignment,IPD-IMGT/HLA 3.63.0,2026-02-19 18:49:27.959055
B*27:88,B*27:88,B,Bw4 - 80T,Bw4_80T,classified,T,DLRTLLR,Bw4 - 80T,HLAtools_protein_alignment,IPD-IMGT/HLA 3.63.0,2026-02-19 18:49:27.959055
B*27:89,B*27:89,B,Bw6,Bw6,classified,N,NLRNLRG,NA,HLAtools_protein_alignment,IPD-IMGT/HLA 3.63.0,2026-02-19 18:49:27.959055
B*27:90,B*27:90,B,Bw4 - 80T,Bw4_80T,classified,T,DLRTLLR,Bw4 - 80T,HLAtools_protein_alignment,IPD-IMGT/HLA 3.63.0,2026-02-19 18:49:27.959055
B*27:91,B*27:91,B,Bw4 - 80T,Bw4_80T,classified,T,SLRTLLR,Bw4 - 80T,HLAtools_protein_alignment,IPD-IMGT/HLA 3.63.0,2026-02-19 18:49:27.959055
B*27:92,B*27:92,B,Bw4 - 80T,Bw4_80T,classified,T,DLRTLLR,Bw4 - 80T,HLAtools_protein_alignment,IPD-IMGT/HLA 3.63.0,2026-02-19 18:49:27.959055
B*27:93,B*27:93,B,Bw4 - 80T,Bw4_80T,classified,T,DLRTLLR,Bw4 - 80T,HLAtools_protein_alignment,IPD-IMGT/HLA 3.63.0,2026-02-19 18:49:27.959055
B*27:95,B*27:95,B,Bw4 - 80I,Bw4_80I,classified,I,NLRIALR,Bw4 - 80I,HLAtools_protein_alignment,IPD-IMGT/HLA 3.63.0,2026-02-19 18:49:27.959055
B*27:96,B*27:96,B,Bw4 - 80T,Bw4_80T,classified,T,DLRTLLR,Bw4 - 80T,HLAtools_protein_alignment,IPD-IMGT/HLA 3.63.0,2026-02-19 18:49:27.959055
B*27:97,B*27:97,B,Bw4 - 80T,Bw4_80T,classified,T,DLRTLLR,Bw4 - 80T,HLAtools_protein_alignment,IPD-IMGT/HLA 3.63.0,2026-02-19 18:49:27.959055
B*27:98,B*27:98,B,Bw4 - 80T,Bw4_80T,classified,T,DLRTLLR,Bw4 - 80T,HLAtools_protein_alignment,IPD-IMGT/HLA 3.63.0,2026-02-19 18:49:27.959055
B*27:99,B*27:99,B,Bw4 - 80T,Bw4_80T,classified,T,DLRTLLR,Bw4 - 80T,HLAtools_protein_alignment,IPD-IMGT/HLA 3.63.0,2026-02-19 18:49:27.959055
B*35:01,B*35:01,B,Bw6,Bw6,classified,N,SLRNLRG,Bw6,HLAtools_protein_alignment,IPD-IMGT/HLA 3.63.0,2026-02-19 18:49:27.959055
B*35:02,B*35:02,B,Bw6,Bw6,classified,N,SLRNLRG,Bw6,HLAtools_protein_alignment,IPD-IMGT/HLA 3.63.0,2026-02-19 18:49:27.959055
B*35:03,B*35:03,B,Bw6,Bw6,classified,N,SLRNLRG,Bw6,HLAtools_protein_alignment,IPD-IMGT/HLA 3.63.0,2026-02-19 18:49:27.959055
B*35:04,B*35:04,B,Bw6,Bw6,classified,N,SLRNLRG,Bw6,HLAtools_protein_alignment,IPD-IMGT/HLA 3.63.0,2026-02-19 18:49:27.959055
B*35:05,B*35:05,B,Bw6,Bw6,classified,N,SLRNLRG,Bw6,HLAtools_protein_alignment,IPD-IMGT/HLA 3.63.0,2026-02-19 18:49:27.959055
B*35:06,B*35:06,B,Bw6,Bw6,classified,N,SLRNLRG,Bw6,HLAtools_protein_alignment,IPD-IMGT/HLA 3.63.0,2026-02-19 18:49:27.959055
B*35:07,B*35:07,B,Bw6,Bw6,classified,N,SLRNLRG,Bw6,HLAtools_protein_alignment,IPD-IMGT/HLA 3.63.0,2026-02-19 18:49:27.959055
B*35:08,B*35:08,B,Bw6,Bw6,classified,N,SLRNLRG,Bw6,HLAtools_protein_alignment,IPD-IMGT/HLA 3.63.0,2026-02-19 18:49:27.959055
B*35:09,B*35:09,B,Bw6,Bw6,classified,N,SLRNLRG,Bw6,HLAtools_protein_alignment,IPD-IMGT/HLA 3.63.0,2026-02-19 18:49:27.959055
B*35:10,B*35:10,B,Bw6,Bw6,classified,N,SLRNLRG,Bw6,HLAtools_protein_alignment,IPD-IMGT/HLA 3.63.0,2026-02-19 18:49:27.959055
B*35:100,B*35:100,B,Bw6,Bw6,classified,N,SLRNLRG,Bw6,HLAtools_protein_alignment,IPD-IMGT/HLA 3.63.0,2026-02-19 18:49:27.959055
B*35:101,B*35:101,B,Bw6,Bw6,classified,N,SLRNLRG,Bw6,HLAtools_protein_alignment,IPD-IMGT/HLA 3.63.0,2026-02-19 18:49:27.959055
B*35:102,B*35:102,B,Bw6,Bw6,classified,N,SLRNLRG,Bw6,HLAtools_protein_alignment,IPD-IMGT/HLA 3.63.0,2026-02-19 18:49:27.959055
B*35:103,B*35:103,B,Bw6,Bw6,classified,N,SLRNLRG,Bw6,HLAtools_protein_alignment,IPD-IMGT/HLA 3.63.0,2026-02-19 18:49:27.959055
B*35:104,B*35:104,B,Bw6,Bw6,classified,N,SLRNLRG,Bw6,HLAtools_protein_alignment,IPD-IMGT/HLA 3.63.0,2026-02-19 18:49:27.959055
B*35:105,B*35:105,B,Bw6,Bw6,classified,N,SLRNLRG,Bw6,HLAtools_protein_alignment,IPD-IMGT/HLA 3.63.0,2026-02-19 18:49:27.959055
B*35:106,B*35:106,B,Bw6,Bw6,classified,N,SLRNLRG,Bw6,HLAtools_protein_alignment,IPD-IMGT/HLA 3.63.0,2026-02-19 18:49:27.959055
B*35:107,B*35:107,B,Bw6,Bw6,classified,N,SLRNLRG,Bw6,HLAtools_protein_alignment,IPD-IMGT/HLA 3.63.0,2026-02-19 18:49:27.959055
B*35:108,B*35:108,B,Bw6,Bw6,classified,N,SLRNLRG,Bw6,HLAtools_protein_alignment,IPD-IMGT/HLA 3.63.0,2026-02-19 18:49:27.959055
B*35:109,B*35:109,B,Bw6,Bw6,classified,N,SLRNLRG,Bw6,HLAtools_protein_alignment,IPD-IMGT/HLA 3.63.0,2026-02-19 18:49:27.959055
B*35:11,B*35:11,B,Bw6,Bw6,classified,N,SLRNLRG,Bw6,HLAtools_protein_alignment,IPD-IMGT/HLA 3.63.0,2026-02-19 18:49:27.959055
B*35:110,B*35:110,B,Bw6,Bw6,classified,N,SLRNLRG,Bw6,HLAtools_protein_alignment,IPD-IMGT/HLA 3.63.0,2026-02-19 18:49:27.959055
B*35:111,B*35:111,B,Bw6,Bw6,classified,N,SLRNLRG,Bw6,HLAtools_protein_alignment,IPD-IMGT/HLA 3.63.0,2026-02-19 18:49:27.959055
B*35:112,B*35:112,B,Bw6,Bw6,classified,N,SLRNLRG,Bw6,HLAtools_protein_alignment,IPD-IMGT/HLA 3.63.0,2026-02-19 18:49:27.959055
B*35:113,B*35:113,B,Bw6,Bw6,classified,N,SLRNLRG,Bw6,HLAtools_protein_alignment,IPD-IMGT/HLA 3.63.0,2026-02-19 18:49:27.959055
B*35:114,B*35:114,B,Bw6,Bw6,classified,N,SLRNLRG,Bw6,HLAtools_protein_alignment,IPD-IMGT/HLA 3.63.0,2026-02-19 18:49:27.959055
B*35:115,B*35:115,B,Bw6,Bw6,classified,N,SLRNLRG,Bw6,HLAtools_protein_alignment,IPD-IMGT/HLA 3.63.0,2026-02-19 18:49:27.959055
B*35:116,B*35:116,B,Bw6,Bw6,classified,N,SLRNLRG,Bw6,HLAtools_protein_alignment,IPD-IMGT/HLA 3.63.0,2026-02-19 18:49:27.959055
B*35:117,B*35:117,B,Bw6,Bw6,classified,N,SLRNLRG,Bw6,HLAtools_protein_alignment,IPD-IMGT/HLA 3.63.0,2026-02-19 18:49:27.959055
B*35:118,B*35:118,B,Bw6,Bw6,classified,N,SLRNLRG,Bw6,HLAtools_protein_alignment,IPD-IMGT/HLA 3.63.0,2026-02-19 18:49:27.959055
B*35:119,B*35:119,B,Bw6,Bw6,classified,N,SLRNLRG,Bw6,HLAtools_protein_alignment,IPD-IMGT/HLA 3.63.0,2026-02-19 18:49:27.959055
B*35:12,B*35:12,B,Bw6,Bw6,classified,N,SLRNLRG,Bw6,HLAtools_protein_alignment,IPD-IMGT/HLA 3.63.0,2026-02-19 18:49:27.959055
B*35:120,B*35:120,B,Bw6,Bw6,classified,N,SLRNLRG,Bw6,HLAtools_protein_alignment,IPD-IMGT/HLA 3.63.0,2026-02-19 18:49:27.959055
B*35:121,B*35:121,B,Bw6,Bw6,classified,N,SLRNLRG,Bw6,HLAtools_protein_alignment,IPD-IMGT/HLA 3.63.0,2026-02-19 18:49:27.959055
B*35:122,B*35:122,B,Bw6,Bw6,classified,N,SLRNLRG,Bw6,HLAtools_protein_alignment,IPD-IMGT/HLA 3.63.0,2026-02-19 18:49:27.959055
B*35:123,B*35:123,B,Bw6,Bw6,classified,N,SLRNLRG,Bw6,HLAtools_protein_alignment,IPD-IMGT/HLA 3.63.0,2026-02-19 18:49:27.959055
B*35:124,B*35:124,B,Bw6,Bw6,classified,N,SLRNLRG,Bw6,HLAtools_protein_alignment,IPD-IMGT/HLA 3.63.0,2026-02-19 18:49:27.959055
B*35:125,B*35:125,B,Bw6,Bw6,classified,N,SLRNLRG,Bw6,HLAtools_protein_alignment,IPD-IMGT/HLA 3.63.0,2026-02-19 18:49:27.959055
B*35:126,B*35:126,B,Bw6,Bw6,classified,N,SLRNLRG,Bw6,HLAtools_protein_alignment,IPD-IMGT/HLA 3.63.0,2026-02-19 18:49:27.959055
B*35:127,B*35:127,B,Bw6,Bw6,classified,N,SLRNLRG,Bw6,HLAtools_protein_alignment,IPD-IMGT/HLA 3.63.0,2026-02-19 18:49:27.959055
B*35:128,B*35:128,B,Bw6,Bw6,classified,N,SLRNLRG,Bw6,HLAtools_protein_alignment,IPD-IMGT/HLA 3.63.0,2026-02-19 18:49:27.959055
B*35:13,B*35:13,B,Bw6,Bw6,classified,N,SLRNLRG,Bw6,HLAtools_protein_alignment,IPD-IMGT/HLA 3.63.0,2026-02-19 18:49:27.959055
B*35:131,B*35:131,B,Bw6,Bw6,classified,N,SLRNLRG,Bw6,HLAtools_protein_alignment,IPD-IMGT/HLA 3.63.0,2026-02-19 18:49:27.959055
B*35:132,B*35:132,B,Bw6,Bw6,classified,N,SLRNLRG,Bw6,HLAtools_protein_alignment,IPD-IMGT/HLA 3.63.0,2026-02-19 18:49:27.959055
B*35:133,B*35:133,B,Bw6,Bw6,classified,N,SLRNLRG,Bw6,HLAtools_protein_alignment,IPD-IMGT/HLA 3.63.0,2026-02-19 18:49:27.959055
B*35:135,B*35:135,B,Bw6,Bw6,classified,N,SLRNLRG,Bw6,HLAtools_protein_alignment,IPD-IMGT/HLA 3.63.0,2026-02-19 18:49:27.959055
B*35:136,B*35:136,B,Bw6,Bw6,classified,N,SLRNLRG,Bw6,HLAtools_protein_alignment,IPD-IMGT/HLA 3.63.0,2026-02-19 18:49:27.959055
B*35:137,B*35:137,B,Bw6,Bw6,classified,N,SLRNLRG,Bw6,HLAtools_protein_alignment,IPD-IMGT/HLA 3.63.0,2026-02-19 18:49:27.959055
B*35:138,B*35:138,B,Bw6,Bw6,classified,N,SLRNLRG,Bw6,HLAtools_protein_alignment,IPD-IMGT/HLA 3.63.0,2026-02-19 18:49:27.959055
B*35:139,B*35:139,B,Bw6,Bw6,classified,N,SLRNLRG,Bw6,HLAtools_protein_alignment,IPD-IMGT/HLA 3.63.0,2026-02-19 18:49:27.959055
B*35:14,B*35:14,B,Bw6,Bw6,classified,N,SLRNLRG,Bw6,HLAtools_protein_alignment,IPD-IMGT/HLA 3.63.0,2026-02-19 18:49:27.959055
B*35:140,B*35:140,B,Bw6,Bw6,classified,N,SLRNLRG,Bw6,HLAtools_protein_alignment,IPD-IMGT/HLA 3.63.0,2026-02-19 18:49:27.959055
B*35:141,B*35:141,B,Bw6,Bw6,classified,N,SLRNLRG,Bw6,HLAtools_protein_alignment,IPD-IMGT/HLA 3.63.0,2026-02-19 18:49:27.959055
B*35:142,B*35:142,B,Bw6,Bw6,classified,N,SLRNLRG,Bw6,HLAtools_protein_alignment,IPD-IMGT/HLA 3.63.0,2026-02-19 18:49:27.959055
B*35:143,B*35:143,B,Bw6,Bw6,classified,N,SLRNLRG,Bw6,HLAtools_protein_alignment,IPD-IMGT/HLA 3.63.0,2026-02-19 18:49:27.959055
B*35:144,B*35:144,B,Bw6,Bw6,classified,N,SLRNLRG,Bw6,HLAtools_protein_alignment,IPD-IMGT/HLA 3.63.0,2026-02-19 18:49:27.959055
B*35:146,B*35:146,B,Bw6,Bw6,classified,N,SLRNLRG,Bw6,HLAtools_protein_alignment,IPD-IMGT/HLA 3.63.0,2026-02-19 18:49:27.959055
B*35:147,B*35:147,B,Bw6,Bw6,classified,N,SLRNLRG,Bw6,HLAtools_protein_alignment,IPD-IMGT/HLA 3.63.0,2026-02-19 18:49:27.959055
B*35:148,B*35:148,B,Bw6,Bw6,classified,N,SLRNLRG,Bw6,HLAtools_protein_alignment,IPD-IMGT/HLA 3.63.0,2026-02-19 18:49:27.959055
B*35:149,B*35:149,B,Bw6,Bw6,classified,N,SLRNLRG,Bw6,HLAtools_protein_alignment,IPD-IMGT/HLA 3.63.0,2026-02-19 18:49:27.959055
B*35:15,B*35:15,B,Bw6,Bw6,classified,N,SLRNLRG,Bw6,HLAtools_protein_alignment,IPD-IMGT/HLA 3.63.0,2026-02-19 18:49:27.959055
B*35:150,B*35:150,B,Bw6,Bw6,classified,N,SLRNLRG,Bw6,HLAtools_protein_alignment,IPD-IMGT/HLA 3.63.0,2026-02-19 18:49:27.959055
B*35:151,B*35:151,B,Bw6,Bw6,classified,N,SLRNLRG,Bw6,HLAtools_protein_alignment,IPD-IMGT/HLA 3.63.0,2026-02-19 18:49:27.959055
B*35:152,B*35:152,B,Bw6,Bw6,classified,N,SLRNLRG,Bw6,HLAtools_protein_alignment,IPD-IMGT/HLA 3.63.0,2026-02-19 18:49:27.959055
B*35:153,B*35:153,B,Bw6,Bw6,classified,N,SLRNLRG,Bw6,HLAtools_protein_alignment,IPD-IMGT/HLA 3.63.0,2026-02-19 18:49:27.959055
B*35:154,B*35:154,B,Bw6,Bw6,classified,N,SLRNLRG,Bw6,HLAtools_protein_alignment,IPD-IMGT/HLA 3.63.0,2026-02-19 18:49:27.959055
B*35:155,B*35:155,B,Bw6,Bw6,classified,N,SLRNLRG,Bw6,HLAtools_protein_alignment,IPD-IMGT/HLA 3.63.0,2026-02-19 18:49:27.959055
B*35:156,B*35:156,B,Bw6,Bw6,classified,N,SLRNLRG,Bw6,HLAtools_protein_alignment,IPD-IMGT/HLA 3.63.0,2026-02-19 18:49:27.959055
B*35:157,B*35:157,B,Bw6,Bw6,classified,N,SLRNLRG,Bw6,HLAtools_protein_alignment,IPD-IMGT/HLA 3.63.0,2026-02-19 18:49:27.959055
B*35:158,B*35:158,B,Bw6,Bw6,classified,N,SLRNLRG,Bw6,HLAtools_protein_alignment,IPD-IMGT/HLA 3.63.0,2026-02-19 18:49:27.959055
B*35:159,B*35:159,B,Bw6,Bw6,classified,N,SLRNLRG,Bw6,HLAtools_protein_alignment,IPD-IMGT/HLA 3.63.0,2026-02-19 18:49:27.959055
B*35:16,B*35:16,B,Bw6,Bw6,classified,N,SLRNLRG,Bw6,HLAtools_protein_alignment,IPD-IMGT/HLA 3.63.0,2026-02-19 18:49:27.959055
B*35:160,B*35:160,B,Non-canonical,NonCanonical,non_canonical_83,N,SLRNLRV,Bw6,HLAtools_protein_alignment,IPD-IMGT/HLA 3.63.0,2026-02-19 18:49:27.959055
B*35:161,B*35:161,B,Bw6,Bw6,classified,N,SLRNLRG,Bw6,HLAtools_protein_alignment,IPD-IMGT/HLA 3.63.0,2026-02-19 18:49:27.959055
B*35:162,B*35:162,B,Bw6,Bw6,classified,N,SLRNLRG,Bw6,HLAtools_protein_alignment,IPD-IMGT/HLA 3.63.0,2026-02-19 18:49:27.959055
B*35:163,B*35:163,B,Bw6,Bw6,classified,N,SLRNLRG,Bw6,HLAtools_protein_alignment,IPD-IMGT/HLA 3.63.0,2026-02-19 18:49:27.959055
B*35:164,B*35:164,B,Bw6,Bw6,classified,N,SLRNLRG,Bw6,HLAtools_protein_alignment,IPD-IMGT/HLA 3.63.0,2026-02-19 18:49:27.959055
B*35:166,B*35:166,B,Bw6,Bw6,classified,N,SLRNLRG,Bw6,HLAtools_protein_alignment,IPD-IMGT/HLA 3.63.0,2026-02-19 18:49:27.959055
B*35:167,B*35:167,B,Bw6,Bw6,classified,N,SLRNLRG,Bw6,HLAtools_protein_alignment,IPD-IMGT/HLA 3.63.0,2026-02-19 18:49:27.959055
B*35:168,B*35:168,B,Bw6,Bw6,classified,N,SLRNLRG,Bw6,HLAtools_protein_alignment,IPD-IMGT/HLA 3.63.0,2026-02-19 18:49:27.959055
B*35:169,B*35:169,B,Bw6,Bw6,classified,N,SLRNLRG,Bw6,HLAtools_protein_alignment,IPD-IMGT/HLA 3.63.0,2026-02-19 18:49:27.959055
B*35:17,B*35:17,B,Bw6,Bw6,classified,N,SLRNLRG,Bw6,HLAtools_protein_alignment,IPD-IMGT/HLA 3.63.0,2026-02-19 18:49:27.959055
B*35:170,B*35:170,B,Bw6,Bw6,classified,N,SLRNLRG,Bw6,HLAtools_protein_alignment,IPD-IMGT/HLA 3.63.0,2026-02-19 18:49:27.959055
B*35:171,B*35:171,B,Bw6,Bw6,classified,N,SLRNLRG,Bw6,HLAtools_protein_alignment,IPD-IMGT/HLA 3.63.0,2026-02-19 18:49:27.959055
B*35:172,B*35:172,B,Bw6,Bw6,classified,N,SLRNLRG,Bw6,HLAtools_protein_alignment,IPD-IMGT/HLA 3.63.0,2026-02-19 18:49:27.959055
B*35:174,B*35:174,B,Bw6,Bw6,classified,N,SLRNLRG,Bw6,HLAtools_protein_alignment,IPD-IMGT/HLA 3.63.0,2026-02-19 18:49:27.959055
B*35:175,B*35:175,B,Bw6,Bw6,classified,N,SLRNLRG,Bw6,HLAtools_protein_alignment,IPD-IMGT/HLA 3.63.0,2026-02-19 18:49:27.959055
B*35:176,B*35:176,B,Bw6,Bw6,classified,N,SLRNLRG,Bw6,HLAtools_protein_alignment,IPD-IMGT/HLA 3.63.0,2026-02-19 18:49:27.959055
B*35:177,B*35:177,B,Bw6,Bw6,classified,N,SLRNLRG,Bw6,HLAtools_protein_alignment,IPD-IMGT/HLA 3.63.0,2026-02-19 18:49:27.959055
B*35:178,B*35:178,B,Bw6,Bw6,classified,N,SLRNLRG,Bw6,HLAtools_protein_alignment,IPD-IMGT/HLA 3.63.0,2026-02-19 18:49:27.959055
B*35:179,B*35:179,B,Bw6,Bw6,classified,N,SLRNLRG,Bw6,HLAtools_protein_alignment,IPD-IMGT/HLA 3.63.0,2026-02-19 18:49:27.959055
B*35:18,B*35:18,B,Bw6,Bw6,classified,N,SLRNLRG,Bw6,HLAtools_protein_alignment,IPD-IMGT/HLA 3.63.0,2026-02-19 18:49:27.959055
B*35:180,B*35:180,B,Bw6,Bw6,classified,N,SLRNLRG,Bw6,HLAtools_protein_alignment,IPD-IMGT/HLA 3.63.0,2026-02-19 18:49:27.959055
B*35:181,B*35:181,B,Bw6,Bw6,classified,N,SLRNLRG,Bw6,HLAtools_protein_alignment,IPD-IMGT/HLA 3.63.0,2026-02-19 18:49:27.959055
B*35:182,B*35:182,B,Bw6,Bw6,classified,N,SLRNLRG,Bw6,HLAtools_protein_alignment,IPD-IMGT/HLA 3.63.0,2026-02-19 18:49:27.959055
B*35:183,B*35:183,B,Bw6,Bw6,classified,N,SLRNLRG,Bw6,HLAtools_protein_alignment,IPD-IMGT/HLA 3.63.0,2026-02-19 18:49:27.959055
B*35:184,B*35:184,B,Bw6,Bw6,classified,N,SLRNLRG,Bw6,HLAtools_protein_alignment,IPD-IMGT/HLA 3.63.0,2026-02-19 18:49:27.959055
B*35:185,B*35:185,B,Bw6,Bw6,classified,N,NLRNLRG,NA,HLAtools_protein_alignment,IPD-IMGT/HLA 3.63.0,2026-02-19 18:49:27.959055
B*35:186,B*35:186,B,Bw6,Bw6,classified,N,SLRNLRG,Bw6,HLAtools_protein_alignment,IPD-IMGT/HLA 3.63.0,2026-02-19 18:49:27.959055
B*35:187,B*35:187,B,Bw6,Bw6,classified,N,SLRNLRG,Bw6,HLAtools_protein_alignment,IPD-IMGT/HLA 3.63.0,2026-02-19 18:49:27.959055
B*35:188,B*35:188,B,Bw6,Bw6,classified,N,SLRNLRG,Bw6,HLAtools_protein_alignment,IPD-IMGT/HLA 3.63.0,2026-02-19 18:49:27.959055
B*35:189,B*35:189,B,Bw6,Bw6,classified,N,SLRNLRG,Bw6,HLAtools_protein_alignment,IPD-IMGT/HLA 3.63.0,2026-02-19 18:49:27.959055
B*35:19,B*35:19,B,Bw6,Bw6,classified,N,SLRNLRG,Bw6,HLAtools_protein_alignment,IPD-IMGT/HLA 3.63.0,2026-02-19 18:49:27.959055
B*35:190,B*35:190,B,Bw6,Bw6,classified,N,SLRNLRG,Bw6,HLAtools_protein_alignment,IPD-IMGT/HLA 3.63.0,2026-02-19 18:49:27.959055
B*35:191,B*35:191,B,Bw6,Bw6,classified,N,SLRNLRG,Bw6,HLAtools_protein_alignment,IPD-IMGT/HLA 3.63.0,2026-02-19 18:49:27.959055
B*35:192,B*35:192,B,Bw6,Bw6,classified,N,SLRNLRG,Bw6,HLAtools_protein_alignment,IPD-IMGT/HLA 3.63.0,2026-02-19 18:49:27.959055
B*35:193,B*35:193,B,Bw6,Bw6,classified,N,SLRNLRG,Bw6,HLAtools_protein_alignment,IPD-IMGT/HLA 3.63.0,2026-02-19 18:49:27.959055
B*35:194,B*35:194,B,Bw6,Bw6,classified,N,SLRNLRG,Bw6,HLAtools_protein_alignment,IPD-IMGT/HLA 3.63.0,2026-02-19 18:49:27.959055
B*35:195,B*35:195,B,Bw6,Bw6,classified,N,SLRNLRG,Bw6,HLAtools_protein_alignment,IPD-IMGT/HLA 3.63.0,2026-02-19 18:49:27.959055
B*35:196,B*35:196,B,Bw6,Bw6,classified,N,SLRNLRG,Bw6,HLAtools_protein_alignment,IPD-IMGT/HLA 3.63.0,2026-02-19 18:49:27.959055
B*35:197,B*35:197,B,Bw6,Bw6,classified,N,SLRNLRG,Bw6,HLAtools_protein_alignment,IPD-IMGT/HLA 3.63.0,2026-02-19 18:49:27.959055
B*35:198,B*35:198,B,Bw6,Bw6,classified,N,SLRNLRG,Bw6,HLAtools_protein_alignment,IPD-IMGT/HLA 3.63.0,2026-02-19 18:49:27.959055
B*35:199,B*35:199,B,Bw6,Bw6,classified,N,SLRNLRG,Bw6,HLAtools_protein_alignment,IPD-IMGT/HLA 3.63.0,2026-02-19 18:49:27.959055
B*35:20,B*35:20,B,Bw6,Bw6,classified,N,SLRNLRG,Bw6,HLAtools_protein_alignment,IPD-IMGT/HLA 3.63.0,2026-02-19 18:49:27.959055
B*35:200,B*35:200,B,Bw6,Bw6,classified,N,SLRNLRG,Bw6,HLAtools_protein_alignment,IPD-IMGT/HLA 3.63.0,2026-02-19 18:49:27.959055
B*35:201,B*35:201,B,Bw6,Bw6,classified,N,SLRNLRG,Bw6,HLAtools_protein_alignment,IPD-IMGT/HLA 3.63.0,2026-02-19 18:49:27.959055
B*35:202,B*35:202,B,Bw6,Bw6,classified,N,SLRNLRG,Bw6,HLAtools_protein_alignment,IPD-IMGT/HLA 3.63.0,2026-02-19 18:49:27.959055
B*35:203,B*35:203,B,Bw6,Bw6,classified,N,DLRNLRG,NA,HLAtools_protein_alignment,IPD-IMGT/HLA 3.63.0,2026-02-19 18:49:27.959055
B*35:204,B*35:204,B,Bw6,Bw6,classified,N,SLRNLRG,Bw6,HLAtools_protein_alignment,IPD-IMGT/HLA 3.63.0,2026-02-19 18:49:27.959055
B*35:205,B*35:205,B,Bw6,Bw6,classified,N,SLRNLRG,Bw6,HLAtools_protein_alignment,IPD-IMGT/HLA 3.63.0,2026-02-19 18:49:27.959055
B*35:206,B*35:206,B,Bw6,Bw6,classified,N,SLRNLRG,Bw6,HLAtools_protein_alignment,IPD-IMGT/HLA 3.63.0,2026-02-19 18:49:27.959055
B*35:207,B*35:207,B,Bw6,Bw6,classified,N,SLRNLRG,Bw6,HLAtools_protein_alignment,IPD-IMGT/HLA 3.63.0,2026-02-19 18:49:27.959055
B*35:208,B*35:208,B,Bw6,Bw6,classified,N,SLRNLRG,Bw6,HLAtools_protein_alignment,IPD-IMGT/HLA 3.63.0,2026-02-19 18:49:27.959055
B*35:209,B*35:209,B,Bw6,Bw6,classified,N,SLRNLRG,Bw6,HLAtools_protein_alignment,IPD-IMGT/HLA 3.63.0,2026-02-19 18:49:27.959055
B*35:21,B*35:21,B,Bw6,Bw6,classified,N,SLRNLRG,Bw6,HLAtools_protein_alignment,IPD-IMGT/HLA 3.63.0,2026-02-19 18:49:27.959055
B*35:210,B*35:210,B,Bw6,Bw6,classified,N,SLRNLRG,Bw6,HLAtools_protein_alignment,IPD-IMGT/HLA 3.63.0,2026-02-19 18:49:27.959055
B*35:211,B*35:211,B,Bw6,Bw6,classified,N,SLRNLRG,Bw6,HLAtools_protein_alignment,IPD-IMGT/HLA 3.63.0,2026-02-19 18:49:27.959055
B*35:212,B*35:212,B,Bw6,Bw6,classified,N,SLRNLRG,Bw6,HLAtools_protein_alignment,IPD-IMGT/HLA 3.63.0,2026-02-19 18:49:27.959055
B*35:213,B*35:213,B,Bw6,Bw6,classified,N,SLRNLRG,Bw6,HLAtools_protein_alignment,IPD-IMGT/HLA 3.63.0,2026-02-19 18:49:27.959055
B*35:214,B*35:214,B,Bw6,Bw6,classified,N,SLRNLRG,Bw6,HLAtools_protein_alignment,IPD-IMGT/HLA 3.63.0,2026-02-19 18:49:27.959055
B*35:215,B*35:215,B,Bw6,Bw6,classified,N,SLRNLRG,Bw6,HLAtools_protein_alignment,IPD-IMGT/HLA 3.63.0,2026-02-19 18:49:27.959055
B*35:217,B*35:217,B,Bw6,Bw6,classified,N,SLRNLRG,Bw6,HLAtools_protein_alignment,IPD-IMGT/HLA 3.63.0,2026-02-19 18:49:27.959055
B*35:218,B*35:218,B,Bw6,Bw6,classified,N,SLRNLRG,Bw6,HLAtools_protein_alignment,IPD-IMGT/HLA 3.63.0,2026-02-19 18:49:27.959055
B*35:219,B*35:219,B,Bw6,Bw6,classified,N,SLRNLRG,Bw6,HLAtools_protein_alignment,IPD-IMGT/HLA 3.63.0,2026-02-19 18:49:27.959055
B*35:22,B*35:22,B,Bw6,Bw6,classified,N,SLRNLRG,Bw6,HLAtools_protein_alignment,IPD-IMGT/HLA 3.63.0,2026-02-19 18:49:27.959055
B*35:220,B*35:220,B,Bw6,Bw6,classified,N,SLRNLRG,Bw6,HLAtools_protein_alignment,IPD-IMGT/HLA 3.63.0,2026-02-19 18:49:27.959055
B*35:221,B*35:221,B,Bw6,Bw6,classified,N,SLRNLRG,Bw6,HLAtools_protein_alignment,IPD-IMGT/HLA 3.63.0,2026-02-19 18:49:27.959055
B*35:222,B*35:222,B,Bw6,Bw6,classified,K,SLRKLRG,NA,HLAtools_protein_alignment,IPD-IMGT/HLA 3.63.0,2026-02-19 18:49:27.959055
B*35:223,B*35:223,B,Bw6,Bw6,classified,N,SLRNLRG,Bw6,HLAtools_protein_alignment,IPD-IMGT/HLA 3.63.0,2026-02-19 18:49:27.959055
B*35:224,B*35:224,B,Bw6,Bw6,classified,N,SLRNLRG,Bw6,HLAtools_protein_alignment,IPD-IMGT/HLA 3.63.0,2026-02-19 18:49:27.959055
B*35:225,B*35:225,B,Bw6,Bw6,classified,N,SLRNLRG,Bw6,HLAtools_protein_alignment,IPD-IMGT/HLA 3.63.0,2026-02-19 18:49:27.959055
B*35:226,B*35:226,B,Bw6,Bw6,classified,N,SLRNLRG,Bw6,HLAtools_protein_alignment,IPD-IMGT/HLA 3.63.0,2026-02-19 18:49:27.959055
B*35:227,B*35:227,B,Bw6,Bw6,classified,N,SLRNLRG,Bw6,HLAtools_protein_alignment,IPD-IMGT/HLA 3.63.0,2026-02-19 18:49:27.959055
B*35:228,B*35:228,B,Bw6,Bw6,classified,N,SLRNLRG,Bw6,HLAtools_protein_alignment,IPD-IMGT/HLA 3.63.0,2026-02-19 18:49:27.959055
B*35:229,B*35:229,B,Bw6,Bw6,classified,N,SLRNLRG,Bw6,HLAtools_protein_alignment,IPD-IMGT/HLA 3.63.0,2026-02-19 18:49:27.959055
B*35:23,B*35:23,B,Bw6,Bw6,classified,N,SLRNLRG,Bw6,HLAtools_protein_alignment,IPD-IMGT/HLA 3.63.0,2026-02-19 18:49:27.959055
B*35:230,B*35:230,B,Bw6,Bw6,classified,N,SLRNLRG,Bw6,HLAtools_protein_alignment,IPD-IMGT/HLA 3.63.0,2026-02-19 18:49:27.959055
B*35:231,B*35:231,B,Bw6,Bw6,classified,N,SLRNLRG,Bw6,HLAtools_protein_alignment,IPD-IMGT/HLA 3.63.0,2026-02-19 18:49:27.959055
B*35:232,B*35:232,B,Bw6,Bw6,classified,N,SLRNLRG,Bw6,HLAtools_protein_alignment,IPD-IMGT/HLA 3.63.0,2026-02-19 18:49:27.959055
B*35:233,B*35:233,B,Bw6,Bw6,classified,N,SLRNLRG,Bw6,HLAtools_protein_alignment,IPD-IMGT/HLA 3.63.0,2026-02-19 18:49:27.959055
B*35:234,B*35:234,B,Bw6,Bw6,classified,N,SLRNLRG,Bw6,HLAtools_protein_alignment,IPD-IMGT/HLA 3.63.0,2026-02-19 18:49:27.959055
B*35:235,B*35:235,B,Bw6,Bw6,classified,N,SLRNLRG,Bw6,HLAtools_protein_alignment,IPD-IMGT/HLA 3.63.0,2026-02-19 18:49:27.959055
B*35:236,B*35:236,B,Bw6,Bw6,classified,N,SLRNLRG,Bw6,HLAtools_protein_alignment,IPD-IMGT/HLA 3.63.0,2026-02-19 18:49:27.959055
B*35:237,B*35:237,B,Bw6,Bw6,classified,N,SLRNLRG,Bw6,HLAtools_protein_alignment,IPD-IMGT/HLA 3.63.0,2026-02-19 18:49:27.959055
B*35:238,B*35:238,B,Bw6,Bw6,classified,N,SLRNLRG,Bw6,HLAtools_protein_alignment,IPD-IMGT/HLA 3.63.0,2026-02-19 18:49:27.959055
B*35:239,B*35:239,B,Bw6,Bw6,classified,N,SLRNLRG,Bw6,HLAtools_protein_alignment,IPD-IMGT/HLA 3.63.0,2026-02-19 18:49:27.959055
B*35:24,B*35:24,B,Bw6,Bw6,classified,N,SLRNLRG,Bw6,HLAtools_protein_alignment,IPD-IMGT/HLA 3.63.0,2026-02-19 18:49:27.959055
B*35:240,B*35:240,B,Bw6,Bw6,classified,N,SLRNLRG,Bw6,HLAtools_protein_alignment,IPD-IMGT/HLA 3.63.0,2026-02-19 18:49:27.959055
B*35:241,B*35:241,B,Bw6,Bw6,classified,N,SLRNLRG,Bw6,HLAtools_protein_alignment,IPD-IMGT/HLA 3.63.0,2026-02-19 18:49:27.959055
B*35:242,B*35:242,B,Bw6,Bw6,classified,N,SLRNLRG,Bw6,HLAtools_protein_alignment,IPD-IMGT/HLA 3.63.0,2026-02-19 18:49:27.959055
B*35:243,B*35:243,B,Bw6,Bw6,classified,N,SLRNLRG,Bw6,HLAtools_protein_alignment,IPD-IMGT/HLA 3.63.0,2026-02-19 18:49:27.959055
B*35:244,B*35:244,B,Bw6,Bw6,classified,N,SLRNLRG,Bw6,HLAtools_protein_alignment,IPD-IMGT/HLA 3.63.0,2026-02-19 18:49:27.959055
B*35:245,B*35:245,B,Bw6,Bw6,classified,N,SLRNLRG,Bw6,HLAtools_protein_alignment,IPD-IMGT/HLA 3.63.0,2026-02-19 18:49:27.959055
B*35:246,B*35:246,B,Bw6,Bw6,classified,N,SLRNLRG,Bw6,HLAtools_protein_alignment,IPD-IMGT/HLA 3.63.0,2026-02-19 18:49:27.959055
B*35:247,B*35:247,B,Bw6,Bw6,classified,N,SLRNLRG,Bw6,HLAtools_protein_alignment,IPD-IMGT/HLA 3.63.0,2026-02-19 18:49:27.959055
B*35:248,B*35:248,B,Bw6,Bw6,classified,N,SLRNQRG,Bw6,HLAtools_protein_alignment,IPD-IMGT/HLA 3.63.0,2026-02-19 18:49:27.959055
B*35:249,B*35:249,B,Bw6,Bw6,classified,N,SLRNLRG,Bw6,HLAtools_protein_alignment,IPD-IMGT/HLA 3.63.0,2026-02-19 18:49:27.959055
B*35:25,B*35:25,B,Bw6,Bw6,classified,N,SLRNLRG,Bw6,HLAtools_protein_alignment,IPD-IMGT/HLA 3.63.0,2026-02-19 18:49:27.959055
B*35:250,B*35:250,B,Bw6,Bw6,classified,N,SLRNLRG,Bw6,HLAtools_protein_alignment,IPD-IMGT/HLA 3.63.0,2026-02-19 18:49:27.959055
B*35:251,B*35:251,B,Bw6,Bw6,classified,N,SLRNLRG,Bw6,HLAtools_protein_alignment,IPD-IMGT/HLA 3.63.0,2026-02-19 18:49:27.959055
B*35:252,B*35:252,B,Bw6,Bw6,classified,N,SLRNLRG,Bw6,HLAtools_protein_alignment,IPD-IMGT/HLA 3.63.0,2026-02-19 18:49:27.959055
B*35:253,B*35:253,B,Bw6,Bw6,classified,N,SLRNLRG,Bw6,HLAtools_protein_alignment,IPD-IMGT/HLA 3.63.0,2026-02-19 18:49:27.959055
B*35:254,B*35:254,B,Bw6,Bw6,classified,N,SLRNLRG,Bw6,HLAtools_protein_alignment,IPD-IMGT/HLA 3.63.0,2026-02-19 18:49:27.959055
B*35:255,B*35:255,B,Bw6,Bw6,classified,N,SLRNLRG,Bw6,HLAtools_protein_alignment,IPD-IMGT/HLA 3.63.0,2026-02-19 18:49:27.959055
B*35:256,B*35:256,B,Bw6,Bw6,classified,N,SLRNLRG,Bw6,HLAtools_protein_alignment,IPD-IMGT/HLA 3.63.0,2026-02-19 18:49:27.959055
B*35:257,B*35:257,B,Bw6,Bw6,classified,N,SLRNLRG,Bw6,HLAtools_protein_alignment,IPD-IMGT/HLA 3.63.0,2026-02-19 18:49:27.959055
B*35:258,B*35:258,B,Bw6,Bw6,classified,N,SLRNLRG,Bw6,HLAtools_protein_alignment,IPD-IMGT/HLA 3.63.0,2026-02-19 18:49:27.959055
B*35:259,B*35:259,B,Bw6,Bw6,classified,N,SLRNLRG,Bw6,HLAtools_protein_alignment,IPD-IMGT/HLA 3.63.0,2026-02-19 18:49:27.959055
B*35:26,B*35:26,B,Bw6,Bw6,classified,N,SLRNLRG,Bw6,HLAtools_protein_alignment,IPD-IMGT/HLA 3.63.0,2026-02-19 18:49:27.959055
B*35:260,B*35:260,B,Bw6,Bw6,classified,N,SLRNLRG,Bw6,HLAtools_protein_alignment,IPD-IMGT/HLA 3.63.0,2026-02-19 18:49:27.959055
B*35:261,B*35:261,B,Bw6,Bw6,classified,N,SLRNLRG,Bw6,HLAtools_protein_alignment,IPD-IMGT/HLA 3.63.0,2026-02-19 18:49:27.959055
B*35:262,B*35:262,B,Bw6,Bw6,classified,N,SLRNLRG,Bw6,HLAtools_protein_alignment,IPD-IMGT/HLA 3.63.0,2026-02-19 18:49:27.959055
B*35:263,B*35:263,B,Bw6,Bw6,classified,N,SLRNLRG,Bw6,HLAtools_protein_alignment,IPD-IMGT/HLA 3.63.0,2026-02-19 18:49:27.959055
B*35:264,B*35:264,B,Bw6,Bw6,classified,N,SLRNLRG,Bw6,HLAtools_protein_alignment,IPD-IMGT/HLA 3.63.0,2026-02-19 18:49:27.959055
B*35:265,B*35:265,B,Bw6,Bw6,classified,N,SLRNLRG,Bw6,HLAtools_protein_alignment,IPD-IMGT/HLA 3.63.0,2026-02-19 18:49:27.959055
B*35:266,B*35:266,B,Bw6,Bw6,classified,N,SLRNLRG,Bw6,HLAtools_protein_alignment,IPD-IMGT/HLA 3.63.0,2026-02-19 18:49:27.959055
B*35:267,B*35:267,B,Bw6,Bw6,classified,N,SLRNLRG,Bw6,HLAtools_protein_alignment,IPD-IMGT/HLA 3.63.0,2026-02-19 18:49:27.959055
B*35:268,B*35:268,B,Bw6,Bw6,classified,N,SLRNLRG,Bw6,HLAtools_protein_alignment,IPD-IMGT/HLA 3.63.0,2026-02-19 18:49:27.959055
B*35:269,B*35:269,B,Bw6,Bw6,classified,N,SLRNLRG,Bw6,HLAtools_protein_alignment,IPD-IMGT/HLA 3.63.0,2026-02-19 18:49:27.959055
B*35:27,B*35:27,B,Bw6,Bw6,classified,N,NLRNLRG,NA,HLAtools_protein_alignment,IPD-IMGT/HLA 3.63.0,2026-02-19 18:49:27.959055
B*35:270,B*35:270,B,Bw6,Bw6,classified,N,SLRNLRG,Bw6,HLAtools_protein_alignment,IPD-IMGT/HLA 3.63.0,2026-02-19 18:49:27.959055
B*35:271,B*35:271,B,Bw6,Bw6,classified,N,SLRNLRG,Bw6,HLAtools_protein_alignment,IPD-IMGT/HLA 3.63.0,2026-02-19 18:49:27.959055
B*35:272,B*35:272,B,Bw6,Bw6,classified,N,SLRNLRG,Bw6,HLAtools_protein_alignment,IPD-IMGT/HLA 3.63.0,2026-02-19 18:49:27.959055
B*35:273,B*35:273,B,Bw6,Bw6,classified,N,SLRNLRG,Bw6,HLAtools_protein_alignment,IPD-IMGT/HLA 3.63.0,2026-02-19 18:49:27.959055
B*35:274,B*35:274,B,Bw6,Bw6,classified,N,SLRNLRG,Bw6,HLAtools_protein_alignment,IPD-IMGT/HLA 3.63.0,2026-02-19 18:49:27.959055
B*35:275,B*35:275,B,Bw6,Bw6,classified,N,SLRNLRG,Bw6,HLAtools_protein_alignment,IPD-IMGT/HLA 3.63.0,2026-02-19 18:49:27.959055
B*35:276,B*35:276,B,Bw6,Bw6,classified,N,SLRNLRG,Bw6,HLAtools_protein_alignment,IPD-IMGT/HLA 3.63.0,2026-02-19 18:49:27.959055
B*35:277,B*35:277,B,Bw6,Bw6,classified,N,SLRNLRG,Bw6,HLAtools_protein_alignment,IPD-IMGT/HLA 3.63.0,2026-02-19 18:49:27.959055
B*35:278,B*35:278,B,Bw6,Bw6,classified,N,SLRNLRG,Bw6,HLAtools_protein_alignment,IPD-IMGT/HLA 3.63.0,2026-02-19 18:49:27.959055
B*35:279,B*35:279,B,Bw6,Bw6,classified,N,SLRNLRG,Bw6,HLAtools_protein_alignment,IPD-IMGT/HLA 3.63.0,2026-02-19 18:49:27.959055
B*35:28,B*35:28,B,Bw6,Bw6,classified,N,SLRNLRG,Bw6,HLAtools_protein_alignment,IPD-IMGT/HLA 3.63.0,2026-02-19 18:49:27.959055
B*35:280,B*35:280,B,Bw6,Bw6,classified,N,SLRNLRG,Bw6,HLAtools_protein_alignment,IPD-IMGT/HLA 3.63.0,2026-02-19 18:49:27.959055
B*35:281,B*35:281,B,Bw6,Bw6,classified,N,SLRNLRG,Bw6,HLAtools_protein_alignment,IPD-IMGT/HLA 3.63.0,2026-02-19 18:49:27.959055
B*35:282,B*35:282,B,Bw6,Bw6,classified,N,SLRNLRG,Bw6,HLAtools_protein_alignment,IPD-IMGT/HLA 3.63.0,2026-02-19 18:49:27.959055
B*35:283,B*35:283,B,Bw6,Bw6,classified,N,SLRNLRG,Bw6,HLAtools_protein_alignment,IPD-IMGT/HLA 3.63.0,2026-02-19 18:49:27.959055
B*35:284,B*35:284,B,Bw6,Bw6,classified,N,SLRNLRG,Bw6,HLAtools_protein_alignment,IPD-IMGT/HLA 3.63.0,2026-02-19 18:49:27.959055
B*35:285,B*35:285,B,Bw6,Bw6,classified,N,SLRNLRG,Bw6,HLAtools_protein_alignment,IPD-IMGT/HLA 3.63.0,2026-02-19 18:49:27.959055
B*35:286,B*35:286,B,Bw6,Bw6,classified,N,SLRNLRG,Bw6,HLAtools_protein_alignment,IPD-IMGT/HLA 3.63.0,2026-02-19 18:49:27.959055
B*35:287,B*35:287,B,Bw6,Bw6,classified,N,SLRNLRG,Bw6,HLAtools_protein_alignment,IPD-IMGT/HLA 3.63.0,2026-02-19 18:49:27.959055
B*35:288,B*35:288,B,Bw6,Bw6,classified,N,SLRNLRG,Bw6,HLAtools_protein_alignment,IPD-IMGT/HLA 3.63.0,2026-02-19 18:49:27.959055
B*35:289,B*35:289,B,Bw6,Bw6,classified,N,SLRNLRG,Bw6,HLAtools_protein_alignment,IPD-IMGT/HLA 3.63.0,2026-02-19 18:49:27.959055
B*35:29,B*35:29,B,Bw6,Bw6,classified,N,SLRNLRG,Bw6,HLAtools_protein_alignment,IPD-IMGT/HLA 3.63.0,2026-02-19 18:49:27.959055
B*35:290,B*35:290,B,Bw6,Bw6,classified,N,SLRNLRG,Bw6,HLAtools_protein_alignment,IPD-IMGT/HLA 3.63.0,2026-02-19 18:49:27.959055
B*35:291,B*35:291,B,Bw6,Bw6,classified,N,SLRNLRG,Bw6,HLAtools_protein_alignment,IPD-IMGT/HLA 3.63.0,2026-02-19 18:49:27.959055
B*35:292,B*35:292,B,Bw6,Bw6,classified,N,SLRNLRG,Bw6,HLAtools_protein_alignment,IPD-IMGT/HLA 3.63.0,2026-02-19 18:49:27.959055
B*35:293,B*35:293,B,Bw6,Bw6,classified,N,SLRNMRG,Bw6,HLAtools_protein_alignment,IPD-IMGT/HLA 3.63.0,2026-02-19 18:49:27.959055
B*35:294,B*35:294,B,Bw6,Bw6,classified,N,SLRNLRG,Bw6,HLAtools_protein_alignment,IPD-IMGT/HLA 3.63.0,2026-02-19 18:49:27.959055
B*35:295,B*35:295,B,Bw6,Bw6,classified,N,SLRNLRG,Bw6,HLAtools_protein_alignment,IPD-IMGT/HLA 3.63.0,2026-02-19 18:49:27.959055
B*35:296,B*35:296,B,Bw6,Bw6,classified,N,SLRNLRG,Bw6,HLAtools_protein_alignment,IPD-IMGT/HLA 3.63.0,2026-02-19 18:49:27.959055
B*35:297,B*35:297,B,Bw6,Bw6,classified,N,SLRNLRG,Bw6,HLAtools_protein_alignment,IPD-IMGT/HLA 3.63.0,2026-02-19 18:49:27.959055
B*35:298,B*35:298,B,Bw6,Bw6,classified,N,SLRNLRG,Bw6,HLAtools_protein_alignment,IPD-IMGT/HLA 3.63.0,2026-02-19 18:49:27.959055
B*35:299,B*35:299,B,Bw6,Bw6,classified,N,SMRNLRG,Bw6,HLAtools_protein_alignment,IPD-IMGT/HLA 3.63.0,2026-02-19 18:49:27.959055
B*35:30,B*35:30,B,Bw6,Bw6,classified,N,SLRNLRG,Bw6,HLAtools_protein_alignment,IPD-IMGT/HLA 3.63.0,2026-02-19 18:49:27.959055
B*35:300,B*35:300,B,Bw6,Bw6,classified,N,SLRNLRG,Bw6,HLAtools_protein_alignment,IPD-IMGT/HLA 3.63.0,2026-02-19 18:49:27.959055
B*35:301,B*35:301,B,Bw6,Bw6,classified,N,SLRNLRG,Bw6,HLAtools_protein_alignment,IPD-IMGT/HLA 3.63.0,2026-02-19 18:49:27.959055
B*35:302,B*35:302,B,Bw6,Bw6,classified,N,SLRNLRG,Bw6,HLAtools_protein_alignment,IPD-IMGT/HLA 3.63.0,2026-02-19 18:49:27.959055
B*35:303,B*35:303,B,Bw6,Bw6,classified,N,SLRNLRG,Bw6,HLAtools_protein_alignment,IPD-IMGT/HLA 3.63.0,2026-02-19 18:49:27.959055
B*35:304,B*35:304,B,Bw6,Bw6,classified,N,SLRNLRG,Bw6,HLAtools_protein_alignment,IPD-IMGT/HLA 3.63.0,2026-02-19 18:49:27.959055
B*35:305,B*35:305,B,Bw6,Bw6,classified,N,SLRNLRG,Bw6,HLAtools_protein_alignment,IPD-IMGT/HLA 3.63.0,2026-02-19 18:49:27.959055
B*35:306,B*35:306,B,Bw6,Bw6,classified,N,SLRNLRG,Bw6,HLAtools_protein_alignment,IPD-IMGT/HLA 3.63.0,2026-02-19 18:49:27.959055
B*35:307,B*35:307,B,Bw6,Bw6,classified,N,SLRNLRG,Bw6,HLAtools_protein_alignment,IPD-IMGT/HLA 3.63.0,2026-02-19 18:49:27.959055
B*35:308,B*35:308,B,Bw6,Bw6,classified,N,SLRNLRG,Bw6,HLAtools_protein_alignment,IPD-IMGT/HLA 3.63.0,2026-02-19 18:49:27.959055
B*35:309,B*35:309,B,Bw6,Bw6,classified,N,SLRNLRG,Bw6,HLAtools_protein_alignment,IPD-IMGT/HLA 3.63.0,2026-02-19 18:49:27.959055
B*35:31,B*35:31,B,Bw6,Bw6,classified,N,SLRNLRG,Bw6,HLAtools_protein_alignment,IPD-IMGT/HLA 3.63.0,2026-02-19 18:49:27.959055
B*35:310,B*35:310,B,Bw6,Bw6,classified,N,GLRNLRG,Bw6,HLAtools_protein_alignment,IPD-IMGT/HLA 3.63.0,2026-02-19 18:49:27.959055
B*35:311,B*35:311,B,Bw6,Bw6,classified,N,SLRNLRG,Bw6,HLAtools_protein_alignment,IPD-IMGT/HLA 3.63.0,2026-02-19 18:49:27.959055
B*35:312,B*35:312,B,Bw6,Bw6,classified,N,SLRNLRG,Bw6,HLAtools_protein_alignment,IPD-IMGT/HLA 3.63.0,2026-02-19 18:49:27.959055
B*35:313,B*35:313,B,Bw6,Bw6,classified,N,SLRNLRG,Bw6,HLAtools_protein_alignment,IPD-IMGT/HLA 3.63.0,2026-02-19 18:49:27.959055
B*35:314,B*35:314,B,Bw6,Bw6,classified,N,SLRNLRG,Bw6,HLAtools_protein_alignment,IPD-IMGT/HLA 3.63.0,2026-02-19 18:49:27.959055
B*35:315,B*35:315,B,Bw6,Bw6,classified,N,SLRNLRG,Bw6,HLAtools_protein_alignment,IPD-IMGT/HLA 3.63.0,2026-02-19 18:49:27.959055
B*35:316,B*35:316,B,Bw6,Bw6,classified,N,SLRNLRG,Bw6,HLAtools_protein_alignment,IPD-IMGT/HLA 3.63.0,2026-02-19 18:49:27.959055
B*35:317,B*35:317,B,Bw6,Bw6,classified,N,SLRNLRG,Bw6,HLAtools_protein_alignment,IPD-IMGT/HLA 3.63.0,2026-02-19 18:49:27.959055
B*35:318,B*35:318,B,Bw6,Bw6,classified,N,SLRNLRG,Bw6,HLAtools_protein_alignment,IPD-IMGT/HLA 3.63.0,2026-02-19 18:49:27.959055
B*35:319,B*35:319,B,Bw6,Bw6,classified,N,SLRNLRG,Bw6,HLAtools_protein_alignment,IPD-IMGT/HLA 3.63.0,2026-02-19 18:49:27.959055
B*35:32,B*35:32,B,Bw6,Bw6,classified,N,SLRNLRG,Bw6,HLAtools_protein_alignment,IPD-IMGT/HLA 3.63.0,2026-02-19 18:49:27.959055
B*35:320,B*35:320,B,Bw6,Bw6,classified,N,SLRNLRG,Bw6,HLAtools_protein_alignment,IPD-IMGT/HLA 3.63.0,2026-02-19 18:49:27.959055
B*35:321,B*35:321,B,Bw6,Bw6,classified,N,SLRNLRG,Bw6,HLAtools_protein_alignment,IPD-IMGT/HLA 3.63.0,2026-02-19 18:49:27.959055
B*35:322,B*35:322,B,Bw6,Bw6,classified,N,SLRNLRG,Bw6,HLAtools_protein_alignment,IPD-IMGT/HLA 3.63.0,2026-02-19 18:49:27.959055
B*35:323,B*35:323,B,Bw6,Bw6,classified,N,SLRNLRG,Bw6,HLAtools_protein_alignment,IPD-IMGT/HLA 3.63.0,2026-02-19 18:49:27.959055
B*35:324,B*35:324,B,Bw6,Bw6,classified,N,SLRNLRG,Bw6,HLAtools_protein_alignment,IPD-IMGT/HLA 3.63.0,2026-02-19 18:49:27.959055
B*35:325,B*35:325,B,Bw6,Bw6,classified,N,SLRNLRG,Bw6,HLAtools_protein_alignment,IPD-IMGT/HLA 3.63.0,2026-02-19 18:49:27.959055
B*35:326,B*35:326,B,Bw6,Bw6,classified,N,SLRNLRG,Bw6,HLAtools_protein_alignment,IPD-IMGT/HLA 3.63.0,2026-02-19 18:49:27.959055
B*35:327,B*35:327,B,Bw6,Bw6,classified,N,SLRNLRG,Bw6,HLAtools_protein_alignment,IPD-IMGT/HLA 3.63.0,2026-02-19 18:49:27.959055
B*35:328,B*35:328,B,Bw6,Bw6,classified,N,SLRNLRG,Bw6,HLAtools_protein_alignment,IPD-IMGT/HLA 3.63.0,2026-02-19 18:49:27.959055
B*35:329,B*35:329,B,Bw4 - 80T,Bw4_80T,classified,T,SLRTLLR,Bw4 - 80T,HLAtools_protein_alignment,IPD-IMGT/HLA 3.63.0,2026-02-19 18:49:27.959055
B*35:33,B*35:33,B,Bw6,Bw6,classified,N,SLRNLRG,Bw6,HLAtools_protein_alignment,IPD-IMGT/HLA 3.63.0,2026-02-19 18:49:27.959055
B*35:330,B*35:330,B,Bw6,Bw6,classified,N,SLRNLRG,Bw6,HLAtools_protein_alignment,IPD-IMGT/HLA 3.63.0,2026-02-19 18:49:27.959055
B*35:331,B*35:331,B,Bw6,Bw6,classified,N,SLRNLRG,Bw6,HLAtools_protein_alignment,IPD-IMGT/HLA 3.63.0,2026-02-19 18:49:27.959055
B*35:332,B*35:332,B,Bw6,Bw6,classified,N,SLRNLRG,Bw6,HLAtools_protein_alignment,IPD-IMGT/HLA 3.63.0,2026-02-19 18:49:27.959055
B*35:333Q,B*35:333Q,B,Bw6,Bw6,classified,N,SLRNLRG,NA,HLAtools_protein_alignment,IPD-IMGT/HLA 3.63.0,2026-02-19 18:49:27.959055
B*35:334,B*35:334,B,Bw6,Bw6,classified,N,SLRNLRG,Bw6,HLAtools_protein_alignment,IPD-IMGT/HLA 3.63.0,2026-02-19 18:49:27.959055
B*35:335,B*35:335,B,Bw6,Bw6,classified,N,SLRNLRG,Bw6,HLAtools_protein_alignment,IPD-IMGT/HLA 3.63.0,2026-02-19 18:49:27.959055
B*35:336,B*35:336,B,Bw6,Bw6,classified,N,SLRNLRG,Bw6,HLAtools_protein_alignment,IPD-IMGT/HLA 3.63.0,2026-02-19 18:49:27.959055
B*35:337,B*35:337,B,Bw6,Bw6,classified,N,SLRNLRG,Bw6,HLAtools_protein_alignment,IPD-IMGT/HLA 3.63.0,2026-02-19 18:49:27.959055
B*35:338,B*35:338,B,Bw6,Bw6,classified,N,SLRNLLG,Bw6,HLAtools_protein_alignment,IPD-IMGT/HLA 3.63.0,2026-02-19 18:49:27.959055
B*35:339,B*35:339,B,Bw6,Bw6,classified,N,SLRNLRG,Bw6,HLAtools_protein_alignment,IPD-IMGT/HLA 3.63.0,2026-02-19 18:49:27.959055
B*35:34,B*35:34,B,Bw6,Bw6,classified,N,SLRNLRG,Bw6,HLAtools_protein_alignment,IPD-IMGT/HLA 3.63.0,2026-02-19 18:49:27.959055
B*35:340,B*35:340,B,Bw6,Bw6,classified,N,SLRNLRG,Bw6,HLAtools_protein_alignment,IPD-IMGT/HLA 3.63.0,2026-02-19 18:49:27.959055
B*35:341,B*35:341,B,Bw6,Bw6,classified,N,SLRNLRG,Bw6,HLAtools_protein_alignment,IPD-IMGT/HLA 3.63.0,2026-02-19 18:49:27.959055
B*35:342,B*35:342,B,Bw6,Bw6,classified,N,SLRNLRG,Bw6,HLAtools_protein_alignment,IPD-IMGT/HLA 3.63.0,2026-02-19 18:49:27.959055
B*35:343,B*35:343,B,Bw6,Bw6,classified,N,SLRNLRG,Bw6,HLAtools_protein_alignment,IPD-IMGT/HLA 3.63.0,2026-02-19 18:49:27.959055
B*35:344,B*35:344,B,Bw6,Bw6,classified,N,SLRNLRG,Bw6,HLAtools_protein_alignment,IPD-IMGT/HLA 3.63.0,2026-02-19 18:49:27.959055
B*35:345,B*35:345,B,Bw6,Bw6,classified,N,SLRNLRG,Bw6,HLAtools_protein_alignment,IPD-IMGT/HLA 3.63.0,2026-02-19 18:49:27.959055
B*35:346,B*35:346,B,Bw6,Bw6,classified,N,SLRNLRG,Bw6,HLAtools_protein_alignment,IPD-IMGT/HLA 3.63.0,2026-02-19 18:49:27.959055
B*35:347,B*35:347,B,Bw6,Bw6,classified,N,SLRNLRG,Bw6,HLAtools_protein_alignment,IPD-IMGT/HLA 3.63.0,2026-02-19 18:49:27.959055
B*35:348,B*35:348,B,Bw6,Bw6,classified,N,SLRNLRG,Bw6,HLAtools_protein_alignment,IPD-IMGT/HLA 3.63.0,2026-02-19 18:49:27.959055
B*35:349,B*35:349,B,Bw6,Bw6,classified,N,SLRNLRG,Bw6,HLAtools_protein_alignment,IPD-IMGT/HLA 3.63.0,2026-02-19 18:49:27.959055
B*35:35,B*35:35,B,Bw6,Bw6,classified,N,SLRNLRG,Bw6,HLAtools_protein_alignment,IPD-IMGT/HLA 3.63.0,2026-02-19 18:49:27.959055
B*35:350,B*35:350,B,Bw6,Bw6,classified,N,SLRNLRG,Bw6,HLAtools_protein_alignment,IPD-IMGT/HLA 3.63.0,2026-02-19 18:49:27.959055
B*35:351,B*35:351,B,Bw6,Bw6,classified,N,SLRNLRG,Bw6,HLAtools_protein_alignment,IPD-IMGT/HLA 3.63.0,2026-02-19 18:49:27.959055
B*35:352,B*35:352,B,Bw6,Bw6,classified,N,SLRNLRG,Bw6,HLAtools_protein_alignment,IPD-IMGT/HLA 3.63.0,2026-02-19 18:49:27.959055
B*35:353,B*35:353,B,Bw6,Bw6,classified,N,SLRNLRG,Bw6,HLAtools_protein_alignment,IPD-IMGT/HLA 3.63.0,2026-02-19 18:49:27.959055
B*35:354,B*35:354,B,Bw6,Bw6,classified,N,SLRNLRG,Bw6,HLAtools_protein_alignment,IPD-IMGT/HLA 3.63.0,2026-02-19 18:49:27.959055
B*35:355,B*35:355,B,Bw6,Bw6,classified,N,DLRNLRG,NA,HLAtools_protein_alignment,IPD-IMGT/HLA 3.63.0,2026-02-19 18:49:27.959055
B*35:356,B*35:356,B,Bw6,Bw6,classified,N,SLRNLRG,Bw6,HLAtools_protein_alignment,IPD-IMGT/HLA 3.63.0,2026-02-19 18:49:27.959055
B*35:357,B*35:357,B,Bw6,Bw6,classified,N,SLRNLRG,Bw6,HLAtools_protein_alignment,IPD-IMGT/HLA 3.63.0,2026-02-19 18:49:27.959055
B*35:358,B*35:358,B,Bw6,Bw6,classified,N,SLRNLRG,Bw6,HLAtools_protein_alignment,IPD-IMGT/HLA 3.63.0,2026-02-19 18:49:27.959055
B*35:359,B*35:359,B,Bw6,Bw6,classified,N,SLRNLRG,Bw6,HLAtools_protein_alignment,IPD-IMGT/HLA 3.63.0,2026-02-19 18:49:27.959055
B*35:36,B*35:36,B,Non-canonical,NonCanonical,non_canonical_83,N,SLRNLRD,Bw6,HLAtools_protein_alignment,IPD-IMGT/HLA 3.63.0,2026-02-19 18:49:27.959055
B*35:360,B*35:360,B,Bw6,Bw6,classified,N,SLRNLRG,Bw6,HLAtools_protein_alignment,IPD-IMGT/HLA 3.63.0,2026-02-19 18:49:27.959055
B*35:361,B*35:361,B,Bw6,Bw6,classified,N,SLRNLRG,Bw6,HLAtools_protein_alignment,IPD-IMGT/HLA 3.63.0,2026-02-19 18:49:27.959055
B*35:362,B*35:362,B,Bw6,Bw6,classified,N,SLRNLRG,Bw6,HLAtools_protein_alignment,IPD-IMGT/HLA 3.63.0,2026-02-19 18:49:27.959055
B*35:363,B*35:363,B,Bw6,Bw6,classified,N,SLRNLRG,Bw6,HLAtools_protein_alignment,IPD-IMGT/HLA 3.63.0,2026-02-19 18:49:27.959055
B*35:364,B*35:364,B,Bw6,Bw6,classified,N,SLRNLRG,Bw6,HLAtools_protein_alignment,IPD-IMGT/HLA 3.63.0,2026-02-19 18:49:27.959055
B*35:365,B*35:365,B,Bw6,Bw6,classified,N,SLRNLRG,Bw6,HLAtools_protein_alignment,IPD-IMGT/HLA 3.63.0,2026-02-19 18:49:27.959055
B*35:366,B*35:366,B,Bw6,Bw6,classified,N,SLRNLRG,Bw6,HLAtools_protein_alignment,IPD-IMGT/HLA 3.63.0,2026-02-19 18:49:27.959055
B*35:367,B*35:367,B,Bw6,Bw6,classified,N,SLRNLRG,Bw6,HLAtools_protein_alignment,IPD-IMGT/HLA 3.63.0,2026-02-19 18:49:27.959055
B*35:368,B*35:368,B,Bw6,Bw6,classified,N,SLRNLRG,Bw6,HLAtools_protein_alignment,IPD-IMGT/HLA 3.63.0,2026-02-19 18:49:27.959055
B*35:369,B*35:369,B,Bw6,Bw6,classified,N,SLRNLRG,Bw6,HLAtools_protein_alignment,IPD-IMGT/HLA 3.63.0,2026-02-19 18:49:27.959055
B*35:37,B*35:37,B,Bw6,Bw6,classified,N,SLRNLRG,Bw6,HLAtools_protein_alignment,IPD-IMGT/HLA 3.63.0,2026-02-19 18:49:27.959055
B*35:370,B*35:370,B,Bw6,Bw6,classified,N,SLRNLRG,Bw6,HLAtools_protein_alignment,IPD-IMGT/HLA 3.63.0,2026-02-19 18:49:27.959055
B*35:371,B*35:371,B,Bw6,Bw6,classified,N,SLRNLRG,Bw6,HLAtools_protein_alignment,IPD-IMGT/HLA 3.63.0,2026-02-19 18:49:27.959055
B*35:372,B*35:372,B,Bw6,Bw6,classified,N,SLRNLRG,Bw6,HLAtools_protein_alignment,IPD-IMGT/HLA 3.63.0,2026-02-19 18:49:27.959055
B*35:373,B*35:373,B,Bw6,Bw6,classified,N,SLRNLRG,Bw6,HLAtools_protein_alignment,IPD-IMGT/HLA 3.63.0,2026-02-19 18:49:27.959055
B*35:374,B*35:374,B,Bw6,Bw6,classified,N,SLRNLRG,Bw6,HLAtools_protein_alignment,IPD-IMGT/HLA 3.63.0,2026-02-19 18:49:27.959055
B*35:375,B*35:375,B,Bw6,Bw6,classified,N,SLRNLRG,Bw6,HLAtools_protein_alignment,IPD-IMGT/HLA 3.63.0,2026-02-19 18:49:27.959055
B*35:376,B*35:376,B,Bw6,Bw6,classified,N,SLRNLRG,Bw6,HLAtools_protein_alignment,IPD-IMGT/HLA 3.63.0,2026-02-19 18:49:27.959055
B*35:377,B*35:377,B,Bw6,Bw6,classified,N,SLRNLRG,Bw6,HLAtools_protein_alignment,IPD-IMGT/HLA 3.63.0,2026-02-19 18:49:27.959055
B*35:378,B*35:378,B,Bw6,Bw6,classified,N,SLRNLRG,Bw6,HLAtools_protein_alignment,IPD-IMGT/HLA 3.63.0,2026-02-19 18:49:27.959055
B*35:379,B*35:379,B,Bw6,Bw6,classified,N,SLRNLRG,Bw6,HLAtools_protein_alignment,IPD-IMGT/HLA 3.63.0,2026-02-19 18:49:27.959055
B*35:38,B*35:38,B,Bw6,Bw6,classified,N,SLRNLRG,Bw6,HLAtools_protein_alignment,IPD-IMGT/HLA 3.63.0,2026-02-19 18:49:27.959055
B*35:380,B*35:380,B,Bw6,Bw6,classified,N,SLRNLRG,Bw6,HLAtools_protein_alignment,IPD-IMGT/HLA 3.63.0,2026-02-19 18:49:27.959055
B*35:382,B*35:382,B,Bw6,Bw6,classified,N,SLRNLRG,Bw6,HLAtools_protein_alignment,IPD-IMGT/HLA 3.63.0,2026-02-19 18:49:27.959055
B*35:383,B*35:383,B,Bw6,Bw6,classified,N,SLRNLRG,Bw6,HLAtools_protein_alignment,IPD-IMGT/HLA 3.63.0,2026-02-19 18:49:27.959055
B*35:384,B*35:384,B,Bw6,Bw6,classified,N,SLRNLRG,Bw6,HLAtools_protein_alignment,IPD-IMGT/HLA 3.63.0,2026-02-19 18:49:27.959055
B*35:385,B*35:385,B,Bw6,Bw6,classified,N,SLRNLRG,Bw6,HLAtools_protein_alignment,IPD-IMGT/HLA 3.63.0,2026-02-19 18:49:27.959055
B*35:386,B*35:386,B,Bw6,Bw6,classified,N,SLRNLRG,Bw6,HLAtools_protein_alignment,IPD-IMGT/HLA 3.63.0,2026-02-19 18:49:27.959055
B*35:387,B*35:387,B,Bw6,Bw6,classified,N,SLRNLRG,Bw6,HLAtools_protein_alignment,IPD-IMGT/HLA 3.63.0,2026-02-19 18:49:27.959055
B*35:388,B*35:388,B,Bw6,Bw6,classified,N,SLRNLRG,Bw6,HLAtools_protein_alignment,IPD-IMGT/HLA 3.63.0,2026-02-19 18:49:27.959055
B*35:389,B*35:389,B,Bw6,Bw6,classified,N,SLRNLRG,Bw6,HLAtools_protein_alignment,IPD-IMGT/HLA 3.63.0,2026-02-19 18:49:27.959055
B*35:39,B*35:39,B,Bw6,Bw6,classified,N,SLRNLRG,Bw6,HLAtools_protein_alignment,IPD-IMGT/HLA 3.63.0,2026-02-19 18:49:27.959055
B*35:391,B*35:391,B,Bw6,Bw6,classified,N,SLRNLRG,Bw6,HLAtools_protein_alignment,IPD-IMGT/HLA 3.63.0,2026-02-19 18:49:27.959055
B*35:392,B*35:392,B,Bw6,Bw6,classified,N,SLRNLRG,Bw6,HLAtools_protein_alignment,IPD-IMGT/HLA 3.63.0,2026-02-19 18:49:27.959055
B*35:393,B*35:393,B,Bw6,Bw6,classified,N,SLRNLRG,Bw6,HLAtools_protein_alignment,IPD-IMGT/HLA 3.63.0,2026-02-19 18:49:27.959055
B*35:394,B*35:394,B,Bw6,Bw6,classified,N,SLRNLRG,Bw6,HLAtools_protein_alignment,IPD-IMGT/HLA 3.63.0,2026-02-19 18:49:27.959055
B*35:395,B*35:395,B,Bw6,Bw6,classified,N,SLRNLRG,Bw6,HLAtools_protein_alignment,IPD-IMGT/HLA 3.63.0,2026-02-19 18:49:27.959055
B*35:396,B*35:396,B,Bw6,Bw6,classified,N,SLRNLRG,Bw6,HLAtools_protein_alignment,IPD-IMGT/HLA 3.63.0,2026-02-19 18:49:27.959055
B*35:397,B*35:397,B,Bw6,Bw6,classified,N,SLRNLRG,Bw6,HLAtools_protein_alignment,IPD-IMGT/HLA 3.63.0,2026-02-19 18:49:27.959055
B*35:398,B*35:398,B,Bw6,Bw6,classified,N,SLRNLRG,Bw6,HLAtools_protein_alignment,IPD-IMGT/HLA 3.63.0,2026-02-19 18:49:27.959055
B*35:399,B*35:399,B,Bw6,Bw6,classified,N,SLRNLRG,Bw6,HLAtools_protein_alignment,IPD-IMGT/HLA 3.63.0,2026-02-19 18:49:27.959055
B*35:400,B*35:400,B,Bw6,Bw6,classified,N,SLRNLRG,Bw6,HLAtools_protein_alignment,IPD-IMGT/HLA 3.63.0,2026-02-19 18:49:27.959055
B*35:401,B*35:401,B,Bw6,Bw6,classified,N,SLRNLRG,Bw6,HLAtools_protein_alignment,IPD-IMGT/HLA 3.63.0,2026-02-19 18:49:27.959055
B*35:402,B*35:402,B,Bw6,Bw6,classified,N,SLRNLRG,Bw6,HLAtools_protein_alignment,IPD-IMGT/HLA 3.63.0,2026-02-19 18:49:27.959055
B*35:403,B*35:403,B,Bw6,Bw6,classified,N,SLRNLRG,Bw6,HLAtools_protein_alignment,IPD-IMGT/HLA 3.63.0,2026-02-19 18:49:27.959055
B*35:404,B*35:404,B,Bw6,Bw6,classified,N,SLRNLRG,Bw6,HLAtools_protein_alignment,IPD-IMGT/HLA 3.63.0,2026-02-19 18:49:27.959055
B*35:405,B*35:405,B,Bw6,Bw6,classified,N,SLRNLRG,Bw6,HLAtools_protein_alignment,IPD-IMGT/HLA 3.63.0,2026-02-19 18:49:27.959055
B*35:406,B*35:406,B,Bw6,Bw6,classified,N,SLRNLRG,Bw6,HLAtools_protein_alignment,IPD-IMGT/HLA 3.63.0,2026-02-19 18:49:27.959055
B*35:407,B*35:407,B,Bw6,Bw6,classified,N,SLRNLRG,Bw6,HLAtools_protein_alignment,IPD-IMGT/HLA 3.63.0,2026-02-19 18:49:27.959055
B*35:408,B*35:408,B,Bw6,Bw6,classified,N,SLRNLRG,Bw6,HLAtools_protein_alignment,IPD-IMGT/HLA 3.63.0,2026-02-19 18:49:27.959055
B*35:409,B*35:409,B,Bw6,Bw6,classified,N,SLRNLRG,Bw6,HLAtools_protein_alignment,IPD-IMGT/HLA 3.63.0,2026-02-19 18:49:27.959055
B*35:41,B*35:41,B,Bw6,Bw6,classified,N,SLRNLRG,Bw6,HLAtools_protein_alignment,IPD-IMGT/HLA 3.63.0,2026-02-19 18:49:27.959055
B*35:410,B*35:410,B,Bw6,Bw6,classified,N,SLRNLRG,Bw6,HLAtools_protein_alignment,IPD-IMGT/HLA 3.63.0,2026-02-19 18:49:27.959055
B*35:411,B*35:411,B,Bw6,Bw6,classified,N,SLRNLRG,Bw6,HLAtools_protein_alignment,IPD-IMGT/HLA 3.63.0,2026-02-19 18:49:27.959055
B*35:412,B*35:412,B,Bw6,Bw6,classified,N,SLRNLRG,Bw6,HLAtools_protein_alignment,IPD-IMGT/HLA 3.63.0,2026-02-19 18:49:27.959055
B*35:413,B*35:413,B,Bw6,Bw6,classified,N,SLRNLRG,Bw6,HLAtools_protein_alignment,IPD-IMGT/HLA 3.63.0,2026-02-19 18:49:27.959055
B*35:414,B*35:414,B,Bw6,Bw6,classified,N,SLRNLRG,Bw6,HLAtools_protein_alignment,IPD-IMGT/HLA 3.63.0,2026-02-19 18:49:27.959055
B*35:415,B*35:415,B,Bw6,Bw6,classified,N,SLRNLRG,Bw6,HLAtools_protein_alignment,IPD-IMGT/HLA 3.63.0,2026-02-19 18:49:27.959055
B*35:416,B*35:416,B,Bw6,Bw6,classified,N,SLRNLRG,Bw6,HLAtools_protein_alignment,IPD-IMGT/HLA 3.63.0,2026-02-19 18:49:27.959055
B*35:417,B*35:417,B,Bw6,Bw6,classified,N,SLRNLRG,Bw6,HLAtools_protein_alignment,IPD-IMGT/HLA 3.63.0,2026-02-19 18:49:27.959055
B*35:418,B*35:418,B,Bw6,Bw6,classified,N,SLRNLRG,Bw6,HLAtools_protein_alignment,IPD-IMGT/HLA 3.63.0,2026-02-19 18:49:27.959055
B*35:419,B*35:419,B,Bw6,Bw6,classified,N,SLRNLRG,Bw6,HLAtools_protein_alignment,IPD-IMGT/HLA 3.63.0,2026-02-19 18:49:27.959055
B*35:42,B*35:42,B,Bw6,Bw6,classified,N,SLRNLRG,Bw6,HLAtools_protein_alignment,IPD-IMGT/HLA 3.63.0,2026-02-19 18:49:27.959055
B*35:420,B*35:420,B,Bw6,Bw6,classified,N,SLRNLRG,Bw6,HLAtools_protein_alignment,IPD-IMGT/HLA 3.63.0,2026-02-19 18:49:27.959055
B*35:421,B*35:421,B,Bw6,Bw6,classified,N,SLRNLRG,Bw6,HLAtools_protein_alignment,IPD-IMGT/HLA 3.63.0,2026-02-19 18:49:27.959055
B*35:422,B*35:422,B,Bw6,Bw6,classified,N,SLRNLRG,Bw6,HLAtools_protein_alignment,IPD-IMGT/HLA 3.63.0,2026-02-19 18:49:27.959055
B*35:423,B*35:423,B,Bw6,Bw6,classified,N,SLRNLRG,Bw6,HLAtools_protein_alignment,IPD-IMGT/HLA 3.63.0,2026-02-19 18:49:27.959055
B*35:424,B*35:424,B,Bw6,Bw6,classified,N,SLRNLCG,Bw6,HLAtools_protein_alignment,IPD-IMGT/HLA 3.63.0,2026-02-19 18:49:27.959055
B*35:425,B*35:425,B,Bw6,Bw6,classified,N,SLRNLRG,Bw6,HLAtools_protein_alignment,IPD-IMGT/HLA 3.63.0,2026-02-19 18:49:27.959055
B*35:426,B*35:426,B,Bw6,Bw6,classified,N,SLRNLRG,Bw6,HLAtools_protein_alignment,IPD-IMGT/HLA 3.63.0,2026-02-19 18:49:27.959055
B*35:428Q,B*35:428Q,B,Bw6,Bw6,classified,N,SLRNLRG,NA,HLAtools_protein_alignment,IPD-IMGT/HLA 3.63.0,2026-02-19 18:49:27.959055
B*35:429,B*35:429,B,Bw6,Bw6,classified,N,SLRNLRG,Bw6,HLAtools_protein_alignment,IPD-IMGT/HLA 3.63.0,2026-02-19 18:49:27.959055
B*35:43,B*35:43,B,Bw6,Bw6,classified,N,SLRNLRG,Bw6,HLAtools_protein_alignment,IPD-IMGT/HLA 3.63.0,2026-02-19 18:49:27.959055
B*35:431,B*35:431,B,Bw6,Bw6,classified,N,SLRNLRG,Bw6,HLAtools_protein_alignment,IPD-IMGT/HLA 3.63.0,2026-02-19 18:49:27.959055
B*35:432,B*35:432,B,Bw6,Bw6,classified,N,SLRNLRG,Bw6,HLAtools_protein_alignment,IPD-IMGT/HLA 3.63.0,2026-02-19 18:49:27.959055
B*35:433,B*35:433,B,Bw6,Bw6,classified,N,SLRNLRG,Bw6,HLAtools_protein_alignment,IPD-IMGT/HLA 3.63.0,2026-02-19 18:49:27.959055
B*35:434,B*35:434,B,Bw6,Bw6,classified,N,SLRNLRG,Bw6,HLAtools_protein_alignment,IPD-IMGT/HLA 3.63.0,2026-02-19 18:49:27.959055
B*35:435,B*35:435,B,Bw6,Bw6,classified,N,SLRNLRG,Bw6,HLAtools_protein_alignment,IPD-IMGT/HLA 3.63.0,2026-02-19 18:49:27.959055
B*35:436,B*35:436,B,Bw6,Bw6,classified,N,SLRNLRG,Bw6,HLAtools_protein_alignment,IPD-IMGT/HLA 3.63.0,2026-02-19 18:49:27.959055
B*35:437,B*35:437,B,Bw6,Bw6,classified,N,SLRNLRG,Bw6,HLAtools_protein_alignment,IPD-IMGT/HLA 3.63.0,2026-02-19 18:49:27.959055
B*35:438,B*35:438,B,Bw6,Bw6,classified,N,SLRNLRG,Bw6,HLAtools_protein_alignment,IPD-IMGT/HLA 3.63.0,2026-02-19 18:49:27.959055
B*35:439,B*35:439,B,Bw6,Bw6,classified,N,SLRNLRG,Bw6,HLAtools_protein_alignment,IPD-IMGT/HLA 3.63.0,2026-02-19 18:49:27.959055
B*35:44,B*35:44,B,Bw6,Bw6,classified,N,SLRNLRG,Bw6,HLAtools_protein_alignment,IPD-IMGT/HLA 3.63.0,2026-02-19 18:49:27.959055
B*35:440,B*35:440,B,Bw6,Bw6,classified,N,SLRNLRG,Bw6,HLAtools_protein_alignment,IPD-IMGT/HLA 3.63.0,2026-02-19 18:49:27.959055
B*35:441,B*35:441,B,Bw6,Bw6,classified,N,SLRNLRG,Bw6,HLAtools_protein_alignment,IPD-IMGT/HLA 3.63.0,2026-02-19 18:49:27.959055
B*35:442,B*35:442,B,Bw6,Bw6,classified,N,SLRNLRG,Bw6,HLAtools_protein_alignment,IPD-IMGT/HLA 3.63.0,2026-02-19 18:49:27.959055
B*35:443,B*35:443,B,Bw6,Bw6,classified,N,SLRNLRG,Bw6,HLAtools_protein_alignment,IPD-IMGT/HLA 3.63.0,2026-02-19 18:49:27.959055
B*35:444,B*35:444,B,Bw6,Bw6,classified,N,SLRNLRG,Bw6,HLAtools_protein_alignment,IPD-IMGT/HLA 3.63.0,2026-02-19 18:49:27.959055
B*35:445,B*35:445,B,Bw6,Bw6,classified,N,SLRNLRG,Bw6,HLAtools_protein_alignment,IPD-IMGT/HLA 3.63.0,2026-02-19 18:49:27.959055
B*35:446,B*35:446,B,Bw6,Bw6,classified,N,SLRNLRG,Bw6,HLAtools_protein_alignment,IPD-IMGT/HLA 3.63.0,2026-02-19 18:49:27.959055
B*35:447,B*35:447,B,Bw6,Bw6,classified,N,SLRNLRG,Bw6,HLAtools_protein_alignment,IPD-IMGT/HLA 3.63.0,2026-02-19 18:49:27.959055
B*35:449,B*35:449,B,Bw6,Bw6,classified,N,SLRNLRG,Bw6,HLAtools_protein_alignment,IPD-IMGT/HLA 3.63.0,2026-02-19 18:49:27.959055
B*35:45,B*35:45,B,Bw6,Bw6,classified,N,SLRNLRG,Bw6,HLAtools_protein_alignment,IPD-IMGT/HLA 3.63.0,2026-02-19 18:49:27.959055
B*35:450,B*35:450,B,Bw6,Bw6,classified,N,SLRNLRG,Bw6,HLAtools_protein_alignment,IPD-IMGT/HLA 3.63.0,2026-02-19 18:49:27.959055
B*35:451,B*35:451,B,Bw6,Bw6,classified,N,SLRNLRG,Bw6,HLAtools_protein_alignment,IPD-IMGT/HLA 3.63.0,2026-02-19 18:49:27.959055
B*35:452,B*35:452,B,Bw6,Bw6,classified,N,SLRNLRG,Bw6,HLAtools_protein_alignment,IPD-IMGT/HLA 3.63.0,2026-02-19 18:49:27.959055
B*35:454,B*35:454,B,Bw6,Bw6,classified,N,SLRNLRG,Bw6,HLAtools_protein_alignment,IPD-IMGT/HLA 3.63.0,2026-02-19 18:49:27.959055
B*35:455,B*35:455,B,Bw6,Bw6,classified,N,SLRNLRG,Bw6,HLAtools_protein_alignment,IPD-IMGT/HLA 3.63.0,2026-02-19 18:49:27.959055
B*35:457,B*35:457,B,Bw6,Bw6,classified,N,SLRNLRG,Bw6,HLAtools_protein_alignment,IPD-IMGT/HLA 3.63.0,2026-02-19 18:49:27.959055
B*35:458,B*35:458,B,Bw6,Bw6,classified,N,SLRNLRG,Bw6,HLAtools_protein_alignment,IPD-IMGT/HLA 3.63.0,2026-02-19 18:49:27.959055
B*35:46,B*35:46,B,Bw6,Bw6,classified,N,SLRNLRG,Bw6,HLAtools_protein_alignment,IPD-IMGT/HLA 3.63.0,2026-02-19 18:49:27.959055
B*35:460Q,B*35:460Q,B,Bw6,Bw6,classified,N,SLRNLRG,NA,HLAtools_protein_alignment,IPD-IMGT/HLA 3.63.0,2026-02-19 18:49:27.959055
B*35:462,B*35:462,B,Bw6,Bw6,classified,N,SLRNLRG,Bw6,HLAtools_protein_alignment,IPD-IMGT/HLA 3.63.0,2026-02-19 18:49:27.959055
B*35:463,B*35:463,B,Bw6,Bw6,classified,N,SLRNLRG,Bw6,HLAtools_protein_alignment,IPD-IMGT/HLA 3.63.0,2026-02-19 18:49:27.959055
B*35:464,B*35:464,B,Bw6,Bw6,classified,N,SLRNLRG,Bw6,HLAtools_protein_alignment,IPD-IMGT/HLA 3.63.0,2026-02-19 18:49:27.959055
B*35:465,B*35:465,B,Bw6,Bw6,classified,N,SLRNLRG,Bw6,HLAtools_protein_alignment,IPD-IMGT/HLA 3.63.0,2026-02-19 18:49:27.959055
B*35:466,B*35:466,B,Bw6,Bw6,classified,N,SLRNLRG,Bw6,HLAtools_protein_alignment,IPD-IMGT/HLA 3.63.0,2026-02-19 18:49:27.959055
B*35:467,B*35:467,B,Bw6,Bw6,classified,N,SLRNLRG,Bw6,HLAtools_protein_alignment,IPD-IMGT/HLA 3.63.0,2026-02-19 18:49:27.959055
B*35:468,B*35:468,B,Bw6,Bw6,classified,N,SLRNLRG,Bw6,HLAtools_protein_alignment,IPD-IMGT/HLA 3.63.0,2026-02-19 18:49:27.959055
B*35:469,B*35:469,B,Bw6,Bw6,classified,N,SLRNLRG,Bw6,HLAtools_protein_alignment,IPD-IMGT/HLA 3.63.0,2026-02-19 18:49:27.959055
B*35:47,B*35:47,B,Bw6,Bw6,classified,N,SLRNLRG,Bw6,HLAtools_protein_alignment,IPD-IMGT/HLA 3.63.0,2026-02-19 18:49:27.959055
B*35:470,B*35:470,B,Bw6,Bw6,classified,N,SLRNLRG,Bw6,HLAtools_protein_alignment,IPD-IMGT/HLA 3.63.0,2026-02-19 18:49:27.959055
B*35:471,B*35:471,B,Bw4 - 80I,Bw4_80I,classified,I,NLRIALR,Bw4 - 80I,HLAtools_protein_alignment,IPD-IMGT/HLA 3.63.0,2026-02-19 18:49:27.959055
B*35:472,B*35:472,B,Bw6,Bw6,classified,N,SLRNLRG,Bw6,HLAtools_protein_alignment,IPD-IMGT/HLA 3.63.0,2026-02-19 18:49:27.959055
B*35:473,B*35:473,B,Bw6,Bw6,classified,N,SLRNLRG,Bw6,HLAtools_protein_alignment,IPD-IMGT/HLA 3.63.0,2026-02-19 18:49:27.959055
B*35:474,B*35:474,B,Bw6,Bw6,classified,N,SLRNLRG,Bw6,HLAtools_protein_alignment,IPD-IMGT/HLA 3.63.0,2026-02-19 18:49:27.959055
B*35:475,B*35:475,B,Bw6,Bw6,classified,N,SLRNLRG,Bw6,HLAtools_protein_alignment,IPD-IMGT/HLA 3.63.0,2026-02-19 18:49:27.959055
B*35:476,B*35:476,B,Bw6,Bw6,classified,N,SLRNLRG,Bw6,HLAtools_protein_alignment,IPD-IMGT/HLA 3.63.0,2026-02-19 18:49:27.959055
B*35:477,B*35:477,B,Bw6,Bw6,classified,N,SLRNLRG,Bw6,HLAtools_protein_alignment,IPD-IMGT/HLA 3.63.0,2026-02-19 18:49:27.959055
B*35:478,B*35:478,B,Bw6,Bw6,classified,N,SLRNLRG,Bw6,HLAtools_protein_alignment,IPD-IMGT/HLA 3.63.0,2026-02-19 18:49:27.959055
B*35:479,B*35:479,B,Bw6,Bw6,classified,N,SLRNLRG,Bw6,HLAtools_protein_alignment,IPD-IMGT/HLA 3.63.0,2026-02-19 18:49:27.959055
B*35:48,B*35:48,B,Bw6,Bw6,classified,N,SLRNLRG,Bw6,HLAtools_protein_alignment,IPD-IMGT/HLA 3.63.0,2026-02-19 18:49:27.959055
B*35:480,B*35:480,B,Bw6,Bw6,classified,N,SLRNLRG,Bw6,HLAtools_protein_alignment,IPD-IMGT/HLA 3.63.0,2026-02-19 18:49:27.959055
B*35:481,B*35:481,B,Bw6,Bw6,classified,N,SLRNLRG,Bw6,HLAtools_protein_alignment,IPD-IMGT/HLA 3.63.0,2026-02-19 18:49:27.959055
B*35:482,B*35:482,B,Bw6,Bw6,classified,N,SLRNLRG,Bw6,HLAtools_protein_alignment,IPD-IMGT/HLA 3.63.0,2026-02-19 18:49:27.959055
B*35:483,B*35:483,B,Bw6,Bw6,classified,N,SLRNLRG,Bw6,HLAtools_protein_alignment,IPD-IMGT/HLA 3.63.0,2026-02-19 18:49:27.959055
B*35:484,B*35:484,B,Bw6,Bw6,classified,N,SLRNLRG,Bw6,HLAtools_protein_alignment,IPD-IMGT/HLA 3.63.0,2026-02-19 18:49:27.959055
B*35:485,B*35:485,B,Bw6,Bw6,classified,N,SLRNLRG,Bw6,HLAtools_protein_alignment,IPD-IMGT/HLA 3.63.0,2026-02-19 18:49:27.959055
B*35:486,B*35:486,B,Bw6,Bw6,classified,N,SLRNLRG,Bw6,HLAtools_protein_alignment,IPD-IMGT/HLA 3.63.0,2026-02-19 18:49:27.959055
B*35:487,B*35:487,B,Bw6,Bw6,classified,N,SLRNLRG,Bw6,HLAtools_protein_alignment,IPD-IMGT/HLA 3.63.0,2026-02-19 18:49:27.959055
B*35:488,B*35:488,B,Bw6,Bw6,classified,N,SLRNLRG,Bw6,HLAtools_protein_alignment,IPD-IMGT/HLA 3.63.0,2026-02-19 18:49:27.959055
B*35:489,B*35:489,B,Bw6,Bw6,classified,N,SLRNLRG,Bw6,HLAtools_protein_alignment,IPD-IMGT/HLA 3.63.0,2026-02-19 18:49:27.959055
B*35:49,B*35:49,B,Bw6,Bw6,classified,N,SLRNLRG,Bw6,HLAtools_protein_alignment,IPD-IMGT/HLA 3.63.0,2026-02-19 18:49:27.959055
B*35:490,B*35:490,B,Bw6,Bw6,classified,N,SLRNLRG,Bw6,HLAtools_protein_alignment,IPD-IMGT/HLA 3.63.0,2026-02-19 18:49:27.959055
B*35:491,B*35:491,B,Bw6,Bw6,classified,N,SLRNLRG,Bw6,HLAtools_protein_alignment,IPD-IMGT/HLA 3.63.0,2026-02-19 18:49:27.959055
B*35:492,B*35:492,B,Bw6,Bw6,classified,N,SLRNLRG,Bw6,HLAtools_protein_alignment,IPD-IMGT/HLA 3.63.0,2026-02-19 18:49:27.959055
B*35:493,B*35:493,B,Bw6,Bw6,classified,N,SLRNLRG,Bw6,HLAtools_protein_alignment,IPD-IMGT/HLA 3.63.0,2026-02-19 18:49:27.959055
B*35:494,B*35:494,B,Bw6,Bw6,classified,N,SLRNLRG,Bw6,HLAtools_protein_alignment,IPD-IMGT/HLA 3.63.0,2026-02-19 18:49:27.959055
B*35:495,B*35:495,B,Bw6,Bw6,classified,N,SLRNLRG,Bw6,HLAtools_protein_alignment,IPD-IMGT/HLA 3.63.0,2026-02-19 18:49:27.959055
B*35:496,B*35:496,B,Bw6,Bw6,classified,N,SLRNLRG,Bw6,HLAtools_protein_alignment,IPD-IMGT/HLA 3.63.0,2026-02-19 18:49:27.959055
B*35:497,B*35:497,B,Bw6,Bw6,classified,N,SLRNLRG,Bw6,HLAtools_protein_alignment,IPD-IMGT/HLA 3.63.0,2026-02-19 18:49:27.959055
B*35:498,B*35:498,B,Bw6,Bw6,classified,N,SLRNLRG,Bw6,HLAtools_protein_alignment,IPD-IMGT/HLA 3.63.0,2026-02-19 18:49:27.959055
B*35:499,B*35:499,B,Bw6,Bw6,classified,N,SLRNLRG,Bw6,HLAtools_protein_alignment,IPD-IMGT/HLA 3.63.0,2026-02-19 18:49:27.959055
B*35:50,B*35:50,B,Bw6,Bw6,classified,N,SLRNLRG,Bw6,HLAtools_protein_alignment,IPD-IMGT/HLA 3.63.0,2026-02-19 18:49:27.959055
B*35:500,B*35:500,B,Bw6,Bw6,classified,N,SLRNLRG,Bw6,HLAtools_protein_alignment,IPD-IMGT/HLA 3.63.0,2026-02-19 18:49:27.959055
B*35:501,B*35:501,B,Bw6,Bw6,classified,N,SLRNLRG,Bw6,HLAtools_protein_alignment,IPD-IMGT/HLA 3.63.0,2026-02-19 18:49:27.959055
B*35:502,B*35:502,B,Bw6,Bw6,classified,N,SLRNLRG,Bw6,HLAtools_protein_alignment,IPD-IMGT/HLA 3.63.0,2026-02-19 18:49:27.959055
B*35:503,B*35:503,B,Bw6,Bw6,classified,N,SLRNLRG,Bw6,HLAtools_protein_alignment,IPD-IMGT/HLA 3.63.0,2026-02-19 18:49:27.959055
B*35:504,B*35:504,B,Bw6,Bw6,classified,N,SLRNLRG,Bw6,HLAtools_protein_alignment,IPD-IMGT/HLA 3.63.0,2026-02-19 18:49:27.959055
B*35:505,B*35:505,B,Bw6,Bw6,classified,N,SLRNLRG,Bw6,HLAtools_protein_alignment,IPD-IMGT/HLA 3.63.0,2026-02-19 18:49:27.959055
B*35:506,B*35:506,B,Bw6,Bw6,classified,N,SLRNLRG,Bw6,HLAtools_protein_alignment,IPD-IMGT/HLA 3.63.0,2026-02-19 18:49:27.959055
B*35:509,B*35:509,B,Bw6,Bw6,classified,N,SLRNLRG,Bw6,HLAtools_protein_alignment,IPD-IMGT/HLA 3.63.0,2026-02-19 18:49:27.959055
B*35:51,B*35:51,B,Bw6,Bw6,classified,N,SLRNLRG,Bw6,HLAtools_protein_alignment,IPD-IMGT/HLA 3.63.0,2026-02-19 18:49:27.959055
B*35:510,B*35:510,B,Bw6,Bw6,classified,N,SLRNLRG,Bw6,HLAtools_protein_alignment,IPD-IMGT/HLA 3.63.0,2026-02-19 18:49:27.959055
B*35:511,B*35:511,B,Bw6,Bw6,classified,N,SLRNLRG,Bw6,HLAtools_protein_alignment,IPD-IMGT/HLA 3.63.0,2026-02-19 18:49:27.959055
B*35:512,B*35:512,B,Bw6,Bw6,classified,N,SLRNLRG,Bw6,HLAtools_protein_alignment,IPD-IMGT/HLA 3.63.0,2026-02-19 18:49:27.959055
B*35:514,B*35:514,B,Bw6,Bw6,classified,N,SLRNLRG,Bw6,HLAtools_protein_alignment,IPD-IMGT/HLA 3.63.0,2026-02-19 18:49:27.959055
B*35:515,B*35:515,B,Bw6,Bw6,classified,N,SLRNLRG,Bw6,HLAtools_protein_alignment,IPD-IMGT/HLA 3.63.0,2026-02-19 18:49:27.959055
B*35:516,B*35:516,B,Bw6,Bw6,classified,N,SLRNLRG,Bw6,HLAtools_protein_alignment,IPD-IMGT/HLA 3.63.0,2026-02-19 18:49:27.959055
B*35:517,B*35:517,B,Bw6,Bw6,classified,N,SLRNLRG,Bw6,HLAtools_protein_alignment,IPD-IMGT/HLA 3.63.0,2026-02-19 18:49:27.959055
B*35:518,B*35:518,B,Bw6,Bw6,classified,N,SLRNLRG,Bw6,HLAtools_protein_alignment,IPD-IMGT/HLA 3.63.0,2026-02-19 18:49:27.959055
B*35:519,B*35:519,B,Bw6,Bw6,classified,N,SLRNLRG,Bw6,HLAtools_protein_alignment,IPD-IMGT/HLA 3.63.0,2026-02-19 18:49:27.959055
B*35:52,B*35:52,B,Bw6,Bw6,classified,N,CLRNLRG,NA,HLAtools_protein_alignment,IPD-IMGT/HLA 3.63.0,2026-02-19 18:49:27.959055
B*35:520,B*35:520,B,Bw6,Bw6,classified,N,SLRNLRG,Bw6,HLAtools_protein_alignment,IPD-IMGT/HLA 3.63.0,2026-02-19 18:49:27.959055
B*35:521,B*35:521,B,Bw6,Bw6,classified,N,SLRNLRG,Bw6,HLAtools_protein_alignment,IPD-IMGT/HLA 3.63.0,2026-02-19 18:49:27.959055
B*35:522,B*35:522,B,Bw6,Bw6,classified,N,SLRNMRG,Bw6,HLAtools_protein_alignment,IPD-IMGT/HLA 3.63.0,2026-02-19 18:49:27.959055
B*35:523,B*35:523,B,Bw6,Bw6,classified,N,SLRNLRG,Bw6,HLAtools_protein_alignment,IPD-IMGT/HLA 3.63.0,2026-02-19 18:49:27.959055
B*35:524,B*35:524,B,Bw6,Bw6,classified,N,SLRNLRG,Bw6,HLAtools_protein_alignment,IPD-IMGT/HLA 3.63.0,2026-02-19 18:49:27.959055
B*35:525,B*35:525,B,Bw6,Bw6,classified,K,SLRKLRG,NA,HLAtools_protein_alignment,IPD-IMGT/HLA 3.63.0,2026-02-19 18:49:27.959055
B*35:526,B*35:526,B,Bw6,Bw6,classified,N,SLRNLRG,Bw6,HLAtools_protein_alignment,IPD-IMGT/HLA 3.63.0,2026-02-19 18:49:27.959055
B*35:527,B*35:527,B,Bw6,Bw6,classified,N,SLRNLRG,Bw6,HLAtools_protein_alignment,IPD-IMGT/HLA 3.63.0,2026-02-19 18:49:27.959055
B*35:528,B*35:528,B,Bw6,Bw6,classified,N,SLRNLRG,Bw6,HLAtools_protein_alignment,IPD-IMGT/HLA 3.63.0,2026-02-19 18:49:27.959055
B*35:529,B*35:529,B,Bw6,Bw6,classified,N,SLRNLRG,Bw6,HLAtools_protein_alignment,IPD-IMGT/HLA 3.63.0,2026-02-19 18:49:27.959055
B*35:530,B*35:530,B,Bw6,Bw6,classified,N,SLRNLRG,Bw6,HLAtools_protein_alignment,IPD-IMGT/HLA 3.63.0,2026-02-19 18:49:27.959055
B*35:531,B*35:531,B,Bw6,Bw6,classified,N,SLRNLRG,Bw6,HLAtools_protein_alignment,IPD-IMGT/HLA 3.63.0,2026-02-19 18:49:27.959055
B*35:532,B*35:532,B,Bw6,Bw6,classified,N,SLRNLRG,Bw6,HLAtools_protein_alignment,IPD-IMGT/HLA 3.63.0,2026-02-19 18:49:27.959055
B*35:533,B*35:533,B,Bw6,Bw6,classified,N,SLRNLRG,Bw6,HLAtools_protein_alignment,IPD-IMGT/HLA 3.63.0,2026-02-19 18:49:27.959055
B*35:534,B*35:534,B,Bw6,Bw6,classified,N,SLRNLRG,Bw6,HLAtools_protein_alignment,IPD-IMGT/HLA 3.63.0,2026-02-19 18:49:27.959055
B*35:535,B*35:535,B,Bw6,Bw6,classified,N,SLRNLRG,Bw6,HLAtools_protein_alignment,IPD-IMGT/HLA 3.63.0,2026-02-19 18:49:27.959055
B*35:536,B*35:536,B,Bw6,Bw6,classified,N,SLRNLRG,Bw6,HLAtools_protein_alignment,IPD-IMGT/HLA 3.63.0,2026-02-19 18:49:27.959055
B*35:537,B*35:537,B,Bw6,Bw6,classified,N,SLRNLRG,Bw6,HLAtools_protein_alignment,IPD-IMGT/HLA 3.63.0,2026-02-19 18:49:27.959055
B*35:538,B*35:538,B,Bw6,Bw6,classified,N,SLRNLRG,Bw6,HLAtools_protein_alignment,IPD-IMGT/HLA 3.63.0,2026-02-19 18:49:27.959055
B*35:539,B*35:539,B,Bw6,Bw6,classified,N,SLRNLRG,Bw6,HLAtools_protein_alignment,IPD-IMGT/HLA 3.63.0,2026-02-19 18:49:27.959055
B*35:54,B*35:54,B,Bw6,Bw6,classified,N,SLRNLRG,Bw6,HLAtools_protein_alignment,IPD-IMGT/HLA 3.63.0,2026-02-19 18:49:27.959055
B*35:540,B*35:540,B,Bw6,Bw6,classified,N,SLRNLRG,Bw6,HLAtools_protein_alignment,IPD-IMGT/HLA 3.63.0,2026-02-19 18:49:27.959055
B*35:541,B*35:541,B,Bw6,Bw6,classified,N,SLRNLRG,Bw6,HLAtools_protein_alignment,IPD-IMGT/HLA 3.63.0,2026-02-19 18:49:27.959055
B*35:543,B*35:543,B,Bw6,Bw6,classified,N,SLRNLRG,Bw6,HLAtools_protein_alignment,IPD-IMGT/HLA 3.63.0,2026-02-19 18:49:27.959055
B*35:544,B*35:544,B,Bw6,Bw6,classified,N,SLRNLRG,Bw6,HLAtools_protein_alignment,IPD-IMGT/HLA 3.63.0,2026-02-19 18:49:27.959055
B*35:545,B*35:545,B,Bw6,Bw6,classified,N,SLRNLRG,Bw6,HLAtools_protein_alignment,IPD-IMGT/HLA 3.63.0,2026-02-19 18:49:27.959055
B*35:546,B*35:546,B,Bw6,Bw6,classified,N,SLRNLRG,Bw6,HLAtools_protein_alignment,IPD-IMGT/HLA 3.63.0,2026-02-19 18:49:27.959055
B*35:547,B*35:547,B,Bw6,Bw6,classified,N,SLRNLRG,Bw6,HLAtools_protein_alignment,IPD-IMGT/HLA 3.63.0,2026-02-19 18:49:27.959055
B*35:548,B*35:548,B,Bw6,Bw6,classified,N,SLRNLRG,Bw6,HLAtools_protein_alignment,IPD-IMGT/HLA 3.63.0,2026-02-19 18:49:27.959055
B*35:549,B*35:549,B,Bw6,Bw6,classified,N,SLRNLRG,Bw6,HLAtools_protein_alignment,IPD-IMGT/HLA 3.63.0,2026-02-19 18:49:27.959055
B*35:55,B*35:55,B,Bw6,Bw6,classified,N,SLRNLRG,Bw6,HLAtools_protein_alignment,IPD-IMGT/HLA 3.63.0,2026-02-19 18:49:27.959055
B*35:550,B*35:550,B,Bw6,Bw6,classified,N,NLRNLRG,NA,HLAtools_protein_alignment,IPD-IMGT/HLA 3.63.0,2026-02-19 18:49:27.959055
B*35:552,B*35:552,B,Bw6,Bw6,classified,N,SLRNLRG,Bw6,HLAtools_protein_alignment,IPD-IMGT/HLA 3.63.0,2026-02-19 18:49:27.959055
B*35:553,B*35:553,B,Bw6,Bw6,classified,N,SLRNLRG,Bw6,HLAtools_protein_alignment,IPD-IMGT/HLA 3.63.0,2026-02-19 18:49:27.959055
B*35:554,B*35:554,B,Bw6,Bw6,classified,N,SLRNLRG,Bw6,HLAtools_protein_alignment,IPD-IMGT/HLA 3.63.0,2026-02-19 18:49:27.959055
B*35:555,B*35:555,B,Bw6,Bw6,classified,N,SLRNLRG,Bw6,HLAtools_protein_alignment,IPD-IMGT/HLA 3.63.0,2026-02-19 18:49:27.959055
B*35:556Q,B*35:556Q,B,Bw6,Bw6,classified,N,SLRNLRG,NA,HLAtools_protein_alignment,IPD-IMGT/HLA 3.63.0,2026-02-19 18:49:27.959055
B*35:557,B*35:557,B,Bw6,Bw6,classified,N,SLRNLRG,Bw6,HLAtools_protein_alignment,IPD-IMGT/HLA 3.63.0,2026-02-19 18:49:27.959055
B*35:558,B*35:558,B,Bw6,Bw6,classified,N,SLRNLRG,Bw6,HLAtools_protein_alignment,IPD-IMGT/HLA 3.63.0,2026-02-19 18:49:27.959055
B*35:559,B*35:559,B,Bw6,Bw6,classified,N,SLRNLRG,Bw6,HLAtools_protein_alignment,IPD-IMGT/HLA 3.63.0,2026-02-19 18:49:27.959055
B*35:56,B*35:56,B,Bw6,Bw6,classified,N,NLRNLRG,NA,HLAtools_protein_alignment,IPD-IMGT/HLA 3.63.0,2026-02-19 18:49:27.959055
B*35:560,B*35:560,B,Bw6,Bw6,classified,N,SLRNLRG,Bw6,HLAtools_protein_alignment,IPD-IMGT/HLA 3.63.0,2026-02-19 18:49:27.959055
B*35:561,B*35:561,B,Bw6,Bw6,classified,N,SLRNLRG,Bw6,HLAtools_protein_alignment,IPD-IMGT/HLA 3.63.0,2026-02-19 18:49:27.959055
B*35:562,B*35:562,B,Bw6,Bw6,classified,N,SLRNLRG,Bw6,HLAtools_protein_alignment,IPD-IMGT/HLA 3.63.0,2026-02-19 18:49:27.959055
B*35:563,B*35:563,B,Bw6,Bw6,classified,N,SLRNLRG,Bw6,HLAtools_protein_alignment,IPD-IMGT/HLA 3.63.0,2026-02-19 18:49:27.959055
B*35:564,B*35:564,B,Bw6,Bw6,classified,N,SLRNLRG,Bw6,HLAtools_protein_alignment,IPD-IMGT/HLA 3.63.0,2026-02-19 18:49:27.959055
B*35:565,B*35:565,B,Bw6,Bw6,classified,N,SLRNLRG,Bw6,HLAtools_protein_alignment,IPD-IMGT/HLA 3.63.0,2026-02-19 18:49:27.959055
B*35:566,B*35:566,B,Bw6,Bw6,classified,N,SLRNLRG,Bw6,HLAtools_protein_alignment,IPD-IMGT/HLA 3.63.0,2026-02-19 18:49:27.959055
B*35:567,B*35:567,B,Bw6,Bw6,classified,N,SLRNLRG,Bw6,HLAtools_protein_alignment,IPD-IMGT/HLA 3.63.0,2026-02-19 18:49:27.959055
B*35:568,B*35:568,B,Bw6,Bw6,classified,N,SLRNLRG,Bw6,HLAtools_protein_alignment,IPD-IMGT/HLA 3.63.0,2026-02-19 18:49:27.959055
B*35:569,B*35:569,B,Bw6,Bw6,classified,N,SLRNLRG,Bw6,HLAtools_protein_alignment,IPD-IMGT/HLA 3.63.0,2026-02-19 18:49:27.959055
B*35:57,B*35:57,B,Bw6,Bw6,classified,N,SLRNLRG,Bw6,HLAtools_protein_alignment,IPD-IMGT/HLA 3.63.0,2026-02-19 18:49:27.959055
B*35:570,B*35:570,B,Bw6,Bw6,classified,K,NLRKLRG,NA,HLAtools_protein_alignment,IPD-IMGT/HLA 3.63.0,2026-02-19 18:49:27.959055
B*35:571,B*35:571,B,Bw6,Bw6,classified,N,SLRNLRG,Bw6,HLAtools_protein_alignment,IPD-IMGT/HLA 3.63.0,2026-02-19 18:49:27.959055
B*35:572,B*35:572,B,Bw6,Bw6,classified,N,SLRNLRG,Bw6,HLAtools_protein_alignment,IPD-IMGT/HLA 3.63.0,2026-02-19 18:49:27.959055
B*35:573,B*35:573,B,Bw6,Bw6,classified,N,SLRNLRG,Bw6,HLAtools_protein_alignment,IPD-IMGT/HLA 3.63.0,2026-02-19 18:49:27.959055
B*35:575,B*35:575,B,Bw6,Bw6,classified,N,SLRNLRG,Bw6,HLAtools_protein_alignment,IPD-IMGT/HLA 3.63.0,2026-02-19 18:49:27.959055
B*35:576,B*35:576,B,Bw6,Bw6,classified,N,SLRNLRG,Bw6,HLAtools_protein_alignment,IPD-IMGT/HLA 3.63.0,2026-02-19 18:49:27.959055
B*35:577,B*35:577,B,Bw6,Bw6,classified,N,SLRNLRG,Bw6,HLAtools_protein_alignment,IPD-IMGT/HLA 3.63.0,2026-02-19 18:49:27.959055
B*35:578,B*35:578,B,Bw6,Bw6,classified,N,SLRNLRG,Bw6,HLAtools_protein_alignment,IPD-IMGT/HLA 3.63.0,2026-02-19 18:49:27.959055
B*35:579,B*35:579,B,Bw6,Bw6,classified,N,SLRNLRG,Bw6,HLAtools_protein_alignment,IPD-IMGT/HLA 3.63.0,2026-02-19 18:49:27.959055
B*35:58,B*35:58,B,Bw6,Bw6,classified,N,SLRNLRG,Bw6,HLAtools_protein_alignment,IPD-IMGT/HLA 3.63.0,2026-02-19 18:49:27.959055
B*35:580,B*35:580,B,Bw6,Bw6,classified,N,SLRNLRG,Bw6,HLAtools_protein_alignment,IPD-IMGT/HLA 3.63.0,2026-02-19 18:49:27.959055
B*35:581,B*35:581,B,Bw6,Bw6,classified,N,SLRNLRG,Bw6,HLAtools_protein_alignment,IPD-IMGT/HLA 3.63.0,2026-02-19 18:49:27.959055
B*35:582,B*35:582,B,Bw6,Bw6,classified,N,SLRNLRG,Bw6,HLAtools_protein_alignment,IPD-IMGT/HLA 3.63.0,2026-02-19 18:49:27.959055
B*35:583,B*35:583,B,Bw6,Bw6,classified,N,SLRNLRG,Bw6,HLAtools_protein_alignment,IPD-IMGT/HLA 3.63.0,2026-02-19 18:49:27.959055
B*35:584,B*35:584,B,Bw6,Bw6,classified,N,SLRNLRG,Bw6,HLAtools_protein_alignment,IPD-IMGT/HLA 3.63.0,2026-02-19 18:49:27.959055
B*35:585,B*35:585,B,Bw6,Bw6,classified,N,SLRNLRG,Bw6,HLAtools_protein_alignment,IPD-IMGT/HLA 3.63.0,2026-02-19 18:49:27.959055
B*35:586,B*35:586,B,Bw6,Bw6,classified,N,SLRNLRG,Bw6,HLAtools_protein_alignment,IPD-IMGT/HLA 3.63.0,2026-02-19 18:49:27.959055
B*35:587,B*35:587,B,Bw6,Bw6,classified,N,SLRNLRG,Bw6,HLAtools_protein_alignment,IPD-IMGT/HLA 3.63.0,2026-02-19 18:49:27.959055
B*35:588,B*35:588,B,Bw6,Bw6,classified,N,SLRNLRG,Bw6,HLAtools_protein_alignment,IPD-IMGT/HLA 3.63.0,2026-02-19 18:49:27.959055
B*35:589,B*35:589,B,Bw6,Bw6,classified,N,SLRNLRG,Bw6,HLAtools_protein_alignment,IPD-IMGT/HLA 3.63.0,2026-02-19 18:49:27.959055
B*35:59,B*35:59,B,Bw6,Bw6,classified,N,SLRNLRG,Bw6,HLAtools_protein_alignment,IPD-IMGT/HLA 3.63.0,2026-02-19 18:49:27.959055
B*35:590,B*35:590,B,Bw6,Bw6,classified,N,SLRNLRG,Bw6,HLAtools_protein_alignment,IPD-IMGT/HLA 3.63.0,2026-02-19 18:49:27.959055
B*35:591,B*35:591,B,Bw6,Bw6,classified,N,SLRNLRG,Bw6,HLAtools_protein_alignment,IPD-IMGT/HLA 3.63.0,2026-02-19 18:49:27.959055
B*35:592,B*35:592,B,Bw6,Bw6,classified,N,SLRNLRG,Bw6,HLAtools_protein_alignment,IPD-IMGT/HLA 3.63.0,2026-02-19 18:49:27.959055
B*35:593,B*35:593,B,Bw6,Bw6,classified,N,SLRNLRG,Bw6,HLAtools_protein_alignment,IPD-IMGT/HLA 3.63.0,2026-02-19 18:49:27.959055
B*35:594,B*35:594,B,Bw6,Bw6,classified,N,NLRNLRG,NA,HLAtools_protein_alignment,IPD-IMGT/HLA 3.63.0,2026-02-19 18:49:27.959055
B*35:595,B*35:595,B,Bw6,Bw6,classified,N,SLRNLRG,Bw6,HLAtools_protein_alignment,IPD-IMGT/HLA 3.63.0,2026-02-19 18:49:27.959055
B*35:596,B*35:596,B,Bw6,Bw6,classified,N,SLRNLRG,Bw6,HLAtools_protein_alignment,IPD-IMGT/HLA 3.63.0,2026-02-19 18:49:27.959055
B*35:598,B*35:598,B,Bw6,Bw6,classified,N,SLRNLRG,Bw6,HLAtools_protein_alignment,IPD-IMGT/HLA 3.63.0,2026-02-19 18:49:27.959055
B*35:599,B*35:599,B,Bw6,Bw6,classified,N,SLRNLRG,Bw6,HLAtools_protein_alignment,IPD-IMGT/HLA 3.63.0,2026-02-19 18:49:27.959055
B*35:60,B*35:60,B,Bw6,Bw6,classified,N,SLRNLRG,Bw6,HLAtools_protein_alignment,IPD-IMGT/HLA 3.63.0,2026-02-19 18:49:27.959055
B*35:600,B*35:600,B,Bw6,Bw6,classified,N,SLRNLRG,Bw6,HLAtools_protein_alignment,IPD-IMGT/HLA 3.63.0,2026-02-19 18:49:27.959055
B*35:602,B*35:602,B,Bw6,Bw6,classified,N,SLRNLRG,Bw6,HLAtools_protein_alignment,IPD-IMGT/HLA 3.63.0,2026-02-19 18:49:27.959055
B*35:603,B*35:603,B,Bw6,Bw6,classified,N,SLRNLRG,Bw6,HLAtools_protein_alignment,IPD-IMGT/HLA 3.63.0,2026-02-19 18:49:27.959055
B*35:604,B*35:604,B,Bw6,Bw6,classified,N,SLRNLRG,Bw6,HLAtools_protein_alignment,IPD-IMGT/HLA 3.63.0,2026-02-19 18:49:27.959055
B*35:605,B*35:605,B,Bw6,Bw6,classified,N,SLRNLRG,Bw6,HLAtools_protein_alignment,IPD-IMGT/HLA 3.63.0,2026-02-19 18:49:27.959055
B*35:606,B*35:606,B,Bw6,Bw6,classified,N,SLRNLRG,Bw6,HLAtools_protein_alignment,IPD-IMGT/HLA 3.63.0,2026-02-19 18:49:27.959055
B*35:607,B*35:607,B,Bw6,Bw6,classified,N,SLRNLRG,Bw6,HLAtools_protein_alignment,IPD-IMGT/HLA 3.63.0,2026-02-19 18:49:27.959055
B*35:608,B*35:608,B,Bw6,Bw6,classified,N,SLRNLRG,Bw6,HLAtools_protein_alignment,IPD-IMGT/HLA 3.63.0,2026-02-19 18:49:27.959055
B*35:61,B*35:61,B,Bw6,Bw6,classified,N,SLRNLRG,Bw6,HLAtools_protein_alignment,IPD-IMGT/HLA 3.63.0,2026-02-19 18:49:27.959055
B*35:610,B*35:610,B,Bw6,Bw6,classified,N,SLRNLRG,Bw6,HLAtools_protein_alignment,IPD-IMGT/HLA 3.63.0,2026-02-19 18:49:27.959055
B*35:611,B*35:611,B,Bw6,Bw6,classified,N,SLRNLRG,Bw6,HLAtools_protein_alignment,IPD-IMGT/HLA 3.63.0,2026-02-19 18:49:27.959055
B*35:612,B*35:612,B,Bw6,Bw6,classified,N,SLRNLRG,Bw6,HLAtools_protein_alignment,IPD-IMGT/HLA 3.63.0,2026-02-19 18:49:27.959055
B*35:613,B*35:613,B,Bw6,Bw6,classified,N,SLRNLRG,Bw6,HLAtools_protein_alignment,IPD-IMGT/HLA 3.63.0,2026-02-19 18:49:27.959055
B*35:614,B*35:614,B,Bw6,Bw6,classified,N,SLRNLRG,Bw6,HLAtools_protein_alignment,IPD-IMGT/HLA 3.63.0,2026-02-19 18:49:27.959055
B*35:615,B*35:615,B,Bw6,Bw6,classified,N,SLRNLRG,Bw6,HLAtools_protein_alignment,IPD-IMGT/HLA 3.63.0,2026-02-19 18:49:27.959055
B*35:616,B*35:616,B,Bw6,Bw6,classified,N,SLRNLRG,Bw6,HLAtools_protein_alignment,IPD-IMGT/HLA 3.63.0,2026-02-19 18:49:27.959055
B*35:617,B*35:617,B,Bw6,Bw6,classified,N,SLRNLRG,Bw6,HLAtools_protein_alignment,IPD-IMGT/HLA 3.63.0,2026-02-19 18:49:27.959055
B*35:618,B*35:618,B,Bw6,Bw6,classified,N,SLRNLRG,Bw6,HLAtools_protein_alignment,IPD-IMGT/HLA 3.63.0,2026-02-19 18:49:27.959055
B*35:619,B*35:619,B,Bw6,Bw6,classified,N,SLRNLRG,Bw6,HLAtools_protein_alignment,IPD-IMGT/HLA 3.63.0,2026-02-19 18:49:27.959055
B*35:62,B*35:62,B,Bw6,Bw6,classified,N,SLRNLRG,Bw6,HLAtools_protein_alignment,IPD-IMGT/HLA 3.63.0,2026-02-19 18:49:27.959055
B*35:620,B*35:620,B,Bw6,Bw6,classified,N,SLRNLRG,Bw6,HLAtools_protein_alignment,IPD-IMGT/HLA 3.63.0,2026-02-19 18:49:27.959055
B*35:621,B*35:621,B,Bw6,Bw6,classified,N,SLRNLRG,Bw6,HLAtools_protein_alignment,IPD-IMGT/HLA 3.63.0,2026-02-19 18:49:27.959055
B*35:622,B*35:622,B,Bw6,Bw6,classified,N,SLRNLRG,Bw6,HLAtools_protein_alignment,IPD-IMGT/HLA 3.63.0,2026-02-19 18:49:27.959055
B*35:623,B*35:623,B,Bw6,Bw6,classified,N,SLRNLRG,Bw6,HLAtools_protein_alignment,IPD-IMGT/HLA 3.63.0,2026-02-19 18:49:27.959055
B*35:624,B*35:624,B,Bw6,Bw6,classified,N,SLRNLRG,Bw6,HLAtools_protein_alignment,IPD-IMGT/HLA 3.63.0,2026-02-19 18:49:27.959055
B*35:625,B*35:625,B,Bw6,Bw6,classified,N,SLRNLRG,Bw6,HLAtools_protein_alignment,IPD-IMGT/HLA 3.63.0,2026-02-19 18:49:27.959055
B*35:626,B*35:626,B,Bw6,Bw6,classified,N,SLRNLRG,Bw6,HLAtools_protein_alignment,IPD-IMGT/HLA 3.63.0,2026-02-19 18:49:27.959055
B*35:627,B*35:627,B,Bw6,Bw6,classified,T,SLRTLRG,Bw6,HLAtools_protein_alignment,IPD-IMGT/HLA 3.63.0,2026-02-19 18:49:27.959055
B*35:628,B*35:628,B,Bw6,Bw6,classified,N,SLRNLRG,Bw6,HLAtools_protein_alignment,IPD-IMGT/HLA 3.63.0,2026-02-19 18:49:27.959055
B*35:63,B*35:63,B,Bw6,Bw6,classified,N,SLRNLRG,Bw6,HLAtools_protein_alignment,IPD-IMGT/HLA 3.63.0,2026-02-19 18:49:27.959055
B*35:630,B*35:630,B,Bw6,Bw6,classified,N,SLRNLRG,Bw6,HLAtools_protein_alignment,IPD-IMGT/HLA 3.63.0,2026-02-19 18:49:27.959055
B*35:631,B*35:631,B,Bw6,Bw6,classified,N,SLRNLRG,Bw6,HLAtools_protein_alignment,IPD-IMGT/HLA 3.63.0,2026-02-19 18:49:27.959055
B*35:632,B*35:632,B,Bw6,Bw6,classified,N,SLRNLRG,Bw6,HLAtools_protein_alignment,IPD-IMGT/HLA 3.63.0,2026-02-19 18:49:27.959055
B*35:633,B*35:633,B,Bw6,Bw6,classified,N,SLRNLRG,Bw6,HLAtools_protein_alignment,IPD-IMGT/HLA 3.63.0,2026-02-19 18:49:27.959055
B*35:634,B*35:634,B,Bw6,Bw6,classified,N,SLRNLRG,Bw6,HLAtools_protein_alignment,IPD-IMGT/HLA 3.63.0,2026-02-19 18:49:27.959055
B*35:635,B*35:635,B,Bw6,Bw6,classified,N,SLRNLRG,Bw6,HLAtools_protein_alignment,IPD-IMGT/HLA 3.63.0,2026-02-19 18:49:27.959055
B*35:637,B*35:637,B,Bw6,Bw6,classified,N,SLRNLRG,Bw6,HLAtools_protein_alignment,IPD-IMGT/HLA 3.63.0,2026-02-19 18:49:27.959055
B*35:638,B*35:638,B,Bw6,Bw6,classified,N,SLRNLRG,Bw6,HLAtools_protein_alignment,IPD-IMGT/HLA 3.63.0,2026-02-19 18:49:27.959055
B*35:639,B*35:639,B,Bw6,Bw6,classified,N,SLRNLRG,Bw6,HLAtools_protein_alignment,IPD-IMGT/HLA 3.63.0,2026-02-19 18:49:27.959055
B*35:64,B*35:64,B,Bw6,Bw6,classified,N,SLRNLRG,Bw6,HLAtools_protein_alignment,IPD-IMGT/HLA 3.63.0,2026-02-19 18:49:27.959055
B*35:640,B*35:640,B,Bw6,Bw6,classified,N,SLRNLRG,Bw6,HLAtools_protein_alignment,IPD-IMGT/HLA 3.63.0,2026-02-19 18:49:27.959055
B*35:641,B*35:641,B,Bw6,Bw6,classified,N,SLRNLRG,Bw6,HLAtools_protein_alignment,IPD-IMGT/HLA 3.63.0,2026-02-19 18:49:27.959055
B*35:642,B*35:642,B,Bw6,Bw6,classified,N,SLRNLRG,Bw6,HLAtools_protein_alignment,IPD-IMGT/HLA 3.63.0,2026-02-19 18:49:27.959055
B*35:643,B*35:643,B,Bw6,Bw6,classified,N,SLRNLRG,Bw6,HLAtools_protein_alignment,IPD-IMGT/HLA 3.63.0,2026-02-19 18:49:27.959055
B*35:644,B*35:644,B,Bw6,Bw6,classified,N,SLRNLRG,Bw6,HLAtools_protein_alignment,IPD-IMGT/HLA 3.63.0,2026-02-19 18:49:27.959055
B*35:645,B*35:645,B,Bw6,Bw6,classified,N,SLRNLRG,Bw6,HLAtools_protein_alignment,IPD-IMGT/HLA 3.63.0,2026-02-19 18:49:27.959055
B*35:646,B*35:646,B,Bw6,Bw6,classified,N,SLRNLRG,Bw6,HLAtools_protein_alignment,IPD-IMGT/HLA 3.63.0,2026-02-19 18:49:27.959055
B*35:647,B*35:647,B,Bw6,Bw6,classified,N,SLRNLRG,Bw6,HLAtools_protein_alignment,IPD-IMGT/HLA 3.63.0,2026-02-19 18:49:27.959055
B*35:648,B*35:648,B,Bw6,Bw6,classified,N,SLRNLRG,Bw6,HLAtools_protein_alignment,IPD-IMGT/HLA 3.63.0,2026-02-19 18:49:27.959055
B*35:649,B*35:649,B,Bw6,Bw6,classified,N,SLRNLRG,Bw6,HLAtools_protein_alignment,IPD-IMGT/HLA 3.63.0,2026-02-19 18:49:27.959055
B*35:650,B*35:650,B,Bw6,Bw6,classified,N,SLRNLRG,Bw6,HLAtools_protein_alignment,IPD-IMGT/HLA 3.63.0,2026-02-19 18:49:27.959055
B*35:651,B*35:651,B,Bw6,Bw6,classified,N,SLRNLRG,Bw6,HLAtools_protein_alignment,IPD-IMGT/HLA 3.63.0,2026-02-19 18:49:27.959055
B*35:652,B*35:652,B,Bw6,Bw6,classified,N,SLRNLRG,Bw6,HLAtools_protein_alignment,IPD-IMGT/HLA 3.63.0,2026-02-19 18:49:27.959055
B*35:653,B*35:653,B,Bw6,Bw6,classified,N,SLRNLRG,Bw6,HLAtools_protein_alignment,IPD-IMGT/HLA 3.63.0,2026-02-19 18:49:27.959055
B*35:654,B*35:654,B,Bw6,Bw6,classified,N,SLRNLRG,Bw6,HLAtools_protein_alignment,IPD-IMGT/HLA 3.63.0,2026-02-19 18:49:27.959055
B*35:655,B*35:655,B,Bw6,Bw6,classified,N,SLRNLRG,Bw6,HLAtools_protein_alignment,IPD-IMGT/HLA 3.63.0,2026-02-19 18:49:27.959055
B*35:656,B*35:656,B,Bw6,Bw6,classified,N,SLRNLRG,Bw6,HLAtools_protein_alignment,IPD-IMGT/HLA 3.63.0,2026-02-19 18:49:27.959055
B*35:657,B*35:657,B,Bw6,Bw6,classified,N,SLRNLRG,Bw6,HLAtools_protein_alignment,IPD-IMGT/HLA 3.63.0,2026-02-19 18:49:27.959055
B*35:658,B*35:658,B,Bw6,Bw6,classified,N,SLRNLRG,Bw6,HLAtools_protein_alignment,IPD-IMGT/HLA 3.63.0,2026-02-19 18:49:27.959055
B*35:659,B*35:659,B,Bw6,Bw6,classified,N,SLRNLRG,Bw6,HLAtools_protein_alignment,IPD-IMGT/HLA 3.63.0,2026-02-19 18:49:27.959055
B*35:65Q,B*35:65Q,B,Bw6,Bw6,classified,N,SLRNLRG,NA,HLAtools_protein_alignment,IPD-IMGT/HLA 3.63.0,2026-02-19 18:49:27.959055
B*35:66,B*35:66,B,Bw6,Bw6,classified,N,SLRNLRG,Bw6,HLAtools_protein_alignment,IPD-IMGT/HLA 3.63.0,2026-02-19 18:49:27.959055
B*35:662,B*35:662,B,Bw6,Bw6,classified,N,SLRNLRG,Bw6,HLAtools_protein_alignment,IPD-IMGT/HLA 3.63.0,2026-02-19 18:49:27.959055
B*35:67,B*35:67,B,Bw6,Bw6,classified,N,SLRNLRG,Bw6,HLAtools_protein_alignment,IPD-IMGT/HLA 3.63.0,2026-02-19 18:49:27.959055
B*35:68,B*35:68,B,Bw6,Bw6,classified,N,SLRNLRG,Bw6,HLAtools_protein_alignment,IPD-IMGT/HLA 3.63.0,2026-02-19 18:49:27.959055
B*35:69,B*35:69,B,Bw6,Bw6,classified,N,SLRNLRG,Bw6,HLAtools_protein_alignment,IPD-IMGT/HLA 3.63.0,2026-02-19 18:49:27.959055
B*35:70,B*35:70,B,Bw6,Bw6,classified,N,SLRNLRG,Bw6,HLAtools_protein_alignment,IPD-IMGT/HLA 3.63.0,2026-02-19 18:49:27.959055
B*35:71,B*35:71,B,Bw6,Bw6,classified,N,SLRNLRG,Bw6,HLAtools_protein_alignment,IPD-IMGT/HLA 3.63.0,2026-02-19 18:49:27.959055
B*35:72,B*35:72,B,Bw6,Bw6,classified,N,SLRNLRG,Bw6,HLAtools_protein_alignment,IPD-IMGT/HLA 3.63.0,2026-02-19 18:49:27.959055
B*35:74,B*35:74,B,Bw6,Bw6,classified,N,SLRNLRG,Bw6,HLAtools_protein_alignment,IPD-IMGT/HLA 3.63.0,2026-02-19 18:49:27.959055
B*35:75,B*35:75,B,Bw6,Bw6,classified,N,SLRNLRG,Bw6,HLAtools_protein_alignment,IPD-IMGT/HLA 3.63.0,2026-02-19 18:49:27.959055
B*35:76,B*35:76,B,Bw6,Bw6,classified,N,SLRNLRG,Bw6,HLAtools_protein_alignment,IPD-IMGT/HLA 3.63.0,2026-02-19 18:49:27.959055
B*35:77,B*35:77,B,Bw6,Bw6,classified,N,SLRNLRG,Bw6,HLAtools_protein_alignment,IPD-IMGT/HLA 3.63.0,2026-02-19 18:49:27.959055
B*35:78,B*35:78,B,Bw6,Bw6,classified,N,SLRNLRG,Bw6,HLAtools_protein_alignment,IPD-IMGT/HLA 3.63.0,2026-02-19 18:49:27.959055
B*35:79,B*35:79,B,Bw6,Bw6,classified,N,SLRNLRG,Bw6,HLAtools_protein_alignment,IPD-IMGT/HLA 3.63.0,2026-02-19 18:49:27.959055
B*35:80,B*35:80,B,Bw6,Bw6,classified,N,SLRNLRG,Bw6,HLAtools_protein_alignment,IPD-IMGT/HLA 3.63.0,2026-02-19 18:49:27.959055
B*35:81,B*35:81,B,Bw6,Bw6,classified,N,SLRNLRG,Bw6,HLAtools_protein_alignment,IPD-IMGT/HLA 3.63.0,2026-02-19 18:49:27.959055
B*35:82,B*35:82,B,Bw6,Bw6,classified,N,SLRNLRG,Bw6,HLAtools_protein_alignment,IPD-IMGT/HLA 3.63.0,2026-02-19 18:49:27.959055
B*35:83,B*35:83,B,Bw6,Bw6,classified,N,SLRNLRG,Bw6,HLAtools_protein_alignment,IPD-IMGT/HLA 3.63.0,2026-02-19 18:49:27.959055
B*35:84,B*35:84,B,Bw6,Bw6,classified,N,SLRNLRG,Bw6,HLAtools_protein_alignment,IPD-IMGT/HLA 3.63.0,2026-02-19 18:49:27.959055
B*35:85,B*35:85,B,Bw6,Bw6,classified,N,SLRNLRG,Bw6,HLAtools_protein_alignment,IPD-IMGT/HLA 3.63.0,2026-02-19 18:49:27.959055
B*35:86,B*35:86,B,Bw6,Bw6,classified,N,SLRNLRG,Bw6,HLAtools_protein_alignment,IPD-IMGT/HLA 3.63.0,2026-02-19 18:49:27.959055
B*35:87,B*35:87,B,Bw6,Bw6,classified,N,SLRNLRG,Bw6,HLAtools_protein_alignment,IPD-IMGT/HLA 3.63.0,2026-02-19 18:49:27.959055
B*35:88,B*35:88,B,Bw6,Bw6,classified,N,SLRNLRG,Bw6,HLAtools_protein_alignment,IPD-IMGT/HLA 3.63.0,2026-02-19 18:49:27.959055
B*35:89,B*35:89,B,Bw6,Bw6,classified,N,SLRNLRG,Bw6,HLAtools_protein_alignment,IPD-IMGT/HLA 3.63.0,2026-02-19 18:49:27.959055
B*35:90,B*35:90,B,Bw6,Bw6,classified,N,SLRNLRG,Bw6,HLAtools_protein_alignment,IPD-IMGT/HLA 3.63.0,2026-02-19 18:49:27.959055
B*35:91,B*35:91,B,Bw6,Bw6,classified,N,SLRNLRG,Bw6,HLAtools_protein_alignment,IPD-IMGT/HLA 3.63.0,2026-02-19 18:49:27.959055
B*35:92,B*35:92,B,Bw6,Bw6,classified,N,SLRNLRG,Bw6,HLAtools_protein_alignment,IPD-IMGT/HLA 3.63.0,2026-02-19 18:49:27.959055
B*35:93,B*35:93,B,Bw6,Bw6,classified,N,SLRNLRG,Bw6,HLAtools_protein_alignment,IPD-IMGT/HLA 3.63.0,2026-02-19 18:49:27.959055
B*35:94,B*35:94,B,Bw6,Bw6,classified,N,SLRNLRG,Bw6,HLAtools_protein_alignment,IPD-IMGT/HLA 3.63.0,2026-02-19 18:49:27.959055
B*35:95,B*35:95,B,Bw6,Bw6,classified,N,SLRNLRG,Bw6,HLAtools_protein_alignment,IPD-IMGT/HLA 3.63.0,2026-02-19 18:49:27.959055
B*35:96,B*35:96,B,Bw6,Bw6,classified,N,SLRNLRG,Bw6,HLAtools_protein_alignment,IPD-IMGT/HLA 3.63.0,2026-02-19 18:49:27.959055
B*35:97,B*35:97,B,Bw6,Bw6,classified,N,SLRNLRG,Bw6,HLAtools_protein_alignment,IPD-IMGT/HLA 3.63.0,2026-02-19 18:49:27.959055
B*35:98,B*35:98,B,Bw6,Bw6,classified,N,SLRNLRG,Bw6,HLAtools_protein_alignment,IPD-IMGT/HLA 3.63.0,2026-02-19 18:49:27.959055
B*35:99,B*35:99,B,Bw6,Bw6,classified,N,SLRNLRG,Bw6,HLAtools_protein_alignment,IPD-IMGT/HLA 3.63.0,2026-02-19 18:49:27.959055
B*37:01,B*37:01,B,Bw4 - 80T,Bw4_80T,classified,T,DLRTLLR,Bw4 - 80T,HLAtools_protein_alignment,IPD-IMGT/HLA 3.63.0,2026-02-19 18:49:27.959055
B*37:02,B*37:02,B,Bw4 - 80T,Bw4_80T,classified,T,DLRTLLR,Bw4 - 80T,HLAtools_protein_alignment,IPD-IMGT/HLA 3.63.0,2026-02-19 18:49:27.959055
B*37:04,B*37:04,B,Bw4 - 80T,Bw4_80T,classified,T,DLRTLLR,Bw4 - 80T,HLAtools_protein_alignment,IPD-IMGT/HLA 3.63.0,2026-02-19 18:49:27.959055
B*37:05,B*37:05,B,Bw6,Bw6,classified,N,DLRNLRG,NA,HLAtools_protein_alignment,IPD-IMGT/HLA 3.63.0,2026-02-19 18:49:27.959055
B*37:06,B*37:06,B,Bw4 - 80T,Bw4_80T,classified,T,DLRTLLR,Bw4 - 80T,HLAtools_protein_alignment,IPD-IMGT/HLA 3.63.0,2026-02-19 18:49:27.959055
B*37:07,B*37:07,B,Bw4 - 80T,Bw4_80T,classified,T,DLRTLLR,Bw4 - 80T,HLAtools_protein_alignment,IPD-IMGT/HLA 3.63.0,2026-02-19 18:49:27.959055
B*37:08,B*37:08,B,Bw4 - 80T,Bw4_80T,classified,T,DLRTLLR,Bw4 - 80T,HLAtools_protein_alignment,IPD-IMGT/HLA 3.63.0,2026-02-19 18:49:27.959055
B*37:09,B*37:09,B,Bw4 - 80T,Bw4_80T,classified,T,DLRTLLR,Bw4 - 80T,HLAtools_protein_alignment,IPD-IMGT/HLA 3.63.0,2026-02-19 18:49:27.959055
B*37:10,B*37:10,B,Bw4 - 80T,Bw4_80T,classified,T,NLRTALR,Bw4 - 80T,HLAtools_protein_alignment,IPD-IMGT/HLA 3.63.0,2026-02-19 18:49:27.959055
B*37:100,B*37:100,B,Bw4 - 80T,Bw4_80T,classified,T,DLRTLLR,Bw4 - 80T,HLAtools_protein_alignment,IPD-IMGT/HLA 3.63.0,2026-02-19 18:49:27.959055
B*37:101,B*37:101,B,Bw4 - 80T,Bw4_80T,classified,T,DLRTLLR,Bw4 - 80T,HLAtools_protein_alignment,IPD-IMGT/HLA 3.63.0,2026-02-19 18:49:27.959055
B*37:102,B*37:102,B,Bw4 - 80T,Bw4_80T,classified,T,DLRTLLR,Bw4 - 80T,HLAtools_protein_alignment,IPD-IMGT/HLA 3.63.0,2026-02-19 18:49:27.959055
B*37:103,B*37:103,B,Bw4 - 80T,Bw4_80T,classified,T,DLRTLLR,Bw4 - 80T,HLAtools_protein_alignment,IPD-IMGT/HLA 3.63.0,2026-02-19 18:49:27.959055
B*37:104,B*37:104,B,Bw4 - 80T,Bw4_80T,classified,T,DLRTLLR,Bw4 - 80T,HLAtools_protein_alignment,IPD-IMGT/HLA 3.63.0,2026-02-19 18:49:27.959055
B*37:105,B*37:105,B,Bw4 - 80T,Bw4_80T,classified,T,DLRTLLR,Bw4 - 80T,HLAtools_protein_alignment,IPD-IMGT/HLA 3.63.0,2026-02-19 18:49:27.959055
B*37:106,B*37:106,B,Bw4 - 80T,Bw4_80T,classified,T,DLRTLLR,Bw4 - 80T,HLAtools_protein_alignment,IPD-IMGT/HLA 3.63.0,2026-02-19 18:49:27.959055
B*37:107,B*37:107,B,Bw4 - 80T,Bw4_80T,classified,T,DLRTLLR,Bw4 - 80T,HLAtools_protein_alignment,IPD-IMGT/HLA 3.63.0,2026-02-19 18:49:27.959055
B*37:108,B*37:108,B,Bw4 - 80T,Bw4_80T,classified,T,DLRTLLR,Bw4 - 80T,HLAtools_protein_alignment,IPD-IMGT/HLA 3.63.0,2026-02-19 18:49:27.959055
B*37:11,B*37:11,B,Bw6,Bw6,classified,N,SLRNLRG,Bw6,HLAtools_protein_alignment,IPD-IMGT/HLA 3.63.0,2026-02-19 18:49:27.959055
B*37:110,B*37:110,B,Bw4 - 80T,Bw4_80T,classified,T,DLRTLLR,Bw4 - 80T,HLAtools_protein_alignment,IPD-IMGT/HLA 3.63.0,2026-02-19 18:49:27.959055
B*37:111,B*37:111,B,Bw4 - 80T,Bw4_80T,classified,T,DLRTLLR,Bw4 - 80T,HLAtools_protein_alignment,IPD-IMGT/HLA 3.63.0,2026-02-19 18:49:27.959055
B*37:113,B*37:113,B,Bw4 - 80T,Bw4_80T,classified,T,DLRTLLR,Bw4 - 80T,HLAtools_protein_alignment,IPD-IMGT/HLA 3.63.0,2026-02-19 18:49:27.959055
B*37:114,B*37:114,B,Bw4 - 80T,Bw4_80T,classified,T,DLRTLLR,Bw4 - 80T,HLAtools_protein_alignment,IPD-IMGT/HLA 3.63.0,2026-02-19 18:49:27.959055
B*37:115,B*37:115,B,Bw4 - 80T,Bw4_80T,classified,T,DLRTLLR,Bw4 - 80T,HLAtools_protein_alignment,IPD-IMGT/HLA 3.63.0,2026-02-19 18:49:27.959055
B*37:116,B*37:116,B,Bw4 - 80T,Bw4_80T,classified,T,DLRTLLR,Bw4 - 80T,HLAtools_protein_alignment,IPD-IMGT/HLA 3.63.0,2026-02-19 18:49:27.959055
B*37:117,B*37:117,B,Bw4 - 80T,Bw4_80T,classified,T,DLRTLLR,Bw4 - 80T,HLAtools_protein_alignment,IPD-IMGT/HLA 3.63.0,2026-02-19 18:49:27.959055
B*37:118,B*37:118,B,Bw4 - 80T,Bw4_80T,classified,T,DLRTLLR,Bw4 - 80T,HLAtools_protein_alignment,IPD-IMGT/HLA 3.63.0,2026-02-19 18:49:27.959055
B*37:119,B*37:119,B,Bw4 - 80T,Bw4_80T,classified,T,DLRTLLR,Bw4 - 80T,HLAtools_protein_alignment,IPD-IMGT/HLA 3.63.0,2026-02-19 18:49:27.959055
B*37:12,B*37:12,B,Bw4 - 80T,Bw4_80T,classified,T,DLRTLLR,Bw4 - 80T,HLAtools_protein_alignment,IPD-IMGT/HLA 3.63.0,2026-02-19 18:49:27.959055
B*37:121,B*37:121,B,Bw4 - 80T,Bw4_80T,classified,T,DLRTLLR,Bw4 - 80T,HLAtools_protein_alignment,IPD-IMGT/HLA 3.63.0,2026-02-19 18:49:27.959055
B*37:13,B*37:13,B,Bw4 - 80T,Bw4_80T,classified,T,DLRTLLR,Bw4 - 80T,HLAtools_protein_alignment,IPD-IMGT/HLA 3.63.0,2026-02-19 18:49:27.959055
B*37:14,B*37:14,B,Bw4 - 80N,Bw4_80N,classified,N,SLRNLLR,Bw4 - 80N,HLAtools_protein_alignment,IPD-IMGT/HLA 3.63.0,2026-02-19 18:49:27.959055
B*37:15,B*37:15,B,Bw4 - 80T,Bw4_80T,classified,T,DLRTLLR,Bw4 - 80T,HLAtools_protein_alignment,IPD-IMGT/HLA 3.63.0,2026-02-19 18:49:27.959055
B*37:16Q,B*37:16Q,B,Bw4 - 80T,Bw4_80T,classified,T,DLRTLLR,NA,HLAtools_protein_alignment,IPD-IMGT/HLA 3.63.0,2026-02-19 18:49:27.959055
B*37:17,B*37:17,B,Bw4 - 80T,Bw4_80T,classified,T,DLRTLLR,Bw4 - 80T,HLAtools_protein_alignment,IPD-IMGT/HLA 3.63.0,2026-02-19 18:49:27.959055
B*37:18,B*37:18,B,Bw4 - 80T,Bw4_80T,classified,T,DLRTLLR,Bw4 - 80T,HLAtools_protein_alignment,IPD-IMGT/HLA 3.63.0,2026-02-19 18:49:27.959055
B*37:19,B*37:19,B,Bw4 - 80T,Bw4_80T,classified,T,DLRTLLR,Bw4 - 80T,HLAtools_protein_alignment,IPD-IMGT/HLA 3.63.0,2026-02-19 18:49:27.959055
B*37:20,B*37:20,B,Bw4 - 80T,Bw4_80T,classified,T,DLRTLLR,Bw4 - 80T,HLAtools_protein_alignment,IPD-IMGT/HLA 3.63.0,2026-02-19 18:49:27.959055
B*37:21,B*37:21,B,Bw4 - 80T,Bw4_80T,classified,T,DLRTLLR,Bw4 - 80T,HLAtools_protein_alignment,IPD-IMGT/HLA 3.63.0,2026-02-19 18:49:27.959055
B*37:22,B*37:22,B,Bw4 - 80T,Bw4_80T,classified,T,DLRTLLR,Bw4 - 80T,HLAtools_protein_alignment,IPD-IMGT/HLA 3.63.0,2026-02-19 18:49:27.959055
B*37:23,B*37:23,B,Bw4 - 80T,Bw4_80T,classified,T,DLRTLLR,Bw4 - 80T,HLAtools_protein_alignment,IPD-IMGT/HLA 3.63.0,2026-02-19 18:49:27.959055
B*37:24,B*37:24,B,Bw4 - 80T,Bw4_80T,classified,T,DLRTLLR,Bw4 - 80T,HLAtools_protein_alignment,IPD-IMGT/HLA 3.63.0,2026-02-19 18:49:27.959055
B*37:25,B*37:25,B,Bw4 - 80T,Bw4_80T,classified,T,DLRTLLR,Bw4 - 80T,HLAtools_protein_alignment,IPD-IMGT/HLA 3.63.0,2026-02-19 18:49:27.959055
B*37:26,B*37:26,B,Bw4 - 80T,Bw4_80T,classified,T,DLRTLLR,Bw4 - 80T,HLAtools_protein_alignment,IPD-IMGT/HLA 3.63.0,2026-02-19 18:49:27.959055
B*37:27,B*37:27,B,Bw4 - 80T,Bw4_80T,classified,T,DLRTLLR,Bw4 - 80T,HLAtools_protein_alignment,IPD-IMGT/HLA 3.63.0,2026-02-19 18:49:27.959055
B*37:28,B*37:28,B,Bw4 - 80T,Bw4_80T,classified,T,DLRTLLR,Bw4 - 80T,HLAtools_protein_alignment,IPD-IMGT/HLA 3.63.0,2026-02-19 18:49:27.959055
B*37:29,B*37:29,B,Bw4 - 80T,Bw4_80T,classified,T,SLRTLLR,Bw4 - 80T,HLAtools_protein_alignment,IPD-IMGT/HLA 3.63.0,2026-02-19 18:49:27.959055
B*37:31,B*37:31,B,Bw4 - 80T,Bw4_80T,classified,T,DLRTLLR,Bw4 - 80T,HLAtools_protein_alignment,IPD-IMGT/HLA 3.63.0,2026-02-19 18:49:27.959055
B*37:32,B*37:32,B,Bw4 - 80T,Bw4_80T,classified,T,DLRTLLR,Bw4 - 80T,HLAtools_protein_alignment,IPD-IMGT/HLA 3.63.0,2026-02-19 18:49:27.959055
B*37:34,B*37:34,B,Bw4 - 80I,Bw4_80I,classified,I,NLRIALR,Bw4 - 80I,HLAtools_protein_alignment,IPD-IMGT/HLA 3.63.0,2026-02-19 18:49:27.959055
B*37:35,B*37:35,B,Bw4 - 80T,Bw4_80T,classified,T,DLRTLLR,Bw4 - 80T,HLAtools_protein_alignment,IPD-IMGT/HLA 3.63.0,2026-02-19 18:49:27.959055
B*37:36,B*37:36,B,Bw4 - 80T,Bw4_80T,classified,T,DLRTLLR,Bw4 - 80T,HLAtools_protein_alignment,IPD-IMGT/HLA 3.63.0,2026-02-19 18:49:27.959055
B*37:37,B*37:37,B,Bw6,Bw6,classified,N,SLRNLRG,Bw6,HLAtools_protein_alignment,IPD-IMGT/HLA 3.63.0,2026-02-19 18:49:27.959055
B*37:38,B*37:38,B,Bw4 - 80T,Bw4_80T,classified,T,DLRTLLR,Bw4 - 80T,HLAtools_protein_alignment,IPD-IMGT/HLA 3.63.0,2026-02-19 18:49:27.959055
B*37:39,B*37:39,B,Bw4 - 80T,Bw4_80T,classified,T,DLRTLLR,Bw4 - 80T,HLAtools_protein_alignment,IPD-IMGT/HLA 3.63.0,2026-02-19 18:49:27.959055
B*37:40,B*37:40,B,Bw4 - 80T,Bw4_80T,classified,T,DLRTLLR,Bw4 - 80T,HLAtools_protein_alignment,IPD-IMGT/HLA 3.63.0,2026-02-19 18:49:27.959055
B*37:41,B*37:41,B,Bw4 - 80T,Bw4_80T,classified,T,DLRTLLR,Bw4 - 80T,HLAtools_protein_alignment,IPD-IMGT/HLA 3.63.0,2026-02-19 18:49:27.959055
B*37:43,B*37:43,B,Bw4 - 80T,Bw4_80T,classified,T,DLRTLLR,Bw4 - 80T,HLAtools_protein_alignment,IPD-IMGT/HLA 3.63.0,2026-02-19 18:49:27.959055
B*37:44,B*37:44,B,Bw4 - 80T,Bw4_80T,classified,T,DLRTLLR,Bw4 - 80T,HLAtools_protein_alignment,IPD-IMGT/HLA 3.63.0,2026-02-19 18:49:27.959055
B*37:45,B*37:45,B,Bw4 - 80T,Bw4_80T,classified,T,DLRTLLR,Bw4 - 80T,HLAtools_protein_alignment,IPD-IMGT/HLA 3.63.0,2026-02-19 18:49:27.959055
B*37:46,B*37:46,B,Bw4 - 80T,Bw4_80T,classified,T,DLRTLLR,Bw4 - 80T,HLAtools_protein_alignment,IPD-IMGT/HLA 3.63.0,2026-02-19 18:49:27.959055
B*37:47,B*37:47,B,Bw4 - 80T,Bw4_80T,classified,T,DLRTLLR,Bw4 - 80T,HLAtools_protein_alignment,IPD-IMGT/HLA 3.63.0,2026-02-19 18:49:27.959055
B*37:48,B*37:48,B,Bw4 - 80T,Bw4_80T,classified,T,DLRTLLR,Bw4 - 80T,HLAtools_protein_alignment,IPD-IMGT/HLA 3.63.0,2026-02-19 18:49:27.959055
B*37:49,B*37:49,B,Bw4 - 80T,Bw4_80T,classified,T,DLRTLLR,Bw4 - 80T,HLAtools_protein_alignment,IPD-IMGT/HLA 3.63.0,2026-02-19 18:49:27.959055
B*37:50,B*37:50,B,Bw4 - 80T,Bw4_80T,classified,T,DLRTLLR,Bw4 - 80T,HLAtools_protein_alignment,IPD-IMGT/HLA 3.63.0,2026-02-19 18:49:27.959055
B*37:51,B*37:51,B,Bw4 - 80T,Bw4_80T,classified,T,DLRTLLR,Bw4 - 80T,HLAtools_protein_alignment,IPD-IMGT/HLA 3.63.0,2026-02-19 18:49:27.959055
B*37:52,B*37:52,B,Bw4 - 80T,Bw4_80T,classified,T,DLRTLLR,Bw4 - 80T,HLAtools_protein_alignment,IPD-IMGT/HLA 3.63.0,2026-02-19 18:49:27.959055
B*37:53,B*37:53,B,Bw4 - 80T,Bw4_80T,classified,T,DLRTLLR,Bw4 - 80T,HLAtools_protein_alignment,IPD-IMGT/HLA 3.63.0,2026-02-19 18:49:27.959055
B*37:54,B*37:54,B,Bw4 - 80T,Bw4_80T,classified,T,DLRTLLR,Bw4 - 80T,HLAtools_protein_alignment,IPD-IMGT/HLA 3.63.0,2026-02-19 18:49:27.959055
B*37:55,B*37:55,B,Bw4 - 80T,Bw4_80T,classified,T,DLRTLLR,Bw4 - 80T,HLAtools_protein_alignment,IPD-IMGT/HLA 3.63.0,2026-02-19 18:49:27.959055
B*37:56,B*37:56,B,Bw4 - 80T,Bw4_80T,classified,T,DLRTLLR,Bw4 - 80T,HLAtools_protein_alignment,IPD-IMGT/HLA 3.63.0,2026-02-19 18:49:27.959055
B*37:57,B*37:57,B,Bw4 - 80T,Bw4_80T,classified,T,DLRTLLR,Bw4 - 80T,HLAtools_protein_alignment,IPD-IMGT/HLA 3.63.0,2026-02-19 18:49:27.959055
B*37:58,B*37:58,B,Non-canonical,NonCanonical,non_canonical_83,T,DLRTLLH,Bw4 - 80T,HLAtools_protein_alignment,IPD-IMGT/HLA 3.63.0,2026-02-19 18:49:27.959055
B*37:59,B*37:59,B,Bw4 - 80T,Bw4_80T,classified,T,DLRTLLR,Bw4 - 80T,HLAtools_protein_alignment,IPD-IMGT/HLA 3.63.0,2026-02-19 18:49:27.959055
B*37:60,B*37:60,B,Bw4 - 80T,Bw4_80T,classified,T,DLRTLLR,Bw4 - 80T,HLAtools_protein_alignment,IPD-IMGT/HLA 3.63.0,2026-02-19 18:49:27.959055
B*37:61,B*37:61,B,Bw4 - 80T,Bw4_80T,classified,T,DLRTLLR,Bw4 - 80T,HLAtools_protein_alignment,IPD-IMGT/HLA 3.63.0,2026-02-19 18:49:27.959055
B*37:62,B*37:62,B,Bw4 - 80T,Bw4_80T,classified,T,DLRTLLR,Bw4 - 80T,HLAtools_protein_alignment,IPD-IMGT/HLA 3.63.0,2026-02-19 18:49:27.959055
B*37:63,B*37:63,B,Bw4 - 80T,Bw4_80T,classified,T,DLRTLLR,Bw4 - 80T,HLAtools_protein_alignment,IPD-IMGT/HLA 3.63.0,2026-02-19 18:49:27.959055
B*37:64,B*37:64,B,Bw4 - 80T,Bw4_80T,classified,T,DLRTLLR,Bw4 - 80T,HLAtools_protein_alignment,IPD-IMGT/HLA 3.63.0,2026-02-19 18:49:27.959055
B*37:65,B*37:65,B,Bw4 - 80T,Bw4_80T,classified,T,DLRTLLR,Bw4 - 80T,HLAtools_protein_alignment,IPD-IMGT/HLA 3.63.0,2026-02-19 18:49:27.959055
B*37:66,B*37:66,B,Bw4 - 80T,Bw4_80T,classified,T,DLRTLLR,Bw4 - 80T,HLAtools_protein_alignment,IPD-IMGT/HLA 3.63.0,2026-02-19 18:49:27.959055
B*37:67,B*37:67,B,Bw6,Bw6,classified,N,SLRNLRG,Bw6,HLAtools_protein_alignment,IPD-IMGT/HLA 3.63.0,2026-02-19 18:49:27.959055
B*37:68,B*37:68,B,Bw4 - 80T,Bw4_80T,classified,T,DLRTLLR,Bw4 - 80T,HLAtools_protein_alignment,IPD-IMGT/HLA 3.63.0,2026-02-19 18:49:27.959055
B*37:69,B*37:69,B,Bw4 - 80T,Bw4_80T,classified,T,DLRTLLR,Bw4 - 80T,HLAtools_protein_alignment,IPD-IMGT/HLA 3.63.0,2026-02-19 18:49:27.959055
B*37:70,B*37:70,B,Bw4 - 80T,Bw4_80T,classified,T,DLRTLLR,Bw4 - 80T,HLAtools_protein_alignment,IPD-IMGT/HLA 3.63.0,2026-02-19 18:49:27.959055
B*37:71,B*37:71,B,Bw4 - 80T,Bw4_80T,classified,T,DLRTLLR,Bw4 - 80T,HLAtools_protein_alignment,IPD-IMGT/HLA 3.63.0,2026-02-19 18:49:27.959055
B*37:72,B*37:72,B,Bw4 - 80T,Bw4_80T,classified,T,DLRTLLR,Bw4 - 80T,HLAtools_protein_alignment,IPD-IMGT/HLA 3.63.0,2026-02-19 18:49:27.959055
B*37:73,B*37:73,B,Bw4 - 80T,Bw4_80T,classified,T,DLRTLLR,Bw4 - 80T,HLAtools_protein_alignment,IPD-IMGT/HLA 3.63.0,2026-02-19 18:49:27.959055
B*37:74,B*37:74,B,Bw4 - 80T,Bw4_80T,classified,T,DLRTLLR,Bw4 - 80T,HLAtools_protein_alignment,IPD-IMGT/HLA 3.63.0,2026-02-19 18:49:27.959055
B*37:75,B*37:75,B,Bw4 - 80T,Bw4_80T,classified,T,DLRTLLR,Bw4 - 80T,HLAtools_protein_alignment,IPD-IMGT/HLA 3.63.0,2026-02-19 18:49:27.959055
B*37:76,B*37:76,B,Bw4 - 80T,Bw4_80T,classified,T,DLRTLLR,Bw4 - 80T,HLAtools_protein_alignment,IPD-IMGT/HLA 3.63.0,2026-02-19 18:49:27.959055
B*37:77,B*37:77,B,Bw4 - 80T,Bw4_80T,classified,T,DLRTLLR,Bw4 - 80T,HLAtools_protein_alignment,IPD-IMGT/HLA 3.63.0,2026-02-19 18:49:27.959055
B*37:78,B*37:78,B,Bw4 - 80T,Bw4_80T,classified,T,DLRTLLR,Bw4 - 80T,HLAtools_protein_alignment,IPD-IMGT/HLA 3.63.0,2026-02-19 18:49:27.959055
B*37:80,B*37:80,B,Bw4 - 80T,Bw4_80T,classified,T,DLRTLLR,Bw4 - 80T,HLAtools_protein_alignment,IPD-IMGT/HLA 3.63.0,2026-02-19 18:49:27.959055
B*37:81,B*37:81,B,Bw4 - 80T,Bw4_80T,classified,T,DLRTLLR,Bw4 - 80T,HLAtools_protein_alignment,IPD-IMGT/HLA 3.63.0,2026-02-19 18:49:27.959055
B*37:83,B*37:83,B,Bw4 - 80T,Bw4_80T,classified,T,DLRTLLR,Bw4 - 80T,HLAtools_protein_alignment,IPD-IMGT/HLA 3.63.0,2026-02-19 18:49:27.959055
B*37:84,B*37:84,B,Bw4 - 80T,Bw4_80T,classified,T,DLRTLLR,Bw4 - 80T,HLAtools_protein_alignment,IPD-IMGT/HLA 3.63.0,2026-02-19 18:49:27.959055
B*37:85,B*37:85,B,Bw4 - 80T,Bw4_80T,classified,T,DLRTLLR,Bw4 - 80T,HLAtools_protein_alignment,IPD-IMGT/HLA 3.63.0,2026-02-19 18:49:27.959055
B*37:87,B*37:87,B,Bw4 - 80T,Bw4_80T,classified,T,DLRTLLR,Bw4 - 80T,HLAtools_protein_alignment,IPD-IMGT/HLA 3.63.0,2026-02-19 18:49:27.959055
B*37:88,B*37:88,B,Bw4 - 80T,Bw4_80T,classified,T,DLRTLLR,Bw4 - 80T,HLAtools_protein_alignment,IPD-IMGT/HLA 3.63.0,2026-02-19 18:49:27.959055
B*37:89,B*37:89,B,Bw4 - 80T,Bw4_80T,classified,T,DLRTLLR,Bw4 - 80T,HLAtools_protein_alignment,IPD-IMGT/HLA 3.63.0,2026-02-19 18:49:27.959055
B*37:90,B*37:90,B,Bw4 - 80T,Bw4_80T,classified,T,DLRTLLR,Bw4 - 80T,HLAtools_protein_alignment,IPD-IMGT/HLA 3.63.0,2026-02-19 18:49:27.959055
B*37:91,B*37:91,B,Bw4 - 80T,Bw4_80T,classified,T,DLRTLLR,Bw4 - 80T,HLAtools_protein_alignment,IPD-IMGT/HLA 3.63.0,2026-02-19 18:49:27.959055
B*37:93,B*37:93,B,Bw4 - 80T,Bw4_80T,classified,T,DLRTLLR,Bw4 - 80T,HLAtools_protein_alignment,IPD-IMGT/HLA 3.63.0,2026-02-19 18:49:27.959055
B*37:94,B*37:94,B,Bw4 - 80T,Bw4_80T,classified,T,DLRTLLR,Bw4 - 80T,HLAtools_protein_alignment,IPD-IMGT/HLA 3.63.0,2026-02-19 18:49:27.959055
B*37:95,B*37:95,B,Bw4 - 80T,Bw4_80T,classified,T,DLRTLLR,Bw4 - 80T,HLAtools_protein_alignment,IPD-IMGT/HLA 3.63.0,2026-02-19 18:49:27.959055
B*37:96,B*37:96,B,Non-canonical,NonCanonical,non_canonical_83,T,DLRTLLL,Bw4 - 80T,HLAtools_protein_alignment,IPD-IMGT/HLA 3.63.0,2026-02-19 18:49:27.959055
B*37:97,B*37:97,B,Bw4 - 80T,Bw4_80T,classified,T,DLRTLLR,Bw4 - 80T,HLAtools_protein_alignment,IPD-IMGT/HLA 3.63.0,2026-02-19 18:49:27.959055
B*37:98,B*37:98,B,Bw4 - 80T,Bw4_80T,classified,T,DLRTLLR,Bw4 - 80T,HLAtools_protein_alignment,IPD-IMGT/HLA 3.63.0,2026-02-19 18:49:27.959055
B*37:99,B*37:99,B,Bw4 - 80T,Bw4_80T,classified,T,DLRTLLR,Bw4 - 80T,HLAtools_protein_alignment,IPD-IMGT/HLA 3.63.0,2026-02-19 18:49:27.959055
B*38:01,B*38:01,B,Bw4 - 80I,Bw4_80I,classified,I,NLRIALR,Bw4 - 80I,HLAtools_protein_alignment,IPD-IMGT/HLA 3.63.0,2026-02-19 18:49:27.959055
B*38:01Q,B*38:01Q,B,Bw4 - 80I,Bw4_80I,classified,I,NLRIALR,NA,HLAtools_protein_alignment,IPD-IMGT/HLA 3.63.0,2026-02-19 18:49:27.959055
B*38:02,B*38:02,B,Bw4 - 80T,Bw4_80T,classified,T,NLRTALR,Bw4 - 80T,HLAtools_protein_alignment,IPD-IMGT/HLA 3.63.0,2026-02-19 18:49:27.959055
B*38:03,B*38:03,B,Bw4 - 80T,Bw4_80T,classified,T,SLRTALR,Bw4 - 80T,HLAtools_protein_alignment,IPD-IMGT/HLA 3.63.0,2026-02-19 18:49:27.959055
B*38:04,B*38:04,B,Bw4 - 80T,Bw4_80T,classified,T,NLRTALR,Bw4 - 80T,HLAtools_protein_alignment,IPD-IMGT/HLA 3.63.0,2026-02-19 18:49:27.959055
B*38:05,B*38:05,B,Bw4 - 80I,Bw4_80I,classified,I,NLRIALR,Bw4 - 80I,HLAtools_protein_alignment,IPD-IMGT/HLA 3.63.0,2026-02-19 18:49:27.959055
B*38:06,B*38:06,B,Bw4 - 80I,Bw4_80I,classified,I,NLRIALR,Bw4 - 80I,HLAtools_protein_alignment,IPD-IMGT/HLA 3.63.0,2026-02-19 18:49:27.959055
B*38:07,B*38:07,B,Bw4 - 80I,Bw4_80I,classified,I,NLRIALR,Bw4 - 80I,HLAtools_protein_alignment,IPD-IMGT/HLA 3.63.0,2026-02-19 18:49:27.959055
B*38:08,B*38:08,B,Bw4 - 80T,Bw4_80T,classified,T,NLRTALR,Bw4 - 80T,HLAtools_protein_alignment,IPD-IMGT/HLA 3.63.0,2026-02-19 18:49:27.959055
B*38:09,B*38:09,B,Bw4 - 80I,Bw4_80I,classified,I,NLRIALR,Bw4 - 80I,HLAtools_protein_alignment,IPD-IMGT/HLA 3.63.0,2026-02-19 18:49:27.959055
B*38:10,B*38:10,B,Bw4 - 80I,Bw4_80I,classified,I,NLRIALR,Bw4 - 80I,HLAtools_protein_alignment,IPD-IMGT/HLA 3.63.0,2026-02-19 18:49:27.959055
B*38:100,B*38:100,B,Bw4 - 80I,Bw4_80I,classified,I,NLRIALR,Bw4 - 80I,HLAtools_protein_alignment,IPD-IMGT/HLA 3.63.0,2026-02-19 18:49:27.959055
B*38:101,B*38:101,B,Bw4 - 80I,Bw4_80I,classified,I,NLRIALR,Bw4 - 80I,HLAtools_protein_alignment,IPD-IMGT/HLA 3.63.0,2026-02-19 18:49:27.959055
B*38:102,B*38:102,B,Bw4 - 80I,Bw4_80I,classified,I,NLRIALR,Bw4 - 80I,HLAtools_protein_alignment,IPD-IMGT/HLA 3.63.0,2026-02-19 18:49:27.959055
B*38:104,B*38:104,B,Bw4 - 80T,Bw4_80T,classified,T,NLRTALR,Bw4 - 80T,HLAtools_protein_alignment,IPD-IMGT/HLA 3.63.0,2026-02-19 18:49:27.959055
B*38:105,B*38:105,B,Bw4 - 80T,Bw4_80T,classified,T,NLRTALR,Bw4 - 80T,HLAtools_protein_alignment,IPD-IMGT/HLA 3.63.0,2026-02-19 18:49:27.959055
B*38:106,B*38:106,B,Bw4 - 80I,Bw4_80I,classified,I,NLRIALR,Bw4 - 80I,HLAtools_protein_alignment,IPD-IMGT/HLA 3.63.0,2026-02-19 18:49:27.959055
B*38:107,B*38:107,B,Bw4 - 80I,Bw4_80I,classified,I,NLRIALR,Bw4 - 80I,HLAtools_protein_alignment,IPD-IMGT/HLA 3.63.0,2026-02-19 18:49:27.959055
B*38:108,B*38:108,B,Bw4 - 80I,Bw4_80I,classified,I,NLRIALR,Bw4 - 80I,HLAtools_protein_alignment,IPD-IMGT/HLA 3.63.0,2026-02-19 18:49:27.959055
B*38:109,B*38:109,B,Bw4 - 80I,Bw4_80I,classified,I,NLRIALR,Bw4 - 80I,HLAtools_protein_alignment,IPD-IMGT/HLA 3.63.0,2026-02-19 18:49:27.959055
B*38:11,B*38:11,B,Bw4 - 80I,Bw4_80I,classified,I,NLRIALR,Bw4 - 80I,HLAtools_protein_alignment,IPD-IMGT/HLA 3.63.0,2026-02-19 18:49:27.959055
B*38:110,B*38:110,B,Bw4 - 80I,Bw4_80I,classified,I,NLRIALR,Bw4 - 80I,HLAtools_protein_alignment,IPD-IMGT/HLA 3.63.0,2026-02-19 18:49:27.959055
B*38:111,B*38:111,B,Bw4 - 80I,Bw4_80I,classified,I,NLRIALR,Bw4 - 80I,HLAtools_protein_alignment,IPD-IMGT/HLA 3.63.0,2026-02-19 18:49:27.959055
B*38:112,B*38:112,B,Bw4 - 80T,Bw4_80T,classified,T,NLRTALR,Bw4 - 80T,HLAtools_protein_alignment,IPD-IMGT/HLA 3.63.0,2026-02-19 18:49:27.959055
B*38:114,B*38:114,B,Bw4 - 80I,Bw4_80I,classified,I,NLRIALR,Bw4 - 80I,HLAtools_protein_alignment,IPD-IMGT/HLA 3.63.0,2026-02-19 18:49:27.959055
B*38:115,B*38:115,B,Bw4 - 80I,Bw4_80I,classified,I,NLRIALR,Bw4 - 80I,HLAtools_protein_alignment,IPD-IMGT/HLA 3.63.0,2026-02-19 18:49:27.959055
B*38:116,B*38:116,B,Bw4 - 80I,Bw4_80I,classified,I,NLRIALR,Bw4 - 80I,HLAtools_protein_alignment,IPD-IMGT/HLA 3.63.0,2026-02-19 18:49:27.959055
B*38:117,B*38:117,B,Bw4 - 80I,Bw4_80I,classified,I,NLRIALR,Bw4 - 80I,HLAtools_protein_alignment,IPD-IMGT/HLA 3.63.0,2026-02-19 18:49:27.959055
B*38:118,B*38:118,B,Bw4 - 80I,Bw4_80I,classified,I,NLQIALR,Bw4 - 80I,HLAtools_protein_alignment,IPD-IMGT/HLA 3.63.0,2026-02-19 18:49:27.959055
B*38:119,B*38:119,B,Bw4 - 80T,Bw4_80T,classified,T,NLRTALR,Bw4 - 80T,HLAtools_protein_alignment,IPD-IMGT/HLA 3.63.0,2026-02-19 18:49:27.959055
B*38:12,B*38:12,B,Bw4 - 80I,Bw4_80I,classified,I,NLRIALR,Bw4 - 80I,HLAtools_protein_alignment,IPD-IMGT/HLA 3.63.0,2026-02-19 18:49:27.959055
B*38:120,B*38:120,B,Bw4 - 80I,Bw4_80I,classified,I,NLRIALR,Bw4 - 80I,HLAtools_protein_alignment,IPD-IMGT/HLA 3.63.0,2026-02-19 18:49:27.959055
B*38:121,B*38:121,B,Bw4 - 80I,Bw4_80I,classified,I,NLRIALR,Bw4 - 80I,HLAtools_protein_alignment,IPD-IMGT/HLA 3.63.0,2026-02-19 18:49:27.959055
B*38:122,B*38:122,B,Bw4 - 80I,Bw4_80I,classified,I,NLRIALR,Bw4 - 80I,HLAtools_protein_alignment,IPD-IMGT/HLA 3.63.0,2026-02-19 18:49:27.959055
B*38:123,B*38:123,B,Bw4 - 80I,Bw4_80I,classified,I,NLRIALR,Bw4 - 80I,HLAtools_protein_alignment,IPD-IMGT/HLA 3.63.0,2026-02-19 18:49:27.959055
B*38:124,B*38:124,B,Bw4 - 80T,Bw4_80T,classified,T,NLRTALR,Bw4 - 80T,HLAtools_protein_alignment,IPD-IMGT/HLA 3.63.0,2026-02-19 18:49:27.959055
B*38:125,B*38:125,B,Bw4 - 80T,Bw4_80T,classified,T,NLRTALR,Bw4 - 80T,HLAtools_protein_alignment,IPD-IMGT/HLA 3.63.0,2026-02-19 18:49:27.959055
B*38:126,B*38:126,B,Bw4 - 80T,Bw4_80T,classified,T,NLRTALR,Bw4 - 80T,HLAtools_protein_alignment,IPD-IMGT/HLA 3.63.0,2026-02-19 18:49:27.959055
B*38:127,B*38:127,B,Bw4 - 80I,Bw4_80I,classified,I,NLRIALR,Bw4 - 80I,HLAtools_protein_alignment,IPD-IMGT/HLA 3.63.0,2026-02-19 18:49:27.959055
B*38:128,B*38:128,B,Bw4 - 80I,Bw4_80I,classified,I,NLRIALR,Bw4 - 80I,HLAtools_protein_alignment,IPD-IMGT/HLA 3.63.0,2026-02-19 18:49:27.959055
B*38:129,B*38:129,B,Bw4 - 80I,Bw4_80I,classified,I,NLRIALR,Bw4 - 80I,HLAtools_protein_alignment,IPD-IMGT/HLA 3.63.0,2026-02-19 18:49:27.959055
B*38:13,B*38:13,B,Bw4 - 80I,Bw4_80I,classified,I,NLRIALR,Bw4 - 80I,HLAtools_protein_alignment,IPD-IMGT/HLA 3.63.0,2026-02-19 18:49:27.959055
B*38:130,B*38:130,B,Bw4 - 80I,Bw4_80I,classified,I,NLRIALR,Bw4 - 80I,HLAtools_protein_alignment,IPD-IMGT/HLA 3.63.0,2026-02-19 18:49:27.959055
B*38:131,B*38:131,B,Bw4 - 80I,Bw4_80I,classified,I,NLRIALR,Bw4 - 80I,HLAtools_protein_alignment,IPD-IMGT/HLA 3.63.0,2026-02-19 18:49:27.959055
B*38:14,B*38:14,B,Bw4 - 80I,Bw4_80I,classified,I,NLRIALR,Bw4 - 80I,HLAtools_protein_alignment,IPD-IMGT/HLA 3.63.0,2026-02-19 18:49:27.959055
B*38:15,B*38:15,B,Bw4 - 80T,Bw4_80T,classified,T,NLRTALR,Bw4 - 80T,HLAtools_protein_alignment,IPD-IMGT/HLA 3.63.0,2026-02-19 18:49:27.959055
B*38:16,B*38:16,B,Bw4 - 80I,Bw4_80I,classified,I,NLRIALR,Bw4 - 80I,HLAtools_protein_alignment,IPD-IMGT/HLA 3.63.0,2026-02-19 18:49:27.959055
B*38:160,B*38:160,B,Bw4 - 80T,Bw4_80T,classified,T,NLRTALR,Bw4 - 80T,HLAtools_protein_alignment,IPD-IMGT/HLA 3.63.0,2026-02-19 18:49:27.959055
B*38:161,B*38:161,B,Bw4 - 80I,Bw4_80I,classified,I,NLRIALR,Bw4 - 80I,HLAtools_protein_alignment,IPD-IMGT/HLA 3.63.0,2026-02-19 18:49:27.959055
B*38:162,B*38:162,B,Bw4 - 80T,Bw4_80T,classified,T,NLRTALR,Bw4 - 80T,HLAtools_protein_alignment,IPD-IMGT/HLA 3.63.0,2026-02-19 18:49:27.959055
B*38:163,B*38:163,B,Bw4 - 80T,Bw4_80T,classified,T,NLRTALR,Bw4 - 80T,HLAtools_protein_alignment,IPD-IMGT/HLA 3.63.0,2026-02-19 18:49:27.959055
B*38:164,B*38:164,B,Bw4 - 80T,Bw4_80T,classified,T,NLRTALR,Bw4 - 80T,HLAtools_protein_alignment,IPD-IMGT/HLA 3.63.0,2026-02-19 18:49:27.959055
B*38:166,B*38:166,B,Bw4 - 80I,Bw4_80I,classified,I,NLRIALR,Bw4 - 80I,HLAtools_protein_alignment,IPD-IMGT/HLA 3.63.0,2026-02-19 18:49:27.959055
B*38:167,B*38:167,B,Bw4 - 80T,Bw4_80T,classified,T,NLRTALR,Bw4 - 80T,HLAtools_protein_alignment,IPD-IMGT/HLA 3.63.0,2026-02-19 18:49:27.959055
B*38:168,B*38:168,B,Bw4 - 80I,Bw4_80I,classified,I,NLRIALR,Bw4 - 80I,HLAtools_protein_alignment,IPD-IMGT/HLA 3.63.0,2026-02-19 18:49:27.959055
B*38:169,B*38:169,B,Bw4 - 80I,Bw4_80I,classified,I,NLRIALR,Bw4 - 80I,HLAtools_protein_alignment,IPD-IMGT/HLA 3.63.0,2026-02-19 18:49:27.959055
B*38:17,B*38:17,B,Bw4 - 80T,Bw4_80T,classified,T,DLRTLLR,Bw4 - 80T,HLAtools_protein_alignment,IPD-IMGT/HLA 3.63.0,2026-02-19 18:49:27.959055
B*38:170,B*38:170,B,Bw4 - 80I,Bw4_80I,classified,I,NLRIALR,Bw4 - 80I,HLAtools_protein_alignment,IPD-IMGT/HLA 3.63.0,2026-02-19 18:49:27.959055
B*38:171,B*38:171,B,Bw4 - 80I,Bw4_80I,classified,I,NLRIALR,Bw4 - 80I,HLAtools_protein_alignment,IPD-IMGT/HLA 3.63.0,2026-02-19 18:49:27.959055
B*38:172,B*38:172,B,Bw4 - 80T,Bw4_80T,classified,T,NLRTALR,Bw4 - 80T,HLAtools_protein_alignment,IPD-IMGT/HLA 3.63.0,2026-02-19 18:49:27.959055
B*38:173Q,B*38:173Q,B,Bw4 - 80T,Bw4_80T,classified,T,NLRTALR,NA,HLAtools_protein_alignment,IPD-IMGT/HLA 3.63.0,2026-02-19 18:49:27.959055
B*38:18,B*38:18,B,Bw4 - 80T,Bw4_80T,classified,T,NLRTALR,Bw4 - 80T,HLAtools_protein_alignment,IPD-IMGT/HLA 3.63.0,2026-02-19 18:49:27.959055
B*38:19,B*38:19,B,Bw4 - 80I,Bw4_80I,classified,I,NLRIALR,Bw4 - 80I,HLAtools_protein_alignment,IPD-IMGT/HLA 3.63.0,2026-02-19 18:49:27.959055
B*38:20,B*38:20,B,Bw4 - 80I,Bw4_80I,classified,I,NLRIALR,Bw4 - 80I,HLAtools_protein_alignment,IPD-IMGT/HLA 3.63.0,2026-02-19 18:49:27.959055
B*38:21,B*38:21,B,Bw4 - 80I,Bw4_80I,classified,I,NLRIALR,Bw4 - 80I,HLAtools_protein_alignment,IPD-IMGT/HLA 3.63.0,2026-02-19 18:49:27.959055
B*38:22,B*38:22,B,Bw4 - 80I,Bw4_80I,classified,I,NLRIALR,Bw4 - 80I,HLAtools_protein_alignment,IPD-IMGT/HLA 3.63.0,2026-02-19 18:49:27.959055
B*38:23,B*38:23,B,Bw4 - 80T,Bw4_80T,classified,T,NLRTALR,Bw4 - 80T,HLAtools_protein_alignment,IPD-IMGT/HLA 3.63.0,2026-02-19 18:49:27.959055
B*38:24,B*38:24,B,Bw4 - 80I,Bw4_80I,classified,I,NLRIALR,Bw4 - 80I,HLAtools_protein_alignment,IPD-IMGT/HLA 3.63.0,2026-02-19 18:49:27.959055
B*38:25,B*38:25,B,Bw4 - 80I,Bw4_80I,classified,I,NLRIALR,Bw4 - 80I,HLAtools_protein_alignment,IPD-IMGT/HLA 3.63.0,2026-02-19 18:49:27.959055
B*38:26,B*38:26,B,Bw4 - 80I,Bw4_80I,classified,I,NLRIALR,Bw4 - 80I,HLAtools_protein_alignment,IPD-IMGT/HLA 3.63.0,2026-02-19 18:49:27.959055
B*38:27,B*38:27,B,Bw4 - 80I,Bw4_80I,classified,I,NLRIALR,Bw4 - 80I,HLAtools_protein_alignment,IPD-IMGT/HLA 3.63.0,2026-02-19 18:49:27.959055
B*38:28,B*38:28,B,Bw4 - 80I,Bw4_80I,classified,I,NLRIALR,Bw4 - 80I,HLAtools_protein_alignment,IPD-IMGT/HLA 3.63.0,2026-02-19 18:49:27.959055
B*38:29,B*38:29,B,Bw4 - 80T,Bw4_80T,classified,T,NLRTALR,Bw4 - 80T,HLAtools_protein_alignment,IPD-IMGT/HLA 3.63.0,2026-02-19 18:49:27.959055
B*38:30,B*38:30,B,Bw4 - 80I,Bw4_80I,classified,I,NLRIALR,Bw4 - 80I,HLAtools_protein_alignment,IPD-IMGT/HLA 3.63.0,2026-02-19 18:49:27.959055
B*38:31,B*38:31,B,Bw4 - 80I,Bw4_80I,classified,I,NLRIALR,Bw4 - 80I,HLAtools_protein_alignment,IPD-IMGT/HLA 3.63.0,2026-02-19 18:49:27.959055
B*38:32,B*38:32,B,Bw4 - 80I,Bw4_80I,classified,I,NLRIALR,Bw4 - 80I,HLAtools_protein_alignment,IPD-IMGT/HLA 3.63.0,2026-02-19 18:49:27.959055
B*38:33,B*38:33,B,Bw4 - 80I,Bw4_80I,classified,I,NLRIALR,Bw4 - 80I,HLAtools_protein_alignment,IPD-IMGT/HLA 3.63.0,2026-02-19 18:49:27.959055
B*38:35,B*38:35,B,Bw4 - 80T,Bw4_80T,classified,T,NLRTALR,Bw4 - 80T,HLAtools_protein_alignment,IPD-IMGT/HLA 3.63.0,2026-02-19 18:49:27.959055
B*38:36,B*38:36,B,Bw4 - 80I,Bw4_80I,classified,I,NLRIALR,Bw4 - 80I,HLAtools_protein_alignment,IPD-IMGT/HLA 3.63.0,2026-02-19 18:49:27.959055
B*38:37,B*38:37,B,Bw4 - 80I,Bw4_80I,classified,I,NLRIALR,Bw4 - 80I,HLAtools_protein_alignment,IPD-IMGT/HLA 3.63.0,2026-02-19 18:49:27.959055
B*38:38,B*38:38,B,Bw4 - 80I,Bw4_80I,classified,I,NLRIALR,Bw4 - 80I,HLAtools_protein_alignment,IPD-IMGT/HLA 3.63.0,2026-02-19 18:49:27.959055
B*38:39,B*38:39,B,Bw4 - 80I,Bw4_80I,classified,I,NLRIALR,Bw4 - 80I,HLAtools_protein_alignment,IPD-IMGT/HLA 3.63.0,2026-02-19 18:49:27.959055
B*38:40,B*38:40,B,Bw4 - 80I,Bw4_80I,classified,I,NLRIALR,Bw4 - 80I,HLAtools_protein_alignment,IPD-IMGT/HLA 3.63.0,2026-02-19 18:49:27.959055
B*38:41,B*38:41,B,Bw4 - 80I,Bw4_80I,classified,I,SLRIALR,NA,HLAtools_protein_alignment,IPD-IMGT/HLA 3.63.0,2026-02-19 18:49:27.959055
B*38:42,B*38:42,B,Bw4 - 80I,Bw4_80I,classified,I,NLRIALR,Bw4 - 80I,HLAtools_protein_alignment,IPD-IMGT/HLA 3.63.0,2026-02-19 18:49:27.959055
B*38:43,B*38:43,B,Bw4 - 80T,Bw4_80T,classified,T,NLRTALR,Bw4 - 80T,HLAtools_protein_alignment,IPD-IMGT/HLA 3.63.0,2026-02-19 18:49:27.959055
B*38:44,B*38:44,B,Bw4 - 80T,Bw4_80T,classified,T,NLRTALR,Bw4 - 80T,HLAtools_protein_alignment,IPD-IMGT/HLA 3.63.0,2026-02-19 18:49:27.959055
B*38:45,B*38:45,B,Bw4 - 80T,Bw4_80T,classified,T,NLRTALR,Bw4 - 80T,HLAtools_protein_alignment,IPD-IMGT/HLA 3.63.0,2026-02-19 18:49:27.959055
B*38:46,B*38:46,B,Bw4 - 80T,Bw4_80T,classified,T,NLRTALR,Bw4 - 80T,HLAtools_protein_alignment,IPD-IMGT/HLA 3.63.0,2026-02-19 18:49:27.959055
B*38:47,B*38:47,B,Bw4 - 80T,Bw4_80T,classified,T,SLRTALR,Bw4 - 80T,HLAtools_protein_alignment,IPD-IMGT/HLA 3.63.0,2026-02-19 18:49:27.959055
B*38:48,B*38:48,B,Bw4 - 80T,Bw4_80T,classified,T,NLRTALR,Bw4 - 80T,HLAtools_protein_alignment,IPD-IMGT/HLA 3.63.0,2026-02-19 18:49:27.959055
B*38:49,B*38:49,B,Bw4 - 80T,Bw4_80T,classified,T,NLRTALR,Bw4 - 80T,HLAtools_protein_alignment,IPD-IMGT/HLA 3.63.0,2026-02-19 18:49:27.959055
B*38:50,B*38:50,B,Bw4 - 80T,Bw4_80T,classified,T,NLRTALR,Bw4 - 80T,HLAtools_protein_alignment,IPD-IMGT/HLA 3.63.0,2026-02-19 18:49:27.959055
B*38:51,B*38:51,B,Bw4 - 80I,Bw4_80I,classified,I,NLRIALR,Bw4 - 80I,HLAtools_protein_alignment,IPD-IMGT/HLA 3.63.0,2026-02-19 18:49:27.959055
B*38:52,B*38:52,B,Bw4 - 80I,Bw4_80I,classified,I,NLRIALR,Bw4 - 80I,HLAtools_protein_alignment,IPD-IMGT/HLA 3.63.0,2026-02-19 18:49:27.959055
B*38:53,B*38:53,B,Bw4 - 80I,Bw4_80I,classified,I,NLRIALR,Bw4 - 80I,HLAtools_protein_alignment,IPD-IMGT/HLA 3.63.0,2026-02-19 18:49:27.959055
B*38:54,B*38:54,B,Bw4 - 80I,Bw4_80I,classified,I,NLRIALR,Bw4 - 80I,HLAtools_protein_alignment,IPD-IMGT/HLA 3.63.0,2026-02-19 18:49:27.959055
B*38:55Q,B*38:55Q,B,Bw4 - 80I,Bw4_80I,classified,I,NLRIALR,NA,HLAtools_protein_alignment,IPD-IMGT/HLA 3.63.0,2026-02-19 18:49:27.959055
B*38:56,B*38:56,B,Bw4 - 80I,Bw4_80I,classified,I,NLRIALR,Bw4 - 80I,HLAtools_protein_alignment,IPD-IMGT/HLA 3.63.0,2026-02-19 18:49:27.959055
B*38:57,B*38:57,B,Bw4 - 80I,Bw4_80I,classified,I,NLRIALR,Bw4 - 80I,HLAtools_protein_alignment,IPD-IMGT/HLA 3.63.0,2026-02-19 18:49:27.959055
B*38:58,B*38:58,B,Bw4 - 80I,Bw4_80I,classified,I,NLRIALR,Bw4 - 80I,HLAtools_protein_alignment,IPD-IMGT/HLA 3.63.0,2026-02-19 18:49:27.959055
B*38:59,B*38:59,B,Bw4 - 80I,Bw4_80I,classified,I,NLRIALR,Bw4 - 80I,HLAtools_protein_alignment,IPD-IMGT/HLA 3.63.0,2026-02-19 18:49:27.959055
B*38:60,B*38:60,B,Bw4 - 80I,Bw4_80I,classified,I,NLRIALR,Bw4 - 80I,HLAtools_protein_alignment,IPD-IMGT/HLA 3.63.0,2026-02-19 18:49:27.959055
B*38:61,B*38:61,B,Non-canonical,NonCanonical,non_canonical_83,I,NLRIALH,Bw4 - 80I,HLAtools_protein_alignment,IPD-IMGT/HLA 3.63.0,2026-02-19 18:49:27.959055
B*38:62,B*38:62,B,Bw4 - 80T,Bw4_80T,classified,T,NLRTALR,Bw4 - 80T,HLAtools_protein_alignment,IPD-IMGT/HLA 3.63.0,2026-02-19 18:49:27.959055
B*38:63,B*38:63,B,Bw4 - 80I,Bw4_80I,classified,I,NLRIALR,Bw4 - 80I,HLAtools_protein_alignment,IPD-IMGT/HLA 3.63.0,2026-02-19 18:49:27.959055
B*38:64,B*38:64,B,Bw4 - 80T,Bw4_80T,classified,T,NLRTALR,Bw4 - 80T,HLAtools_protein_alignment,IPD-IMGT/HLA 3.63.0,2026-02-19 18:49:27.959055
B*38:65,B*38:65,B,Bw4 - 80I,Bw4_80I,classified,I,NLRIALR,Bw4 - 80I,HLAtools_protein_alignment,IPD-IMGT/HLA 3.63.0,2026-02-19 18:49:27.959055
B*38:66,B*38:66,B,Bw4 - 80I,Bw4_80I,classified,I,NLRIALR,Bw4 - 80I,HLAtools_protein_alignment,IPD-IMGT/HLA 3.63.0,2026-02-19 18:49:27.959055
B*38:67,B*38:67,B,Bw4 - 80I,Bw4_80I,classified,I,SLRIALR,NA,HLAtools_protein_alignment,IPD-IMGT/HLA 3.63.0,2026-02-19 18:49:27.959055
B*38:68L,B*38:68L,B,Bw4 - 80I,Bw4_80I,classified,I,NLRIALR,NA,HLAtools_protein_alignment,IPD-IMGT/HLA 3.63.0,2026-02-19 18:49:27.959055
B*38:69,B*38:69,B,Bw4 - 80I,Bw4_80I,classified,I,NLRIALR,Bw4 - 80I,HLAtools_protein_alignment,IPD-IMGT/HLA 3.63.0,2026-02-19 18:49:27.959055
B*38:70,B*38:70,B,Bw4 - 80I,Bw4_80I,classified,I,NLRIALR,Bw4 - 80I,HLAtools_protein_alignment,IPD-IMGT/HLA 3.63.0,2026-02-19 18:49:27.959055
B*38:71,B*38:71,B,Bw4 - 80I,Bw4_80I,classified,I,NLRIALR,Bw4 - 80I,HLAtools_protein_alignment,IPD-IMGT/HLA 3.63.0,2026-02-19 18:49:27.959055
B*38:72,B*38:72,B,Bw4 - 80T,Bw4_80T,classified,T,NLRTALR,Bw4 - 80T,HLAtools_protein_alignment,IPD-IMGT/HLA 3.63.0,2026-02-19 18:49:27.959055
B*38:73,B*38:73,B,Bw4 - 80I,Bw4_80I,classified,I,NLRIALR,Bw4 - 80I,HLAtools_protein_alignment,IPD-IMGT/HLA 3.63.0,2026-02-19 18:49:27.959055
B*38:74,B*38:74,B,Bw4 - 80T,Bw4_80T,classified,T,NLRTALR,Bw4 - 80T,HLAtools_protein_alignment,IPD-IMGT/HLA 3.63.0,2026-02-19 18:49:27.959055
B*38:75,B*38:75,B,Bw4 - 80T,Bw4_80T,classified,T,NLRTALR,Bw4 - 80T,HLAtools_protein_alignment,IPD-IMGT/HLA 3.63.0,2026-02-19 18:49:27.959055
B*38:76,B*38:76,B,Bw4 - 80T,Bw4_80T,classified,T,NLRTALR,Bw4 - 80T,HLAtools_protein_alignment,IPD-IMGT/HLA 3.63.0,2026-02-19 18:49:27.959055
B*38:77,B*38:77,B,Bw4 - 80I,Bw4_80I,classified,I,NLRIALR,Bw4 - 80I,HLAtools_protein_alignment,IPD-IMGT/HLA 3.63.0,2026-02-19 18:49:27.959055
B*38:78,B*38:78,B,Bw4 - 80I,Bw4_80I,classified,I,NLRIALR,Bw4 - 80I,HLAtools_protein_alignment,IPD-IMGT/HLA 3.63.0,2026-02-19 18:49:27.959055
B*38:79,B*38:79,B,Bw4 - 80T,Bw4_80T,classified,T,NLRTALR,Bw4 - 80T,HLAtools_protein_alignment,IPD-IMGT/HLA 3.63.0,2026-02-19 18:49:27.959055
B*38:81,B*38:81,B,Bw4 - 80I,Bw4_80I,classified,I,NLRIALR,Bw4 - 80I,HLAtools_protein_alignment,IPD-IMGT/HLA 3.63.0,2026-02-19 18:49:27.959055
B*38:82,B*38:82,B,Bw4 - 80T,Bw4_80T,classified,T,NLRTALR,Bw4 - 80T,HLAtools_protein_alignment,IPD-IMGT/HLA 3.63.0,2026-02-19 18:49:27.959055
B*38:84,B*38:84,B,Bw4 - 80T,Bw4_80T,classified,T,NLRTALR,Bw4 - 80T,HLAtools_protein_alignment,IPD-IMGT/HLA 3.63.0,2026-02-19 18:49:27.959055
B*38:85,B*38:85,B,Bw4 - 80T,Bw4_80T,classified,T,NLRTALR,Bw4 - 80T,HLAtools_protein_alignment,IPD-IMGT/HLA 3.63.0,2026-02-19 18:49:27.959055
B*38:86,B*38:86,B,Bw4 - 80I,Bw4_80I,classified,I,NLRIALR,Bw4 - 80I,HLAtools_protein_alignment,IPD-IMGT/HLA 3.63.0,2026-02-19 18:49:27.959055
B*38:87,B*38:87,B,Bw4 - 80I,Bw4_80I,classified,I,NLRIALR,Bw4 - 80I,HLAtools_protein_alignment,IPD-IMGT/HLA 3.63.0,2026-02-19 18:49:27.959055
B*38:88,B*38:88,B,Bw4 - 80I,Bw4_80I,classified,I,NLRIALR,Bw4 - 80I,HLAtools_protein_alignment,IPD-IMGT/HLA 3.63.0,2026-02-19 18:49:27.959055
B*38:89,B*38:89,B,Bw4 - 80T,Bw4_80T,classified,T,NLRTALR,Bw4 - 80T,HLAtools_protein_alignment,IPD-IMGT/HLA 3.63.0,2026-02-19 18:49:27.959055
B*38:90,B*38:90,B,Bw4 - 80I,Bw4_80I,classified,I,NLRIALR,Bw4 - 80I,HLAtools_protein_alignment,IPD-IMGT/HLA 3.63.0,2026-02-19 18:49:27.959055
B*38:91,B*38:91,B,Bw4 - 80I,Bw4_80I,classified,I,NLRIALR,Bw4 - 80I,HLAtools_protein_alignment,IPD-IMGT/HLA 3.63.0,2026-02-19 18:49:27.959055
B*38:92,B*38:92,B,Bw4 - 80T,Bw4_80T,classified,T,NLRTALR,Bw4 - 80T,HLAtools_protein_alignment,IPD-IMGT/HLA 3.63.0,2026-02-19 18:49:27.959055
B*38:93,B*38:93,B,Bw4 - 80I,Bw4_80I,classified,I,NLRIALR,Bw4 - 80I,HLAtools_protein_alignment,IPD-IMGT/HLA 3.63.0,2026-02-19 18:49:27.959055
B*38:94,B*38:94,B,Bw4 - 80I,Bw4_80I,classified,I,NLRIALR,Bw4 - 80I,HLAtools_protein_alignment,IPD-IMGT/HLA 3.63.0,2026-02-19 18:49:27.959055
B*38:95,B*38:95,B,Bw4 - 80I,Bw4_80I,classified,I,NLRIALR,Bw4 - 80I,HLAtools_protein_alignment,IPD-IMGT/HLA 3.63.0,2026-02-19 18:49:27.959055
B*38:96,B*38:96,B,Bw4 - 80I,Bw4_80I,classified,I,NLRIALR,Bw4 - 80I,HLAtools_protein_alignment,IPD-IMGT/HLA 3.63.0,2026-02-19 18:49:27.959055
B*38:97,B*38:97,B,Bw4 - 80T,Bw4_80T,classified,T,NLRTALR,Bw4 - 80T,HLAtools_protein_alignment,IPD-IMGT/HLA 3.63.0,2026-02-19 18:49:27.959055
B*38:98,B*38:98,B,Bw4 - 80T,Bw4_80T,classified,T,NLRTALR,Bw4 - 80T,HLAtools_protein_alignment,IPD-IMGT/HLA 3.63.0,2026-02-19 18:49:27.959055
B*38:99,B*38:99,B,Bw4 - 80I,Bw4_80I,classified,I,NLRIALR,Bw4 - 80I,HLAtools_protein_alignment,IPD-IMGT/HLA 3.63.0,2026-02-19 18:49:27.959055
B*39:01,B*39:01,B,Bw6,Bw6,classified,N,SLRNLRG,Bw6,HLAtools_protein_alignment,IPD-IMGT/HLA 3.63.0,2026-02-19 18:49:27.959055
B*39:01L,B*39:01L,B,Bw6,Bw6,classified,N,SLRNLRG,NA,HLAtools_protein_alignment,IPD-IMGT/HLA 3.63.0,2026-02-19 18:49:27.959055
B*39:02,B*39:02,B,Bw6,Bw6,classified,N,SLRNLRG,Bw6,HLAtools_protein_alignment,IPD-IMGT/HLA 3.63.0,2026-02-19 18:49:27.959055
B*39:03,B*39:03,B,Bw6,Bw6,classified,N,SLRNLRG,Bw6,HLAtools_protein_alignment,IPD-IMGT/HLA 3.63.0,2026-02-19 18:49:27.959055
B*39:04,B*39:04,B,Bw6,Bw6,classified,N,SLRNLRG,Bw6,HLAtools_protein_alignment,IPD-IMGT/HLA 3.63.0,2026-02-19 18:49:27.959055
B*39:05,B*39:05,B,Bw6,Bw6,classified,N,SLRNLRG,Bw6,HLAtools_protein_alignment,IPD-IMGT/HLA 3.63.0,2026-02-19 18:49:27.959055
B*39:06,B*39:06,B,Bw6,Bw6,classified,N,SLRNLRG,Bw6,HLAtools_protein_alignment,IPD-IMGT/HLA 3.63.0,2026-02-19 18:49:27.959055
B*39:07,B*39:07,B,Bw6,Bw6,classified,N,SLRNLRG,Bw6,HLAtools_protein_alignment,IPD-IMGT/HLA 3.63.0,2026-02-19 18:49:27.959055
B*39:08,B*39:08,B,Bw6,Bw6,classified,N,SLRNLRG,Bw6,HLAtools_protein_alignment,IPD-IMGT/HLA 3.63.0,2026-02-19 18:49:27.959055
B*39:09,B*39:09,B,Bw6,Bw6,classified,N,SLRNLRG,Bw6,HLAtools_protein_alignment,IPD-IMGT/HLA 3.63.0,2026-02-19 18:49:27.959055
B*39:10,B*39:10,B,Bw6,Bw6,classified,N,SLRNLRG,Bw6,HLAtools_protein_alignment,IPD-IMGT/HLA 3.63.0,2026-02-19 18:49:27.959055
B*39:100,B*39:100,B,Bw6,Bw6,classified,N,SLRNLRG,Bw6,HLAtools_protein_alignment,IPD-IMGT/HLA 3.63.0,2026-02-19 18:49:27.959055
B*39:101,B*39:101,B,Bw6,Bw6,classified,N,SLRNLRG,Bw6,HLAtools_protein_alignment,IPD-IMGT/HLA 3.63.0,2026-02-19 18:49:27.959055
B*39:102,B*39:102,B,Bw6,Bw6,classified,N,SLRNLRG,Bw6,HLAtools_protein_alignment,IPD-IMGT/HLA 3.63.0,2026-02-19 18:49:27.959055
B*39:103,B*39:103,B,Bw6,Bw6,classified,N,SLRNLRG,Bw6,HLAtools_protein_alignment,IPD-IMGT/HLA 3.63.0,2026-02-19 18:49:27.959055
B*39:104,B*39:104,B,Bw6,Bw6,classified,I,SLRILRG,NA,HLAtools_protein_alignment,IPD-IMGT/HLA 3.63.0,2026-02-19 18:49:27.959055
B*39:105,B*39:105,B,Bw6,Bw6,classified,N,SLRNLRG,Bw6,HLAtools_protein_alignment,IPD-IMGT/HLA 3.63.0,2026-02-19 18:49:27.959055
B*39:106,B*39:106,B,Bw6,Bw6,classified,N,SLRNLRG,Bw6,HLAtools_protein_alignment,IPD-IMGT/HLA 3.63.0,2026-02-19 18:49:27.959055
B*39:107,B*39:107,B,Bw6,Bw6,classified,N,SLRNLRG,Bw6,HLAtools_protein_alignment,IPD-IMGT/HLA 3.63.0,2026-02-19 18:49:27.959055
B*39:108,B*39:108,B,Bw6,Bw6,classified,N,SLRNLRG,Bw6,HLAtools_protein_alignment,IPD-IMGT/HLA 3.63.0,2026-02-19 18:49:27.959055
B*39:109,B*39:109,B,Bw6,Bw6,classified,N,SLRNLRG,Bw6,HLAtools_protein_alignment,IPD-IMGT/HLA 3.63.0,2026-02-19 18:49:27.959055
B*39:11,B*39:11,B,Bw6,Bw6,classified,N,SLRNLRG,Bw6,HLAtools_protein_alignment,IPD-IMGT/HLA 3.63.0,2026-02-19 18:49:27.959055
B*39:110,B*39:110,B,Bw6,Bw6,classified,N,SLRNLRG,Bw6,HLAtools_protein_alignment,IPD-IMGT/HLA 3.63.0,2026-02-19 18:49:27.959055
B*39:111,B*39:111,B,Bw6,Bw6,classified,N,SLRNLRG,Bw6,HLAtools_protein_alignment,IPD-IMGT/HLA 3.63.0,2026-02-19 18:49:27.959055
B*39:112,B*39:112,B,Bw6,Bw6,classified,N,SLRNLRG,Bw6,HLAtools_protein_alignment,IPD-IMGT/HLA 3.63.0,2026-02-19 18:49:27.959055
B*39:113,B*39:113,B,Bw6,Bw6,classified,N,SLRNLRG,Bw6,HLAtools_protein_alignment,IPD-IMGT/HLA 3.63.0,2026-02-19 18:49:27.959055
B*39:114,B*39:114,B,Bw6,Bw6,classified,N,SLRNLRG,Bw6,HLAtools_protein_alignment,IPD-IMGT/HLA 3.63.0,2026-02-19 18:49:27.959055
B*39:115,B*39:115,B,Bw6,Bw6,classified,N,SLRNLRG,Bw6,HLAtools_protein_alignment,IPD-IMGT/HLA 3.63.0,2026-02-19 18:49:27.959055
B*39:117,B*39:117,B,Bw6,Bw6,classified,N,SLRNLRG,Bw6,HLAtools_protein_alignment,IPD-IMGT/HLA 3.63.0,2026-02-19 18:49:27.959055
B*39:118,B*39:118,B,Bw6,Bw6,classified,N,SLRNLRG,Bw6,HLAtools_protein_alignment,IPD-IMGT/HLA 3.63.0,2026-02-19 18:49:27.959055
B*39:119,B*39:119,B,Bw6,Bw6,classified,N,SLRNLRG,Bw6,HLAtools_protein_alignment,IPD-IMGT/HLA 3.63.0,2026-02-19 18:49:27.959055
B*39:12,B*39:12,B,Bw6,Bw6,classified,N,SLRNLRG,Bw6,HLAtools_protein_alignment,IPD-IMGT/HLA 3.63.0,2026-02-19 18:49:27.959055
B*39:120,B*39:120,B,Bw6,Bw6,classified,N,SLRNLRG,Bw6,HLAtools_protein_alignment,IPD-IMGT/HLA 3.63.0,2026-02-19 18:49:27.959055
B*39:121,B*39:121,B,Bw6,Bw6,classified,N,SLRNLRG,Bw6,HLAtools_protein_alignment,IPD-IMGT/HLA 3.63.0,2026-02-19 18:49:27.959055
B*39:122,B*39:122,B,Bw6,Bw6,classified,N,SLRNLRG,Bw6,HLAtools_protein_alignment,IPD-IMGT/HLA 3.63.0,2026-02-19 18:49:27.959055
B*39:123,B*39:123,B,Bw6,Bw6,classified,N,SLRNLRG,Bw6,HLAtools_protein_alignment,IPD-IMGT/HLA 3.63.0,2026-02-19 18:49:27.959055
B*39:124,B*39:124,B,Bw6,Bw6,classified,N,NLRNLRG,NA,HLAtools_protein_alignment,IPD-IMGT/HLA 3.63.0,2026-02-19 18:49:27.959055
B*39:125,B*39:125,B,Bw6,Bw6,classified,N,SLRNLRG,Bw6,HLAtools_protein_alignment,IPD-IMGT/HLA 3.63.0,2026-02-19 18:49:27.959055
B*39:126,B*39:126,B,Bw6,Bw6,classified,N,SLRNLRG,Bw6,HLAtools_protein_alignment,IPD-IMGT/HLA 3.63.0,2026-02-19 18:49:27.959055
B*39:127,B*39:127,B,Bw6,Bw6,classified,N,SLRNLRG,Bw6,HLAtools_protein_alignment,IPD-IMGT/HLA 3.63.0,2026-02-19 18:49:27.959055
B*39:128,B*39:128,B,Bw6,Bw6,classified,N,SLRNLRG,Bw6,HLAtools_protein_alignment,IPD-IMGT/HLA 3.63.0,2026-02-19 18:49:27.959055
B*39:129,B*39:129,B,Bw6,Bw6,classified,N,SLRNLRG,Bw6,HLAtools_protein_alignment,IPD-IMGT/HLA 3.63.0,2026-02-19 18:49:27.959055
B*39:13,B*39:13,B,Bw6,Bw6,classified,N,SLRNLRG,Bw6,HLAtools_protein_alignment,IPD-IMGT/HLA 3.63.0,2026-02-19 18:49:27.959055
B*39:130,B*39:130,B,Bw6,Bw6,classified,N,SLRNLRG,Bw6,HLAtools_protein_alignment,IPD-IMGT/HLA 3.63.0,2026-02-19 18:49:27.959055
B*39:131,B*39:131,B,Bw6,Bw6,classified,N,SLRNLRG,Bw6,HLAtools_protein_alignment,IPD-IMGT/HLA 3.63.0,2026-02-19 18:49:27.959055
B*39:132,B*39:132,B,Bw6,Bw6,classified,N,SLRNLRG,Bw6,HLAtools_protein_alignment,IPD-IMGT/HLA 3.63.0,2026-02-19 18:49:27.959055
B*39:134,B*39:134,B,Bw6,Bw6,classified,N,SLRNLRG,Bw6,HLAtools_protein_alignment,IPD-IMGT/HLA 3.63.0,2026-02-19 18:49:27.959055
B*39:135,B*39:135,B,Bw6,Bw6,classified,N,SLRNLRG,Bw6,HLAtools_protein_alignment,IPD-IMGT/HLA 3.63.0,2026-02-19 18:49:27.959055
B*39:136,B*39:136,B,Bw6,Bw6,classified,N,SLRNLRG,Bw6,HLAtools_protein_alignment,IPD-IMGT/HLA 3.63.0,2026-02-19 18:49:27.959055
B*39:137,B*39:137,B,Bw6,Bw6,classified,N,SLRNLRG,Bw6,HLAtools_protein_alignment,IPD-IMGT/HLA 3.63.0,2026-02-19 18:49:27.959055
B*39:138,B*39:138,B,Bw6,Bw6,classified,N,SLRNLRG,Bw6,HLAtools_protein_alignment,IPD-IMGT/HLA 3.63.0,2026-02-19 18:49:27.959055
B*39:14,B*39:14,B,Bw6,Bw6,classified,N,SLRNLRG,Bw6,HLAtools_protein_alignment,IPD-IMGT/HLA 3.63.0,2026-02-19 18:49:27.959055
B*39:140,B*39:140,B,Bw6,Bw6,classified,N,SLRNLRG,Bw6,HLAtools_protein_alignment,IPD-IMGT/HLA 3.63.0,2026-02-19 18:49:27.959055
B*39:141,B*39:141,B,Bw6,Bw6,classified,N,SLRNLRG,Bw6,HLAtools_protein_alignment,IPD-IMGT/HLA 3.63.0,2026-02-19 18:49:27.959055
B*39:143,B*39:143,B,Bw6,Bw6,classified,N,SLRNLRG,Bw6,HLAtools_protein_alignment,IPD-IMGT/HLA 3.63.0,2026-02-19 18:49:27.959055
B*39:144,B*39:144,B,Bw6,Bw6,classified,N,SLRNLRG,Bw6,HLAtools_protein_alignment,IPD-IMGT/HLA 3.63.0,2026-02-19 18:49:27.959055
B*39:145,B*39:145,B,Bw6,Bw6,classified,N,SLRNLRG,Bw6,HLAtools_protein_alignment,IPD-IMGT/HLA 3.63.0,2026-02-19 18:49:27.959055
B*39:148,B*39:148,B,Bw6,Bw6,classified,N,SLRNLRG,Bw6,HLAtools_protein_alignment,IPD-IMGT/HLA 3.63.0,2026-02-19 18:49:27.959055
B*39:149,B*39:149,B,Bw6,Bw6,classified,N,SLRNLRG,Bw6,HLAtools_protein_alignment,IPD-IMGT/HLA 3.63.0,2026-02-19 18:49:27.959055
B*39:15,B*39:15,B,Bw6,Bw6,classified,N,SLRNLRG,Bw6,HLAtools_protein_alignment,IPD-IMGT/HLA 3.63.0,2026-02-19 18:49:27.959055
B*39:150Q,B*39:150Q,B,Bw6,Bw6,classified,N,SLRNLRG,NA,HLAtools_protein_alignment,IPD-IMGT/HLA 3.63.0,2026-02-19 18:49:27.959055
B*39:151,B*39:151,B,Bw6,Bw6,classified,N,SLRNLRG,Bw6,HLAtools_protein_alignment,IPD-IMGT/HLA 3.63.0,2026-02-19 18:49:27.959055
B*39:152,B*39:152,B,Bw6,Bw6,classified,N,SLRNLRG,Bw6,HLAtools_protein_alignment,IPD-IMGT/HLA 3.63.0,2026-02-19 18:49:27.959055
B*39:153,B*39:153,B,Bw6,Bw6,classified,N,SLRNLRG,Bw6,HLAtools_protein_alignment,IPD-IMGT/HLA 3.63.0,2026-02-19 18:49:27.959055
B*39:154,B*39:154,B,Bw6,Bw6,classified,N,SLRNLRG,Bw6,HLAtools_protein_alignment,IPD-IMGT/HLA 3.63.0,2026-02-19 18:49:27.959055
B*39:155,B*39:155,B,Bw6,Bw6,classified,N,SLRNLRG,Bw6,HLAtools_protein_alignment,IPD-IMGT/HLA 3.63.0,2026-02-19 18:49:27.959055
B*39:156,B*39:156,B,Bw6,Bw6,classified,N,SLRNLRG,Bw6,HLAtools_protein_alignment,IPD-IMGT/HLA 3.63.0,2026-02-19 18:49:27.959055
B*39:158,B*39:158,B,Bw6,Bw6,classified,N,SLRNLRG,Bw6,HLAtools_protein_alignment,IPD-IMGT/HLA 3.63.0,2026-02-19 18:49:27.959055
B*39:159,B*39:159,B,Bw6,Bw6,classified,N,SLRNLRG,Bw6,HLAtools_protein_alignment,IPD-IMGT/HLA 3.63.0,2026-02-19 18:49:27.959055
B*39:16,B*39:16,B,Bw6,Bw6,classified,N,SLRNLRG,Bw6,HLAtools_protein_alignment,IPD-IMGT/HLA 3.63.0,2026-02-19 18:49:27.959055
B*39:160,B*39:160,B,Bw6,Bw6,classified,N,SLRNLRG,Bw6,HLAtools_protein_alignment,IPD-IMGT/HLA 3.63.0,2026-02-19 18:49:27.959055
B*39:162,B*39:162,B,Bw6,Bw6,classified,N,SLRNLRG,Bw6,HLAtools_protein_alignment,IPD-IMGT/HLA 3.63.0,2026-02-19 18:49:27.959055
B*39:163,B*39:163,B,Bw6,Bw6,classified,N,SLRNLRG,Bw6,HLAtools_protein_alignment,IPD-IMGT/HLA 3.63.0,2026-02-19 18:49:27.959055
B*39:164,B*39:164,B,Bw6,Bw6,classified,N,SLRNLRG,Bw6,HLAtools_protein_alignment,IPD-IMGT/HLA 3.63.0,2026-02-19 18:49:27.959055
B*39:165,B*39:165,B,Bw6,Bw6,classified,N,SLRNLRG,Bw6,HLAtools_protein_alignment,IPD-IMGT/HLA 3.63.0,2026-02-19 18:49:27.959055
B*39:166,B*39:166,B,Bw6,Bw6,classified,N,SLRNLRG,Bw6,HLAtools_protein_alignment,IPD-IMGT/HLA 3.63.0,2026-02-19 18:49:27.959055
B*39:167,B*39:167,B,Bw6,Bw6,classified,N,SLRNLRG,Bw6,HLAtools_protein_alignment,IPD-IMGT/HLA 3.63.0,2026-02-19 18:49:27.959055
B*39:168,B*39:168,B,Bw6,Bw6,classified,N,NLRNLRG,NA,HLAtools_protein_alignment,IPD-IMGT/HLA 3.63.0,2026-02-19 18:49:27.959055
B*39:169,B*39:169,B,Bw6,Bw6,classified,N,SLRNLRG,Bw6,HLAtools_protein_alignment,IPD-IMGT/HLA 3.63.0,2026-02-19 18:49:27.959055
B*39:17,B*39:17,B,Bw6,Bw6,classified,N,SLRNLRG,Bw6,HLAtools_protein_alignment,IPD-IMGT/HLA 3.63.0,2026-02-19 18:49:27.959055
B*39:170,B*39:170,B,Bw6,Bw6,classified,N,SLRNLRG,Bw6,HLAtools_protein_alignment,IPD-IMGT/HLA 3.63.0,2026-02-19 18:49:27.959055
B*39:171,B*39:171,B,Bw6,Bw6,classified,N,SLRNLRG,Bw6,HLAtools_protein_alignment,IPD-IMGT/HLA 3.63.0,2026-02-19 18:49:27.959055
B*39:172,B*39:172,B,Bw6,Bw6,classified,N,SLRNLRG,Bw6,HLAtools_protein_alignment,IPD-IMGT/HLA 3.63.0,2026-02-19 18:49:27.959055
B*39:173,B*39:173,B,Bw6,Bw6,classified,N,SLRNLRG,Bw6,HLAtools_protein_alignment,IPD-IMGT/HLA 3.63.0,2026-02-19 18:49:27.959055
B*39:174,B*39:174,B,Bw6,Bw6,classified,N,SLRNLRG,Bw6,HLAtools_protein_alignment,IPD-IMGT/HLA 3.63.0,2026-02-19 18:49:27.959055
B*39:176,B*39:176,B,Bw6,Bw6,classified,N,SLRNLRG,Bw6,HLAtools_protein_alignment,IPD-IMGT/HLA 3.63.0,2026-02-19 18:49:27.959055
B*39:177,B*39:177,B,Bw6,Bw6,classified,N,SLRNLRG,Bw6,HLAtools_protein_alignment,IPD-IMGT/HLA 3.63.0,2026-02-19 18:49:27.959055
B*39:178,B*39:178,B,Bw6,Bw6,classified,N,SLRNLRG,Bw6,HLAtools_protein_alignment,IPD-IMGT/HLA 3.63.0,2026-02-19 18:49:27.959055
B*39:179,B*39:179,B,Bw6,Bw6,classified,N,SLRNLRG,Bw6,HLAtools_protein_alignment,IPD-IMGT/HLA 3.63.0,2026-02-19 18:49:27.959055
B*39:18,B*39:18,B,Bw6,Bw6,classified,N,SLRNLRG,Bw6,HLAtools_protein_alignment,IPD-IMGT/HLA 3.63.0,2026-02-19 18:49:27.959055
B*39:180,B*39:180,B,Bw6,Bw6,classified,N,SLRNLRG,Bw6,HLAtools_protein_alignment,IPD-IMGT/HLA 3.63.0,2026-02-19 18:49:27.959055
B*39:181,B*39:181,B,Bw6,Bw6,classified,N,SLRNLRG,Bw6,HLAtools_protein_alignment,IPD-IMGT/HLA 3.63.0,2026-02-19 18:49:27.959055
B*39:182,B*39:182,B,Bw6,Bw6,classified,N,SLRNLRG,Bw6,HLAtools_protein_alignment,IPD-IMGT/HLA 3.63.0,2026-02-19 18:49:27.959055
B*39:183,B*39:183,B,Bw6,Bw6,classified,N,SLRNLRG,Bw6,HLAtools_protein_alignment,IPD-IMGT/HLA 3.63.0,2026-02-19 18:49:27.959055
B*39:184,B*39:184,B,Bw6,Bw6,classified,N,SLRNLRG,Bw6,HLAtools_protein_alignment,IPD-IMGT/HLA 3.63.0,2026-02-19 18:49:27.959055
B*39:185,B*39:185,B,Bw6,Bw6,classified,N,SRRNLRG,Bw6,HLAtools_protein_alignment,IPD-IMGT/HLA 3.63.0,2026-02-19 18:49:27.959055
B*39:186,B*39:186,B,Bw6,Bw6,classified,N,SLRNLRG,Bw6,HLAtools_protein_alignment,IPD-IMGT/HLA 3.63.0,2026-02-19 18:49:27.959055
B*39:187,B*39:187,B,Bw6,Bw6,classified,N,SLRNLRG,Bw6,HLAtools_protein_alignment,IPD-IMGT/HLA 3.63.0,2026-02-19 18:49:27.959055
B*39:188,B*39:188,B,Bw6,Bw6,classified,N,SLRNLRG,Bw6,HLAtools_protein_alignment,IPD-IMGT/HLA 3.63.0,2026-02-19 18:49:27.959055
B*39:189,B*39:189,B,Bw6,Bw6,classified,N,SLRNLRG,Bw6,HLAtools_protein_alignment,IPD-IMGT/HLA 3.63.0,2026-02-19 18:49:27.959055
B*39:19,B*39:19,B,Bw6,Bw6,classified,N,SLRNLRG,Bw6,HLAtools_protein_alignment,IPD-IMGT/HLA 3.63.0,2026-02-19 18:49:27.959055
B*39:190,B*39:190,B,Bw6,Bw6,classified,N,SLRNLRG,Bw6,HLAtools_protein_alignment,IPD-IMGT/HLA 3.63.0,2026-02-19 18:49:27.959055
B*39:191,B*39:191,B,Bw6,Bw6,classified,N,SLRNLRG,Bw6,HLAtools_protein_alignment,IPD-IMGT/HLA 3.63.0,2026-02-19 18:49:27.959055
B*39:192,B*39:192,B,Bw6,Bw6,classified,N,SLRNLRG,Bw6,HLAtools_protein_alignment,IPD-IMGT/HLA 3.63.0,2026-02-19 18:49:27.959055
B*39:193,B*39:193,B,Bw6,Bw6,classified,N,SLRNLRG,Bw6,HLAtools_protein_alignment,IPD-IMGT/HLA 3.63.0,2026-02-19 18:49:27.959055
B*39:194Q,B*39:194Q,B,Bw6,Bw6,classified,N,SLRNLRG,NA,HLAtools_protein_alignment,IPD-IMGT/HLA 3.63.0,2026-02-19 18:49:27.959055
B*39:195,B*39:195,B,Bw6,Bw6,classified,N,SLRNLRG,Bw6,HLAtools_protein_alignment,IPD-IMGT/HLA 3.63.0,2026-02-19 18:49:27.959055
B*39:196,B*39:196,B,Bw6,Bw6,classified,N,SLRNLRG,Bw6,HLAtools_protein_alignment,IPD-IMGT/HLA 3.63.0,2026-02-19 18:49:27.959055
B*39:197,B*39:197,B,Bw6,Bw6,classified,N,SLRNLRG,Bw6,HLAtools_protein_alignment,IPD-IMGT/HLA 3.63.0,2026-02-19 18:49:27.959055
B*39:198,B*39:198,B,Bw6,Bw6,classified,N,SLRNLRG,Bw6,HLAtools_protein_alignment,IPD-IMGT/HLA 3.63.0,2026-02-19 18:49:27.959055
B*39:199,B*39:199,B,Bw6,Bw6,classified,N,SLRNLRG,Bw6,HLAtools_protein_alignment,IPD-IMGT/HLA 3.63.0,2026-02-19 18:49:27.959055
B*39:20,B*39:20,B,Bw6,Bw6,classified,N,NLRNLRG,NA,HLAtools_protein_alignment,IPD-IMGT/HLA 3.63.0,2026-02-19 18:49:27.959055
B*39:200,B*39:200,B,Bw6,Bw6,classified,N,SLRNLRG,Bw6,HLAtools_protein_alignment,IPD-IMGT/HLA 3.63.0,2026-02-19 18:49:27.959055
B*39:201,B*39:201,B,Bw6,Bw6,classified,K,SLRKLRG,NA,HLAtools_protein_alignment,IPD-IMGT/HLA 3.63.0,2026-02-19 18:49:27.959055
B*39:202,B*39:202,B,Bw6,Bw6,classified,N,SLRNLRG,Bw6,HLAtools_protein_alignment,IPD-IMGT/HLA 3.63.0,2026-02-19 18:49:27.959055
B*39:203Q,B*39:203Q,B,Bw6,Bw6,classified,N,SLRNLRG,NA,HLAtools_protein_alignment,IPD-IMGT/HLA 3.63.0,2026-02-19 18:49:27.959055
B*39:204,B*39:204,B,Bw6,Bw6,classified,N,SLRNLRG,Bw6,HLAtools_protein_alignment,IPD-IMGT/HLA 3.63.0,2026-02-19 18:49:27.959055
B*39:205,B*39:205,B,Bw6,Bw6,classified,N,SLRNLRG,Bw6,HLAtools_protein_alignment,IPD-IMGT/HLA 3.63.0,2026-02-19 18:49:27.959055
B*39:206,B*39:206,B,Bw6,Bw6,classified,N,SLRNLRG,Bw6,HLAtools_protein_alignment,IPD-IMGT/HLA 3.63.0,2026-02-19 18:49:27.959055
B*39:208,B*39:208,B,Bw6,Bw6,classified,N,SLRNLRG,Bw6,HLAtools_protein_alignment,IPD-IMGT/HLA 3.63.0,2026-02-19 18:49:27.959055
B*39:209,B*39:209,B,Bw6,Bw6,classified,N,SLRNLRG,Bw6,HLAtools_protein_alignment,IPD-IMGT/HLA 3.63.0,2026-02-19 18:49:27.959055
B*39:210,B*39:210,B,Bw6,Bw6,classified,N,SLRNLRG,Bw6,HLAtools_protein_alignment,IPD-IMGT/HLA 3.63.0,2026-02-19 18:49:27.959055
B*39:211,B*39:211,B,Bw6,Bw6,classified,N,SLRNLRG,Bw6,HLAtools_protein_alignment,IPD-IMGT/HLA 3.63.0,2026-02-19 18:49:27.959055
B*39:212,B*39:212,B,Bw6,Bw6,classified,N,SLRNLRG,Bw6,HLAtools_protein_alignment,IPD-IMGT/HLA 3.63.0,2026-02-19 18:49:27.959055
B*39:213,B*39:213,B,Bw6,Bw6,classified,N,SLRNLRG,Bw6,HLAtools_protein_alignment,IPD-IMGT/HLA 3.63.0,2026-02-19 18:49:27.959055
B*39:215,B*39:215,B,Bw6,Bw6,classified,N,SLRNLRG,Bw6,HLAtools_protein_alignment,IPD-IMGT/HLA 3.63.0,2026-02-19 18:49:27.959055
B*39:216,B*39:216,B,Bw6,Bw6,classified,N,SLRNLRG,Bw6,HLAtools_protein_alignment,IPD-IMGT/HLA 3.63.0,2026-02-19 18:49:27.959055
B*39:217,B*39:217,B,Bw6,Bw6,classified,N,SLRNLRG,Bw6,HLAtools_protein_alignment,IPD-IMGT/HLA 3.63.0,2026-02-19 18:49:27.959055
B*39:218,B*39:218,B,Bw6,Bw6,classified,N,SLRNLRG,Bw6,HLAtools_protein_alignment,IPD-IMGT/HLA 3.63.0,2026-02-19 18:49:27.959055
B*39:219,B*39:219,B,Bw6,Bw6,classified,N,SLRNLRG,Bw6,HLAtools_protein_alignment,IPD-IMGT/HLA 3.63.0,2026-02-19 18:49:27.959055
B*39:22,B*39:22,B,Bw6,Bw6,classified,N,SLRNLRG,Bw6,HLAtools_protein_alignment,IPD-IMGT/HLA 3.63.0,2026-02-19 18:49:27.959055
B*39:220,B*39:220,B,Bw6,Bw6,classified,N,SLRNLRG,Bw6,HLAtools_protein_alignment,IPD-IMGT/HLA 3.63.0,2026-02-19 18:49:27.959055
B*39:221,B*39:221,B,Bw6,Bw6,classified,N,SLRNLRG,Bw6,HLAtools_protein_alignment,IPD-IMGT/HLA 3.63.0,2026-02-19 18:49:27.959055
B*39:222,B*39:222,B,Bw6,Bw6,classified,N,SLRNLRG,Bw6,HLAtools_protein_alignment,IPD-IMGT/HLA 3.63.0,2026-02-19 18:49:27.959055
B*39:223,B*39:223,B,Bw6,Bw6,classified,N,SLRNLRG,Bw6,HLAtools_protein_alignment,IPD-IMGT/HLA 3.63.0,2026-02-19 18:49:27.959055
B*39:224,B*39:224,B,Bw6,Bw6,classified,N,SLRNLRG,Bw6,HLAtools_protein_alignment,IPD-IMGT/HLA 3.63.0,2026-02-19 18:49:27.959055
B*39:225,B*39:225,B,Bw6,Bw6,classified,N,SLRNLRG,Bw6,HLAtools_protein_alignment,IPD-IMGT/HLA 3.63.0,2026-02-19 18:49:27.959055
B*39:226,B*39:226,B,Bw6,Bw6,classified,N,SLRNLRG,Bw6,HLAtools_protein_alignment,IPD-IMGT/HLA 3.63.0,2026-02-19 18:49:27.959055
B*39:227,B*39:227,B,Bw6,Bw6,classified,N,SLRNLRG,Bw6,HLAtools_protein_alignment,IPD-IMGT/HLA 3.63.0,2026-02-19 18:49:27.959055
B*39:228,B*39:228,B,Bw6,Bw6,classified,N,SLRNLRG,Bw6,HLAtools_protein_alignment,IPD-IMGT/HLA 3.63.0,2026-02-19 18:49:27.959055
B*39:229,B*39:229,B,Bw6,Bw6,classified,N,SLRNLRG,Bw6,HLAtools_protein_alignment,IPD-IMGT/HLA 3.63.0,2026-02-19 18:49:27.959055
B*39:23,B*39:23,B,Bw6,Bw6,classified,N,SLRNLRG,Bw6,HLAtools_protein_alignment,IPD-IMGT/HLA 3.63.0,2026-02-19 18:49:27.959055
B*39:230,B*39:230,B,Bw6,Bw6,classified,N,SLRNLRG,Bw6,HLAtools_protein_alignment,IPD-IMGT/HLA 3.63.0,2026-02-19 18:49:27.959055
B*39:231,B*39:231,B,Bw6,Bw6,classified,N,SLRNLRG,Bw6,HLAtools_protein_alignment,IPD-IMGT/HLA 3.63.0,2026-02-19 18:49:27.959055
B*39:232,B*39:232,B,Bw6,Bw6,classified,N,SLRNLRG,Bw6,HLAtools_protein_alignment,IPD-IMGT/HLA 3.63.0,2026-02-19 18:49:27.959055
B*39:233,B*39:233,B,Bw6,Bw6,classified,N,SLRNLRG,Bw6,HLAtools_protein_alignment,IPD-IMGT/HLA 3.63.0,2026-02-19 18:49:27.959055
B*39:234,B*39:234,B,Bw6,Bw6,classified,N,SLRNLRG,Bw6,HLAtools_protein_alignment,IPD-IMGT/HLA 3.63.0,2026-02-19 18:49:27.959055
B*39:235,B*39:235,B,Bw6,Bw6,classified,N,SLRNLRG,Bw6,HLAtools_protein_alignment,IPD-IMGT/HLA 3.63.0,2026-02-19 18:49:27.959055
B*39:237,B*39:237,B,Bw6,Bw6,classified,N,SLRNLRG,Bw6,HLAtools_protein_alignment,IPD-IMGT/HLA 3.63.0,2026-02-19 18:49:27.959055
B*39:238,B*39:238,B,Bw6,Bw6,classified,N,SLRNLRG,Bw6,HLAtools_protein_alignment,IPD-IMGT/HLA 3.63.0,2026-02-19 18:49:27.959055
B*39:24,B*39:24,B,Bw6,Bw6,classified,N,SLRNLRG,Bw6,HLAtools_protein_alignment,IPD-IMGT/HLA 3.63.0,2026-02-19 18:49:27.959055
B*39:26,B*39:26,B,Bw6,Bw6,classified,N,SLRNLRG,Bw6,HLAtools_protein_alignment,IPD-IMGT/HLA 3.63.0,2026-02-19 18:49:27.959055
B*39:27,B*39:27,B,Bw6,Bw6,classified,N,SLRNLRG,Bw6,HLAtools_protein_alignment,IPD-IMGT/HLA 3.63.0,2026-02-19 18:49:27.959055
B*39:28,B*39:28,B,Bw6,Bw6,classified,N,SLRNLRG,Bw6,HLAtools_protein_alignment,IPD-IMGT/HLA 3.63.0,2026-02-19 18:49:27.959055
B*39:29,B*39:29,B,Bw6,Bw6,classified,N,SLRNLRG,Bw6,HLAtools_protein_alignment,IPD-IMGT/HLA 3.63.0,2026-02-19 18:49:27.959055
B*39:30,B*39:30,B,Bw6,Bw6,classified,N,SLRNLRG,Bw6,HLAtools_protein_alignment,IPD-IMGT/HLA 3.63.0,2026-02-19 18:49:27.959055
B*39:31,B*39:31,B,Bw6,Bw6,classified,N,SLRNLRG,Bw6,HLAtools_protein_alignment,IPD-IMGT/HLA 3.63.0,2026-02-19 18:49:27.959055
B*39:32,B*39:32,B,Bw6,Bw6,classified,N,SLRNLRG,Bw6,HLAtools_protein_alignment,IPD-IMGT/HLA 3.63.0,2026-02-19 18:49:27.959055
B*39:33,B*39:33,B,Bw6,Bw6,classified,N,SLRNLRG,Bw6,HLAtools_protein_alignment,IPD-IMGT/HLA 3.63.0,2026-02-19 18:49:27.959055
B*39:34,B*39:34,B,Bw6,Bw6,classified,N,SLRNLRG,Bw6,HLAtools_protein_alignment,IPD-IMGT/HLA 3.63.0,2026-02-19 18:49:27.959055
B*39:35,B*39:35,B,Bw6,Bw6,classified,N,SLRNLRG,Bw6,HLAtools_protein_alignment,IPD-IMGT/HLA 3.63.0,2026-02-19 18:49:27.959055
B*39:36,B*39:36,B,Bw6,Bw6,classified,N,SLRNLRG,Bw6,HLAtools_protein_alignment,IPD-IMGT/HLA 3.63.0,2026-02-19 18:49:27.959055
B*39:37,B*39:37,B,Bw6,Bw6,classified,N,SLRNLRG,Bw6,HLAtools_protein_alignment,IPD-IMGT/HLA 3.63.0,2026-02-19 18:49:27.959055
B*39:38Q,B*39:38Q,B,Bw6,Bw6,classified,N,SLRNLRG,NA,HLAtools_protein_alignment,IPD-IMGT/HLA 3.63.0,2026-02-19 18:49:27.959055
B*39:39,B*39:39,B,Bw6,Bw6,classified,N,SLRNLRG,Bw6,HLAtools_protein_alignment,IPD-IMGT/HLA 3.63.0,2026-02-19 18:49:27.959055
B*39:41,B*39:41,B,Bw6,Bw6,classified,N,SLRNLRG,Bw6,HLAtools_protein_alignment,IPD-IMGT/HLA 3.63.0,2026-02-19 18:49:27.959055
B*39:42,B*39:42,B,Bw6,Bw6,classified,N,SLRNLRG,Bw6,HLAtools_protein_alignment,IPD-IMGT/HLA 3.63.0,2026-02-19 18:49:27.959055
B*39:43,B*39:43,B,Bw6,Bw6,classified,N,SLRNLRG,Bw6,HLAtools_protein_alignment,IPD-IMGT/HLA 3.63.0,2026-02-19 18:49:27.959055
B*39:44,B*39:44,B,Bw6,Bw6,classified,N,SLRNLRG,Bw6,HLAtools_protein_alignment,IPD-IMGT/HLA 3.63.0,2026-02-19 18:49:27.959055
B*39:45,B*39:45,B,Bw6,Bw6,classified,N,SLRNLRG,Bw6,HLAtools_protein_alignment,IPD-IMGT/HLA 3.63.0,2026-02-19 18:49:27.959055
B*39:46,B*39:46,B,Bw6,Bw6,classified,N,SLRNLRG,Bw6,HLAtools_protein_alignment,IPD-IMGT/HLA 3.63.0,2026-02-19 18:49:27.959055
B*39:47,B*39:47,B,Bw6,Bw6,classified,N,SLRNLRG,Bw6,HLAtools_protein_alignment,IPD-IMGT/HLA 3.63.0,2026-02-19 18:49:27.959055
B*39:48,B*39:48,B,Bw6,Bw6,classified,N,SLRNLRG,Bw6,HLAtools_protein_alignment,IPD-IMGT/HLA 3.63.0,2026-02-19 18:49:27.959055
B*39:49,B*39:49,B,Bw6,Bw6,classified,N,SLRNLRG,Bw6,HLAtools_protein_alignment,IPD-IMGT/HLA 3.63.0,2026-02-19 18:49:27.959055
B*39:50,B*39:50,B,Bw6,Bw6,classified,N,SLRNLRG,Bw6,HLAtools_protein_alignment,IPD-IMGT/HLA 3.63.0,2026-02-19 18:49:27.959055
B*39:51,B*39:51,B,Bw6,Bw6,classified,N,SLRNLRG,Bw6,HLAtools_protein_alignment,IPD-IMGT/HLA 3.63.0,2026-02-19 18:49:27.959055
B*39:52,B*39:52,B,Bw6,Bw6,classified,N,SLRNLRG,Bw6,HLAtools_protein_alignment,IPD-IMGT/HLA 3.63.0,2026-02-19 18:49:27.959055
B*39:53,B*39:53,B,Bw6,Bw6,classified,N,SLRNLRG,Bw6,HLAtools_protein_alignment,IPD-IMGT/HLA 3.63.0,2026-02-19 18:49:27.959055
B*39:54,B*39:54,B,Bw6,Bw6,classified,N,SLRNLRG,Bw6,HLAtools_protein_alignment,IPD-IMGT/HLA 3.63.0,2026-02-19 18:49:27.959055
B*39:55,B*39:55,B,Bw6,Bw6,classified,N,SLRNLRG,Bw6,HLAtools_protein_alignment,IPD-IMGT/HLA 3.63.0,2026-02-19 18:49:27.959055
B*39:56,B*39:56,B,Bw6,Bw6,classified,N,SLRNLRG,Bw6,HLAtools_protein_alignment,IPD-IMGT/HLA 3.63.0,2026-02-19 18:49:27.959055
B*39:57,B*39:57,B,Bw6,Bw6,classified,N,SLRNLRG,Bw6,HLAtools_protein_alignment,IPD-IMGT/HLA 3.63.0,2026-02-19 18:49:27.959055
B*39:58,B*39:58,B,Bw6,Bw6,classified,N,SLRNLRG,Bw6,HLAtools_protein_alignment,IPD-IMGT/HLA 3.63.0,2026-02-19 18:49:27.959055
B*39:59,B*39:59,B,Bw6,Bw6,classified,N,SLRNLRG,Bw6,HLAtools_protein_alignment,IPD-IMGT/HLA 3.63.0,2026-02-19 18:49:27.959055
B*39:60,B*39:60,B,Bw6,Bw6,classified,N,SLRNLRG,Bw6,HLAtools_protein_alignment,IPD-IMGT/HLA 3.63.0,2026-02-19 18:49:27.959055
B*39:61,B*39:61,B,Bw6,Bw6,classified,N,SLRNLRG,Bw6,HLAtools_protein_alignment,IPD-IMGT/HLA 3.63.0,2026-02-19 18:49:27.959055
B*39:62,B*39:62,B,Bw6,Bw6,classified,N,SLRNLRG,Bw6,HLAtools_protein_alignment,IPD-IMGT/HLA 3.63.0,2026-02-19 18:49:27.959055
B*39:63,B*39:63,B,Bw6,Bw6,classified,N,SLRNLRG,Bw6,HLAtools_protein_alignment,IPD-IMGT/HLA 3.63.0,2026-02-19 18:49:27.959055
B*39:64,B*39:64,B,Bw6,Bw6,classified,N,SLRNLRG,Bw6,HLAtools_protein_alignment,IPD-IMGT/HLA 3.63.0,2026-02-19 18:49:27.959055
B*39:65,B*39:65,B,Bw6,Bw6,classified,N,SLRNLRG,Bw6,HLAtools_protein_alignment,IPD-IMGT/HLA 3.63.0,2026-02-19 18:49:27.959055
B*39:66,B*39:66,B,Bw6,Bw6,classified,N,SLRNLRG,Bw6,HLAtools_protein_alignment,IPD-IMGT/HLA 3.63.0,2026-02-19 18:49:27.959055
B*39:67,B*39:67,B,Bw6,Bw6,classified,N,SLRNLRG,Bw6,HLAtools_protein_alignment,IPD-IMGT/HLA 3.63.0,2026-02-19 18:49:27.959055
B*39:68,B*39:68,B,Bw6,Bw6,classified,N,SLRNLRG,Bw6,HLAtools_protein_alignment,IPD-IMGT/HLA 3.63.0,2026-02-19 18:49:27.959055
B*39:69,B*39:69,B,Bw6,Bw6,classified,N,SLRNLRG,Bw6,HLAtools_protein_alignment,IPD-IMGT/HLA 3.63.0,2026-02-19 18:49:27.959055
B*39:70,B*39:70,B,Bw6,Bw6,classified,N,SLRNLRG,Bw6,HLAtools_protein_alignment,IPD-IMGT/HLA 3.63.0,2026-02-19 18:49:27.959055
B*39:71,B*39:71,B,Bw6,Bw6,classified,N,SLRNLRG,Bw6,HLAtools_protein_alignment,IPD-IMGT/HLA 3.63.0,2026-02-19 18:49:27.959055
B*39:72,B*39:72,B,Bw6,Bw6,classified,N,SLRNLRG,Bw6,HLAtools_protein_alignment,IPD-IMGT/HLA 3.63.0,2026-02-19 18:49:27.959055
B*39:73,B*39:73,B,Bw6,Bw6,classified,N,SLRNLRG,Bw6,HLAtools_protein_alignment,IPD-IMGT/HLA 3.63.0,2026-02-19 18:49:27.959055
B*39:74,B*39:74,B,Bw6,Bw6,classified,N,SLRNLRG,Bw6,HLAtools_protein_alignment,IPD-IMGT/HLA 3.63.0,2026-02-19 18:49:27.959055
B*39:75,B*39:75,B,Bw6,Bw6,classified,N,SLRNLRG,Bw6,HLAtools_protein_alignment,IPD-IMGT/HLA 3.63.0,2026-02-19 18:49:27.959055
B*39:76,B*39:76,B,Bw6,Bw6,classified,N,SLRNLRG,Bw6,HLAtools_protein_alignment,IPD-IMGT/HLA 3.63.0,2026-02-19 18:49:27.959055
B*39:77,B*39:77,B,Bw6,Bw6,classified,N,SLRNLRG,Bw6,HLAtools_protein_alignment,IPD-IMGT/HLA 3.63.0,2026-02-19 18:49:27.959055
B*39:78,B*39:78,B,Bw6,Bw6,classified,N,SLRNLRG,Bw6,HLAtools_protein_alignment,IPD-IMGT/HLA 3.63.0,2026-02-19 18:49:27.959055
B*39:79,B*39:79,B,Bw6,Bw6,classified,N,SLRNLRG,Bw6,HLAtools_protein_alignment,IPD-IMGT/HLA 3.63.0,2026-02-19 18:49:27.959055
B*39:80,B*39:80,B,Bw6,Bw6,classified,N,SLRNLRG,Bw6,HLAtools_protein_alignment,IPD-IMGT/HLA 3.63.0,2026-02-19 18:49:27.959055
B*39:81,B*39:81,B,Bw6,Bw6,classified,N,SLRNLRG,Bw6,HLAtools_protein_alignment,IPD-IMGT/HLA 3.63.0,2026-02-19 18:49:27.959055
B*39:82,B*39:82,B,Bw6,Bw6,classified,N,SLRNLRG,Bw6,HLAtools_protein_alignment,IPD-IMGT/HLA 3.63.0,2026-02-19 18:49:27.959055
B*39:83,B*39:83,B,Bw6,Bw6,classified,N,SLRNLRG,Bw6,HLAtools_protein_alignment,IPD-IMGT/HLA 3.63.0,2026-02-19 18:49:27.959055
B*39:84,B*39:84,B,Bw6,Bw6,classified,N,SLRNLRG,Bw6,HLAtools_protein_alignment,IPD-IMGT/HLA 3.63.0,2026-02-19 18:49:27.959055
B*39:85,B*39:85,B,Bw6,Bw6,classified,N,SLRNLRG,Bw6,HLAtools_protein_alignment,IPD-IMGT/HLA 3.63.0,2026-02-19 18:49:27.959055
B*39:86,B*39:86,B,Bw6,Bw6,classified,N,SLRNLRG,Bw6,HLAtools_protein_alignment,IPD-IMGT/HLA 3.63.0,2026-02-19 18:49:27.959055
B*39:88,B*39:88,B,Bw6,Bw6,classified,N,SLRNLRG,Bw6,HLAtools_protein_alignment,IPD-IMGT/HLA 3.63.0,2026-02-19 18:49:27.959055
B*39:89,B*39:89,B,Bw6,Bw6,classified,N,SLRNLRG,Bw6,HLAtools_protein_alignment,IPD-IMGT/HLA 3.63.0,2026-02-19 18:49:27.959055
B*39:90,B*39:90,B,Bw6,Bw6,classified,N,SLRNLRG,Bw6,HLAtools_protein_alignment,IPD-IMGT/HLA 3.63.0,2026-02-19 18:49:27.959055
B*39:91,B*39:91,B,Bw6,Bw6,classified,N,SLRNLRG,Bw6,HLAtools_protein_alignment,IPD-IMGT/HLA 3.63.0,2026-02-19 18:49:27.959055
B*39:92,B*39:92,B,Bw6,Bw6,classified,N,SLRNLRG,Bw6,HLAtools_protein_alignment,IPD-IMGT/HLA 3.63.0,2026-02-19 18:49:27.959055
B*39:93,B*39:93,B,Bw6,Bw6,classified,N,SLRNLRG,Bw6,HLAtools_protein_alignment,IPD-IMGT/HLA 3.63.0,2026-02-19 18:49:27.959055
B*39:94,B*39:94,B,Bw6,Bw6,classified,N,SLRNLRG,Bw6,HLAtools_protein_alignment,IPD-IMGT/HLA 3.63.0,2026-02-19 18:49:27.959055
B*39:96,B*39:96,B,Bw6,Bw6,classified,N,SLRNLRG,Bw6,HLAtools_protein_alignment,IPD-IMGT/HLA 3.63.0,2026-02-19 18:49:27.959055
B*39:98,B*39:98,B,Bw6,Bw6,classified,N,SLRNLRG,Bw6,HLAtools_protein_alignment,IPD-IMGT/HLA 3.63.0,2026-02-19 18:49:27.959055
B*39:99,B*39:99,B,Bw6,Bw6,classified,N,SLRNLRG,Bw6,HLAtools_protein_alignment,IPD-IMGT/HLA 3.63.0,2026-02-19 18:49:27.959055
B*40:01,B*40:01,B,Bw6,Bw6,classified,N,SLRNLRG,Bw6,HLAtools_protein_alignment,IPD-IMGT/HLA 3.63.0,2026-02-19 18:49:27.959055
B*40:01Q,B*40:01Q,B,Bw6,Bw6,classified,N,SLRNLRG,NA,HLAtools_protein_alignment,IPD-IMGT/HLA 3.63.0,2026-02-19 18:49:27.959055
B*40:02,B*40:02,B,Bw6,Bw6,classified,N,SLRNLRG,Bw6,HLAtools_protein_alignment,IPD-IMGT/HLA 3.63.0,2026-02-19 18:49:27.959055
B*40:02Q,B*40:02Q,B,Bw6,Bw6,classified,N,SLRNLRG,NA,HLAtools_protein_alignment,IPD-IMGT/HLA 3.63.0,2026-02-19 18:49:27.959055
B*40:03,B*40:03,B,Bw6,Bw6,classified,N,SLRNLRG,Bw6,HLAtools_protein_alignment,IPD-IMGT/HLA 3.63.0,2026-02-19 18:49:27.959055
B*40:04,B*40:04,B,Bw6,Bw6,classified,N,SLRNLRG,Bw6,HLAtools_protein_alignment,IPD-IMGT/HLA 3.63.0,2026-02-19 18:49:27.959055
B*40:05,B*40:05,B,Bw6,Bw6,classified,N,SLRNLRG,Bw6,HLAtools_protein_alignment,IPD-IMGT/HLA 3.63.0,2026-02-19 18:49:27.959055
B*40:06,B*40:06,B,Bw6,Bw6,classified,N,SLRNLRG,Bw6,HLAtools_protein_alignment,IPD-IMGT/HLA 3.63.0,2026-02-19 18:49:27.959055
B*40:07,B*40:07,B,Bw6,Bw6,classified,N,SLRNLRG,Bw6,HLAtools_protein_alignment,IPD-IMGT/HLA 3.63.0,2026-02-19 18:49:27.959055
B*40:08,B*40:08,B,Bw6,Bw6,classified,N,SLRNLRG,Bw6,HLAtools_protein_alignment,IPD-IMGT/HLA 3.63.0,2026-02-19 18:49:27.959055
B*40:09,B*40:09,B,Bw6,Bw6,classified,N,SLRNLRG,Bw6,HLAtools_protein_alignment,IPD-IMGT/HLA 3.63.0,2026-02-19 18:49:27.959055
B*40:10,B*40:10,B,Bw6,Bw6,classified,N,SLRNLRG,Bw6,HLAtools_protein_alignment,IPD-IMGT/HLA 3.63.0,2026-02-19 18:49:27.959055
B*40:100,B*40:100,B,Bw6,Bw6,classified,N,SLRNLRG,Bw6,HLAtools_protein_alignment,IPD-IMGT/HLA 3.63.0,2026-02-19 18:49:27.959055
B*40:101,B*40:101,B,Bw6,Bw6,classified,N,SLRNLRG,Bw6,HLAtools_protein_alignment,IPD-IMGT/HLA 3.63.0,2026-02-19 18:49:27.959055
B*40:102,B*40:102,B,Bw6,Bw6,classified,N,SLRNLRG,Bw6,HLAtools_protein_alignment,IPD-IMGT/HLA 3.63.0,2026-02-19 18:49:27.959055
B*40:103,B*40:103,B,Bw6,Bw6,classified,N,SLRNLRG,Bw6,HLAtools_protein_alignment,IPD-IMGT/HLA 3.63.0,2026-02-19 18:49:27.959055
B*40:104,B*40:104,B,Bw6,Bw6,classified,N,SLRNLRG,Bw6,HLAtools_protein_alignment,IPD-IMGT/HLA 3.63.0,2026-02-19 18:49:27.959055
B*40:105,B*40:105,B,Bw6,Bw6,classified,N,SLRNLRG,Bw6,HLAtools_protein_alignment,IPD-IMGT/HLA 3.63.0,2026-02-19 18:49:27.959055
B*40:106,B*40:106,B,Bw6,Bw6,classified,N,SLRNLRG,Bw6,HLAtools_protein_alignment,IPD-IMGT/HLA 3.63.0,2026-02-19 18:49:27.959055
B*40:107,B*40:107,B,Bw6,Bw6,classified,N,SLRNLRG,Bw6,HLAtools_protein_alignment,IPD-IMGT/HLA 3.63.0,2026-02-19 18:49:27.959055
B*40:108,B*40:108,B,Bw6,Bw6,classified,N,SLRNLRG,Bw6,HLAtools_protein_alignment,IPD-IMGT/HLA 3.63.0,2026-02-19 18:49:27.959055
B*40:109,B*40:109,B,Bw4 - 80I,Bw4_80I,classified,I,SLRIALR,NA,HLAtools_protein_alignment,IPD-IMGT/HLA 3.63.0,2026-02-19 18:49:27.959055
B*40:11,B*40:11,B,Bw6,Bw6,classified,N,SLRNLRG,Bw6,HLAtools_protein_alignment,IPD-IMGT/HLA 3.63.0,2026-02-19 18:49:27.959055
B*40:110,B*40:110,B,Bw4 - 80T,Bw4_80T,classified,T,NLRTALR,Bw4 - 80T,HLAtools_protein_alignment,IPD-IMGT/HLA 3.63.0,2026-02-19 18:49:27.959055
B*40:111,B*40:111,B,Bw6,Bw6,classified,N,SLRNLRG,Bw6,HLAtools_protein_alignment,IPD-IMGT/HLA 3.63.0,2026-02-19 18:49:27.959055
B*40:112,B*40:112,B,Bw6,Bw6,classified,N,SLRNLRG,Bw6,HLAtools_protein_alignment,IPD-IMGT/HLA 3.63.0,2026-02-19 18:49:27.959055
B*40:113,B*40:113,B,Bw6,Bw6,classified,N,SLRNLRG,Bw6,HLAtools_protein_alignment,IPD-IMGT/HLA 3.63.0,2026-02-19 18:49:27.959055
B*40:114,B*40:114,B,Bw6,Bw6,classified,N,SLRNLRG,Bw6,HLAtools_protein_alignment,IPD-IMGT/HLA 3.63.0,2026-02-19 18:49:27.959055
B*40:115,B*40:115,B,Bw6,Bw6,classified,N,SLRNLRG,Bw6,HLAtools_protein_alignment,IPD-IMGT/HLA 3.63.0,2026-02-19 18:49:27.959055
B*40:116,B*40:116,B,Bw6,Bw6,classified,N,SLRNLRG,Bw6,HLAtools_protein_alignment,IPD-IMGT/HLA 3.63.0,2026-02-19 18:49:27.959055
B*40:117,B*40:117,B,Bw4 - 80I,Bw4_80I,classified,I,NLRIALR,Bw4 - 80I,HLAtools_protein_alignment,IPD-IMGT/HLA 3.63.0,2026-02-19 18:49:27.959055
B*40:119,B*40:119,B,Bw6,Bw6,classified,N,SLRNLRG,Bw6,HLAtools_protein_alignment,IPD-IMGT/HLA 3.63.0,2026-02-19 18:49:27.959055
B*40:12,B*40:12,B,Bw6,Bw6,classified,N,SLRNLRG,Bw6,HLAtools_protein_alignment,IPD-IMGT/HLA 3.63.0,2026-02-19 18:49:27.959055
B*40:120,B*40:120,B,Bw6,Bw6,classified,N,SLRNLRG,Bw6,HLAtools_protein_alignment,IPD-IMGT/HLA 3.63.0,2026-02-19 18:49:27.959055
B*40:121,B*40:121,B,Bw6,Bw6,classified,N,SLRNLRG,Bw6,HLAtools_protein_alignment,IPD-IMGT/HLA 3.63.0,2026-02-19 18:49:27.959055
B*40:122,B*40:122,B,Bw6,Bw6,classified,N,SLRNLRG,Bw6,HLAtools_protein_alignment,IPD-IMGT/HLA 3.63.0,2026-02-19 18:49:27.959055
B*40:123,B*40:123,B,Bw6,Bw6,classified,N,SLRNLRG,Bw6,HLAtools_protein_alignment,IPD-IMGT/HLA 3.63.0,2026-02-19 18:49:27.959055
B*40:124,B*40:124,B,Bw6,Bw6,classified,N,SLRNLRG,Bw6,HLAtools_protein_alignment,IPD-IMGT/HLA 3.63.0,2026-02-19 18:49:27.959055
B*40:125,B*40:125,B,Bw6,Bw6,classified,N,SLRNLRG,Bw6,HLAtools_protein_alignment,IPD-IMGT/HLA 3.63.0,2026-02-19 18:49:27.959055
B*40:126,B*40:126,B,Bw6,Bw6,classified,N,SLRNLRG,Bw6,HLAtools_protein_alignment,IPD-IMGT/HLA 3.63.0,2026-02-19 18:49:27.959055
B*40:127,B*40:127,B,Bw6,Bw6,classified,N,SLRNLRG,Bw6,HLAtools_protein_alignment,IPD-IMGT/HLA 3.63.0,2026-02-19 18:49:27.959055
B*40:128,B*40:128,B,Bw6,Bw6,classified,N,SLRNLRG,Bw6,HLAtools_protein_alignment,IPD-IMGT/HLA 3.63.0,2026-02-19 18:49:27.959055
B*40:129,B*40:129,B,Bw6,Bw6,classified,N,SLRNLRG,Bw6,HLAtools_protein_alignment,IPD-IMGT/HLA 3.63.0,2026-02-19 18:49:27.959055
B*40:13,B*40:13,B,Bw4 - 80I,Bw4_80I,classified,I,NLRIALR,Bw4 - 80I,HLAtools_protein_alignment,IPD-IMGT/HLA 3.63.0,2026-02-19 18:49:27.959055
B*40:130,B*40:130,B,Bw6,Bw6,classified,N,SLRNLRG,Bw6,HLAtools_protein_alignment,IPD-IMGT/HLA 3.63.0,2026-02-19 18:49:27.959055
B*40:131,B*40:131,B,Bw6,Bw6,classified,N,SLRNLRG,Bw6,HLAtools_protein_alignment,IPD-IMGT/HLA 3.63.0,2026-02-19 18:49:27.959055
B*40:132,B*40:132,B,Bw6,Bw6,classified,N,SLRNLRG,Bw6,HLAtools_protein_alignment,IPD-IMGT/HLA 3.63.0,2026-02-19 18:49:27.959055
B*40:133Q,B*40:133Q,B,Bw6,Bw6,classified,N,SLRNLRG,NA,HLAtools_protein_alignment,IPD-IMGT/HLA 3.63.0,2026-02-19 18:49:27.959055
B*40:134,B*40:134,B,Bw6,Bw6,classified,N,SLRNLRG,Bw6,HLAtools_protein_alignment,IPD-IMGT/HLA 3.63.0,2026-02-19 18:49:27.959055
B*40:135,B*40:135,B,Bw6,Bw6,classified,N,SLWNLRG,Bw6,HLAtools_protein_alignment,IPD-IMGT/HLA 3.63.0,2026-02-19 18:49:27.959055
B*40:136,B*40:136,B,Bw6,Bw6,classified,N,SLRNLRG,Bw6,HLAtools_protein_alignment,IPD-IMGT/HLA 3.63.0,2026-02-19 18:49:27.959055
B*40:137,B*40:137,B,Bw6,Bw6,classified,N,SLRNLRG,Bw6,HLAtools_protein_alignment,IPD-IMGT/HLA 3.63.0,2026-02-19 18:49:27.959055
B*40:138,B*40:138,B,Bw6,Bw6,classified,N,SLRNLRG,Bw6,HLAtools_protein_alignment,IPD-IMGT/HLA 3.63.0,2026-02-19 18:49:27.959055
B*40:139,B*40:139,B,Bw6,Bw6,classified,N,SLRNLRG,Bw6,HLAtools_protein_alignment,IPD-IMGT/HLA 3.63.0,2026-02-19 18:49:27.959055
B*40:14,B*40:14,B,Bw6,Bw6,classified,N,SLRNLRG,Bw6,HLAtools_protein_alignment,IPD-IMGT/HLA 3.63.0,2026-02-19 18:49:27.959055
B*40:140,B*40:140,B,Bw6,Bw6,classified,N,SLRNLRG,Bw6,HLAtools_protein_alignment,IPD-IMGT/HLA 3.63.0,2026-02-19 18:49:27.959055
B*40:141,B*40:141,B,Bw6,Bw6,classified,N,SLRNLRG,Bw6,HLAtools_protein_alignment,IPD-IMGT/HLA 3.63.0,2026-02-19 18:49:27.959055
B*40:143,B*40:143,B,Bw6,Bw6,classified,N,SLRNLRG,Bw6,HLAtools_protein_alignment,IPD-IMGT/HLA 3.63.0,2026-02-19 18:49:27.959055
B*40:145,B*40:145,B,Bw6,Bw6,classified,N,SLRNLRG,Bw6,HLAtools_protein_alignment,IPD-IMGT/HLA 3.63.0,2026-02-19 18:49:27.959055
B*40:146,B*40:146,B,Bw6,Bw6,classified,N,SLRNLRG,Bw6,HLAtools_protein_alignment,IPD-IMGT/HLA 3.63.0,2026-02-19 18:49:27.959055
B*40:147,B*40:147,B,Bw6,Bw6,classified,N,SLRNLRG,Bw6,HLAtools_protein_alignment,IPD-IMGT/HLA 3.63.0,2026-02-19 18:49:27.959055
B*40:148,B*40:148,B,Bw6,Bw6,classified,N,SLRNLRG,Bw6,HLAtools_protein_alignment,IPD-IMGT/HLA 3.63.0,2026-02-19 18:49:27.959055
B*40:149,B*40:149,B,Bw6,Bw6,classified,N,SLRNLRG,Bw6,HLAtools_protein_alignment,IPD-IMGT/HLA 3.63.0,2026-02-19 18:49:27.959055
B*40:15,B*40:15,B,Bw6,Bw6,classified,N,SLRNLRG,Bw6,HLAtools_protein_alignment,IPD-IMGT/HLA 3.63.0,2026-02-19 18:49:27.959055
B*40:150,B*40:150,B,Bw6,Bw6,classified,N,SLRNLRG,Bw6,HLAtools_protein_alignment,IPD-IMGT/HLA 3.63.0,2026-02-19 18:49:27.959055
B*40:151,B*40:151,B,Bw6,Bw6,classified,N,SLRNLRG,Bw6,HLAtools_protein_alignment,IPD-IMGT/HLA 3.63.0,2026-02-19 18:49:27.959055
B*40:152,B*40:152,B,Bw6,Bw6,classified,N,SLRNLRG,Bw6,HLAtools_protein_alignment,IPD-IMGT/HLA 3.63.0,2026-02-19 18:49:27.959055
B*40:153,B*40:153,B,Bw6,Bw6,classified,N,SLRNLRG,Bw6,HLAtools_protein_alignment,IPD-IMGT/HLA 3.63.0,2026-02-19 18:49:27.959055
B*40:154,B*40:154,B,Bw6,Bw6,classified,N,SLRNLRG,Bw6,HLAtools_protein_alignment,IPD-IMGT/HLA 3.63.0,2026-02-19 18:49:27.959055
B*40:156,B*40:156,B,Bw6,Bw6,classified,N,SLRNLRG,Bw6,HLAtools_protein_alignment,IPD-IMGT/HLA 3.63.0,2026-02-19 18:49:27.959055
B*40:157,B*40:157,B,Bw4 - 80T,Bw4_80T,classified,T,NLRTALR,Bw4 - 80T,HLAtools_protein_alignment,IPD-IMGT/HLA 3.63.0,2026-02-19 18:49:27.959055
B*40:158,B*40:158,B,Bw6,Bw6,classified,N,SLRNLRG,Bw6,HLAtools_protein_alignment,IPD-IMGT/HLA 3.63.0,2026-02-19 18:49:27.959055
B*40:159,B*40:159,B,Bw6,Bw6,classified,N,SLRNLRG,Bw6,HLAtools_protein_alignment,IPD-IMGT/HLA 3.63.0,2026-02-19 18:49:27.959055
B*40:16,B*40:16,B,Bw6,Bw6,classified,N,SLRNLRG,Bw6,HLAtools_protein_alignment,IPD-IMGT/HLA 3.63.0,2026-02-19 18:49:27.959055
B*40:160,B*40:160,B,Bw6,Bw6,classified,N,SLRNLRG,Bw6,HLAtools_protein_alignment,IPD-IMGT/HLA 3.63.0,2026-02-19 18:49:27.959055
B*40:161,B*40:161,B,Bw6,Bw6,classified,N,SLRNLRG,Bw6,HLAtools_protein_alignment,IPD-IMGT/HLA 3.63.0,2026-02-19 18:49:27.959055
B*40:162,B*40:162,B,Bw6,Bw6,classified,N,SLRNLRG,Bw6,HLAtools_protein_alignment,IPD-IMGT/HLA 3.63.0,2026-02-19 18:49:27.959055
B*40:163,B*40:163,B,Bw6,Bw6,classified,N,SLRNLRG,Bw6,HLAtools_protein_alignment,IPD-IMGT/HLA 3.63.0,2026-02-19 18:49:27.959055
B*40:164,B*40:164,B,Bw6,Bw6,classified,N,SLRNLRG,Bw6,HLAtools_protein_alignment,IPD-IMGT/HLA 3.63.0,2026-02-19 18:49:27.959055
B*40:165,B*40:165,B,Bw6,Bw6,classified,N,SLRNLRG,Bw6,HLAtools_protein_alignment,IPD-IMGT/HLA 3.63.0,2026-02-19 18:49:27.959055
B*40:166,B*40:166,B,Bw6,Bw6,classified,N,SLRNLRG,Bw6,HLAtools_protein_alignment,IPD-IMGT/HLA 3.63.0,2026-02-19 18:49:27.959055
B*40:167,B*40:167,B,Bw6,Bw6,classified,N,SLRNLRG,Bw6,HLAtools_protein_alignment,IPD-IMGT/HLA 3.63.0,2026-02-19 18:49:27.959055
B*40:168,B*40:168,B,Bw6,Bw6,classified,N,SLRNLRG,Bw6,HLAtools_protein_alignment,IPD-IMGT/HLA 3.63.0,2026-02-19 18:49:27.959055
B*40:169,B*40:169,B,Bw6,Bw6,classified,N,SLRNLRG,Bw6,HLAtools_protein_alignment,IPD-IMGT/HLA 3.63.0,2026-02-19 18:49:27.959055
B*40:170,B*40:170,B,Bw6,Bw6,classified,N,SLRNLRG,Bw6,HLAtools_protein_alignment,IPD-IMGT/HLA 3.63.0,2026-02-19 18:49:27.959055
B*40:171,B*40:171,B,Bw6,Bw6,classified,N,SLRNLRG,Bw6,HLAtools_protein_alignment,IPD-IMGT/HLA 3.63.0,2026-02-19 18:49:27.959055
B*40:172,B*40:172,B,Bw6,Bw6,classified,N,SLRNLRG,Bw6,HLAtools_protein_alignment,IPD-IMGT/HLA 3.63.0,2026-02-19 18:49:27.959055
B*40:173,B*40:173,B,Bw6,Bw6,classified,N,SLRNLRG,Bw6,HLAtools_protein_alignment,IPD-IMGT/HLA 3.63.0,2026-02-19 18:49:27.959055
B*40:174,B*40:174,B,Bw6,Bw6,classified,N,SLRNLRG,Bw6,HLAtools_protein_alignment,IPD-IMGT/HLA 3.63.0,2026-02-19 18:49:27.959055
B*40:175,B*40:175,B,Bw6,Bw6,classified,N,SLRNLRG,Bw6,HLAtools_protein_alignment,IPD-IMGT/HLA 3.63.0,2026-02-19 18:49:27.959055
B*40:176,B*40:176,B,Bw6,Bw6,classified,N,SLRNLRG,Bw6,HLAtools_protein_alignment,IPD-IMGT/HLA 3.63.0,2026-02-19 18:49:27.959055
B*40:177,B*40:177,B,Bw6,Bw6,classified,N,SLRNLRG,Bw6,HLAtools_protein_alignment,IPD-IMGT/HLA 3.63.0,2026-02-19 18:49:27.959055
B*40:178,B*40:178,B,Bw6,Bw6,classified,N,SLRNLRG,Bw6,HLAtools_protein_alignment,IPD-IMGT/HLA 3.63.0,2026-02-19 18:49:27.959055
B*40:179,B*40:179,B,Bw6,Bw6,classified,N,SLRNLRG,Bw6,HLAtools_protein_alignment,IPD-IMGT/HLA 3.63.0,2026-02-19 18:49:27.959055
B*40:18,B*40:18,B,Bw6,Bw6,classified,N,SLRNLRG,Bw6,HLAtools_protein_alignment,IPD-IMGT/HLA 3.63.0,2026-02-19 18:49:27.959055
B*40:180,B*40:180,B,Bw6,Bw6,classified,N,SLRNLRG,Bw6,HLAtools_protein_alignment,IPD-IMGT/HLA 3.63.0,2026-02-19 18:49:27.959055
B*40:181,B*40:181,B,Bw6,Bw6,classified,N,SLRNLRG,Bw6,HLAtools_protein_alignment,IPD-IMGT/HLA 3.63.0,2026-02-19 18:49:27.959055
B*40:182,B*40:182,B,Bw6,Bw6,classified,N,SLRNLRG,Bw6,HLAtools_protein_alignment,IPD-IMGT/HLA 3.63.0,2026-02-19 18:49:27.959055
B*40:183,B*40:183,B,Bw6,Bw6,classified,N,SLRNLRG,Bw6,HLAtools_protein_alignment,IPD-IMGT/HLA 3.63.0,2026-02-19 18:49:27.959055
B*40:184,B*40:184,B,Bw6,Bw6,classified,N,SLRNLRG,Bw6,HLAtools_protein_alignment,IPD-IMGT/HLA 3.63.0,2026-02-19 18:49:27.959055
B*40:185,B*40:185,B,Bw6,Bw6,classified,N,SLRNLRG,Bw6,HLAtools_protein_alignment,IPD-IMGT/HLA 3.63.0,2026-02-19 18:49:27.959055
B*40:186,B*40:186,B,Bw6,Bw6,classified,N,SLRNLRG,Bw6,HLAtools_protein_alignment,IPD-IMGT/HLA 3.63.0,2026-02-19 18:49:27.959055
B*40:187,B*40:187,B,Bw6,Bw6,classified,N,SLRNLRG,Bw6,HLAtools_protein_alignment,IPD-IMGT/HLA 3.63.0,2026-02-19 18:49:27.959055
B*40:188,B*40:188,B,Bw4 - 80T,Bw4_80T,classified,T,DLRTLLR,Bw4 - 80T,HLAtools_protein_alignment,IPD-IMGT/HLA 3.63.0,2026-02-19 18:49:27.959055
B*40:189,B*40:189,B,Bw6,Bw6,classified,N,SLRNLRG,Bw6,HLAtools_protein_alignment,IPD-IMGT/HLA 3.63.0,2026-02-19 18:49:27.959055
B*40:19,B*40:19,B,Bw4 - 80I,Bw4_80I,classified,I,NLRIALR,Bw4 - 80I,HLAtools_protein_alignment,IPD-IMGT/HLA 3.63.0,2026-02-19 18:49:27.959055
B*40:190,B*40:190,B,Bw6,Bw6,classified,N,SLRNLRG,Bw6,HLAtools_protein_alignment,IPD-IMGT/HLA 3.63.0,2026-02-19 18:49:27.959055
B*40:191,B*40:191,B,Bw6,Bw6,classified,N,SLRNLRG,Bw6,HLAtools_protein_alignment,IPD-IMGT/HLA 3.63.0,2026-02-19 18:49:27.959055
B*40:192,B*40:192,B,Bw6,Bw6,classified,N,SLRNLRG,Bw6,HLAtools_protein_alignment,IPD-IMGT/HLA 3.63.0,2026-02-19 18:49:27.959055
B*40:193,B*40:193,B,Bw6,Bw6,classified,N,SLRNLRG,Bw6,HLAtools_protein_alignment,IPD-IMGT/HLA 3.63.0,2026-02-19 18:49:27.959055
B*40:194,B*40:194,B,Bw6,Bw6,classified,N,SLRNLRG,Bw6,HLAtools_protein_alignment,IPD-IMGT/HLA 3.63.0,2026-02-19 18:49:27.959055
B*40:195,B*40:195,B,Bw6,Bw6,classified,N,SLRNLRG,Bw6,HLAtools_protein_alignment,IPD-IMGT/HLA 3.63.0,2026-02-19 18:49:27.959055
B*40:196,B*40:196,B,Bw6,Bw6,classified,N,SLRNLRG,Bw6,HLAtools_protein_alignment,IPD-IMGT/HLA 3.63.0,2026-02-19 18:49:27.959055
B*40:197,B*40:197,B,Bw6,Bw6,classified,N,SLRNLRG,Bw6,HLAtools_protein_alignment,IPD-IMGT/HLA 3.63.0,2026-02-19 18:49:27.959055
B*40:198,B*40:198,B,Bw6,Bw6,classified,N,SLRNLRG,Bw6,HLAtools_protein_alignment,IPD-IMGT/HLA 3.63.0,2026-02-19 18:49:27.959055
B*40:199,B*40:199,B,Bw6,Bw6,classified,N,SLRNLRG,Bw6,HLAtools_protein_alignment,IPD-IMGT/HLA 3.63.0,2026-02-19 18:49:27.959055
B*40:20,B*40:20,B,Bw6,Bw6,classified,N,SLRNLRG,Bw6,HLAtools_protein_alignment,IPD-IMGT/HLA 3.63.0,2026-02-19 18:49:27.959055
B*40:200,B*40:200,B,Bw6,Bw6,classified,N,SLRNLRG,Bw6,HLAtools_protein_alignment,IPD-IMGT/HLA 3.63.0,2026-02-19 18:49:27.959055
B*40:201,B*40:201,B,Bw4 - 80T,Bw4_80T,classified,T,SLRTALR,Bw4 - 80T,HLAtools_protein_alignment,IPD-IMGT/HLA 3.63.0,2026-02-19 18:49:27.959055
B*40:202,B*40:202,B,Bw6,Bw6,classified,N,SLRNLRG,Bw6,HLAtools_protein_alignment,IPD-IMGT/HLA 3.63.0,2026-02-19 18:49:27.959055
B*40:203,B*40:203,B,Bw6,Bw6,classified,N,SLRNLRG,Bw6,HLAtools_protein_alignment,IPD-IMGT/HLA 3.63.0,2026-02-19 18:49:27.959055
B*40:204,B*40:204,B,Bw6,Bw6,classified,N,SLRNLRG,Bw6,HLAtools_protein_alignment,IPD-IMGT/HLA 3.63.0,2026-02-19 18:49:27.959055
B*40:205,B*40:205,B,Bw6,Bw6,classified,N,SLRNLRG,Bw6,HLAtools_protein_alignment,IPD-IMGT/HLA 3.63.0,2026-02-19 18:49:27.959055
B*40:206,B*40:206,B,Bw6,Bw6,classified,N,SLRNLRG,Bw6,HLAtools_protein_alignment,IPD-IMGT/HLA 3.63.0,2026-02-19 18:49:27.959055
B*40:207,B*40:207,B,Non-canonical,NonCanonical,non_canonical_83,N,SLRNLRD,Bw6,HLAtools_protein_alignment,IPD-IMGT/HLA 3.63.0,2026-02-19 18:49:27.959055
B*40:208,B*40:208,B,Bw6,Bw6,classified,N,SLRNLRG,Bw6,HLAtools_protein_alignment,IPD-IMGT/HLA 3.63.0,2026-02-19 18:49:27.959055
B*40:209,B*40:209,B,Bw6,Bw6,classified,N,SLRNLRG,Bw6,HLAtools_protein_alignment,IPD-IMGT/HLA 3.63.0,2026-02-19 18:49:27.959055
B*40:21,B*40:21,B,Bw6,Bw6,classified,N,SLRNLRG,Bw6,HLAtools_protein_alignment,IPD-IMGT/HLA 3.63.0,2026-02-19 18:49:27.959055
B*40:210,B*40:210,B,Bw6,Bw6,classified,N,SLRNLRG,Bw6,HLAtools_protein_alignment,IPD-IMGT/HLA 3.63.0,2026-02-19 18:49:27.959055
B*40:211,B*40:211,B,Bw6,Bw6,classified,N,SLRNLRG,Bw6,HLAtools_protein_alignment,IPD-IMGT/HLA 3.63.0,2026-02-19 18:49:27.959055
B*40:212,B*40:212,B,Bw6,Bw6,classified,N,SLRNLRG,Bw6,HLAtools_protein_alignment,IPD-IMGT/HLA 3.63.0,2026-02-19 18:49:27.959055
B*40:213,B*40:213,B,Bw6,Bw6,classified,N,SLRNLRG,Bw6,HLAtools_protein_alignment,IPD-IMGT/HLA 3.63.0,2026-02-19 18:49:27.959055
B*40:214,B*40:214,B,Bw6,Bw6,classified,N,SLRNLRG,Bw6,HLAtools_protein_alignment,IPD-IMGT/HLA 3.63.0,2026-02-19 18:49:27.959055
B*40:215,B*40:215,B,Bw6,Bw6,classified,N,SLRNLRG,Bw6,HLAtools_protein_alignment,IPD-IMGT/HLA 3.63.0,2026-02-19 18:49:27.959055
B*40:217,B*40:217,B,Bw6,Bw6,classified,N,SLRNLRG,Bw6,HLAtools_protein_alignment,IPD-IMGT/HLA 3.63.0,2026-02-19 18:49:27.959055
B*40:218,B*40:218,B,Bw6,Bw6,classified,N,SLRNLRG,Bw6,HLAtools_protein_alignment,IPD-IMGT/HLA 3.63.0,2026-02-19 18:49:27.959055
B*40:219,B*40:219,B,Bw6,Bw6,classified,N,SLRNLRG,Bw6,HLAtools_protein_alignment,IPD-IMGT/HLA 3.63.0,2026-02-19 18:49:27.959055
B*40:220,B*40:220,B,Bw6,Bw6,classified,N,SLRNLRG,Bw6,HLAtools_protein_alignment,IPD-IMGT/HLA 3.63.0,2026-02-19 18:49:27.959055
B*40:221,B*40:221,B,Bw6,Bw6,classified,N,SLRNLRG,Bw6,HLAtools_protein_alignment,IPD-IMGT/HLA 3.63.0,2026-02-19 18:49:27.959055
B*40:222,B*40:222,B,Bw6,Bw6,classified,N,SLRNLRG,Bw6,HLAtools_protein_alignment,IPD-IMGT/HLA 3.63.0,2026-02-19 18:49:27.959055
B*40:223,B*40:223,B,Bw6,Bw6,classified,N,SLRNLRG,Bw6,HLAtools_protein_alignment,IPD-IMGT/HLA 3.63.0,2026-02-19 18:49:27.959055
B*40:224,B*40:224,B,Bw6,Bw6,classified,N,SLRNLRG,Bw6,HLAtools_protein_alignment,IPD-IMGT/HLA 3.63.0,2026-02-19 18:49:27.959055
B*40:225,B*40:225,B,Bw6,Bw6,classified,N,SLRNLRG,Bw6,HLAtools_protein_alignment,IPD-IMGT/HLA 3.63.0,2026-02-19 18:49:27.959055
B*40:226,B*40:226,B,Bw6,Bw6,classified,N,SLRNLRG,Bw6,HLAtools_protein_alignment,IPD-IMGT/HLA 3.63.0,2026-02-19 18:49:27.959055
B*40:227,B*40:227,B,Bw6,Bw6,classified,N,SLRNLRG,Bw6,HLAtools_protein_alignment,IPD-IMGT/HLA 3.63.0,2026-02-19 18:49:27.959055
B*40:228,B*40:228,B,Bw6,Bw6,classified,N,SLRNLRG,Bw6,HLAtools_protein_alignment,IPD-IMGT/HLA 3.63.0,2026-02-19 18:49:27.959055
B*40:229,B*40:229,B,Bw6,Bw6,classified,N,SLRNLRG,Bw6,HLAtools_protein_alignment,IPD-IMGT/HLA 3.63.0,2026-02-19 18:49:27.959055
B*40:23,B*40:23,B,Bw6,Bw6,classified,N,SLRNLRG,Bw6,HLAtools_protein_alignment,IPD-IMGT/HLA 3.63.0,2026-02-19 18:49:27.959055
B*40:230,B*40:230,B,Bw6,Bw6,classified,N,SLRNLRG,Bw6,HLAtools_protein_alignment,IPD-IMGT/HLA 3.63.0,2026-02-19 18:49:27.959055
B*40:231,B*40:231,B,Bw6,Bw6,classified,N,SLRNLRG,Bw6,HLAtools_protein_alignment,IPD-IMGT/HLA 3.63.0,2026-02-19 18:49:27.959055
B*40:232,B*40:232,B,Bw6,Bw6,classified,N,SLRNLRG,Bw6,HLAtools_protein_alignment,IPD-IMGT/HLA 3.63.0,2026-02-19 18:49:27.959055
B*40:233,B*40:233,B,Bw6,Bw6,classified,N,SLRNLRG,Bw6,HLAtools_protein_alignment,IPD-IMGT/HLA 3.63.0,2026-02-19 18:49:27.959055
B*40:234,B*40:234,B,Bw6,Bw6,classified,N,SLRNLRG,Bw6,HLAtools_protein_alignment,IPD-IMGT/HLA 3.63.0,2026-02-19 18:49:27.959055
B*40:235,B*40:235,B,Bw6,Bw6,classified,N,SLRNLRG,Bw6,HLAtools_protein_alignment,IPD-IMGT/HLA 3.63.0,2026-02-19 18:49:27.959055
B*40:236,B*40:236,B,Bw6,Bw6,classified,N,SLRNLRG,Bw6,HLAtools_protein_alignment,IPD-IMGT/HLA 3.63.0,2026-02-19 18:49:27.959055
B*40:237,B*40:237,B,Bw6,Bw6,classified,N,SLRNLRG,Bw6,HLAtools_protein_alignment,IPD-IMGT/HLA 3.63.0,2026-02-19 18:49:27.959055
B*40:238,B*40:238,B,Bw6,Bw6,classified,N,SLRNLRG,Bw6,HLAtools_protein_alignment,IPD-IMGT/HLA 3.63.0,2026-02-19 18:49:27.959055
B*40:239,B*40:239,B,Bw6,Bw6,classified,N,SLRNLRG,Bw6,HLAtools_protein_alignment,IPD-IMGT/HLA 3.63.0,2026-02-19 18:49:27.959055
B*40:24,B*40:24,B,Bw6,Bw6,classified,N,SLRNLRG,Bw6,HLAtools_protein_alignment,IPD-IMGT/HLA 3.63.0,2026-02-19 18:49:27.959055
B*40:240,B*40:240,B,Bw6,Bw6,classified,N,SLRNLRG,Bw6,HLAtools_protein_alignment,IPD-IMGT/HLA 3.63.0,2026-02-19 18:49:27.959055
B*40:241,B*40:241,B,Bw6,Bw6,classified,N,SLRNLRG,Bw6,HLAtools_protein_alignment,IPD-IMGT/HLA 3.63.0,2026-02-19 18:49:27.959055
B*40:242,B*40:242,B,Bw6,Bw6,classified,N,SLRNLRG,Bw6,HLAtools_protein_alignment,IPD-IMGT/HLA 3.63.0,2026-02-19 18:49:27.959055
B*40:243,B*40:243,B,Bw6,Bw6,classified,N,SLRNLRG,Bw6,HLAtools_protein_alignment,IPD-IMGT/HLA 3.63.0,2026-02-19 18:49:27.959055
B*40:244,B*40:244,B,Bw6,Bw6,classified,N,SLRNLRG,Bw6,HLAtools_protein_alignment,IPD-IMGT/HLA 3.63.0,2026-02-19 18:49:27.959055
B*40:245,B*40:245,B,Bw6,Bw6,classified,N,SLRNLRG,Bw6,HLAtools_protein_alignment,IPD-IMGT/HLA 3.63.0,2026-02-19 18:49:27.959055
B*40:246,B*40:246,B,Non-canonical,NonCanonical,non_canonical_83,N,SLRNLRD,Bw6,HLAtools_protein_alignment,IPD-IMGT/HLA 3.63.0,2026-02-19 18:49:27.959055
B*40:247,B*40:247,B,Bw6,Bw6,classified,N,SLRNLRG,Bw6,HLAtools_protein_alignment,IPD-IMGT/HLA 3.63.0,2026-02-19 18:49:27.959055
B*40:248,B*40:248,B,Bw6,Bw6,classified,N,SLRNLRG,Bw6,HLAtools_protein_alignment,IPD-IMGT/HLA 3.63.0,2026-02-19 18:49:27.959055
B*40:249,B*40:249,B,Bw6,Bw6,classified,N,SLRNLRG,Bw6,HLAtools_protein_alignment,IPD-IMGT/HLA 3.63.0,2026-02-19 18:49:27.959055
B*40:25,B*40:25,B,Bw6,Bw6,classified,N,SLRNLRG,Bw6,HLAtools_protein_alignment,IPD-IMGT/HLA 3.63.0,2026-02-19 18:49:27.959055
B*40:250,B*40:250,B,Bw6,Bw6,classified,N,SLRNLRG,Bw6,HLAtools_protein_alignment,IPD-IMGT/HLA 3.63.0,2026-02-19 18:49:27.959055
B*40:251,B*40:251,B,Bw6,Bw6,classified,N,SLRNLRG,Bw6,HLAtools_protein_alignment,IPD-IMGT/HLA 3.63.0,2026-02-19 18:49:27.959055
B*40:252,B*40:252,B,Bw6,Bw6,classified,N,SLRNLRG,Bw6,HLAtools_protein_alignment,IPD-IMGT/HLA 3.63.0,2026-02-19 18:49:27.959055
B*40:253,B*40:253,B,Bw6,Bw6,classified,N,SLRNLRG,Bw6,HLAtools_protein_alignment,IPD-IMGT/HLA 3.63.0,2026-02-19 18:49:27.959055
B*40:254,B*40:254,B,Bw6,Bw6,classified,N,SLRNLRG,Bw6,HLAtools_protein_alignment,IPD-IMGT/HLA 3.63.0,2026-02-19 18:49:27.959055
B*40:255,B*40:255,B,Bw6,Bw6,classified,N,SLRNLRG,Bw6,HLAtools_protein_alignment,IPD-IMGT/HLA 3.63.0,2026-02-19 18:49:27.959055
B*40:257,B*40:257,B,Bw6,Bw6,classified,N,SLRNLRG,Bw6,HLAtools_protein_alignment,IPD-IMGT/HLA 3.63.0,2026-02-19 18:49:27.959055
B*40:258,B*40:258,B,Bw6,Bw6,classified,N,SLRNLRG,Bw6,HLAtools_protein_alignment,IPD-IMGT/HLA 3.63.0,2026-02-19 18:49:27.959055
B*40:259,B*40:259,B,Bw6,Bw6,classified,N,SLRNLRG,Bw6,HLAtools_protein_alignment,IPD-IMGT/HLA 3.63.0,2026-02-19 18:49:27.959055
B*40:26,B*40:26,B,Bw6,Bw6,classified,N,SLRNLRG,Bw6,HLAtools_protein_alignment,IPD-IMGT/HLA 3.63.0,2026-02-19 18:49:27.959055
B*40:260,B*40:260,B,Bw6,Bw6,classified,N,SLRNLRG,Bw6,HLAtools_protein_alignment,IPD-IMGT/HLA 3.63.0,2026-02-19 18:49:27.959055
B*40:261,B*40:261,B,Bw6,Bw6,classified,N,SLRNLRG,Bw6,HLAtools_protein_alignment,IPD-IMGT/HLA 3.63.0,2026-02-19 18:49:27.959055
B*40:262,B*40:262,B,Bw6,Bw6,classified,N,SLRNLRG,Bw6,HLAtools_protein_alignment,IPD-IMGT/HLA 3.63.0,2026-02-19 18:49:27.959055
B*40:264,B*40:264,B,Bw6,Bw6,classified,N,SLRNLRG,Bw6,HLAtools_protein_alignment,IPD-IMGT/HLA 3.63.0,2026-02-19 18:49:27.959055
B*40:266,B*40:266,B,Bw6,Bw6,classified,N,SLRNLRG,Bw6,HLAtools_protein_alignment,IPD-IMGT/HLA 3.63.0,2026-02-19 18:49:27.959055
B*40:267,B*40:267,B,Bw6,Bw6,classified,N,SLRNLRG,Bw6,HLAtools_protein_alignment,IPD-IMGT/HLA 3.63.0,2026-02-19 18:49:27.959055
B*40:268,B*40:268,B,Bw6,Bw6,classified,N,SLRNLRG,Bw6,HLAtools_protein_alignment,IPD-IMGT/HLA 3.63.0,2026-02-19 18:49:27.959055
B*40:269,B*40:269,B,Bw6,Bw6,classified,N,SLRNLRG,Bw6,HLAtools_protein_alignment,IPD-IMGT/HLA 3.63.0,2026-02-19 18:49:27.959055
B*40:27,B*40:27,B,Bw6,Bw6,classified,N,SLRNLRG,Bw6,HLAtools_protein_alignment,IPD-IMGT/HLA 3.63.0,2026-02-19 18:49:27.959055
B*40:270,B*40:270,B,Bw6,Bw6,classified,N,SLRNLRG,Bw6,HLAtools_protein_alignment,IPD-IMGT/HLA 3.63.0,2026-02-19 18:49:27.959055
B*40:271,B*40:271,B,Bw6,Bw6,classified,N,SLRNLRG,Bw6,HLAtools_protein_alignment,IPD-IMGT/HLA 3.63.0,2026-02-19 18:49:27.959055
B*40:272,B*40:272,B,Bw6,Bw6,classified,N,SLRNLRG,Bw6,HLAtools_protein_alignment,IPD-IMGT/HLA 3.63.0,2026-02-19 18:49:27.959055
B*40:273,B*40:273,B,Bw6,Bw6,classified,N,SLRNLRG,Bw6,HLAtools_protein_alignment,IPD-IMGT/HLA 3.63.0,2026-02-19 18:49:27.959055
B*40:274,B*40:274,B,Bw6,Bw6,classified,N,SLRNLRG,Bw6,HLAtools_protein_alignment,IPD-IMGT/HLA 3.63.0,2026-02-19 18:49:27.959055
B*40:275,B*40:275,B,Bw6,Bw6,classified,N,SLRNLRG,Bw6,HLAtools_protein_alignment,IPD-IMGT/HLA 3.63.0,2026-02-19 18:49:27.959055
B*40:276,B*40:276,B,Bw6,Bw6,classified,N,SLRNLRG,Bw6,HLAtools_protein_alignment,IPD-IMGT/HLA 3.63.0,2026-02-19 18:49:27.959055
B*40:277,B*40:277,B,Bw6,Bw6,classified,N,SLRNLRG,Bw6,HLAtools_protein_alignment,IPD-IMGT/HLA 3.63.0,2026-02-19 18:49:27.959055
B*40:278,B*40:278,B,Bw6,Bw6,classified,N,SLRNLRG,Bw6,HLAtools_protein_alignment,IPD-IMGT/HLA 3.63.0,2026-02-19 18:49:27.959055
B*40:279,B*40:279,B,Bw6,Bw6,classified,N,SLRNLRG,Bw6,HLAtools_protein_alignment,IPD-IMGT/HLA 3.63.0,2026-02-19 18:49:27.959055
B*40:28,B*40:28,B,Bw6,Bw6,classified,N,SLRNLRG,Bw6,HLAtools_protein_alignment,IPD-IMGT/HLA 3.63.0,2026-02-19 18:49:27.959055
B*40:280,B*40:280,B,Bw6,Bw6,classified,N,SLRNLRG,Bw6,HLAtools_protein_alignment,IPD-IMGT/HLA 3.63.0,2026-02-19 18:49:27.959055
B*40:281,B*40:281,B,Bw6,Bw6,classified,N,SLRNLHG,Bw6,HLAtools_protein_alignment,IPD-IMGT/HLA 3.63.0,2026-02-19 18:49:27.959055
B*40:282,B*40:282,B,Bw6,Bw6,classified,N,SLRNLRG,Bw6,HLAtools_protein_alignment,IPD-IMGT/HLA 3.63.0,2026-02-19 18:49:27.959055
B*40:283,B*40:283,B,Bw6,Bw6,classified,N,SLRNLRG,Bw6,HLAtools_protein_alignment,IPD-IMGT/HLA 3.63.0,2026-02-19 18:49:27.959055
B*40:284,B*40:284,B,Bw6,Bw6,classified,N,SLRNLRG,Bw6,HLAtools_protein_alignment,IPD-IMGT/HLA 3.63.0,2026-02-19 18:49:27.959055
B*40:285,B*40:285,B,Bw6,Bw6,classified,N,SLRNLRG,Bw6,HLAtools_protein_alignment,IPD-IMGT/HLA 3.63.0,2026-02-19 18:49:27.959055
B*40:287,B*40:287,B,Bw6,Bw6,classified,N,SLRNLRG,Bw6,HLAtools_protein_alignment,IPD-IMGT/HLA 3.63.0,2026-02-19 18:49:27.959055
B*40:288,B*40:288,B,Bw6,Bw6,classified,N,SLRNLRG,Bw6,HLAtools_protein_alignment,IPD-IMGT/HLA 3.63.0,2026-02-19 18:49:27.959055
B*40:289,B*40:289,B,Bw6,Bw6,classified,N,SLRNLRG,Bw6,HLAtools_protein_alignment,IPD-IMGT/HLA 3.63.0,2026-02-19 18:49:27.959055
B*40:29,B*40:29,B,Bw6,Bw6,classified,N,SLRNLRG,Bw6,HLAtools_protein_alignment,IPD-IMGT/HLA 3.63.0,2026-02-19 18:49:27.959055
B*40:290,B*40:290,B,Bw6,Bw6,classified,N,SLRNLRG,Bw6,HLAtools_protein_alignment,IPD-IMGT/HLA 3.63.0,2026-02-19 18:49:27.959055
B*40:292,B*40:292,B,Bw4 - 80I,Bw4_80I,classified,I,SLRIALR,NA,HLAtools_protein_alignment,IPD-IMGT/HLA 3.63.0,2026-02-19 18:49:27.959055
B*40:293,B*40:293,B,Bw6,Bw6,classified,N,SLRNLRG,Bw6,HLAtools_protein_alignment,IPD-IMGT/HLA 3.63.0,2026-02-19 18:49:27.959055
B*40:294,B*40:294,B,Bw6,Bw6,classified,N,SLRNLRG,Bw6,HLAtools_protein_alignment,IPD-IMGT/HLA 3.63.0,2026-02-19 18:49:27.959055
B*40:295,B*40:295,B,Bw6,Bw6,classified,N,SLRNLRG,Bw6,HLAtools_protein_alignment,IPD-IMGT/HLA 3.63.0,2026-02-19 18:49:27.959055
B*40:296,B*40:296,B,Bw6,Bw6,classified,N,SLRNLRG,Bw6,HLAtools_protein_alignment,IPD-IMGT/HLA 3.63.0,2026-02-19 18:49:27.959055
B*40:297,B*40:297,B,Bw6,Bw6,classified,N,SLRNLRG,Bw6,HLAtools_protein_alignment,IPD-IMGT/HLA 3.63.0,2026-02-19 18:49:27.959055
B*40:298,B*40:298,B,Bw6,Bw6,classified,N,SLRNLRG,Bw6,HLAtools_protein_alignment,IPD-IMGT/HLA 3.63.0,2026-02-19 18:49:27.959055
B*40:299,B*40:299,B,Bw6,Bw6,classified,N,SLRNLRG,Bw6,HLAtools_protein_alignment,IPD-IMGT/HLA 3.63.0,2026-02-19 18:49:27.959055
B*40:30,B*40:30,B,Bw6,Bw6,classified,N,SLRNLRG,Bw6,HLAtools_protein_alignment,IPD-IMGT/HLA 3.63.0,2026-02-19 18:49:27.959055
B*40:300,B*40:300,B,Bw6,Bw6,classified,N,SLRNLRG,Bw6,HLAtools_protein_alignment,IPD-IMGT/HLA 3.63.0,2026-02-19 18:49:27.959055
B*40:301,B*40:301,B,Bw6,Bw6,classified,N,SLRNLRG,Bw6,HLAtools_protein_alignment,IPD-IMGT/HLA 3.63.0,2026-02-19 18:49:27.959055
B*40:302,B*40:302,B,Bw6,Bw6,classified,N,SLRNLRG,Bw6,HLAtools_protein_alignment,IPD-IMGT/HLA 3.63.0,2026-02-19 18:49:27.959055
B*40:303,B*40:303,B,Bw6,Bw6,classified,N,SLRNLRG,Bw6,HLAtools_protein_alignment,IPD-IMGT/HLA 3.63.0,2026-02-19 18:49:27.959055
B*40:304,B*40:304,B,Bw6,Bw6,classified,N,SLRNLRG,Bw6,HLAtools_protein_alignment,IPD-IMGT/HLA 3.63.0,2026-02-19 18:49:27.959055
B*40:305,B*40:305,B,Bw6,Bw6,classified,N,SLRNLRG,Bw6,HLAtools_protein_alignment,IPD-IMGT/HLA 3.63.0,2026-02-19 18:49:27.959055
B*40:306,B*40:306,B,Bw6,Bw6,classified,N,SLQNLRG,Bw6,HLAtools_protein_alignment,IPD-IMGT/HLA 3.63.0,2026-02-19 18:49:27.959055
B*40:307,B*40:307,B,Bw6,Bw6,classified,N,SLRNLRG,Bw6,HLAtools_protein_alignment,IPD-IMGT/HLA 3.63.0,2026-02-19 18:49:27.959055
B*40:308,B*40:308,B,Bw6,Bw6,classified,N,SLRNLRG,Bw6,HLAtools_protein_alignment,IPD-IMGT/HLA 3.63.0,2026-02-19 18:49:27.959055
B*40:309,B*40:309,B,Bw6,Bw6,classified,N,SLRNLRG,Bw6,HLAtools_protein_alignment,IPD-IMGT/HLA 3.63.0,2026-02-19 18:49:27.959055
B*40:31,B*40:31,B,Bw6,Bw6,classified,N,SLRNLRG,Bw6,HLAtools_protein_alignment,IPD-IMGT/HLA 3.63.0,2026-02-19 18:49:27.959055
B*40:310,B*40:310,B,Bw6,Bw6,classified,N,SLRNLRG,Bw6,HLAtools_protein_alignment,IPD-IMGT/HLA 3.63.0,2026-02-19 18:49:27.959055
B*40:311,B*40:311,B,Bw6,Bw6,classified,N,SLRNLRG,Bw6,HLAtools_protein_alignment,IPD-IMGT/HLA 3.63.0,2026-02-19 18:49:27.959055
B*40:312,B*40:312,B,Bw6,Bw6,classified,N,SLRNLRG,Bw6,HLAtools_protein_alignment,IPD-IMGT/HLA 3.63.0,2026-02-19 18:49:27.959055
B*40:313,B*40:313,B,Bw6,Bw6,classified,N,SLRNLRG,Bw6,HLAtools_protein_alignment,IPD-IMGT/HLA 3.63.0,2026-02-19 18:49:27.959055
B*40:314,B*40:314,B,Bw6,Bw6,classified,N,SLRNLRG,Bw6,HLAtools_protein_alignment,IPD-IMGT/HLA 3.63.0,2026-02-19 18:49:27.959055
B*40:315,B*40:315,B,Bw6,Bw6,classified,N,SLRNLRG,Bw6,HLAtools_protein_alignment,IPD-IMGT/HLA 3.63.0,2026-02-19 18:49:27.959055
B*40:316,B*40:316,B,Bw6,Bw6,classified,N,SLRNLRG,Bw6,HLAtools_protein_alignment,IPD-IMGT/HLA 3.63.0,2026-02-19 18:49:27.959055
B*40:317,B*40:317,B,Bw6,Bw6,classified,N,SLRNLRG,Bw6,HLAtools_protein_alignment,IPD-IMGT/HLA 3.63.0,2026-02-19 18:49:27.959055
B*40:318,B*40:318,B,Bw6,Bw6,classified,N,SLRNLRG,Bw6,HLAtools_protein_alignment,IPD-IMGT/HLA 3.63.0,2026-02-19 18:49:27.959055
B*40:319,B*40:319,B,Bw6,Bw6,classified,N,SLRNLRG,Bw6,HLAtools_protein_alignment,IPD-IMGT/HLA 3.63.0,2026-02-19 18:49:27.959055
B*40:32,B*40:32,B,Bw6,Bw6,classified,N,SLRNLRG,Bw6,HLAtools_protein_alignment,IPD-IMGT/HLA 3.63.0,2026-02-19 18:49:27.959055
B*40:320,B*40:320,B,Bw6,Bw6,classified,N,SLRNLRG,Bw6,HLAtools_protein_alignment,IPD-IMGT/HLA 3.63.0,2026-02-19 18:49:27.959055
B*40:321,B*40:321,B,Bw6,Bw6,classified,N,SLRNLRG,Bw6,HLAtools_protein_alignment,IPD-IMGT/HLA 3.63.0,2026-02-19 18:49:27.959055
B*40:322,B*40:322,B,Bw6,Bw6,classified,N,SLRNLRG,Bw6,HLAtools_protein_alignment,IPD-IMGT/HLA 3.63.0,2026-02-19 18:49:27.959055
B*40:323,B*40:323,B,Bw6,Bw6,classified,N,SLRNLRG,Bw6,HLAtools_protein_alignment,IPD-IMGT/HLA 3.63.0,2026-02-19 18:49:27.959055
B*40:324,B*40:324,B,Bw6,Bw6,classified,N,SLRNLRG,Bw6,HLAtools_protein_alignment,IPD-IMGT/HLA 3.63.0,2026-02-19 18:49:27.959055
B*40:325,B*40:325,B,Bw6,Bw6,classified,N,SLRNLRG,Bw6,HLAtools_protein_alignment,IPD-IMGT/HLA 3.63.0,2026-02-19 18:49:27.959055
B*40:326,B*40:326,B,Bw6,Bw6,classified,N,SLRNLRG,Bw6,HLAtools_protein_alignment,IPD-IMGT/HLA 3.63.0,2026-02-19 18:49:27.959055
B*40:327,B*40:327,B,Bw6,Bw6,classified,N,SLRNLRG,Bw6,HLAtools_protein_alignment,IPD-IMGT/HLA 3.63.0,2026-02-19 18:49:27.959055
B*40:328,B*40:328,B,Bw6,Bw6,classified,N,SLRNLRG,Bw6,HLAtools_protein_alignment,IPD-IMGT/HLA 3.63.0,2026-02-19 18:49:27.959055
B*40:329,B*40:329,B,Bw6,Bw6,classified,N,SLRNLRG,Bw6,HLAtools_protein_alignment,IPD-IMGT/HLA 3.63.0,2026-02-19 18:49:27.959055
B*40:33,B*40:33,B,Bw6,Bw6,classified,N,SLRNLRG,Bw6,HLAtools_protein_alignment,IPD-IMGT/HLA 3.63.0,2026-02-19 18:49:27.959055
B*40:330,B*40:330,B,Bw6,Bw6,classified,N,SLRNLRG,Bw6,HLAtools_protein_alignment,IPD-IMGT/HLA 3.63.0,2026-02-19 18:49:27.959055
B*40:331,B*40:331,B,Bw6,Bw6,classified,N,SLRNLRG,Bw6,HLAtools_protein_alignment,IPD-IMGT/HLA 3.63.0,2026-02-19 18:49:27.959055
B*40:332,B*40:332,B,Bw6,Bw6,classified,N,SLRNLRG,Bw6,HLAtools_protein_alignment,IPD-IMGT/HLA 3.63.0,2026-02-19 18:49:27.959055
B*40:333,B*40:333,B,Bw6,Bw6,classified,N,SLRNLRG,Bw6,HLAtools_protein_alignment,IPD-IMGT/HLA 3.63.0,2026-02-19 18:49:27.959055
B*40:334,B*40:334,B,Bw6,Bw6,classified,N,SLRNLRG,Bw6,HLAtools_protein_alignment,IPD-IMGT/HLA 3.63.0,2026-02-19 18:49:27.959055
B*40:335,B*40:335,B,Bw6,Bw6,classified,H,SLRHLRG,NA,HLAtools_protein_alignment,IPD-IMGT/HLA 3.63.0,2026-02-19 18:49:27.959055
B*40:336,B*40:336,B,Bw6,Bw6,classified,N,SLRNLRG,Bw6,HLAtools_protein_alignment,IPD-IMGT/HLA 3.63.0,2026-02-19 18:49:27.959055
B*40:339,B*40:339,B,Bw6,Bw6,classified,N,SLRNLRG,Bw6,HLAtools_protein_alignment,IPD-IMGT/HLA 3.63.0,2026-02-19 18:49:27.959055
B*40:34,B*40:34,B,Bw6,Bw6,classified,N,SLRNLRG,Bw6,HLAtools_protein_alignment,IPD-IMGT/HLA 3.63.0,2026-02-19 18:49:27.959055
B*40:340,B*40:340,B,Bw4 - 80I,Bw4_80I,classified,I,NLRIALR,Bw4 - 80I,HLAtools_protein_alignment,IPD-IMGT/HLA 3.63.0,2026-02-19 18:49:27.959055
B*40:341,B*40:341,B,Bw6,Bw6,classified,N,SLRNLRG,Bw6,HLAtools_protein_alignment,IPD-IMGT/HLA 3.63.0,2026-02-19 18:49:27.959055
B*40:342,B*40:342,B,Bw6,Bw6,classified,N,SLRNLRG,Bw6,HLAtools_protein_alignment,IPD-IMGT/HLA 3.63.0,2026-02-19 18:49:27.959055
B*40:343,B*40:343,B,Bw6,Bw6,classified,N,SLRNLRG,Bw6,HLAtools_protein_alignment,IPD-IMGT/HLA 3.63.0,2026-02-19 18:49:27.959055
B*40:344,B*40:344,B,Bw6,Bw6,classified,N,RLRNLRG,NA,HLAtools_protein_alignment,IPD-IMGT/HLA 3.63.0,2026-02-19 18:49:27.959055
B*40:346,B*40:346,B,Bw6,Bw6,classified,N,SLRNLRG,Bw6,HLAtools_protein_alignment,IPD-IMGT/HLA 3.63.0,2026-02-19 18:49:27.959055
B*40:347,B*40:347,B,Bw6,Bw6,classified,N,SLRNLRG,Bw6,HLAtools_protein_alignment,IPD-IMGT/HLA 3.63.0,2026-02-19 18:49:27.959055
B*40:348,B*40:348,B,Bw6,Bw6,classified,N,SLRNLRG,Bw6,HLAtools_protein_alignment,IPD-IMGT/HLA 3.63.0,2026-02-19 18:49:27.959055
B*40:349,B*40:349,B,Bw6,Bw6,classified,N,SLRNLRG,Bw6,HLAtools_protein_alignment,IPD-IMGT/HLA 3.63.0,2026-02-19 18:49:27.959055
B*40:35,B*40:35,B,Bw6,Bw6,classified,N,SLRNLRG,Bw6,HLAtools_protein_alignment,IPD-IMGT/HLA 3.63.0,2026-02-19 18:49:27.959055
B*40:350,B*40:350,B,Bw6,Bw6,classified,N,SLRNLRG,Bw6,HLAtools_protein_alignment,IPD-IMGT/HLA 3.63.0,2026-02-19 18:49:27.959055
B*40:351,B*40:351,B,Bw6,Bw6,classified,N,SLRNLRG,Bw6,HLAtools_protein_alignment,IPD-IMGT/HLA 3.63.0,2026-02-19 18:49:27.959055
B*40:352,B*40:352,B,Bw6,Bw6,classified,N,SLRNLRG,Bw6,HLAtools_protein_alignment,IPD-IMGT/HLA 3.63.0,2026-02-19 18:49:27.959055
B*40:353,B*40:353,B,Bw6,Bw6,classified,N,SLRNLRG,Bw6,HLAtools_protein_alignment,IPD-IMGT/HLA 3.63.0,2026-02-19 18:49:27.959055
B*40:354,B*40:354,B,Bw6,Bw6,classified,N,SLRNLRG,Bw6,HLAtools_protein_alignment,IPD-IMGT/HLA 3.63.0,2026-02-19 18:49:27.959055
B*40:355,B*40:355,B,Bw6,Bw6,classified,N,SLRNLRG,Bw6,HLAtools_protein_alignment,IPD-IMGT/HLA 3.63.0,2026-02-19 18:49:27.959055
B*40:356,B*40:356,B,Bw6,Bw6,classified,N,SLRNLRG,Bw6,HLAtools_protein_alignment,IPD-IMGT/HLA 3.63.0,2026-02-19 18:49:27.959055
B*40:357,B*40:357,B,Bw6,Bw6,classified,N,SLRNLRG,Bw6,HLAtools_protein_alignment,IPD-IMGT/HLA 3.63.0,2026-02-19 18:49:27.959055
B*40:358,B*40:358,B,Bw6,Bw6,classified,N,SLRNLRG,Bw6,HLAtools_protein_alignment,IPD-IMGT/HLA 3.63.0,2026-02-19 18:49:27.959055
B*40:359,B*40:359,B,Bw6,Bw6,classified,N,SLRNLRG,Bw6,HLAtools_protein_alignment,IPD-IMGT/HLA 3.63.0,2026-02-19 18:49:27.959055
B*40:36,B*40:36,B,Bw6,Bw6,classified,N,SLRNLRG,Bw6,HLAtools_protein_alignment,IPD-IMGT/HLA 3.63.0,2026-02-19 18:49:27.959055
B*40:360,B*40:360,B,Bw6,Bw6,classified,N,SLRNLRG,Bw6,HLAtools_protein_alignment,IPD-IMGT/HLA 3.63.0,2026-02-19 18:49:27.959055
B*40:362,B*40:362,B,Bw6,Bw6,classified,N,SLRNLRG,Bw6,HLAtools_protein_alignment,IPD-IMGT/HLA 3.63.0,2026-02-19 18:49:27.959055
B*40:363,B*40:363,B,Bw6,Bw6,classified,N,SLRNLRG,Bw6,HLAtools_protein_alignment,IPD-IMGT/HLA 3.63.0,2026-02-19 18:49:27.959055
B*40:364,B*40:364,B,Bw6,Bw6,classified,N,SLRNLRG,Bw6,HLAtools_protein_alignment,IPD-IMGT/HLA 3.63.0,2026-02-19 18:49:27.959055
B*40:365,B*40:365,B,Bw6,Bw6,classified,N,SLRNLRG,Bw6,HLAtools_protein_alignment,IPD-IMGT/HLA 3.63.0,2026-02-19 18:49:27.959055
B*40:366,B*40:366,B,Bw6,Bw6,classified,N,SLRNLRG,Bw6,HLAtools_protein_alignment,IPD-IMGT/HLA 3.63.0,2026-02-19 18:49:27.959055
B*40:367,B*40:367,B,Bw6,Bw6,classified,N,SLRNLRG,Bw6,HLAtools_protein_alignment,IPD-IMGT/HLA 3.63.0,2026-02-19 18:49:27.959055
B*40:368,B*40:368,B,Bw6,Bw6,classified,N,SLRNLRG,Bw6,HLAtools_protein_alignment,IPD-IMGT/HLA 3.63.0,2026-02-19 18:49:27.959055
B*40:369,B*40:369,B,Bw6,Bw6,classified,N,SLRNLRG,Bw6,HLAtools_protein_alignment,IPD-IMGT/HLA 3.63.0,2026-02-19 18:49:27.959055
B*40:37,B*40:37,B,Bw6,Bw6,classified,N,NLRNLRG,NA,HLAtools_protein_alignment,IPD-IMGT/HLA 3.63.0,2026-02-19 18:49:27.959055
B*40:370,B*40:370,B,Bw6,Bw6,classified,N,SLRNLRG,Bw6,HLAtools_protein_alignment,IPD-IMGT/HLA 3.63.0,2026-02-19 18:49:27.959055
B*40:371,B*40:371,B,Bw6,Bw6,classified,N,SLRNLRG,Bw6,HLAtools_protein_alignment,IPD-IMGT/HLA 3.63.0,2026-02-19 18:49:27.959055
B*40:373,B*40:373,B,Bw6,Bw6,classified,N,SLRNLRG,Bw6,HLAtools_protein_alignment,IPD-IMGT/HLA 3.63.0,2026-02-19 18:49:27.959055
B*40:374,B*40:374,B,Bw6,Bw6,classified,N,SLRNLRG,Bw6,HLAtools_protein_alignment,IPD-IMGT/HLA 3.63.0,2026-02-19 18:49:27.959055
B*40:375,B*40:375,B,Bw6,Bw6,classified,N,SLRNLRG,Bw6,HLAtools_protein_alignment,IPD-IMGT/HLA 3.63.0,2026-02-19 18:49:27.959055
B*40:376,B*40:376,B,Bw6,Bw6,classified,N,SLRNLRG,Bw6,HLAtools_protein_alignment,IPD-IMGT/HLA 3.63.0,2026-02-19 18:49:27.959055
B*40:377,B*40:377,B,Bw6,Bw6,classified,N,SLRNLRG,Bw6,HLAtools_protein_alignment,IPD-IMGT/HLA 3.63.0,2026-02-19 18:49:27.959055
B*40:378,B*40:378,B,Bw6,Bw6,classified,N,SLRNLRG,Bw6,HLAtools_protein_alignment,IPD-IMGT/HLA 3.63.0,2026-02-19 18:49:27.959055
B*40:379,B*40:379,B,Bw6,Bw6,classified,N,SLRNLRG,Bw6,HLAtools_protein_alignment,IPD-IMGT/HLA 3.63.0,2026-02-19 18:49:27.959055
B*40:38,B*40:38,B,Bw6,Bw6,classified,N,SLRNLRG,Bw6,HLAtools_protein_alignment,IPD-IMGT/HLA 3.63.0,2026-02-19 18:49:27.959055
B*40:380,B*40:380,B,Bw6,Bw6,classified,N,SLRNLRG,Bw6,HLAtools_protein_alignment,IPD-IMGT/HLA 3.63.0,2026-02-19 18:49:27.959055
B*40:381,B*40:381,B,Bw6,Bw6,classified,N,SLRNLRG,Bw6,HLAtools_protein_alignment,IPD-IMGT/HLA 3.63.0,2026-02-19 18:49:27.959055
B*40:382,B*40:382,B,Bw6,Bw6,classified,N,SLRNLRG,Bw6,HLAtools_protein_alignment,IPD-IMGT/HLA 3.63.0,2026-02-19 18:49:27.959055
B*40:383,B*40:383,B,Bw6,Bw6,classified,N,SLRNLRG,Bw6,HLAtools_protein_alignment,IPD-IMGT/HLA 3.63.0,2026-02-19 18:49:27.959055
B*40:384,B*40:384,B,Bw6,Bw6,classified,N,SLRNLRG,Bw6,HLAtools_protein_alignment,IPD-IMGT/HLA 3.63.0,2026-02-19 18:49:27.959055
B*40:385,B*40:385,B,Bw6,Bw6,classified,N,SLRNLRG,Bw6,HLAtools_protein_alignment,IPD-IMGT/HLA 3.63.0,2026-02-19 18:49:27.959055
B*40:386,B*40:386,B,Bw6,Bw6,classified,N,SLRNLRG,Bw6,HLAtools_protein_alignment,IPD-IMGT/HLA 3.63.0,2026-02-19 18:49:27.959055
B*40:387,B*40:387,B,Bw6,Bw6,classified,N,SLRNLRG,Bw6,HLAtools_protein_alignment,IPD-IMGT/HLA 3.63.0,2026-02-19 18:49:27.959055
B*40:388,B*40:388,B,Bw6,Bw6,classified,N,SLRNLRG,Bw6,HLAtools_protein_alignment,IPD-IMGT/HLA 3.63.0,2026-02-19 18:49:27.959055
B*40:389,B*40:389,B,Bw6,Bw6,classified,N,SLRNLRG,Bw6,HLAtools_protein_alignment,IPD-IMGT/HLA 3.63.0,2026-02-19 18:49:27.959055
B*40:39,B*40:39,B,Bw6,Bw6,classified,N,SLRNLRG,Bw6,HLAtools_protein_alignment,IPD-IMGT/HLA 3.63.0,2026-02-19 18:49:27.959055
B*40:390,B*40:390,B,Bw6,Bw6,classified,N,SLRNLRG,Bw6,HLAtools_protein_alignment,IPD-IMGT/HLA 3.63.0,2026-02-19 18:49:27.959055
B*40:391,B*40:391,B,Bw6,Bw6,classified,N,SLRNLRG,Bw6,HLAtools_protein_alignment,IPD-IMGT/HLA 3.63.0,2026-02-19 18:49:27.959055
B*40:392,B*40:392,B,Bw6,Bw6,classified,N,SLRNLRG,Bw6,HLAtools_protein_alignment,IPD-IMGT/HLA 3.63.0,2026-02-19 18:49:27.959055
B*40:393,B*40:393,B,Bw6,Bw6,classified,N,SLRNLRG,Bw6,HLAtools_protein_alignment,IPD-IMGT/HLA 3.63.0,2026-02-19 18:49:27.959055
B*40:394,B*40:394,B,Bw4 - 80I,Bw4_80I,classified,I,SLRIALR,NA,HLAtools_protein_alignment,IPD-IMGT/HLA 3.63.0,2026-02-19 18:49:27.959055
B*40:395,B*40:395,B,Bw6,Bw6,classified,N,SLRNLRG,Bw6,HLAtools_protein_alignment,IPD-IMGT/HLA 3.63.0,2026-02-19 18:49:27.959055
B*40:396,B*40:396,B,Bw6,Bw6,classified,N,SLRNLRG,Bw6,HLAtools_protein_alignment,IPD-IMGT/HLA 3.63.0,2026-02-19 18:49:27.959055
B*40:397,B*40:397,B,Bw6,Bw6,classified,N,SLRNLRG,Bw6,HLAtools_protein_alignment,IPD-IMGT/HLA 3.63.0,2026-02-19 18:49:27.959055
B*40:398,B*40:398,B,Bw6,Bw6,classified,N,SLRNLRG,Bw6,HLAtools_protein_alignment,IPD-IMGT/HLA 3.63.0,2026-02-19 18:49:27.959055
B*40:40,B*40:40,B,Bw6,Bw6,classified,N,SLRNLRG,Bw6,HLAtools_protein_alignment,IPD-IMGT/HLA 3.63.0,2026-02-19 18:49:27.959055
B*40:400,B*40:400,B,Bw6,Bw6,classified,N,SLRNQRG,Bw6,HLAtools_protein_alignment,IPD-IMGT/HLA 3.63.0,2026-02-19 18:49:27.959055
B*40:401,B*40:401,B,Bw6,Bw6,classified,N,SLRNLRG,Bw6,HLAtools_protein_alignment,IPD-IMGT/HLA 3.63.0,2026-02-19 18:49:27.959055
B*40:402,B*40:402,B,Bw6,Bw6,classified,N,SLRNLRG,Bw6,HLAtools_protein_alignment,IPD-IMGT/HLA 3.63.0,2026-02-19 18:49:27.959055
B*40:403,B*40:403,B,Bw6,Bw6,classified,N,SLRNLRG,Bw6,HLAtools_protein_alignment,IPD-IMGT/HLA 3.63.0,2026-02-19 18:49:27.959055
B*40:404,B*40:404,B,Bw6,Bw6,classified,N,SLRNLRG,Bw6,HLAtools_protein_alignment,IPD-IMGT/HLA 3.63.0,2026-02-19 18:49:27.959055
B*40:405,B*40:405,B,Bw6,Bw6,classified,N,SLRNLRG,Bw6,HLAtools_protein_alignment,IPD-IMGT/HLA 3.63.0,2026-02-19 18:49:27.959055
B*40:406,B*40:406,B,Bw6,Bw6,classified,N,SLRNLRG,Bw6,HLAtools_protein_alignment,IPD-IMGT/HLA 3.63.0,2026-02-19 18:49:27.959055
B*40:407,B*40:407,B,Bw6,Bw6,classified,N,SLRNLRG,Bw6,HLAtools_protein_alignment,IPD-IMGT/HLA 3.63.0,2026-02-19 18:49:27.959055
B*40:408,B*40:408,B,Bw6,Bw6,classified,N,SLRNLRG,Bw6,HLAtools_protein_alignment,IPD-IMGT/HLA 3.63.0,2026-02-19 18:49:27.959055
B*40:409,B*40:409,B,Bw6,Bw6,classified,N,SLRNLRG,Bw6,HLAtools_protein_alignment,IPD-IMGT/HLA 3.63.0,2026-02-19 18:49:27.959055
B*40:410,B*40:410,B,Bw6,Bw6,classified,N,SLRNLRG,Bw6,HLAtools_protein_alignment,IPD-IMGT/HLA 3.63.0,2026-02-19 18:49:27.959055
B*40:411,B*40:411,B,Bw6,Bw6,classified,N,SLRNLRG,Bw6,HLAtools_protein_alignment,IPD-IMGT/HLA 3.63.0,2026-02-19 18:49:27.959055
B*40:412,B*40:412,B,Bw6,Bw6,classified,N,SLRNLRG,Bw6,HLAtools_protein_alignment,IPD-IMGT/HLA 3.63.0,2026-02-19 18:49:27.959055
B*40:413,B*40:413,B,Bw6,Bw6,classified,N,SLRNLRG,Bw6,HLAtools_protein_alignment,IPD-IMGT/HLA 3.63.0,2026-02-19 18:49:27.959055
B*40:414,B*40:414,B,Bw6,Bw6,classified,N,SLRNLRG,Bw6,HLAtools_protein_alignment,IPD-IMGT/HLA 3.63.0,2026-02-19 18:49:27.959055
B*40:415,B*40:415,B,Bw6,Bw6,classified,N,SLRNLRG,Bw6,HLAtools_protein_alignment,IPD-IMGT/HLA 3.63.0,2026-02-19 18:49:27.959055
B*40:416,B*40:416,B,Bw6,Bw6,classified,N,SLRNLRG,Bw6,HLAtools_protein_alignment,IPD-IMGT/HLA 3.63.0,2026-02-19 18:49:27.959055
B*40:417,B*40:417,B,Bw6,Bw6,classified,N,SLRNLRG,Bw6,HLAtools_protein_alignment,IPD-IMGT/HLA 3.63.0,2026-02-19 18:49:27.959055
B*40:418,B*40:418,B,Bw6,Bw6,classified,N,SLRNLRG,Bw6,HLAtools_protein_alignment,IPD-IMGT/HLA 3.63.0,2026-02-19 18:49:27.959055
B*40:419,B*40:419,B,Bw6,Bw6,classified,N,SLRNLRG,Bw6,HLAtools_protein_alignment,IPD-IMGT/HLA 3.63.0,2026-02-19 18:49:27.959055
B*40:42,B*40:42,B,Bw6,Bw6,classified,N,SLRNLRG,Bw6,HLAtools_protein_alignment,IPD-IMGT/HLA 3.63.0,2026-02-19 18:49:27.959055
B*40:420,B*40:420,B,Bw6,Bw6,classified,N,SLRNLRG,Bw6,HLAtools_protein_alignment,IPD-IMGT/HLA 3.63.0,2026-02-19 18:49:27.959055
B*40:421Q,B*40:421Q,B,Bw6,Bw6,classified,N,SLRNLRG,NA,HLAtools_protein_alignment,IPD-IMGT/HLA 3.63.0,2026-02-19 18:49:27.959055
B*40:422,B*40:422,B,Bw6,Bw6,classified,N,SLRNLRG,Bw6,HLAtools_protein_alignment,IPD-IMGT/HLA 3.63.0,2026-02-19 18:49:27.959055
B*40:423,B*40:423,B,Bw6,Bw6,classified,D,SLRDLRG,NA,HLAtools_protein_alignment,IPD-IMGT/HLA 3.63.0,2026-02-19 18:49:27.959055
B*40:424,B*40:424,B,Bw6,Bw6,classified,N,SLRNLRG,Bw6,HLAtools_protein_alignment,IPD-IMGT/HLA 3.63.0,2026-02-19 18:49:27.959055
B*40:425,B*40:425,B,Bw6,Bw6,classified,N,SLRNLRG,Bw6,HLAtools_protein_alignment,IPD-IMGT/HLA 3.63.0,2026-02-19 18:49:27.959055
B*40:427,B*40:427,B,Bw6,Bw6,classified,N,SLRNLRG,Bw6,HLAtools_protein_alignment,IPD-IMGT/HLA 3.63.0,2026-02-19 18:49:27.959055
B*40:429,B*40:429,B,Bw6,Bw6,classified,N,SLRNLRG,Bw6,HLAtools_protein_alignment,IPD-IMGT/HLA 3.63.0,2026-02-19 18:49:27.959055
B*40:43,B*40:43,B,Bw6,Bw6,classified,N,SLRNLRG,Bw6,HLAtools_protein_alignment,IPD-IMGT/HLA 3.63.0,2026-02-19 18:49:27.959055
B*40:430,B*40:430,B,Bw6,Bw6,classified,N,SLRNLRG,Bw6,HLAtools_protein_alignment,IPD-IMGT/HLA 3.63.0,2026-02-19 18:49:27.959055
B*40:431,B*40:431,B,Bw6,Bw6,classified,N,SLRNLRG,Bw6,HLAtools_protein_alignment,IPD-IMGT/HLA 3.63.0,2026-02-19 18:49:27.959055
B*40:432,B*40:432,B,Bw6,Bw6,classified,N,SLRNLRG,Bw6,HLAtools_protein_alignment,IPD-IMGT/HLA 3.63.0,2026-02-19 18:49:27.959055
B*40:433,B*40:433,B,Bw6,Bw6,classified,N,SLRNLRG,Bw6,HLAtools_protein_alignment,IPD-IMGT/HLA 3.63.0,2026-02-19 18:49:27.959055
B*40:434,B*40:434,B,Bw6,Bw6,classified,N,SLRNLRG,Bw6,HLAtools_protein_alignment,IPD-IMGT/HLA 3.63.0,2026-02-19 18:49:27.959055
B*40:435,B*40:435,B,Bw6,Bw6,classified,N,SLRNLRG,Bw6,HLAtools_protein_alignment,IPD-IMGT/HLA 3.63.0,2026-02-19 18:49:27.959055
B*40:436,B*40:436,B,Bw6,Bw6,classified,N,SLRNLRG,Bw6,HLAtools_protein_alignment,IPD-IMGT/HLA 3.63.0,2026-02-19 18:49:27.959055
B*40:437,B*40:437,B,Bw6,Bw6,classified,N,SLRNLRG,Bw6,HLAtools_protein_alignment,IPD-IMGT/HLA 3.63.0,2026-02-19 18:49:27.959055
B*40:439,B*40:439,B,Bw6,Bw6,classified,N,SLRNLRG,Bw6,HLAtools_protein_alignment,IPD-IMGT/HLA 3.63.0,2026-02-19 18:49:27.959055
B*40:44,B*40:44,B,Bw6,Bw6,classified,N,SLRNLRG,Bw6,HLAtools_protein_alignment,IPD-IMGT/HLA 3.63.0,2026-02-19 18:49:27.959055
B*40:440,B*40:440,B,Bw6,Bw6,classified,N,SLRNLRG,Bw6,HLAtools_protein_alignment,IPD-IMGT/HLA 3.63.0,2026-02-19 18:49:27.959055
B*40:441,B*40:441,B,Bw6,Bw6,classified,N,SLRNLRG,Bw6,HLAtools_protein_alignment,IPD-IMGT/HLA 3.63.0,2026-02-19 18:49:27.959055
B*40:442,B*40:442,B,Bw6,Bw6,classified,N,SLRNLRG,Bw6,HLAtools_protein_alignment,IPD-IMGT/HLA 3.63.0,2026-02-19 18:49:27.959055
B*40:443,B*40:443,B,Bw6,Bw6,classified,N,SLRNLRG,Bw6,HLAtools_protein_alignment,IPD-IMGT/HLA 3.63.0,2026-02-19 18:49:27.959055
B*40:444,B*40:444,B,Bw6,Bw6,classified,N,SLRNLRG,Bw6,HLAtools_protein_alignment,IPD-IMGT/HLA 3.63.0,2026-02-19 18:49:27.959055
B*40:445,B*40:445,B,Bw6,Bw6,classified,N,SLRNLRG,Bw6,HLAtools_protein_alignment,IPD-IMGT/HLA 3.63.0,2026-02-19 18:49:27.959055
B*40:446,B*40:446,B,Bw6,Bw6,classified,N,SLRNLRG,Bw6,HLAtools_protein_alignment,IPD-IMGT/HLA 3.63.0,2026-02-19 18:49:27.959055
B*40:447,B*40:447,B,Bw6,Bw6,classified,N,SLRNLRG,Bw6,HLAtools_protein_alignment,IPD-IMGT/HLA 3.63.0,2026-02-19 18:49:27.959055
B*40:448,B*40:448,B,Bw6,Bw6,classified,N,SLRNLRG,Bw6,HLAtools_protein_alignment,IPD-IMGT/HLA 3.63.0,2026-02-19 18:49:27.959055
B*40:449,B*40:449,B,Bw6,Bw6,classified,N,SLRNLRG,Bw6,HLAtools_protein_alignment,IPD-IMGT/HLA 3.63.0,2026-02-19 18:49:27.959055
B*40:45,B*40:45,B,Bw6,Bw6,classified,N,SLRNLRG,Bw6,HLAtools_protein_alignment,IPD-IMGT/HLA 3.63.0,2026-02-19 18:49:27.959055
B*40:450,B*40:450,B,Bw6,Bw6,classified,N,SLRNLRG,Bw6,HLAtools_protein_alignment,IPD-IMGT/HLA 3.63.0,2026-02-19 18:49:27.959055
B*40:451,B*40:451,B,Bw6,Bw6,classified,N,SLRNLRG,Bw6,HLAtools_protein_alignment,IPD-IMGT/HLA 3.63.0,2026-02-19 18:49:27.959055
B*40:452,B*40:452,B,Bw6,Bw6,classified,N,SLRNLRG,Bw6,HLAtools_protein_alignment,IPD-IMGT/HLA 3.63.0,2026-02-19 18:49:27.959055
B*40:453,B*40:453,B,Bw6,Bw6,classified,N,SLRNLRG,Bw6,HLAtools_protein_alignment,IPD-IMGT/HLA 3.63.0,2026-02-19 18:49:27.959055
B*40:454,B*40:454,B,Bw6,Bw6,classified,N,SLRNLRG,Bw6,HLAtools_protein_alignment,IPD-IMGT/HLA 3.63.0,2026-02-19 18:49:27.959055
B*40:455,B*40:455,B,Bw6,Bw6,classified,N,SLRNLRG,Bw6,HLAtools_protein_alignment,IPD-IMGT/HLA 3.63.0,2026-02-19 18:49:27.959055
B*40:456,B*40:456,B,Bw6,Bw6,classified,N,SLRNLRG,Bw6,HLAtools_protein_alignment,IPD-IMGT/HLA 3.63.0,2026-02-19 18:49:27.959055
B*40:457,B*40:457,B,Bw6,Bw6,classified,N,SLRNLRG,Bw6,HLAtools_protein_alignment,IPD-IMGT/HLA 3.63.0,2026-02-19 18:49:27.959055
B*40:458,B*40:458,B,Bw6,Bw6,classified,N,SLRNLRG,Bw6,HLAtools_protein_alignment,IPD-IMGT/HLA 3.63.0,2026-02-19 18:49:27.959055
B*40:459,B*40:459,B,Bw6,Bw6,classified,N,SLRNLRG,Bw6,HLAtools_protein_alignment,IPD-IMGT/HLA 3.63.0,2026-02-19 18:49:27.959055
B*40:46,B*40:46,B,Bw6,Bw6,classified,N,SLRNLRG,Bw6,HLAtools_protein_alignment,IPD-IMGT/HLA 3.63.0,2026-02-19 18:49:27.959055
B*40:460,B*40:460,B,Bw6,Bw6,classified,N,SLRNLRG,Bw6,HLAtools_protein_alignment,IPD-IMGT/HLA 3.63.0,2026-02-19 18:49:27.959055
B*40:461,B*40:461,B,Bw6,Bw6,classified,N,SLRNLRG,Bw6,HLAtools_protein_alignment,IPD-IMGT/HLA 3.63.0,2026-02-19 18:49:27.959055
B*40:462,B*40:462,B,Bw6,Bw6,classified,N,SLRNLRG,Bw6,HLAtools_protein_alignment,IPD-IMGT/HLA 3.63.0,2026-02-19 18:49:27.959055
B*40:463,B*40:463,B,Bw6,Bw6,classified,N,SLRNLRG,Bw6,HLAtools_protein_alignment,IPD-IMGT/HLA 3.63.0,2026-02-19 18:49:27.959055
B*40:464,B*40:464,B,Bw6,Bw6,classified,N,SLRNLRG,Bw6,HLAtools_protein_alignment,IPD-IMGT/HLA 3.63.0,2026-02-19 18:49:27.959055
B*40:465,B*40:465,B,Bw6,Bw6,classified,N,SLRNLRG,Bw6,HLAtools_protein_alignment,IPD-IMGT/HLA 3.63.0,2026-02-19 18:49:27.959055
B*40:466,B*40:466,B,Bw6,Bw6,classified,N,SLRNLRG,Bw6,HLAtools_protein_alignment,IPD-IMGT/HLA 3.63.0,2026-02-19 18:49:27.959055
B*40:467,B*40:467,B,Bw6,Bw6,classified,N,SLRNLRG,Bw6,HLAtools_protein_alignment,IPD-IMGT/HLA 3.63.0,2026-02-19 18:49:27.959055
B*40:468,B*40:468,B,Bw6,Bw6,classified,N,SLRNLRG,Bw6,HLAtools_protein_alignment,IPD-IMGT/HLA 3.63.0,2026-02-19 18:49:27.959055
B*40:469,B*40:469,B,Bw6,Bw6,classified,N,SLRNLRG,Bw6,HLAtools_protein_alignment,IPD-IMGT/HLA 3.63.0,2026-02-19 18:49:27.959055
B*40:47,B*40:47,B,Bw4 - 80T,Bw4_80T,classified,T,NLRTALR,Bw4 - 80T,HLAtools_protein_alignment,IPD-IMGT/HLA 3.63.0,2026-02-19 18:49:27.959055
B*40:470,B*40:470,B,Bw6,Bw6,classified,N,SLRNLRG,Bw6,HLAtools_protein_alignment,IPD-IMGT/HLA 3.63.0,2026-02-19 18:49:27.959055
B*40:471,B*40:471,B,Bw6,Bw6,classified,N,SLRNLRG,Bw6,HLAtools_protein_alignment,IPD-IMGT/HLA 3.63.0,2026-02-19 18:49:27.959055
B*40:472,B*40:472,B,Bw6,Bw6,classified,N,SLRNLRG,Bw6,HLAtools_protein_alignment,IPD-IMGT/HLA 3.63.0,2026-02-19 18:49:27.959055
B*40:473,B*40:473,B,Bw6,Bw6,classified,N,SLRNLRG,Bw6,HLAtools_protein_alignment,IPD-IMGT/HLA 3.63.0,2026-02-19 18:49:27.959055
B*40:474,B*40:474,B,Bw6,Bw6,classified,N,SLRNLRG,Bw6,HLAtools_protein_alignment,IPD-IMGT/HLA 3.63.0,2026-02-19 18:49:27.959055
B*40:475,B*40:475,B,Bw6,Bw6,classified,N,SLRNLRG,Bw6,HLAtools_protein_alignment,IPD-IMGT/HLA 3.63.0,2026-02-19 18:49:27.959055
B*40:476,B*40:476,B,Bw6,Bw6,classified,N,SLRNLRG,Bw6,HLAtools_protein_alignment,IPD-IMGT/HLA 3.63.0,2026-02-19 18:49:27.959055
B*40:477,B*40:477,B,Bw6,Bw6,classified,N,SLRNLRG,Bw6,HLAtools_protein_alignment,IPD-IMGT/HLA 3.63.0,2026-02-19 18:49:27.959055
B*40:478,B*40:478,B,Bw6,Bw6,classified,N,SLRNLRG,Bw6,HLAtools_protein_alignment,IPD-IMGT/HLA 3.63.0,2026-02-19 18:49:27.959055
B*40:479,B*40:479,B,Bw6,Bw6,classified,N,SLRNLRG,Bw6,HLAtools_protein_alignment,IPD-IMGT/HLA 3.63.0,2026-02-19 18:49:27.959055
B*40:48,B*40:48,B,Bw6,Bw6,classified,N,SLRNLRG,Bw6,HLAtools_protein_alignment,IPD-IMGT/HLA 3.63.0,2026-02-19 18:49:27.959055
B*40:480,B*40:480,B,Bw6,Bw6,classified,N,SLRNLRG,Bw6,HLAtools_protein_alignment,IPD-IMGT/HLA 3.63.0,2026-02-19 18:49:27.959055
B*40:482,B*40:482,B,Bw6,Bw6,classified,N,SLRNLRG,Bw6,HLAtools_protein_alignment,IPD-IMGT/HLA 3.63.0,2026-02-19 18:49:27.959055
B*40:484,B*40:484,B,Bw6,Bw6,classified,N,SLRNLRG,Bw6,HLAtools_protein_alignment,IPD-IMGT/HLA 3.63.0,2026-02-19 18:49:27.959055
B*40:485,B*40:485,B,Bw6,Bw6,classified,N,SLRNLRG,Bw6,HLAtools_protein_alignment,IPD-IMGT/HLA 3.63.0,2026-02-19 18:49:27.959055
B*40:486,B*40:486,B,Bw6,Bw6,classified,N,SLRNLRG,Bw6,HLAtools_protein_alignment,IPD-IMGT/HLA 3.63.0,2026-02-19 18:49:27.959055
B*40:489,B*40:489,B,Bw6,Bw6,classified,N,SLRNLRG,Bw6,HLAtools_protein_alignment,IPD-IMGT/HLA 3.63.0,2026-02-19 18:49:27.959055
B*40:49,B*40:49,B,Bw6,Bw6,classified,N,SLRNLRG,Bw6,HLAtools_protein_alignment,IPD-IMGT/HLA 3.63.0,2026-02-19 18:49:27.959055
B*40:490,B*40:490,B,Bw6,Bw6,classified,N,SLRNLRG,Bw6,HLAtools_protein_alignment,IPD-IMGT/HLA 3.63.0,2026-02-19 18:49:27.959055
B*40:491,B*40:491,B,Bw6,Bw6,classified,N,SLRNLRG,Bw6,HLAtools_protein_alignment,IPD-IMGT/HLA 3.63.0,2026-02-19 18:49:27.959055
B*40:492,B*40:492,B,Bw6,Bw6,classified,N,SLRNLRG,Bw6,HLAtools_protein_alignment,IPD-IMGT/HLA 3.63.0,2026-02-19 18:49:27.959055
B*40:493,B*40:493,B,Bw6,Bw6,classified,N,SLRNLRG,Bw6,HLAtools_protein_alignment,IPD-IMGT/HLA 3.63.0,2026-02-19 18:49:27.959055
B*40:494,B*40:494,B,Bw6,Bw6,classified,N,SLRNLRG,Bw6,HLAtools_protein_alignment,IPD-IMGT/HLA 3.63.0,2026-02-19 18:49:27.959055
B*40:495,B*40:495,B,Bw6,Bw6,classified,N,SLRNLRG,Bw6,HLAtools_protein_alignment,IPD-IMGT/HLA 3.63.0,2026-02-19 18:49:27.959055
B*40:496,B*40:496,B,Bw6,Bw6,classified,N,SLRNLRG,Bw6,HLAtools_protein_alignment,IPD-IMGT/HLA 3.63.0,2026-02-19 18:49:27.959055
B*40:497,B*40:497,B,Bw6,Bw6,classified,N,SLRNLRG,Bw6,HLAtools_protein_alignment,IPD-IMGT/HLA 3.63.0,2026-02-19 18:49:27.959055
B*40:498,B*40:498,B,Bw6,Bw6,classified,N,SLRNLRG,Bw6,HLAtools_protein_alignment,IPD-IMGT/HLA 3.63.0,2026-02-19 18:49:27.959055
B*40:499,B*40:499,B,Bw6,Bw6,classified,N,SLRNLRG,Bw6,HLAtools_protein_alignment,IPD-IMGT/HLA 3.63.0,2026-02-19 18:49:27.959055
B*40:50,B*40:50,B,Bw6,Bw6,classified,N,SLRNLRG,Bw6,HLAtools_protein_alignment,IPD-IMGT/HLA 3.63.0,2026-02-19 18:49:27.959055
B*40:500,B*40:500,B,Bw6,Bw6,classified,N,SLRNLRG,Bw6,HLAtools_protein_alignment,IPD-IMGT/HLA 3.63.0,2026-02-19 18:49:27.959055
B*40:501,B*40:501,B,Bw6,Bw6,classified,N,SLRNLRG,Bw6,HLAtools_protein_alignment,IPD-IMGT/HLA 3.63.0,2026-02-19 18:49:27.959055
B*40:502,B*40:502,B,Bw6,Bw6,classified,N,SLRNLRG,Bw6,HLAtools_protein_alignment,IPD-IMGT/HLA 3.63.0,2026-02-19 18:49:27.959055
B*40:503,B*40:503,B,Bw6,Bw6,classified,N,SLRNLRG,Bw6,HLAtools_protein_alignment,IPD-IMGT/HLA 3.63.0,2026-02-19 18:49:27.959055
B*40:504,B*40:504,B,Bw6,Bw6,classified,N,SLRNLRG,Bw6,HLAtools_protein_alignment,IPD-IMGT/HLA 3.63.0,2026-02-19 18:49:27.959055
B*40:505,B*40:505,B,Bw6,Bw6,classified,N,SLRNLRG,Bw6,HLAtools_protein_alignment,IPD-IMGT/HLA 3.63.0,2026-02-19 18:49:27.959055
B*40:509Q,B*40:509Q,B,Bw6,Bw6,classified,N,SLRNLRG,NA,HLAtools_protein_alignment,IPD-IMGT/HLA 3.63.0,2026-02-19 18:49:27.959055
B*40:51,B*40:51,B,Bw6,Bw6,classified,N,SLRNLRG,Bw6,HLAtools_protein_alignment,IPD-IMGT/HLA 3.63.0,2026-02-19 18:49:27.959055
B*40:512,B*40:512,B,Bw6,Bw6,classified,N,SLRNLRG,Bw6,HLAtools_protein_alignment,IPD-IMGT/HLA 3.63.0,2026-02-19 18:49:27.959055
B*40:513,B*40:513,B,Bw6,Bw6,classified,N,SLRNLRG,Bw6,HLAtools_protein_alignment,IPD-IMGT/HLA 3.63.0,2026-02-19 18:49:27.959055
B*40:515,B*40:515,B,Bw6,Bw6,classified,N,SLRNLRG,Bw6,HLAtools_protein_alignment,IPD-IMGT/HLA 3.63.0,2026-02-19 18:49:27.959055
B*40:516,B*40:516,B,Bw6,Bw6,classified,N,SLRNLRG,Bw6,HLAtools_protein_alignment,IPD-IMGT/HLA 3.63.0,2026-02-19 18:49:27.959055
B*40:517,B*40:517,B,Bw6,Bw6,classified,N,SLRNLRG,Bw6,HLAtools_protein_alignment,IPD-IMGT/HLA 3.63.0,2026-02-19 18:49:27.959055
B*40:518,B*40:518,B,Bw6,Bw6,classified,N,SLRNLRG,Bw6,HLAtools_protein_alignment,IPD-IMGT/HLA 3.63.0,2026-02-19 18:49:27.959055
B*40:519,B*40:519,B,Bw6,Bw6,classified,N,SLRNLRG,Bw6,HLAtools_protein_alignment,IPD-IMGT/HLA 3.63.0,2026-02-19 18:49:27.959055
B*40:52,B*40:52,B,Bw6,Bw6,classified,N,SLRNLRG,Bw6,HLAtools_protein_alignment,IPD-IMGT/HLA 3.63.0,2026-02-19 18:49:27.959055
B*40:520,B*40:520,B,Bw6,Bw6,classified,N,SLRNLRG,Bw6,HLAtools_protein_alignment,IPD-IMGT/HLA 3.63.0,2026-02-19 18:49:27.959055
B*40:521,B*40:521,B,Bw6,Bw6,classified,N,SLRNLRG,Bw6,HLAtools_protein_alignment,IPD-IMGT/HLA 3.63.0,2026-02-19 18:49:27.959055
B*40:522,B*40:522,B,Bw6,Bw6,classified,N,SLRNLRG,Bw6,HLAtools_protein_alignment,IPD-IMGT/HLA 3.63.0,2026-02-19 18:49:27.959055
B*40:523,B*40:523,B,Bw6,Bw6,classified,N,SLRNLRG,Bw6,HLAtools_protein_alignment,IPD-IMGT/HLA 3.63.0,2026-02-19 18:49:27.959055
B*40:524,B*40:524,B,Bw6,Bw6,classified,N,SLRNLRG,Bw6,HLAtools_protein_alignment,IPD-IMGT/HLA 3.63.0,2026-02-19 18:49:27.959055
B*40:525,B*40:525,B,Bw6,Bw6,classified,N,SLRNLRG,Bw6,HLAtools_protein_alignment,IPD-IMGT/HLA 3.63.0,2026-02-19 18:49:27.959055
B*40:526,B*40:526,B,Bw6,Bw6,classified,N,SLRNLRG,Bw6,HLAtools_protein_alignment,IPD-IMGT/HLA 3.63.0,2026-02-19 18:49:27.959055
B*40:527,B*40:527,B,Bw6,Bw6,classified,N,SLRNLRG,Bw6,HLAtools_protein_alignment,IPD-IMGT/HLA 3.63.0,2026-02-19 18:49:27.959055
B*40:528,B*40:528,B,Bw6,Bw6,classified,N,ILRNLRG,NA,HLAtools_protein_alignment,IPD-IMGT/HLA 3.63.0,2026-02-19 18:49:27.959055
B*40:529,B*40:529,B,Bw6,Bw6,classified,N,SLRNLRG,Bw6,HLAtools_protein_alignment,IPD-IMGT/HLA 3.63.0,2026-02-19 18:49:27.959055
B*40:53,B*40:53,B,Bw6,Bw6,classified,N,SLRNLRG,Bw6,HLAtools_protein_alignment,IPD-IMGT/HLA 3.63.0,2026-02-19 18:49:27.959055
B*40:530,B*40:530,B,Bw6,Bw6,classified,N,SLRNLRG,Bw6,HLAtools_protein_alignment,IPD-IMGT/HLA 3.63.0,2026-02-19 18:49:27.959055
B*40:531,B*40:531,B,Bw6,Bw6,classified,N,SLRNLRG,Bw6,HLAtools_protein_alignment,IPD-IMGT/HLA 3.63.0,2026-02-19 18:49:27.959055
B*40:532,B*40:532,B,Bw6,Bw6,classified,N,RLRNLRG,NA,HLAtools_protein_alignment,IPD-IMGT/HLA 3.63.0,2026-02-19 18:49:27.959055
B*40:533,B*40:533,B,Bw6,Bw6,classified,N,SLRNLRG,Bw6,HLAtools_protein_alignment,IPD-IMGT/HLA 3.63.0,2026-02-19 18:49:27.959055
B*40:534,B*40:534,B,Bw6,Bw6,classified,N,SLRNLRG,Bw6,HLAtools_protein_alignment,IPD-IMGT/HLA 3.63.0,2026-02-19 18:49:27.959055
B*40:535,B*40:535,B,Bw6,Bw6,classified,N,SLRNLRG,Bw6,HLAtools_protein_alignment,IPD-IMGT/HLA 3.63.0,2026-02-19 18:49:27.959055
B*40:537,B*40:537,B,Bw6,Bw6,classified,N,SLRNLRG,Bw6,HLAtools_protein_alignment,IPD-IMGT/HLA 3.63.0,2026-02-19 18:49:27.959055
B*40:538,B*40:538,B,Bw6,Bw6,classified,N,SLRNLRG,Bw6,HLAtools_protein_alignment,IPD-IMGT/HLA 3.63.0,2026-02-19 18:49:27.959055
B*40:539,B*40:539,B,Bw6,Bw6,classified,N,SLRNLRG,Bw6,HLAtools_protein_alignment,IPD-IMGT/HLA 3.63.0,2026-02-19 18:49:27.959055
B*40:54,B*40:54,B,Bw6,Bw6,classified,N,SLRNLRG,Bw6,HLAtools_protein_alignment,IPD-IMGT/HLA 3.63.0,2026-02-19 18:49:27.959055
B*40:541,B*40:541,B,Bw6,Bw6,classified,N,SLRNLRG,Bw6,HLAtools_protein_alignment,IPD-IMGT/HLA 3.63.0,2026-02-19 18:49:27.959055
B*40:542,B*40:542,B,Bw6,Bw6,classified,N,SLRNLRG,Bw6,HLAtools_protein_alignment,IPD-IMGT/HLA 3.63.0,2026-02-19 18:49:27.959055
B*40:543,B*40:543,B,Bw6,Bw6,classified,N,SLRNLRG,Bw6,HLAtools_protein_alignment,IPD-IMGT/HLA 3.63.0,2026-02-19 18:49:27.959055
B*40:544,B*40:544,B,Bw6,Bw6,classified,N,SLRNLRG,Bw6,HLAtools_protein_alignment,IPD-IMGT/HLA 3.63.0,2026-02-19 18:49:27.959055
B*40:546,B*40:546,B,Bw6,Bw6,classified,N,SLRNLRG,Bw6,HLAtools_protein_alignment,IPD-IMGT/HLA 3.63.0,2026-02-19 18:49:27.959055
B*40:547,B*40:547,B,Bw6,Bw6,classified,N,SLRNLRG,Bw6,HLAtools_protein_alignment,IPD-IMGT/HLA 3.63.0,2026-02-19 18:49:27.959055
B*40:548,B*40:548,B,Bw6,Bw6,classified,N,SLRNLRG,Bw6,HLAtools_protein_alignment,IPD-IMGT/HLA 3.63.0,2026-02-19 18:49:27.959055
B*40:549,B*40:549,B,Bw6,Bw6,classified,N,SLRNLRG,Bw6,HLAtools_protein_alignment,IPD-IMGT/HLA 3.63.0,2026-02-19 18:49:27.959055
B*40:55,B*40:55,B,Bw6,Bw6,classified,N,SLRNLRG,Bw6,HLAtools_protein_alignment,IPD-IMGT/HLA 3.63.0,2026-02-19 18:49:27.959055
B*40:550,B*40:550,B,Bw6,Bw6,classified,N,SLRNLRG,Bw6,HLAtools_protein_alignment,IPD-IMGT/HLA 3.63.0,2026-02-19 18:49:27.959055
B*40:551,B*40:551,B,Bw6,Bw6,classified,N,SLRNLRG,Bw6,HLAtools_protein_alignment,IPD-IMGT/HLA 3.63.0,2026-02-19 18:49:27.959055
B*40:552,B*40:552,B,Bw6,Bw6,classified,N,SLRNLRG,Bw6,HLAtools_protein_alignment,IPD-IMGT/HLA 3.63.0,2026-02-19 18:49:27.959055
B*40:553,B*40:553,B,Bw6,Bw6,classified,N,SLRNLRG,Bw6,HLAtools_protein_alignment,IPD-IMGT/HLA 3.63.0,2026-02-19 18:49:27.959055
B*40:554,B*40:554,B,Bw6,Bw6,classified,N,SLRNLRG,Bw6,HLAtools_protein_alignment,IPD-IMGT/HLA 3.63.0,2026-02-19 18:49:27.959055
B*40:555,B*40:555,B,Bw6,Bw6,classified,N,SLRNLRG,Bw6,HLAtools_protein_alignment,IPD-IMGT/HLA 3.63.0,2026-02-19 18:49:27.959055
B*40:556,B*40:556,B,Bw6,Bw6,classified,N,SLRNLRG,Bw6,HLAtools_protein_alignment,IPD-IMGT/HLA 3.63.0,2026-02-19 18:49:27.959055
B*40:557,B*40:557,B,Bw6,Bw6,classified,N,SLRNLRG,Bw6,HLAtools_protein_alignment,IPD-IMGT/HLA 3.63.0,2026-02-19 18:49:27.959055
B*40:558,B*40:558,B,Bw6,Bw6,classified,N,SLRNLRG,Bw6,HLAtools_protein_alignment,IPD-IMGT/HLA 3.63.0,2026-02-19 18:49:27.959055
B*40:559,B*40:559,B,Bw6,Bw6,classified,N,SLRNLRG,Bw6,HLAtools_protein_alignment,IPD-IMGT/HLA 3.63.0,2026-02-19 18:49:27.959055
B*40:56,B*40:56,B,Bw6,Bw6,classified,N,SLRNLRG,Bw6,HLAtools_protein_alignment,IPD-IMGT/HLA 3.63.0,2026-02-19 18:49:27.959055
B*40:560,B*40:560,B,Bw4 - 80T,Bw4_80T,classified,T,DLRTLLR,Bw4 - 80T,HLAtools_protein_alignment,IPD-IMGT/HLA 3.63.0,2026-02-19 18:49:27.959055
B*40:561,B*40:561,B,Bw6,Bw6,classified,N,SLRNLRG,Bw6,HLAtools_protein_alignment,IPD-IMGT/HLA 3.63.0,2026-02-19 18:49:27.959055
B*40:562,B*40:562,B,Bw6,Bw6,classified,N,SLRNLRG,Bw6,HLAtools_protein_alignment,IPD-IMGT/HLA 3.63.0,2026-02-19 18:49:27.959055
B*40:564,B*40:564,B,Bw6,Bw6,classified,N,SLRNLRG,Bw6,HLAtools_protein_alignment,IPD-IMGT/HLA 3.63.0,2026-02-19 18:49:27.959055
B*40:565,B*40:565,B,Bw6,Bw6,classified,N,SLRNLRG,Bw6,HLAtools_protein_alignment,IPD-IMGT/HLA 3.63.0,2026-02-19 18:49:27.959055
B*40:566,B*40:566,B,Bw6,Bw6,classified,N,SLRNLRG,Bw6,HLAtools_protein_alignment,IPD-IMGT/HLA 3.63.0,2026-02-19 18:49:27.959055
B*40:567,B*40:567,B,Bw6,Bw6,classified,N,SLRNLRG,Bw6,HLAtools_protein_alignment,IPD-IMGT/HLA 3.63.0,2026-02-19 18:49:27.959055
B*40:568,B*40:568,B,Bw4 - 80T,Bw4_80T,classified,T,DLRTLLR,Bw4 - 80T,HLAtools_protein_alignment,IPD-IMGT/HLA 3.63.0,2026-02-19 18:49:27.959055
B*40:569,B*40:569,B,Bw6,Bw6,classified,N,SLRNLRG,Bw6,HLAtools_protein_alignment,IPD-IMGT/HLA 3.63.0,2026-02-19 18:49:27.959055
B*40:57,B*40:57,B,Bw6,Bw6,classified,N,SLRNLRG,Bw6,HLAtools_protein_alignment,IPD-IMGT/HLA 3.63.0,2026-02-19 18:49:27.959055
B*40:570,B*40:570,B,Bw6,Bw6,classified,N,SLRNLRG,Bw6,HLAtools_protein_alignment,IPD-IMGT/HLA 3.63.0,2026-02-19 18:49:27.959055
B*40:572,B*40:572,B,Bw6,Bw6,classified,N,NLRNLRG,NA,HLAtools_protein_alignment,IPD-IMGT/HLA 3.63.0,2026-02-19 18:49:27.959055
B*40:573,B*40:573,B,Bw6,Bw6,classified,N,SLRNLRG,Bw6,HLAtools_protein_alignment,IPD-IMGT/HLA 3.63.0,2026-02-19 18:49:27.959055
B*40:574,B*40:574,B,Bw6,Bw6,classified,N,SLRNLRG,Bw6,HLAtools_protein_alignment,IPD-IMGT/HLA 3.63.0,2026-02-19 18:49:27.959055
B*40:575,B*40:575,B,Bw6,Bw6,classified,N,SLRNLRG,Bw6,HLAtools_protein_alignment,IPD-IMGT/HLA 3.63.0,2026-02-19 18:49:27.959055
B*40:576,B*40:576,B,Bw6,Bw6,classified,N,SLRNLRG,Bw6,HLAtools_protein_alignment,IPD-IMGT/HLA 3.63.0,2026-02-19 18:49:27.959055
B*40:577,B*40:577,B,Bw6,Bw6,classified,N,SLRNLRG,Bw6,HLAtools_protein_alignment,IPD-IMGT/HLA 3.63.0,2026-02-19 18:49:27.959055
B*40:578,B*40:578,B,Bw6,Bw6,classified,N,SLRNLRG,Bw6,HLAtools_protein_alignment,IPD-IMGT/HLA 3.63.0,2026-02-19 18:49:27.959055
B*40:579,B*40:579,B,Bw6,Bw6,classified,N,SLRNLRG,Bw6,HLAtools_protein_alignment,IPD-IMGT/HLA 3.63.0,2026-02-19 18:49:27.959055
B*40:58,B*40:58,B,Bw6,Bw6,classified,N,SLRNLRG,Bw6,HLAtools_protein_alignment,IPD-IMGT/HLA 3.63.0,2026-02-19 18:49:27.959055
B*40:580,B*40:580,B,Bw6,Bw6,classified,N,SLRNLRG,Bw6,HLAtools_protein_alignment,IPD-IMGT/HLA 3.63.0,2026-02-19 18:49:27.959055
B*40:582,B*40:582,B,Bw6,Bw6,classified,N,SLRNLRG,Bw6,HLAtools_protein_alignment,IPD-IMGT/HLA 3.63.0,2026-02-19 18:49:27.959055
B*40:583,B*40:583,B,Bw6,Bw6,classified,N,SLRNLRG,Bw6,HLAtools_protein_alignment,IPD-IMGT/HLA 3.63.0,2026-02-19 18:49:27.959055
B*40:584,B*40:584,B,Bw6,Bw6,classified,N,SLRNLRG,Bw6,HLAtools_protein_alignment,IPD-IMGT/HLA 3.63.0,2026-02-19 18:49:27.959055
B*40:585,B*40:585,B,Bw6,Bw6,classified,N,SLRNLRG,Bw6,HLAtools_protein_alignment,IPD-IMGT/HLA 3.63.0,2026-02-19 18:49:27.959055
B*40:586,B*40:586,B,Bw6,Bw6,classified,N,SLRNVRG,Bw6,HLAtools_protein_alignment,IPD-IMGT/HLA 3.63.0,2026-02-19 18:49:27.959055
B*40:587,B*40:587,B,Bw6,Bw6,classified,N,SLRNLRG,Bw6,HLAtools_protein_alignment,IPD-IMGT/HLA 3.63.0,2026-02-19 18:49:27.959055
B*40:588,B*40:588,B,Bw6,Bw6,classified,N,SLRNLRG,Bw6,HLAtools_protein_alignment,IPD-IMGT/HLA 3.63.0,2026-02-19 18:49:27.959055
B*40:589,B*40:589,B,Bw6,Bw6,classified,N,SLRNLRG,Bw6,HLAtools_protein_alignment,IPD-IMGT/HLA 3.63.0,2026-02-19 18:49:27.959055
B*40:59,B*40:59,B,Bw6,Bw6,classified,N,SLRNLRG,Bw6,HLAtools_protein_alignment,IPD-IMGT/HLA 3.63.0,2026-02-19 18:49:27.959055
B*40:591,B*40:591,B,Bw6,Bw6,classified,N,SLRNLRG,Bw6,HLAtools_protein_alignment,IPD-IMGT/HLA 3.63.0,2026-02-19 18:49:27.959055
B*40:592,B*40:592,B,Bw6,Bw6,classified,N,SLRNLRG,Bw6,HLAtools_protein_alignment,IPD-IMGT/HLA 3.63.0,2026-02-19 18:49:27.959055
B*40:593,B*40:593,B,Bw6,Bw6,classified,N,SLRNLRG,Bw6,HLAtools_protein_alignment,IPD-IMGT/HLA 3.63.0,2026-02-19 18:49:27.959055
B*40:595,B*40:595,B,Bw6,Bw6,classified,N,SLRNLRG,Bw6,HLAtools_protein_alignment,IPD-IMGT/HLA 3.63.0,2026-02-19 18:49:27.959055
B*40:596,B*40:596,B,Bw6,Bw6,classified,N,SLRNLRG,Bw6,HLAtools_protein_alignment,IPD-IMGT/HLA 3.63.0,2026-02-19 18:49:27.959055
B*40:597,B*40:597,B,Bw6,Bw6,classified,N,SLRNLRG,Bw6,HLAtools_protein_alignment,IPD-IMGT/HLA 3.63.0,2026-02-19 18:49:27.959055
B*40:598,B*40:598,B,Bw6,Bw6,classified,N,SLRNLRG,Bw6,HLAtools_protein_alignment,IPD-IMGT/HLA 3.63.0,2026-02-19 18:49:27.959055
B*40:599,B*40:599,B,Bw6,Bw6,classified,N,SLRNLRG,Bw6,HLAtools_protein_alignment,IPD-IMGT/HLA 3.63.0,2026-02-19 18:49:27.959055
B*40:60,B*40:60,B,Bw6,Bw6,classified,N,SLRNLRG,Bw6,HLAtools_protein_alignment,IPD-IMGT/HLA 3.63.0,2026-02-19 18:49:27.959055
B*40:600Q,B*40:600Q,B,Bw6,Bw6,classified,N,SLRNLRG,NA,HLAtools_protein_alignment,IPD-IMGT/HLA 3.63.0,2026-02-19 18:49:27.959055
B*40:601,B*40:601,B,Bw6,Bw6,classified,N,SLRNLRG,Bw6,HLAtools_protein_alignment,IPD-IMGT/HLA 3.63.0,2026-02-19 18:49:27.959055
B*40:602,B*40:602,B,Bw6,Bw6,classified,N,SLRNLRG,Bw6,HLAtools_protein_alignment,IPD-IMGT/HLA 3.63.0,2026-02-19 18:49:27.959055
B*40:603,B*40:603,B,Bw6,Bw6,classified,N,SLRNLRG,Bw6,HLAtools_protein_alignment,IPD-IMGT/HLA 3.63.0,2026-02-19 18:49:27.959055
B*40:604,B*40:604,B,Bw6,Bw6,classified,N,SLRNLRG,Bw6,HLAtools_protein_alignment,IPD-IMGT/HLA 3.63.0,2026-02-19 18:49:27.959055
B*40:605,B*40:605,B,Bw6,Bw6,classified,N,SLRNLRG,Bw6,HLAtools_protein_alignment,IPD-IMGT/HLA 3.63.0,2026-02-19 18:49:27.959055
B*40:607,B*40:607,B,Bw6,Bw6,classified,N,SLRNLRG,Bw6,HLAtools_protein_alignment,IPD-IMGT/HLA 3.63.0,2026-02-19 18:49:27.959055
B*40:608,B*40:608,B,Bw6,Bw6,classified,N,SLRNLRG,Bw6,HLAtools_protein_alignment,IPD-IMGT/HLA 3.63.0,2026-02-19 18:49:27.959055
B*40:609,B*40:609,B,Bw6,Bw6,classified,N,SLRNLRG,Bw6,HLAtools_protein_alignment,IPD-IMGT/HLA 3.63.0,2026-02-19 18:49:27.959055
B*40:61,B*40:61,B,Bw6,Bw6,classified,N,SLRNLRG,Bw6,HLAtools_protein_alignment,IPD-IMGT/HLA 3.63.0,2026-02-19 18:49:27.959055
B*40:610,B*40:610,B,Bw6,Bw6,classified,N,DLRNLRG,NA,HLAtools_protein_alignment,IPD-IMGT/HLA 3.63.0,2026-02-19 18:49:27.959055
B*40:612,B*40:612,B,Bw6,Bw6,classified,N,SLRNLRG,Bw6,HLAtools_protein_alignment,IPD-IMGT/HLA 3.63.0,2026-02-19 18:49:27.959055
B*40:613,B*40:613,B,Bw6,Bw6,classified,N,SLRNLRG,Bw6,HLAtools_protein_alignment,IPD-IMGT/HLA 3.63.0,2026-02-19 18:49:27.959055
B*40:614,B*40:614,B,Bw6,Bw6,classified,N,SLRNLRG,Bw6,HLAtools_protein_alignment,IPD-IMGT/HLA 3.63.0,2026-02-19 18:49:27.959055
B*40:615,B*40:615,B,Bw6,Bw6,classified,N,SLRNLRG,Bw6,HLAtools_protein_alignment,IPD-IMGT/HLA 3.63.0,2026-02-19 18:49:27.959055
B*40:616,B*40:616,B,Bw6,Bw6,classified,N,SLRNLRG,Bw6,HLAtools_protein_alignment,IPD-IMGT/HLA 3.63.0,2026-02-19 18:49:27.959055
B*40:617,B*40:617,B,Bw6,Bw6,classified,N,SLRNLRG,Bw6,HLAtools_protein_alignment,IPD-IMGT/HLA 3.63.0,2026-02-19 18:49:27.959055
B*40:618,B*40:618,B,Bw6,Bw6,classified,N,SLRNLRG,Bw6,HLAtools_protein_alignment,IPD-IMGT/HLA 3.63.0,2026-02-19 18:49:27.959055
B*40:619,B*40:619,B,Bw6,Bw6,classified,N,SLRNLRG,Bw6,HLAtools_protein_alignment,IPD-IMGT/HLA 3.63.0,2026-02-19 18:49:27.959055
B*40:62,B*40:62,B,Bw6,Bw6,classified,N,SLRNLRG,Bw6,HLAtools_protein_alignment,IPD-IMGT/HLA 3.63.0,2026-02-19 18:49:27.959055
B*40:620,B*40:620,B,Bw6,Bw6,classified,N,SLRNLRG,Bw6,HLAtools_protein_alignment,IPD-IMGT/HLA 3.63.0,2026-02-19 18:49:27.959055
B*40:621,B*40:621,B,Bw6,Bw6,classified,N,SLRNLRG,Bw6,HLAtools_protein_alignment,IPD-IMGT/HLA 3.63.0,2026-02-19 18:49:27.959055
B*40:622,B*40:622,B,Bw6,Bw6,classified,N,SLRNLRG,Bw6,HLAtools_protein_alignment,IPD-IMGT/HLA 3.63.0,2026-02-19 18:49:27.959055
B*40:623,B*40:623,B,Bw6,Bw6,classified,N,SLRNLRG,Bw6,HLAtools_protein_alignment,IPD-IMGT/HLA 3.63.0,2026-02-19 18:49:27.959055
B*40:624,B*40:624,B,Bw6,Bw6,classified,N,SLRNLRG,Bw6,HLAtools_protein_alignment,IPD-IMGT/HLA 3.63.0,2026-02-19 18:49:27.959055
B*40:625,B*40:625,B,Bw6,Bw6,classified,N,SLRNLRG,Bw6,HLAtools_protein_alignment,IPD-IMGT/HLA 3.63.0,2026-02-19 18:49:27.959055
B*40:626,B*40:626,B,Bw6,Bw6,classified,N,SLRNLRG,Bw6,HLAtools_protein_alignment,IPD-IMGT/HLA 3.63.0,2026-02-19 18:49:27.959055
B*40:63,B*40:63,B,Bw6,Bw6,classified,N,SLRNLRG,Bw6,HLAtools_protein_alignment,IPD-IMGT/HLA 3.63.0,2026-02-19 18:49:27.959055
B*40:64,B*40:64,B,Bw6,Bw6,classified,N,SLRNLRG,Bw6,HLAtools_protein_alignment,IPD-IMGT/HLA 3.63.0,2026-02-19 18:49:27.959055
B*40:65,B*40:65,B,Bw6,Bw6,classified,N,SLRNLRG,Bw6,HLAtools_protein_alignment,IPD-IMGT/HLA 3.63.0,2026-02-19 18:49:27.959055
B*40:66,B*40:66,B,Bw6,Bw6,classified,N,SLRNLRG,Bw6,HLAtools_protein_alignment,IPD-IMGT/HLA 3.63.0,2026-02-19 18:49:27.959055
B*40:67,B*40:67,B,Bw6,Bw6,classified,N,SLRNLRG,Bw6,HLAtools_protein_alignment,IPD-IMGT/HLA 3.63.0,2026-02-19 18:49:27.959055
B*40:68,B*40:68,B,Bw6,Bw6,classified,N,SLRNLRG,Bw6,HLAtools_protein_alignment,IPD-IMGT/HLA 3.63.0,2026-02-19 18:49:27.959055
B*40:69,B*40:69,B,Bw6,Bw6,classified,N,SLRNLRG,Bw6,HLAtools_protein_alignment,IPD-IMGT/HLA 3.63.0,2026-02-19 18:49:27.959055
B*40:70,B*40:70,B,Bw6,Bw6,classified,N,SLRNLRG,Bw6,HLAtools_protein_alignment,IPD-IMGT/HLA 3.63.0,2026-02-19 18:49:27.959055
B*40:71,B*40:71,B,Bw6,Bw6,classified,N,SLRNLRG,Bw6,HLAtools_protein_alignment,IPD-IMGT/HLA 3.63.0,2026-02-19 18:49:27.959055
B*40:72,B*40:72,B,Bw6,Bw6,classified,N,SLRNLRG,Bw6,HLAtools_protein_alignment,IPD-IMGT/HLA 3.63.0,2026-02-19 18:49:27.959055
B*40:73,B*40:73,B,Bw6,Bw6,classified,N,SLRNLRG,Bw6,HLAtools_protein_alignment,IPD-IMGT/HLA 3.63.0,2026-02-19 18:49:27.959055
B*40:74,B*40:74,B,Bw6,Bw6,classified,N,SLRNLRG,Bw6,HLAtools_protein_alignment,IPD-IMGT/HLA 3.63.0,2026-02-19 18:49:27.959055
B*40:75,B*40:75,B,Bw6,Bw6,classified,N,SLRNLRG,Bw6,HLAtools_protein_alignment,IPD-IMGT/HLA 3.63.0,2026-02-19 18:49:27.959055
B*40:76,B*40:76,B,Bw6,Bw6,classified,K,SLRKLRG,NA,HLAtools_protein_alignment,IPD-IMGT/HLA 3.63.0,2026-02-19 18:49:27.959055
B*40:77,B*40:77,B,Bw6,Bw6,classified,N,SLRNLRG,Bw6,HLAtools_protein_alignment,IPD-IMGT/HLA 3.63.0,2026-02-19 18:49:27.959055
B*40:78,B*40:78,B,Bw6,Bw6,classified,N,SLRNLRG,Bw6,HLAtools_protein_alignment,IPD-IMGT/HLA 3.63.0,2026-02-19 18:49:27.959055
B*40:79,B*40:79,B,Bw6,Bw6,classified,N,SLRNLRG,Bw6,HLAtools_protein_alignment,IPD-IMGT/HLA 3.63.0,2026-02-19 18:49:27.959055
B*40:80,B*40:80,B,Bw6,Bw6,classified,N,SLRNLRG,Bw6,HLAtools_protein_alignment,IPD-IMGT/HLA 3.63.0,2026-02-19 18:49:27.959055
B*40:81,B*40:81,B,Bw6,Bw6,classified,N,SLRNLRG,Bw6,HLAtools_protein_alignment,IPD-IMGT/HLA 3.63.0,2026-02-19 18:49:27.959055
B*40:82,B*40:82,B,Bw6,Bw6,classified,N,SLRNLRG,Bw6,HLAtools_protein_alignment,IPD-IMGT/HLA 3.63.0,2026-02-19 18:49:27.959055
B*40:83,B*40:83,B,Bw6,Bw6,classified,N,SLRNLRG,Bw6,HLAtools_protein_alignment,IPD-IMGT/HLA 3.63.0,2026-02-19 18:49:27.959055
B*40:84,B*40:84,B,Bw6,Bw6,classified,N,SLRNLRG,Bw6,HLAtools_protein_alignment,IPD-IMGT/HLA 3.63.0,2026-02-19 18:49:27.959055
B*40:85,B*40:85,B,Bw6,Bw6,classified,N,SLRNLRG,Bw6,HLAtools_protein_alignment,IPD-IMGT/HLA 3.63.0,2026-02-19 18:49:27.959055
B*40:86,B*40:86,B,Bw6,Bw6,classified,N,SLRNLRG,Bw6,HLAtools_protein_alignment,IPD-IMGT/HLA 3.63.0,2026-02-19 18:49:27.959055
B*40:87,B*40:87,B,Bw6,Bw6,classified,N,SLRNLRG,Bw6,HLAtools_protein_alignment,IPD-IMGT/HLA 3.63.0,2026-02-19 18:49:27.959055
B*40:88,B*40:88,B,Bw6,Bw6,classified,N,SLRNLRG,Bw6,HLAtools_protein_alignment,IPD-IMGT/HLA 3.63.0,2026-02-19 18:49:27.959055
B*40:89,B*40:89,B,Bw6,Bw6,classified,N,SLRNLRG,Bw6,HLAtools_protein_alignment,IPD-IMGT/HLA 3.63.0,2026-02-19 18:49:27.959055
B*40:90,B*40:90,B,Bw6,Bw6,classified,N,SLRNLRG,Bw6,HLAtools_protein_alignment,IPD-IMGT/HLA 3.63.0,2026-02-19 18:49:27.959055
B*40:91,B*40:91,B,Bw6,Bw6,classified,N,SLRNLRG,Bw6,HLAtools_protein_alignment,IPD-IMGT/HLA 3.63.0,2026-02-19 18:49:27.959055
B*40:92,B*40:92,B,Bw6,Bw6,classified,N,SLRNLRG,Bw6,HLAtools_protein_alignment,IPD-IMGT/HLA 3.63.0,2026-02-19 18:49:27.959055
B*40:93,B*40:93,B,Bw6,Bw6,classified,N,SLRNLRG,Bw6,HLAtools_protein_alignment,IPD-IMGT/HLA 3.63.0,2026-02-19 18:49:27.959055
B*40:94,B*40:94,B,Bw6,Bw6,classified,N,SLRNLRG,Bw6,HLAtools_protein_alignment,IPD-IMGT/HLA 3.63.0,2026-02-19 18:49:27.959055
B*40:95,B*40:95,B,Bw6,Bw6,classified,N,SLRNLRG,Bw6,HLAtools_protein_alignment,IPD-IMGT/HLA 3.63.0,2026-02-19 18:49:27.959055
B*40:96,B*40:96,B,Bw4 - 80T,Bw4_80T,classified,T,NLRTALR,Bw4 - 80T,HLAtools_protein_alignment,IPD-IMGT/HLA 3.63.0,2026-02-19 18:49:27.959055
B*40:97,B*40:97,B,Bw6,Bw6,classified,N,SLRNLRG,Bw6,HLAtools_protein_alignment,IPD-IMGT/HLA 3.63.0,2026-02-19 18:49:27.959055
B*40:98,B*40:98,B,Bw6,Bw6,classified,N,SLRNLRG,Bw6,HLAtools_protein_alignment,IPD-IMGT/HLA 3.63.0,2026-02-19 18:49:27.959055
B*40:99,B*40:99,B,Bw6,Bw6,classified,N,SLRNLRG,Bw6,HLAtools_protein_alignment,IPD-IMGT/HLA 3.63.0,2026-02-19 18:49:27.959055
B*41:01,B*41:01,B,Bw6,Bw6,classified,N,SLRNLRG,Bw6,HLAtools_protein_alignment,IPD-IMGT/HLA 3.63.0,2026-02-19 18:49:27.959055
B*41:02,B*41:02,B,Bw6,Bw6,classified,N,SLRNLRG,Bw6,HLAtools_protein_alignment,IPD-IMGT/HLA 3.63.0,2026-02-19 18:49:27.959055
B*41:03,B*41:03,B,Bw6,Bw6,classified,N,SLRNLRG,Bw6,HLAtools_protein_alignment,IPD-IMGT/HLA 3.63.0,2026-02-19 18:49:27.959055
B*41:04,B*41:04,B,Bw6,Bw6,classified,N,SLRNLRG,Bw6,HLAtools_protein_alignment,IPD-IMGT/HLA 3.63.0,2026-02-19 18:49:27.959055
B*41:05,B*41:05,B,Bw6,Bw6,classified,K,SLRKLRG,NA,HLAtools_protein_alignment,IPD-IMGT/HLA 3.63.0,2026-02-19 18:49:27.959055
B*41:06,B*41:06,B,Bw6,Bw6,classified,N,SLRNLRG,Bw6,HLAtools_protein_alignment,IPD-IMGT/HLA 3.63.0,2026-02-19 18:49:27.959055
B*41:07,B*41:07,B,Bw6,Bw6,classified,N,SLRNLRG,Bw6,HLAtools_protein_alignment,IPD-IMGT/HLA 3.63.0,2026-02-19 18:49:27.959055
B*41:08,B*41:08,B,Bw6,Bw6,classified,N,SLRNLRG,Bw6,HLAtools_protein_alignment,IPD-IMGT/HLA 3.63.0,2026-02-19 18:49:27.959055
B*41:09,B*41:09,B,Bw6,Bw6,classified,N,SLRNLRG,Bw6,HLAtools_protein_alignment,IPD-IMGT/HLA 3.63.0,2026-02-19 18:49:27.959055
B*41:10,B*41:10,B,Bw6,Bw6,classified,N,SLRNLRG,Bw6,HLAtools_protein_alignment,IPD-IMGT/HLA 3.63.0,2026-02-19 18:49:27.959055
B*41:11,B*41:11,B,Bw6,Bw6,classified,N,SLRNLRG,Bw6,HLAtools_protein_alignment,IPD-IMGT/HLA 3.63.0,2026-02-19 18:49:27.959055
B*41:12,B*41:12,B,Bw6,Bw6,classified,N,SLRNLRG,Bw6,HLAtools_protein_alignment,IPD-IMGT/HLA 3.63.0,2026-02-19 18:49:27.959055
B*41:13,B*41:13,B,Bw6,Bw6,classified,N,SLRNLRG,Bw6,HLAtools_protein_alignment,IPD-IMGT/HLA 3.63.0,2026-02-19 18:49:27.959055
B*41:14,B*41:14,B,Bw6,Bw6,classified,N,SLRNLRG,Bw6,HLAtools_protein_alignment,IPD-IMGT/HLA 3.63.0,2026-02-19 18:49:27.959055
B*41:15,B*41:15,B,Bw6,Bw6,classified,N,SLRNLRG,Bw6,HLAtools_protein_alignment,IPD-IMGT/HLA 3.63.0,2026-02-19 18:49:27.959055
B*41:16,B*41:16,B,Bw6,Bw6,classified,N,SLRNLRG,Bw6,HLAtools_protein_alignment,IPD-IMGT/HLA 3.63.0,2026-02-19 18:49:27.959055
B*41:17,B*41:17,B,Bw6,Bw6,classified,N,SLRNLRG,Bw6,HLAtools_protein_alignment,IPD-IMGT/HLA 3.63.0,2026-02-19 18:49:27.959055
B*41:18,B*41:18,B,Bw6,Bw6,classified,N,SLRNLRG,Bw6,HLAtools_protein_alignment,IPD-IMGT/HLA 3.63.0,2026-02-19 18:49:27.959055
B*41:19,B*41:19,B,Bw6,Bw6,classified,N,SLRNLRG,Bw6,HLAtools_protein_alignment,IPD-IMGT/HLA 3.63.0,2026-02-19 18:49:27.959055
B*41:20,B*41:20,B,Bw6,Bw6,classified,N,SLRNLRG,Bw6,HLAtools_protein_alignment,IPD-IMGT/HLA 3.63.0,2026-02-19 18:49:27.959055
B*41:21,B*41:21,B,Bw6,Bw6,classified,N,SLRNLRG,Bw6,HLAtools_protein_alignment,IPD-IMGT/HLA 3.63.0,2026-02-19 18:49:27.959055
B*41:22,B*41:22,B,Bw6,Bw6,classified,N,SLRNLRG,Bw6,HLAtools_protein_alignment,IPD-IMGT/HLA 3.63.0,2026-02-19 18:49:27.959055
B*41:23,B*41:23,B,Bw6,Bw6,classified,N,SLRNLRG,Bw6,HLAtools_protein_alignment,IPD-IMGT/HLA 3.63.0,2026-02-19 18:49:27.959055
B*41:24,B*41:24,B,Bw6,Bw6,classified,N,SLRNLRG,Bw6,HLAtools_protein_alignment,IPD-IMGT/HLA 3.63.0,2026-02-19 18:49:27.959055
B*41:25,B*41:25,B,Bw6,Bw6,classified,N,SLRNLRG,Bw6,HLAtools_protein_alignment,IPD-IMGT/HLA 3.63.0,2026-02-19 18:49:27.959055
B*41:26,B*41:26,B,Bw6,Bw6,classified,N,SLRNQRG,Bw6,HLAtools_protein_alignment,IPD-IMGT/HLA 3.63.0,2026-02-19 18:49:27.959055
B*41:27,B*41:27,B,Bw6,Bw6,classified,N,SLRNLRG,Bw6,HLAtools_protein_alignment,IPD-IMGT/HLA 3.63.0,2026-02-19 18:49:27.959055
B*41:28,B*41:28,B,Bw6,Bw6,classified,N,SLRNLRG,Bw6,HLAtools_protein_alignment,IPD-IMGT/HLA 3.63.0,2026-02-19 18:49:27.959055
B*41:29,B*41:29,B,Bw6,Bw6,classified,N,SLRNLRG,Bw6,HLAtools_protein_alignment,IPD-IMGT/HLA 3.63.0,2026-02-19 18:49:27.959055
B*41:30,B*41:30,B,Bw6,Bw6,classified,N,SLRNLRG,Bw6,HLAtools_protein_alignment,IPD-IMGT/HLA 3.63.0,2026-02-19 18:49:27.959055
B*41:31,B*41:31,B,Bw6,Bw6,classified,N,SLRNLRG,Bw6,HLAtools_protein_alignment,IPD-IMGT/HLA 3.63.0,2026-02-19 18:49:27.959055
B*41:32,B*41:32,B,Bw6,Bw6,classified,N,SLRNLRG,Bw6,HLAtools_protein_alignment,IPD-IMGT/HLA 3.63.0,2026-02-19 18:49:27.959055
B*41:33,B*41:33,B,Bw6,Bw6,classified,N,SLRNLRG,Bw6,HLAtools_protein_alignment,IPD-IMGT/HLA 3.63.0,2026-02-19 18:49:27.959055
B*41:34,B*41:34,B,Bw6,Bw6,classified,N,SLRNLRG,Bw6,HLAtools_protein_alignment,IPD-IMGT/HLA 3.63.0,2026-02-19 18:49:27.959055
B*41:35,B*41:35,B,Bw6,Bw6,classified,N,SLRNLRG,Bw6,HLAtools_protein_alignment,IPD-IMGT/HLA 3.63.0,2026-02-19 18:49:27.959055
B*41:36,B*41:36,B,Bw6,Bw6,classified,N,SLRNLRG,Bw6,HLAtools_protein_alignment,IPD-IMGT/HLA 3.63.0,2026-02-19 18:49:27.959055
B*41:37,B*41:37,B,Bw6,Bw6,classified,N,SLRNLRG,Bw6,HLAtools_protein_alignment,IPD-IMGT/HLA 3.63.0,2026-02-19 18:49:27.959055
B*41:38,B*41:38,B,Bw6,Bw6,classified,N,SLRNLRG,Bw6,HLAtools_protein_alignment,IPD-IMGT/HLA 3.63.0,2026-02-19 18:49:27.959055
B*41:39,B*41:39,B,Bw6,Bw6,classified,N,SLRNLRG,Bw6,HLAtools_protein_alignment,IPD-IMGT/HLA 3.63.0,2026-02-19 18:49:27.959055
B*41:40,B*41:40,B,Bw6,Bw6,classified,N,SLRNLRG,Bw6,HLAtools_protein_alignment,IPD-IMGT/HLA 3.63.0,2026-02-19 18:49:27.959055
B*41:41,B*41:41,B,Bw6,Bw6,classified,N,SLRNLRG,Bw6,HLAtools_protein_alignment,IPD-IMGT/HLA 3.63.0,2026-02-19 18:49:27.959055
B*41:42,B*41:42,B,Bw6,Bw6,classified,N,SLRNLRG,Bw6,HLAtools_protein_alignment,IPD-IMGT/HLA 3.63.0,2026-02-19 18:49:27.959055
B*41:43,B*41:43,B,Bw6,Bw6,classified,N,SLRNLRG,Bw6,HLAtools_protein_alignment,IPD-IMGT/HLA 3.63.0,2026-02-19 18:49:27.959055
B*41:44,B*41:44,B,Bw6,Bw6,classified,N,SLRNLRG,Bw6,HLAtools_protein_alignment,IPD-IMGT/HLA 3.63.0,2026-02-19 18:49:27.959055
B*41:46,B*41:46,B,Bw4 - 80I,Bw4_80I,classified,I,NLRIALR,Bw4 - 80I,HLAtools_protein_alignment,IPD-IMGT/HLA 3.63.0,2026-02-19 18:49:27.959055
B*41:47,B*41:47,B,Bw6,Bw6,classified,N,SLRNLRG,Bw6,HLAtools_protein_alignment,IPD-IMGT/HLA 3.63.0,2026-02-19 18:49:27.959055
B*41:48,B*41:48,B,Bw6,Bw6,classified,N,SLRNLRG,Bw6,HLAtools_protein_alignment,IPD-IMGT/HLA 3.63.0,2026-02-19 18:49:27.959055
B*41:49,B*41:49,B,Bw6,Bw6,classified,N,SLRNLRG,Bw6,HLAtools_protein_alignment,IPD-IMGT/HLA 3.63.0,2026-02-19 18:49:27.959055
B*41:50,B*41:50,B,Bw6,Bw6,classified,N,SLRNLRG,Bw6,HLAtools_protein_alignment,IPD-IMGT/HLA 3.63.0,2026-02-19 18:49:27.959055
B*41:51,B*41:51,B,Bw6,Bw6,classified,N,SLRNLRG,Bw6,HLAtools_protein_alignment,IPD-IMGT/HLA 3.63.0,2026-02-19 18:49:27.959055
B*41:52,B*41:52,B,Bw6,Bw6,classified,N,SLRNLRG,Bw6,HLAtools_protein_alignment,IPD-IMGT/HLA 3.63.0,2026-02-19 18:49:27.959055
B*41:53,B*41:53,B,Bw6,Bw6,classified,N,SLRNLRG,Bw6,HLAtools_protein_alignment,IPD-IMGT/HLA 3.63.0,2026-02-19 18:49:27.959055
B*41:54,B*41:54,B,Bw6,Bw6,classified,N,SLRNLRG,Bw6,HLAtools_protein_alignment,IPD-IMGT/HLA 3.63.0,2026-02-19 18:49:27.959055
B*41:55,B*41:55,B,Bw6,Bw6,classified,N,SLRNLRG,Bw6,HLAtools_protein_alignment,IPD-IMGT/HLA 3.63.0,2026-02-19 18:49:27.959055
B*41:56Q,B*41:56Q,B,Bw6,Bw6,classified,N,SLRNLRG,NA,HLAtools_protein_alignment,IPD-IMGT/HLA 3.63.0,2026-02-19 18:49:27.959055
B*41:57,B*41:57,B,Bw6,Bw6,classified,N,SLRNLRG,Bw6,HLAtools_protein_alignment,IPD-IMGT/HLA 3.63.0,2026-02-19 18:49:27.959055
B*41:58,B*41:58,B,Bw6,Bw6,classified,N,SLRNLRG,Bw6,HLAtools_protein_alignment,IPD-IMGT/HLA 3.63.0,2026-02-19 18:49:27.959055
B*41:59,B*41:59,B,Bw6,Bw6,classified,N,SLRNLRG,Bw6,HLAtools_protein_alignment,IPD-IMGT/HLA 3.63.0,2026-02-19 18:49:27.959055
B*41:60,B*41:60,B,Bw4 - 80I,Bw4_80I,classified,I,NLRIALR,Bw4 - 80I,HLAtools_protein_alignment,IPD-IMGT/HLA 3.63.0,2026-02-19 18:49:27.959055
B*41:61,B*41:61,B,Bw6,Bw6,classified,N,SLRNLRG,Bw6,HLAtools_protein_alignment,IPD-IMGT/HLA 3.63.0,2026-02-19 18:49:27.959055
B*41:62,B*41:62,B,Bw6,Bw6,classified,N,SLRNLRG,Bw6,HLAtools_protein_alignment,IPD-IMGT/HLA 3.63.0,2026-02-19 18:49:27.959055
B*41:63,B*41:63,B,Bw6,Bw6,classified,N,SLRNLRG,Bw6,HLAtools_protein_alignment,IPD-IMGT/HLA 3.63.0,2026-02-19 18:49:27.959055
B*41:64,B*41:64,B,Bw6,Bw6,classified,N,SLRNLRG,Bw6,HLAtools_protein_alignment,IPD-IMGT/HLA 3.63.0,2026-02-19 18:49:27.959055
B*41:65,B*41:65,B,Bw6,Bw6,classified,N,SLRNLRG,Bw6,HLAtools_protein_alignment,IPD-IMGT/HLA 3.63.0,2026-02-19 18:49:27.959055
B*41:66,B*41:66,B,Bw6,Bw6,classified,N,SLRNLRG,Bw6,HLAtools_protein_alignment,IPD-IMGT/HLA 3.63.0,2026-02-19 18:49:27.959055
B*41:67,B*41:67,B,Bw6,Bw6,classified,N,SLRNLRG,Bw6,HLAtools_protein_alignment,IPD-IMGT/HLA 3.63.0,2026-02-19 18:49:27.959055
B*41:68,B*41:68,B,Bw6,Bw6,classified,N,SLRNLRG,Bw6,HLAtools_protein_alignment,IPD-IMGT/HLA 3.63.0,2026-02-19 18:49:27.959055
B*41:69,B*41:69,B,Bw6,Bw6,classified,N,SLRNLRG,Bw6,HLAtools_protein_alignment,IPD-IMGT/HLA 3.63.0,2026-02-19 18:49:27.959055
B*41:70,B*41:70,B,Bw6,Bw6,classified,N,SLRNLRG,Bw6,HLAtools_protein_alignment,IPD-IMGT/HLA 3.63.0,2026-02-19 18:49:27.959055
B*41:71,B*41:71,B,Bw6,Bw6,classified,N,SLRNLRG,Bw6,HLAtools_protein_alignment,IPD-IMGT/HLA 3.63.0,2026-02-19 18:49:27.959055
B*41:72,B*41:72,B,Bw6,Bw6,classified,N,SLRNLRG,Bw6,HLAtools_protein_alignment,IPD-IMGT/HLA 3.63.0,2026-02-19 18:49:27.959055
B*41:73,B*41:73,B,Bw6,Bw6,classified,N,SLRNLRG,Bw6,HLAtools_protein_alignment,IPD-IMGT/HLA 3.63.0,2026-02-19 18:49:27.959055
B*41:74,B*41:74,B,Bw6,Bw6,classified,N,SLRNLRG,Bw6,HLAtools_protein_alignment,IPD-IMGT/HLA 3.63.0,2026-02-19 18:49:27.959055
B*41:75,B*41:75,B,Bw6,Bw6,classified,N,SLRNLRG,Bw6,HLAtools_protein_alignment,IPD-IMGT/HLA 3.63.0,2026-02-19 18:49:27.959055
B*41:76,B*41:76,B,Bw6,Bw6,classified,N,SLRNLRG,Bw6,HLAtools_protein_alignment,IPD-IMGT/HLA 3.63.0,2026-02-19 18:49:27.959055
B*41:77,B*41:77,B,Bw6,Bw6,classified,N,SLRNLRG,Bw6,HLAtools_protein_alignment,IPD-IMGT/HLA 3.63.0,2026-02-19 18:49:27.959055
B*41:78,B*41:78,B,Bw6,Bw6,classified,N,SLRNLRG,Bw6,HLAtools_protein_alignment,IPD-IMGT/HLA 3.63.0,2026-02-19 18:49:27.959055
B*41:79,B*41:79,B,Bw6,Bw6,classified,N,SLRNLRG,Bw6,HLAtools_protein_alignment,IPD-IMGT/HLA 3.63.0,2026-02-19 18:49:27.959055
B*41:80,B*41:80,B,Bw6,Bw6,classified,N,SLRNLRG,Bw6,HLAtools_protein_alignment,IPD-IMGT/HLA 3.63.0,2026-02-19 18:49:27.959055
B*41:81,B*41:81,B,Bw6,Bw6,classified,N,SLRNLRG,Bw6,HLAtools_protein_alignment,IPD-IMGT/HLA 3.63.0,2026-02-19 18:49:27.959055
B*41:82,B*41:82,B,Bw6,Bw6,classified,N,SLRNLRG,Bw6,HLAtools_protein_alignment,IPD-IMGT/HLA 3.63.0,2026-02-19 18:49:27.959055
B*41:83,B*41:83,B,Bw6,Bw6,classified,N,SLRNLRG,Bw6,HLAtools_protein_alignment,IPD-IMGT/HLA 3.63.0,2026-02-19 18:49:27.959055
B*41:84,B*41:84,B,Bw6,Bw6,classified,N,SLRNLRG,Bw6,HLAtools_protein_alignment,IPD-IMGT/HLA 3.63.0,2026-02-19 18:49:27.959055
B*41:85,B*41:85,B,Bw6,Bw6,classified,N,SLRNLRG,Bw6,HLAtools_protein_alignment,IPD-IMGT/HLA 3.63.0,2026-02-19 18:49:27.959055
B*41:86,B*41:86,B,Bw6,Bw6,classified,N,SLRNLRG,Bw6,HLAtools_protein_alignment,IPD-IMGT/HLA 3.63.0,2026-02-19 18:49:27.959055
B*41:87,B*41:87,B,Bw6,Bw6,classified,N,SLRNLRG,Bw6,HLAtools_protein_alignment,IPD-IMGT/HLA 3.63.0,2026-02-19 18:49:27.959055
B*41:88,B*41:88,B,Bw6,Bw6,classified,N,SLRNLRG,Bw6,HLAtools_protein_alignment,IPD-IMGT/HLA 3.63.0,2026-02-19 18:49:27.959055
B*41:89,B*41:89,B,Bw6,Bw6,classified,N,SLRNLRG,Bw6,HLAtools_protein_alignment,IPD-IMGT/HLA 3.63.0,2026-02-19 18:49:27.959055
B*41:90,B*41:90,B,Bw6,Bw6,classified,N,SLRNLRG,Bw6,HLAtools_protein_alignment,IPD-IMGT/HLA 3.63.0,2026-02-19 18:49:27.959055
B*41:91,B*41:91,B,Bw6,Bw6,classified,N,SLRNLRG,Bw6,HLAtools_protein_alignment,IPD-IMGT/HLA 3.63.0,2026-02-19 18:49:27.959055
B*41:92,B*41:92,B,Bw6,Bw6,classified,N,SLRNLRG,Bw6,HLAtools_protein_alignment,IPD-IMGT/HLA 3.63.0,2026-02-19 18:49:27.959055
B*41:93,B*41:93,B,Bw6,Bw6,classified,N,SLRNLRG,Bw6,HLAtools_protein_alignment,IPD-IMGT/HLA 3.63.0,2026-02-19 18:49:27.959055
B*41:94,B*41:94,B,Bw6,Bw6,classified,N,SLRNLRG,Bw6,HLAtools_protein_alignment,IPD-IMGT/HLA 3.63.0,2026-02-19 18:49:27.959055
B*41:95,B*41:95,B,Bw6,Bw6,classified,N,SLRNLRG,Bw6,HLAtools_protein_alignment,IPD-IMGT/HLA 3.63.0,2026-02-19 18:49:27.959055
B*41:96,B*41:96,B,Bw6,Bw6,classified,N,SLRNLRG,Bw6,HLAtools_protein_alignment,IPD-IMGT/HLA 3.63.0,2026-02-19 18:49:27.959055
B*41:97,B*41:97,B,Bw6,Bw6,classified,N,SLRNLRG,Bw6,HLAtools_protein_alignment,IPD-IMGT/HLA 3.63.0,2026-02-19 18:49:27.959055
B*42:01,B*42:01,B,Bw6,Bw6,classified,N,SLRNLRG,Bw6,HLAtools_protein_alignment,IPD-IMGT/HLA 3.63.0,2026-02-19 18:49:27.959055
B*42:02,B*42:02,B,Bw6,Bw6,classified,N,SLRNLRG,Bw6,HLAtools_protein_alignment,IPD-IMGT/HLA 3.63.0,2026-02-19 18:49:27.959055
B*42:04,B*42:04,B,Bw6,Bw6,classified,N,SLRNLRG,Bw6,HLAtools_protein_alignment,IPD-IMGT/HLA 3.63.0,2026-02-19 18:49:27.959055
B*42:05,B*42:05,B,Bw6,Bw6,classified,N,SLRNLRG,Bw6,HLAtools_protein_alignment,IPD-IMGT/HLA 3.63.0,2026-02-19 18:49:27.959055
B*42:06,B*42:06,B,Bw6,Bw6,classified,N,SLRNLRG,Bw6,HLAtools_protein_alignment,IPD-IMGT/HLA 3.63.0,2026-02-19 18:49:27.959055
B*42:07,B*42:07,B,Bw6,Bw6,classified,N,SLRNLRG,Bw6,HLAtools_protein_alignment,IPD-IMGT/HLA 3.63.0,2026-02-19 18:49:27.959055
B*42:08,B*42:08,B,Bw6,Bw6,classified,N,SLRNLRG,Bw6,HLAtools_protein_alignment,IPD-IMGT/HLA 3.63.0,2026-02-19 18:49:27.959055
B*42:09,B*42:09,B,Bw6,Bw6,classified,N,SLRNLRG,Bw6,HLAtools_protein_alignment,IPD-IMGT/HLA 3.63.0,2026-02-19 18:49:27.959055
B*42:10,B*42:10,B,Bw6,Bw6,classified,N,SLRNLRG,Bw6,HLAtools_protein_alignment,IPD-IMGT/HLA 3.63.0,2026-02-19 18:49:27.959055
B*42:11,B*42:11,B,Bw6,Bw6,classified,N,SLRNLRG,Bw6,HLAtools_protein_alignment,IPD-IMGT/HLA 3.63.0,2026-02-19 18:49:27.959055
B*42:12,B*42:12,B,Bw6,Bw6,classified,N,SLRNLRG,Bw6,HLAtools_protein_alignment,IPD-IMGT/HLA 3.63.0,2026-02-19 18:49:27.959055
B*42:13,B*42:13,B,Bw6,Bw6,classified,N,SLRNLRG,Bw6,HLAtools_protein_alignment,IPD-IMGT/HLA 3.63.0,2026-02-19 18:49:27.959055
B*42:14,B*42:14,B,Bw6,Bw6,classified,N,SLRNLRG,Bw6,HLAtools_protein_alignment,IPD-IMGT/HLA 3.63.0,2026-02-19 18:49:27.959055
B*42:15,B*42:15,B,Bw6,Bw6,classified,N,NLRNLRG,NA,HLAtools_protein_alignment,IPD-IMGT/HLA 3.63.0,2026-02-19 18:49:27.959055
B*42:16,B*42:16,B,Bw6,Bw6,classified,N,SLRNLRG,Bw6,HLAtools_protein_alignment,IPD-IMGT/HLA 3.63.0,2026-02-19 18:49:27.959055
B*42:17,B*42:17,B,Bw6,Bw6,classified,N,SLRNLRG,Bw6,HLAtools_protein_alignment,IPD-IMGT/HLA 3.63.0,2026-02-19 18:49:27.959055
B*42:18,B*42:18,B,Bw6,Bw6,classified,N,SLRNLRG,Bw6,HLAtools_protein_alignment,IPD-IMGT/HLA 3.63.0,2026-02-19 18:49:27.959055
B*42:19,B*42:19,B,Bw6,Bw6,classified,N,SLRNLRG,Bw6,HLAtools_protein_alignment,IPD-IMGT/HLA 3.63.0,2026-02-19 18:49:27.959055
B*42:20,B*42:20,B,Bw6,Bw6,classified,N,SLRNLRG,Bw6,HLAtools_protein_alignment,IPD-IMGT/HLA 3.63.0,2026-02-19 18:49:27.959055
B*42:21,B*42:21,B,Bw6,Bw6,classified,N,SLRNLRG,Bw6,HLAtools_protein_alignment,IPD-IMGT/HLA 3.63.0,2026-02-19 18:49:27.959055
B*42:22,B*42:22,B,Bw6,Bw6,classified,K,SLRKLRG,NA,HLAtools_protein_alignment,IPD-IMGT/HLA 3.63.0,2026-02-19 18:49:27.959055
B*42:23,B*42:23,B,Bw6,Bw6,classified,N,SLRNLRG,Bw6,HLAtools_protein_alignment,IPD-IMGT/HLA 3.63.0,2026-02-19 18:49:27.959055
B*42:24,B*42:24,B,Bw6,Bw6,classified,N,SLRNLRG,Bw6,HLAtools_protein_alignment,IPD-IMGT/HLA 3.63.0,2026-02-19 18:49:27.959055
B*42:25,B*42:25,B,Bw6,Bw6,classified,N,SLRNLRG,Bw6,HLAtools_protein_alignment,IPD-IMGT/HLA 3.63.0,2026-02-19 18:49:27.959055
B*42:26,B*42:26,B,Bw6,Bw6,classified,N,SLRNLRG,Bw6,HLAtools_protein_alignment,IPD-IMGT/HLA 3.63.0,2026-02-19 18:49:27.959055
B*42:27,B*42:27,B,Bw6,Bw6,classified,N,SLRNLRG,Bw6,HLAtools_protein_alignment,IPD-IMGT/HLA 3.63.0,2026-02-19 18:49:27.959055
B*42:28,B*42:28,B,Bw6,Bw6,classified,N,SLRNLRG,Bw6,HLAtools_protein_alignment,IPD-IMGT/HLA 3.63.0,2026-02-19 18:49:27.959055
B*42:29,B*42:29,B,Bw6,Bw6,classified,N,SLRNLRG,Bw6,HLAtools_protein_alignment,IPD-IMGT/HLA 3.63.0,2026-02-19 18:49:27.959055
B*42:30,B*42:30,B,Bw6,Bw6,classified,N,SLRNLRG,Bw6,HLAtools_protein_alignment,IPD-IMGT/HLA 3.63.0,2026-02-19 18:49:27.959055
B*42:31,B*42:31,B,Bw6,Bw6,classified,N,SLRNLRG,Bw6,HLAtools_protein_alignment,IPD-IMGT/HLA 3.63.0,2026-02-19 18:49:27.959055
B*42:32,B*42:32,B,Bw6,Bw6,classified,N,SLRNLRG,Bw6,HLAtools_protein_alignment,IPD-IMGT/HLA 3.63.0,2026-02-19 18:49:27.959055
B*42:33,B*42:33,B,Bw6,Bw6,classified,N,SLRNLRG,Bw6,HLAtools_protein_alignment,IPD-IMGT/HLA 3.63.0,2026-02-19 18:49:27.959055
B*42:34,B*42:34,B,Bw6,Bw6,classified,N,SLRNLRG,Bw6,HLAtools_protein_alignment,IPD-IMGT/HLA 3.63.0,2026-02-19 18:49:27.959055
B*42:35,B*42:35,B,Bw6,Bw6,classified,N,SLRNLRG,Bw6,HLAtools_protein_alignment,IPD-IMGT/HLA 3.63.0,2026-02-19 18:49:27.959055
B*42:36,B*42:36,B,Bw6,Bw6,classified,N,SLRNLRG,Bw6,HLAtools_protein_alignment,IPD-IMGT/HLA 3.63.0,2026-02-19 18:49:27.959055
B*42:37,B*42:37,B,Bw6,Bw6,classified,N,SLRNLRG,Bw6,HLAtools_protein_alignment,IPD-IMGT/HLA 3.63.0,2026-02-19 18:49:27.959055
B*42:38,B*42:38,B,Bw6,Bw6,classified,N,SLRNLRG,Bw6,HLAtools_protein_alignment,IPD-IMGT/HLA 3.63.0,2026-02-19 18:49:27.959055
B*42:39,B*42:39,B,Bw6,Bw6,classified,N,SLRNLRG,Bw6,HLAtools_protein_alignment,IPD-IMGT/HLA 3.63.0,2026-02-19 18:49:27.959055
B*42:40,B*42:40,B,Bw6,Bw6,classified,N,SLRNLRG,Bw6,HLAtools_protein_alignment,IPD-IMGT/HLA 3.63.0,2026-02-19 18:49:27.959055
B*44:02,B*44:02,B,Bw4 - 80T,Bw4_80T,classified,T,NLRTALR,Bw4 - 80T,HLAtools_protein_alignment,IPD-IMGT/HLA 3.63.0,2026-02-19 18:49:27.959055
B*44:02Q,B*44:02Q,B,Bw4 - 80T,Bw4_80T,classified,T,NLRTALR,NA,HLAtools_protein_alignment,IPD-IMGT/HLA 3.63.0,2026-02-19 18:49:27.959055
B*44:02S,B*44:02S,B,Bw4 - 80T,Bw4_80T,classified,T,NLRTALR,NA,HLAtools_protein_alignment,IPD-IMGT/HLA 3.63.0,2026-02-19 18:49:27.959055
B*44:03,B*44:03,B,Bw4 - 80T,Bw4_80T,classified,T,NLRTALR,Bw4 - 80T,HLAtools_protein_alignment,IPD-IMGT/HLA 3.63.0,2026-02-19 18:49:27.959055
B*44:04,B*44:04,B,Bw4 - 80T,Bw4_80T,classified,T,NLRTALR,Bw4 - 80T,HLAtools_protein_alignment,IPD-IMGT/HLA 3.63.0,2026-02-19 18:49:27.959055
B*44:05,B*44:05,B,Bw4 - 80T,Bw4_80T,classified,T,NLRTALR,Bw4 - 80T,HLAtools_protein_alignment,IPD-IMGT/HLA 3.63.0,2026-02-19 18:49:27.959055
B*44:06,B*44:06,B,Bw4 - 80I,Bw4_80I,classified,I,NLRIALR,Bw4 - 80I,HLAtools_protein_alignment,IPD-IMGT/HLA 3.63.0,2026-02-19 18:49:27.959055
B*44:07,B*44:07,B,Bw4 - 80T,Bw4_80T,classified,T,NLRTALR,Bw4 - 80T,HLAtools_protein_alignment,IPD-IMGT/HLA 3.63.0,2026-02-19 18:49:27.959055
B*44:08,B*44:08,B,Bw4 - 80T,Bw4_80T,classified,T,NLRTALR,Bw4 - 80T,HLAtools_protein_alignment,IPD-IMGT/HLA 3.63.0,2026-02-19 18:49:27.959055
B*44:09,B*44:09,B,Bw6,Bw6,classified,N,SLRNLRG,Bw6,HLAtools_protein_alignment,IPD-IMGT/HLA 3.63.0,2026-02-19 18:49:27.959055
B*44:10,B*44:10,B,Bw4 - 80T,Bw4_80T,classified,T,NLRTALR,Bw4 - 80T,HLAtools_protein_alignment,IPD-IMGT/HLA 3.63.0,2026-02-19 18:49:27.959055
B*44:100,B*44:100,B,Bw4 - 80T,Bw4_80T,classified,T,NLRTALR,Bw4 - 80T,HLAtools_protein_alignment,IPD-IMGT/HLA 3.63.0,2026-02-19 18:49:27.959055
B*44:101,B*44:101,B,Bw4 - 80T,Bw4_80T,classified,T,NLRTALR,Bw4 - 80T,HLAtools_protein_alignment,IPD-IMGT/HLA 3.63.0,2026-02-19 18:49:27.959055
B*44:102,B*44:102,B,Bw4 - 80T,Bw4_80T,classified,T,NLRTALR,Bw4 - 80T,HLAtools_protein_alignment,IPD-IMGT/HLA 3.63.0,2026-02-19 18:49:27.959055
B*44:103,B*44:103,B,Bw4 - 80T,Bw4_80T,classified,T,NLRTALR,Bw4 - 80T,HLAtools_protein_alignment,IPD-IMGT/HLA 3.63.0,2026-02-19 18:49:27.959055
B*44:104,B*44:104,B,Bw4 - 80T,Bw4_80T,classified,T,NLRTALR,Bw4 - 80T,HLAtools_protein_alignment,IPD-IMGT/HLA 3.63.0,2026-02-19 18:49:27.959055
B*44:105,B*44:105,B,Bw4 - 80T,Bw4_80T,classified,T,NLRTALR,Bw4 - 80T,HLAtools_protein_alignment,IPD-IMGT/HLA 3.63.0,2026-02-19 18:49:27.959055
B*44:106,B*44:106,B,Bw4 - 80T,Bw4_80T,classified,T,NLRTALR,Bw4 - 80T,HLAtools_protein_alignment,IPD-IMGT/HLA 3.63.0,2026-02-19 18:49:27.959055
B*44:107,B*44:107,B,Bw4 - 80T,Bw4_80T,classified,T,NLRTALR,Bw4 - 80T,HLAtools_protein_alignment,IPD-IMGT/HLA 3.63.0,2026-02-19 18:49:27.959055
B*44:109,B*44:109,B,Bw4 - 80T,Bw4_80T,classified,T,SLRTALR,Bw4 - 80T,HLAtools_protein_alignment,IPD-IMGT/HLA 3.63.0,2026-02-19 18:49:27.959055
B*44:11,B*44:11,B,Bw4 - 80T,Bw4_80T,classified,T,NLRTPLR,Bw4 - 80T,HLAtools_protein_alignment,IPD-IMGT/HLA 3.63.0,2026-02-19 18:49:27.959055
B*44:110,B*44:110,B,Bw4 - 80T,Bw4_80T,classified,T,NLRTALR,Bw4 - 80T,HLAtools_protein_alignment,IPD-IMGT/HLA 3.63.0,2026-02-19 18:49:27.959055
B*44:111,B*44:111,B,Bw4 - 80T,Bw4_80T,classified,T,NLRTALR,Bw4 - 80T,HLAtools_protein_alignment,IPD-IMGT/HLA 3.63.0,2026-02-19 18:49:27.959055
B*44:112,B*44:112,B,Bw4 - 80T,Bw4_80T,classified,T,NLRTALR,Bw4 - 80T,HLAtools_protein_alignment,IPD-IMGT/HLA 3.63.0,2026-02-19 18:49:27.959055
B*44:113,B*44:113,B,Bw4 - 80T,Bw4_80T,classified,T,NLRTALR,Bw4 - 80T,HLAtools_protein_alignment,IPD-IMGT/HLA 3.63.0,2026-02-19 18:49:27.959055
B*44:114,B*44:114,B,Bw4 - 80T,Bw4_80T,classified,T,NLRTALR,Bw4 - 80T,HLAtools_protein_alignment,IPD-IMGT/HLA 3.63.0,2026-02-19 18:49:27.959055
B*44:115,B*44:115,B,Bw4 - 80T,Bw4_80T,classified,T,NLRTALR,Bw4 - 80T,HLAtools_protein_alignment,IPD-IMGT/HLA 3.63.0,2026-02-19 18:49:27.959055
B*44:116,B*44:116,B,Bw4 - 80T,Bw4_80T,classified,T,NLRTALR,Bw4 - 80T,HLAtools_protein_alignment,IPD-IMGT/HLA 3.63.0,2026-02-19 18:49:27.959055
B*44:117,B*44:117,B,Bw4 - 80T,Bw4_80T,classified,T,NLRTALR,Bw4 - 80T,HLAtools_protein_alignment,IPD-IMGT/HLA 3.63.0,2026-02-19 18:49:27.959055
B*44:118,B*44:118,B,Bw4 - 80T,Bw4_80T,classified,T,NLRTALR,Bw4 - 80T,HLAtools_protein_alignment,IPD-IMGT/HLA 3.63.0,2026-02-19 18:49:27.959055
B*44:119,B*44:119,B,Bw4 - 80T,Bw4_80T,classified,T,NLRTALR,Bw4 - 80T,HLAtools_protein_alignment,IPD-IMGT/HLA 3.63.0,2026-02-19 18:49:27.959055
B*44:12,B*44:12,B,Bw4 - 80T,Bw4_80T,classified,T,NLRTALR,Bw4 - 80T,HLAtools_protein_alignment,IPD-IMGT/HLA 3.63.0,2026-02-19 18:49:27.959055
B*44:120,B*44:120,B,Bw4 - 80T,Bw4_80T,classified,T,NLRTALR,Bw4 - 80T,HLAtools_protein_alignment,IPD-IMGT/HLA 3.63.0,2026-02-19 18:49:27.959055
B*44:121,B*44:121,B,Bw4 - 80T,Bw4_80T,classified,T,NLRTALR,Bw4 - 80T,HLAtools_protein_alignment,IPD-IMGT/HLA 3.63.0,2026-02-19 18:49:27.959055
B*44:122,B*44:122,B,Bw4 - 80T,Bw4_80T,classified,T,NLRTALR,Bw4 - 80T,HLAtools_protein_alignment,IPD-IMGT/HLA 3.63.0,2026-02-19 18:49:27.959055
B*44:123,B*44:123,B,Bw4 - 80T,Bw4_80T,classified,T,NLRTALR,Bw4 - 80T,HLAtools_protein_alignment,IPD-IMGT/HLA 3.63.0,2026-02-19 18:49:27.959055
B*44:124,B*44:124,B,Bw4 - 80T,Bw4_80T,classified,T,NLRTALR,Bw4 - 80T,HLAtools_protein_alignment,IPD-IMGT/HLA 3.63.0,2026-02-19 18:49:27.959055
B*44:125,B*44:125,B,Bw4 - 80T,Bw4_80T,classified,T,NLRTALR,Bw4 - 80T,HLAtools_protein_alignment,IPD-IMGT/HLA 3.63.0,2026-02-19 18:49:27.959055
B*44:126,B*44:126,B,Bw4 - 80T,Bw4_80T,classified,T,NLRTALR,Bw4 - 80T,HLAtools_protein_alignment,IPD-IMGT/HLA 3.63.0,2026-02-19 18:49:27.959055
B*44:127,B*44:127,B,Non-canonical,NonCanonical,non_canonical_83,T,NLRTALH,Bw4 - 80T,HLAtools_protein_alignment,IPD-IMGT/HLA 3.63.0,2026-02-19 18:49:27.959055
B*44:128,B*44:128,B,Bw4 - 80T,Bw4_80T,classified,T,NLRTALR,Bw4 - 80T,HLAtools_protein_alignment,IPD-IMGT/HLA 3.63.0,2026-02-19 18:49:27.959055
B*44:129,B*44:129,B,Bw6,Bw6,classified,N,SLRNLRG,Bw6,HLAtools_protein_alignment,IPD-IMGT/HLA 3.63.0,2026-02-19 18:49:27.959055
B*44:13,B*44:13,B,Bw4 - 80T,Bw4_80T,classified,T,NLRTALR,Bw4 - 80T,HLAtools_protein_alignment,IPD-IMGT/HLA 3.63.0,2026-02-19 18:49:27.959055
B*44:130,B*44:130,B,Bw4 - 80T,Bw4_80T,classified,T,NLRTALR,Bw4 - 80T,HLAtools_protein_alignment,IPD-IMGT/HLA 3.63.0,2026-02-19 18:49:27.959055
B*44:131,B*44:131,B,Bw6,Bw6,classified,N,SLRNLRG,Bw6,HLAtools_protein_alignment,IPD-IMGT/HLA 3.63.0,2026-02-19 18:49:27.959055
B*44:132,B*44:132,B,Bw4 - 80T,Bw4_80T,classified,T,NLRTALR,Bw4 - 80T,HLAtools_protein_alignment,IPD-IMGT/HLA 3.63.0,2026-02-19 18:49:27.959055
B*44:133,B*44:133,B,Bw4 - 80T,Bw4_80T,classified,T,NLRTALR,Bw4 - 80T,HLAtools_protein_alignment,IPD-IMGT/HLA 3.63.0,2026-02-19 18:49:27.959055
B*44:134,B*44:134,B,Bw4 - 80T,Bw4_80T,classified,T,NLRTALR,Bw4 - 80T,HLAtools_protein_alignment,IPD-IMGT/HLA 3.63.0,2026-02-19 18:49:27.959055
B*44:135,B*44:135,B,Bw4 - 80T,Bw4_80T,classified,T,NLRTALR,Bw4 - 80T,HLAtools_protein_alignment,IPD-IMGT/HLA 3.63.0,2026-02-19 18:49:27.959055
B*44:136,B*44:136,B,Bw4 - 80T,Bw4_80T,classified,T,NLRTALR,Bw4 - 80T,HLAtools_protein_alignment,IPD-IMGT/HLA 3.63.0,2026-02-19 18:49:27.959055
B*44:137,B*44:137,B,Bw4 - 80T,Bw4_80T,classified,T,NLRTALR,Bw4 - 80T,HLAtools_protein_alignment,IPD-IMGT/HLA 3.63.0,2026-02-19 18:49:27.959055
B*44:138Q,B*44:138Q,B,Bw4 - 80T,Bw4_80T,classified,T,NLRTALR,NA,HLAtools_protein_alignment,IPD-IMGT/HLA 3.63.0,2026-02-19 18:49:27.959055
B*44:139,B*44:139,B,Bw4 - 80T,Bw4_80T,classified,T,NLRTALR,Bw4 - 80T,HLAtools_protein_alignment,IPD-IMGT/HLA 3.63.0,2026-02-19 18:49:27.959055
B*44:14,B*44:14,B,Bw4 - 80T,Bw4_80T,classified,T,NLRTALR,Bw4 - 80T,HLAtools_protein_alignment,IPD-IMGT/HLA 3.63.0,2026-02-19 18:49:27.959055
B*44:140,B*44:140,B,Bw4 - 80T,Bw4_80T,classified,T,NLRTALR,Bw4 - 80T,HLAtools_protein_alignment,IPD-IMGT/HLA 3.63.0,2026-02-19 18:49:27.959055
B*44:141,B*44:141,B,Bw4 - 80T,Bw4_80T,classified,T,NLRTALR,Bw4 - 80T,HLAtools_protein_alignment,IPD-IMGT/HLA 3.63.0,2026-02-19 18:49:27.959055
B*44:142,B*44:142,B,Bw4 - 80T,Bw4_80T,classified,T,NLRTALR,Bw4 - 80T,HLAtools_protein_alignment,IPD-IMGT/HLA 3.63.0,2026-02-19 18:49:27.959055
B*44:143,B*44:143,B,Bw4 - 80T,Bw4_80T,classified,T,NLRTALR,Bw4 - 80T,HLAtools_protein_alignment,IPD-IMGT/HLA 3.63.0,2026-02-19 18:49:27.959055
B*44:144,B*44:144,B,Bw4 - 80T,Bw4_80T,classified,T,NLRTALR,Bw4 - 80T,HLAtools_protein_alignment,IPD-IMGT/HLA 3.63.0,2026-02-19 18:49:27.959055
B*44:145,B*44:145,B,Bw4 - 80T,Bw4_80T,classified,T,NLRTALR,Bw4 - 80T,HLAtools_protein_alignment,IPD-IMGT/HLA 3.63.0,2026-02-19 18:49:27.959055
B*44:146,B*44:146,B,Bw4 - 80T,Bw4_80T,classified,T,NLRTALR,Bw4 - 80T,HLAtools_protein_alignment,IPD-IMGT/HLA 3.63.0,2026-02-19 18:49:27.959055
B*44:147,B*44:147,B,Bw4 - 80T,Bw4_80T,classified,T,NLRTALR,Bw4 - 80T,HLAtools_protein_alignment,IPD-IMGT/HLA 3.63.0,2026-02-19 18:49:27.959055
B*44:148,B*44:148,B,Bw4 - 80T,Bw4_80T,classified,T,NLRTALR,Bw4 - 80T,HLAtools_protein_alignment,IPD-IMGT/HLA 3.63.0,2026-02-19 18:49:27.959055
B*44:15,B*44:15,B,Bw4 - 80T,Bw4_80T,classified,T,SLRTALR,Bw4 - 80T,HLAtools_protein_alignment,IPD-IMGT/HLA 3.63.0,2026-02-19 18:49:27.959055
B*44:150,B*44:150,B,Bw4 - 80T,Bw4_80T,classified,T,NLRTALR,Bw4 - 80T,HLAtools_protein_alignment,IPD-IMGT/HLA 3.63.0,2026-02-19 18:49:27.959055
B*44:151,B*44:151,B,Bw4 - 80T,Bw4_80T,classified,T,NLRTALR,Bw4 - 80T,HLAtools_protein_alignment,IPD-IMGT/HLA 3.63.0,2026-02-19 18:49:27.959055
B*44:152,B*44:152,B,Bw4 - 80T,Bw4_80T,classified,T,NLRTTLR,Bw4 - 80T,HLAtools_protein_alignment,IPD-IMGT/HLA 3.63.0,2026-02-19 18:49:27.959055
B*44:153,B*44:153,B,Bw4 - 80T,Bw4_80T,classified,T,NLRTALR,Bw4 - 80T,HLAtools_protein_alignment,IPD-IMGT/HLA 3.63.0,2026-02-19 18:49:27.959055
B*44:154,B*44:154,B,Bw4 - 80T,Bw4_80T,classified,T,NLRTALR,Bw4 - 80T,HLAtools_protein_alignment,IPD-IMGT/HLA 3.63.0,2026-02-19 18:49:27.959055
B*44:155,B*44:155,B,Bw4 - 80T,Bw4_80T,classified,T,NLRTALR,Bw4 - 80T,HLAtools_protein_alignment,IPD-IMGT/HLA 3.63.0,2026-02-19 18:49:27.959055
B*44:156,B*44:156,B,Bw4 - 80T,Bw4_80T,classified,T,NLRTALR,Bw4 - 80T,HLAtools_protein_alignment,IPD-IMGT/HLA 3.63.0,2026-02-19 18:49:27.959055
B*44:157,B*44:157,B,Bw4 - 80T,Bw4_80T,classified,T,NLRTALR,Bw4 - 80T,HLAtools_protein_alignment,IPD-IMGT/HLA 3.63.0,2026-02-19 18:49:27.959055
B*44:158,B*44:158,B,Bw4 - 80T,Bw4_80T,classified,T,NLRTALR,Bw4 - 80T,HLAtools_protein_alignment,IPD-IMGT/HLA 3.63.0,2026-02-19 18:49:27.959055
B*44:159,B*44:159,B,Bw4 - 80T,Bw4_80T,classified,T,NLRTALR,Bw4 - 80T,HLAtools_protein_alignment,IPD-IMGT/HLA 3.63.0,2026-02-19 18:49:27.959055
B*44:16,B*44:16,B,Bw4 - 80T,Bw4_80T,classified,T,NLRTALR,Bw4 - 80T,HLAtools_protein_alignment,IPD-IMGT/HLA 3.63.0,2026-02-19 18:49:27.959055
B*44:160Q,B*44:160Q,B,Bw4 - 80T,Bw4_80T,classified,T,NLRTALR,NA,HLAtools_protein_alignment,IPD-IMGT/HLA 3.63.0,2026-02-19 18:49:27.959055
B*44:161,B*44:161,B,Bw4 - 80T,Bw4_80T,classified,T,NLRTALR,Bw4 - 80T,HLAtools_protein_alignment,IPD-IMGT/HLA 3.63.0,2026-02-19 18:49:27.959055
B*44:162,B*44:162,B,Bw4 - 80T,Bw4_80T,classified,T,NLRTALR,Bw4 - 80T,HLAtools_protein_alignment,IPD-IMGT/HLA 3.63.0,2026-02-19 18:49:27.959055
B*44:163,B*44:163,B,Bw4 - 80T,Bw4_80T,classified,T,NLRTALR,Bw4 - 80T,HLAtools_protein_alignment,IPD-IMGT/HLA 3.63.0,2026-02-19 18:49:27.959055
B*44:164,B*44:164,B,Bw4 - 80T,Bw4_80T,classified,T,NLRTALR,Bw4 - 80T,HLAtools_protein_alignment,IPD-IMGT/HLA 3.63.0,2026-02-19 18:49:27.959055
B*44:165,B*44:165,B,Bw4 - 80T,Bw4_80T,classified,T,NLRTALR,Bw4 - 80T,HLAtools_protein_alignment,IPD-IMGT/HLA 3.63.0,2026-02-19 18:49:27.959055
B*44:166,B*44:166,B,Bw4 - 80T,Bw4_80T,classified,T,NLRTALR,Bw4 - 80T,HLAtools_protein_alignment,IPD-IMGT/HLA 3.63.0,2026-02-19 18:49:27.959055
B*44:167,B*44:167,B,Bw4 - 80T,Bw4_80T,classified,T,NLRTALR,Bw4 - 80T,HLAtools_protein_alignment,IPD-IMGT/HLA 3.63.0,2026-02-19 18:49:27.959055
B*44:168,B*44:168,B,Bw4 - 80T,Bw4_80T,classified,T,NLRTALR,Bw4 - 80T,HLAtools_protein_alignment,IPD-IMGT/HLA 3.63.0,2026-02-19 18:49:27.959055
B*44:169,B*44:169,B,Bw4 - 80T,Bw4_80T,classified,T,NLRTALR,Bw4 - 80T,HLAtools_protein_alignment,IPD-IMGT/HLA 3.63.0,2026-02-19 18:49:27.959055
B*44:17,B*44:17,B,Bw4 - 80T,Bw4_80T,classified,T,NLRTALR,Bw4 - 80T,HLAtools_protein_alignment,IPD-IMGT/HLA 3.63.0,2026-02-19 18:49:27.959055
B*44:170,B*44:170,B,Bw4 - 80A,Bw4_80A,classified,A,NLRAALR,NA,HLAtools_protein_alignment,IPD-IMGT/HLA 3.63.0,2026-02-19 18:49:27.959055
B*44:172,B*44:172,B,Bw4 - 80T,Bw4_80T,classified,T,NLRTALR,Bw4 - 80T,HLAtools_protein_alignment,IPD-IMGT/HLA 3.63.0,2026-02-19 18:49:27.959055
B*44:173,B*44:173,B,Bw4 - 80T,Bw4_80T,classified,T,NLRTALR,Bw4 - 80T,HLAtools_protein_alignment,IPD-IMGT/HLA 3.63.0,2026-02-19 18:49:27.959055
B*44:174,B*44:174,B,Bw4 - 80T,Bw4_80T,classified,T,NLRTALR,Bw4 - 80T,HLAtools_protein_alignment,IPD-IMGT/HLA 3.63.0,2026-02-19 18:49:27.959055
B*44:175,B*44:175,B,Bw4 - 80T,Bw4_80T,classified,T,NLRTALR,Bw4 - 80T,HLAtools_protein_alignment,IPD-IMGT/HLA 3.63.0,2026-02-19 18:49:27.959055
B*44:176,B*44:176,B,Bw4 - 80T,Bw4_80T,classified,T,SLRTALR,Bw4 - 80T,HLAtools_protein_alignment,IPD-IMGT/HLA 3.63.0,2026-02-19 18:49:27.959055
B*44:177,B*44:177,B,Bw4 - 80T,Bw4_80T,classified,T,NLRTALR,Bw4 - 80T,HLAtools_protein_alignment,IPD-IMGT/HLA 3.63.0,2026-02-19 18:49:27.959055
B*44:178,B*44:178,B,Bw4 - 80T,Bw4_80T,classified,T,NLRTALR,Bw4 - 80T,HLAtools_protein_alignment,IPD-IMGT/HLA 3.63.0,2026-02-19 18:49:27.959055
B*44:179,B*44:179,B,Bw4 - 80T,Bw4_80T,classified,T,NLRTALR,Bw4 - 80T,HLAtools_protein_alignment,IPD-IMGT/HLA 3.63.0,2026-02-19 18:49:27.959055
B*44:18,B*44:18,B,Bw4 - 80I,Bw4_80I,classified,I,NLRIALR,Bw4 - 80I,HLAtools_protein_alignment,IPD-IMGT/HLA 3.63.0,2026-02-19 18:49:27.959055
B*44:180,B*44:180,B,Bw4 - 80T,Bw4_80T,classified,T,NLRTALR,Bw4 - 80T,HLAtools_protein_alignment,IPD-IMGT/HLA 3.63.0,2026-02-19 18:49:27.959055
B*44:181,B*44:181,B,Bw4 - 80T,Bw4_80T,classified,T,NLRTALR,Bw4 - 80T,HLAtools_protein_alignment,IPD-IMGT/HLA 3.63.0,2026-02-19 18:49:27.959055
B*44:182,B*44:182,B,Bw4 - 80T,Bw4_80T,classified,T,NLRTALR,Bw4 - 80T,HLAtools_protein_alignment,IPD-IMGT/HLA 3.63.0,2026-02-19 18:49:27.959055
B*44:183,B*44:183,B,Bw4 - 80T,Bw4_80T,classified,T,NLRTALR,Bw4 - 80T,HLAtools_protein_alignment,IPD-IMGT/HLA 3.63.0,2026-02-19 18:49:27.959055
B*44:184,B*44:184,B,Bw4 - 80T,Bw4_80T,classified,T,NLRTALR,Bw4 - 80T,HLAtools_protein_alignment,IPD-IMGT/HLA 3.63.0,2026-02-19 18:49:27.959055
B*44:185,B*44:185,B,Bw4 - 80T,Bw4_80T,classified,T,NLRTALR,Bw4 - 80T,HLAtools_protein_alignment,IPD-IMGT/HLA 3.63.0,2026-02-19 18:49:27.959055
B*44:186,B*44:186,B,Bw4 - 80T,Bw4_80T,classified,T,NLRTALR,Bw4 - 80T,HLAtools_protein_alignment,IPD-IMGT/HLA 3.63.0,2026-02-19 18:49:27.959055
B*44:187,B*44:187,B,Bw4 - 80T,Bw4_80T,classified,T,NLRTALR,Bw4 - 80T,HLAtools_protein_alignment,IPD-IMGT/HLA 3.63.0,2026-02-19 18:49:27.959055
B*44:188,B*44:188,B,Bw4 - 80T,Bw4_80T,classified,T,NLRTALR,Bw4 - 80T,HLAtools_protein_alignment,IPD-IMGT/HLA 3.63.0,2026-02-19 18:49:27.959055
B*44:189,B*44:189,B,Bw4 - 80T,Bw4_80T,classified,T,NLRTALR,Bw4 - 80T,HLAtools_protein_alignment,IPD-IMGT/HLA 3.63.0,2026-02-19 18:49:27.959055
B*44:190,B*44:190,B,Bw4 - 80T,Bw4_80T,classified,T,NLRTALR,Bw4 - 80T,HLAtools_protein_alignment,IPD-IMGT/HLA 3.63.0,2026-02-19 18:49:27.959055
B*44:191,B*44:191,B,Bw4 - 80T,Bw4_80T,classified,T,NLRTALR,Bw4 - 80T,HLAtools_protein_alignment,IPD-IMGT/HLA 3.63.0,2026-02-19 18:49:27.959055
B*44:192,B*44:192,B,Bw4 - 80T,Bw4_80T,classified,T,NLRTALR,Bw4 - 80T,HLAtools_protein_alignment,IPD-IMGT/HLA 3.63.0,2026-02-19 18:49:27.959055
B*44:193,B*44:193,B,Bw4 - 80T,Bw4_80T,classified,T,NLRTALR,Bw4 - 80T,HLAtools_protein_alignment,IPD-IMGT/HLA 3.63.0,2026-02-19 18:49:27.959055
B*44:194,B*44:194,B,Bw4 - 80T,Bw4_80T,classified,T,NLRTALR,Bw4 - 80T,HLAtools_protein_alignment,IPD-IMGT/HLA 3.63.0,2026-02-19 18:49:27.959055
B*44:196,B*44:196,B,Bw4 - 80T,Bw4_80T,classified,T,NLRTGLR,Bw4 - 80T,HLAtools_protein_alignment,IPD-IMGT/HLA 3.63.0,2026-02-19 18:49:27.959055
B*44:197,B*44:197,B,Bw4 - 80T,Bw4_80T,classified,T,NLRTALR,Bw4 - 80T,HLAtools_protein_alignment,IPD-IMGT/HLA 3.63.0,2026-02-19 18:49:27.959055
B*44:199,B*44:199,B,Bw4 - 80T,Bw4_80T,classified,T,NLRTALR,Bw4 - 80T,HLAtools_protein_alignment,IPD-IMGT/HLA 3.63.0,2026-02-19 18:49:27.959055
B*44:20,B*44:20,B,Bw4 - 80T,Bw4_80T,classified,T,NLRTALR,Bw4 - 80T,HLAtools_protein_alignment,IPD-IMGT/HLA 3.63.0,2026-02-19 18:49:27.959055
B*44:200,B*44:200,B,Bw4 - 80T,Bw4_80T,classified,T,NLRTALR,Bw4 - 80T,HLAtools_protein_alignment,IPD-IMGT/HLA 3.63.0,2026-02-19 18:49:27.959055
B*44:201,B*44:201,B,Bw4 - 80T,Bw4_80T,classified,T,NLRTALR,Bw4 - 80T,HLAtools_protein_alignment,IPD-IMGT/HLA 3.63.0,2026-02-19 18:49:27.959055
B*44:202,B*44:202,B,Bw4 - 80T,Bw4_80T,classified,T,NLRTALR,Bw4 - 80T,HLAtools_protein_alignment,IPD-IMGT/HLA 3.63.0,2026-02-19 18:49:27.959055
B*44:203,B*44:203,B,Bw4 - 80T,Bw4_80T,classified,T,NLRTALR,Bw4 - 80T,HLAtools_protein_alignment,IPD-IMGT/HLA 3.63.0,2026-02-19 18:49:27.959055
B*44:204,B*44:204,B,Bw4 - 80T,Bw4_80T,classified,T,NLRTALR,Bw4 - 80T,HLAtools_protein_alignment,IPD-IMGT/HLA 3.63.0,2026-02-19 18:49:27.959055
B*44:205,B*44:205,B,Bw4 - 80T,Bw4_80T,classified,T,NLRTALR,Bw4 - 80T,HLAtools_protein_alignment,IPD-IMGT/HLA 3.63.0,2026-02-19 18:49:27.959055
B*44:206,B*44:206,B,Bw4 - 80T,Bw4_80T,classified,T,NLRTALR,Bw4 - 80T,HLAtools_protein_alignment,IPD-IMGT/HLA 3.63.0,2026-02-19 18:49:27.959055
B*44:207,B*44:207,B,Bw4 - 80T,Bw4_80T,classified,T,NLRTALR,Bw4 - 80T,HLAtools_protein_alignment,IPD-IMGT/HLA 3.63.0,2026-02-19 18:49:27.959055
B*44:208,B*44:208,B,Bw4 - 80T,Bw4_80T,classified,T,NLRTALR,Bw4 - 80T,HLAtools_protein_alignment,IPD-IMGT/HLA 3.63.0,2026-02-19 18:49:27.959055
B*44:209,B*44:209,B,Bw4 - 80T,Bw4_80T,classified,T,NLRTALR,Bw4 - 80T,HLAtools_protein_alignment,IPD-IMGT/HLA 3.63.0,2026-02-19 18:49:27.959055
B*44:21,B*44:21,B,Bw4 - 80T,Bw4_80T,classified,T,NLRTALR,Bw4 - 80T,HLAtools_protein_alignment,IPD-IMGT/HLA 3.63.0,2026-02-19 18:49:27.959055
B*44:210,B*44:210,B,Bw4 - 80T,Bw4_80T,classified,T,NLRTALR,Bw4 - 80T,HLAtools_protein_alignment,IPD-IMGT/HLA 3.63.0,2026-02-19 18:49:27.959055
B*44:211,B*44:211,B,Bw4 - 80T,Bw4_80T,classified,T,NLRTALR,Bw4 - 80T,HLAtools_protein_alignment,IPD-IMGT/HLA 3.63.0,2026-02-19 18:49:27.959055
B*44:212,B*44:212,B,Bw4 - 80T,Bw4_80T,classified,T,NLRTALR,Bw4 - 80T,HLAtools_protein_alignment,IPD-IMGT/HLA 3.63.0,2026-02-19 18:49:27.959055
B*44:213,B*44:213,B,Bw4 - 80T,Bw4_80T,classified,T,NLRTALR,Bw4 - 80T,HLAtools_protein_alignment,IPD-IMGT/HLA 3.63.0,2026-02-19 18:49:27.959055
B*44:214,B*44:214,B,Bw4 - 80T,Bw4_80T,classified,T,NLRTALR,Bw4 - 80T,HLAtools_protein_alignment,IPD-IMGT/HLA 3.63.0,2026-02-19 18:49:27.959055
B*44:215,B*44:215,B,Bw4 - 80T,Bw4_80T,classified,T,NLRTALR,Bw4 - 80T,HLAtools_protein_alignment,IPD-IMGT/HLA 3.63.0,2026-02-19 18:49:27.959055
B*44:216,B*44:216,B,Bw4 - 80T,Bw4_80T,classified,T,NLRTALR,Bw4 - 80T,HLAtools_protein_alignment,IPD-IMGT/HLA 3.63.0,2026-02-19 18:49:27.959055
B*44:218,B*44:218,B,Bw4 - 80T,Bw4_80T,classified,T,NLRTALR,Bw4 - 80T,HLAtools_protein_alignment,IPD-IMGT/HLA 3.63.0,2026-02-19 18:49:27.959055
B*44:219,B*44:219,B,Bw4 - 80T,Bw4_80T,classified,T,NLRTALR,Bw4 - 80T,HLAtools_protein_alignment,IPD-IMGT/HLA 3.63.0,2026-02-19 18:49:27.959055
B*44:22,B*44:22,B,Bw4 - 80T,Bw4_80T,classified,T,NLRTALR,Bw4 - 80T,HLAtools_protein_alignment,IPD-IMGT/HLA 3.63.0,2026-02-19 18:49:27.959055
B*44:220,B*44:220,B,Bw4 - 80T,Bw4_80T,classified,T,NLRTALR,Bw4 - 80T,HLAtools_protein_alignment,IPD-IMGT/HLA 3.63.0,2026-02-19 18:49:27.959055
B*44:221,B*44:221,B,Bw4 - 80T,Bw4_80T,classified,T,NLRTALR,Bw4 - 80T,HLAtools_protein_alignment,IPD-IMGT/HLA 3.63.0,2026-02-19 18:49:27.959055
B*44:222,B*44:222,B,Bw4 - 80T,Bw4_80T,classified,T,NLRTALR,Bw4 - 80T,HLAtools_protein_alignment,IPD-IMGT/HLA 3.63.0,2026-02-19 18:49:27.959055
B*44:223,B*44:223,B,Bw4 - 80T,Bw4_80T,classified,T,NLRTALR,Bw4 - 80T,HLAtools_protein_alignment,IPD-IMGT/HLA 3.63.0,2026-02-19 18:49:27.959055
B*44:224,B*44:224,B,Bw4 - 80T,Bw4_80T,classified,T,NLRTALR,Bw4 - 80T,HLAtools_protein_alignment,IPD-IMGT/HLA 3.63.0,2026-02-19 18:49:27.959055
B*44:225,B*44:225,B,Bw4 - 80T,Bw4_80T,classified,T,NLRTALR,Bw4 - 80T,HLAtools_protein_alignment,IPD-IMGT/HLA 3.63.0,2026-02-19 18:49:27.959055
B*44:226,B*44:226,B,Bw4 - 80T,Bw4_80T,classified,T,NLRTALR,Bw4 - 80T,HLAtools_protein_alignment,IPD-IMGT/HLA 3.63.0,2026-02-19 18:49:27.959055
B*44:227,B*44:227,B,Bw4 - 80T,Bw4_80T,classified,T,NLCTALR,Bw4 - 80T,HLAtools_protein_alignment,IPD-IMGT/HLA 3.63.0,2026-02-19 18:49:27.959055
B*44:228,B*44:228,B,Bw4 - 80T,Bw4_80T,classified,T,NLRTALR,Bw4 - 80T,HLAtools_protein_alignment,IPD-IMGT/HLA 3.63.0,2026-02-19 18:49:27.959055
B*44:229,B*44:229,B,Bw4 - 80T,Bw4_80T,classified,T,NLRTALR,Bw4 - 80T,HLAtools_protein_alignment,IPD-IMGT/HLA 3.63.0,2026-02-19 18:49:27.959055
B*44:230,B*44:230,B,Bw4 - 80T,Bw4_80T,classified,T,NLRTALR,Bw4 - 80T,HLAtools_protein_alignment,IPD-IMGT/HLA 3.63.0,2026-02-19 18:49:27.959055
B*44:231,B*44:231,B,Bw4 - 80T,Bw4_80T,classified,T,NLRTALR,Bw4 - 80T,HLAtools_protein_alignment,IPD-IMGT/HLA 3.63.0,2026-02-19 18:49:27.959055
B*44:232,B*44:232,B,Bw4 - 80T,Bw4_80T,classified,T,NLRTALR,Bw4 - 80T,HLAtools_protein_alignment,IPD-IMGT/HLA 3.63.0,2026-02-19 18:49:27.959055
B*44:233,B*44:233,B,Bw4 - 80T,Bw4_80T,classified,T,NLRTALR,Bw4 - 80T,HLAtools_protein_alignment,IPD-IMGT/HLA 3.63.0,2026-02-19 18:49:27.959055
B*44:234,B*44:234,B,Bw4 - 80T,Bw4_80T,classified,T,NLRTALR,Bw4 - 80T,HLAtools_protein_alignment,IPD-IMGT/HLA 3.63.0,2026-02-19 18:49:27.959055
B*44:235,B*44:235,B,Bw4 - 80T,Bw4_80T,classified,T,NLRTALR,Bw4 - 80T,HLAtools_protein_alignment,IPD-IMGT/HLA 3.63.0,2026-02-19 18:49:27.959055
B*44:236,B*44:236,B,Bw4 - 80T,Bw4_80T,classified,T,NLRTALR,Bw4 - 80T,HLAtools_protein_alignment,IPD-IMGT/HLA 3.63.0,2026-02-19 18:49:27.959055
B*44:238,B*44:238,B,Bw4 - 80T,Bw4_80T,classified,T,NLRTALR,Bw4 - 80T,HLAtools_protein_alignment,IPD-IMGT/HLA 3.63.0,2026-02-19 18:49:27.959055
B*44:239,B*44:239,B,Bw4 - 80T,Bw4_80T,classified,T,NLRTALR,Bw4 - 80T,HLAtools_protein_alignment,IPD-IMGT/HLA 3.63.0,2026-02-19 18:49:27.959055
B*44:24,B*44:24,B,Bw4 - 80T,Bw4_80T,classified,T,NLRTALR,Bw4 - 80T,HLAtools_protein_alignment,IPD-IMGT/HLA 3.63.0,2026-02-19 18:49:27.959055
B*44:240,B*44:240,B,Bw4 - 80T,Bw4_80T,classified,T,NLRTALR,Bw4 - 80T,HLAtools_protein_alignment,IPD-IMGT/HLA 3.63.0,2026-02-19 18:49:27.959055
B*44:241,B*44:241,B,Bw4 - 80T,Bw4_80T,classified,T,NLRTALR,Bw4 - 80T,HLAtools_protein_alignment,IPD-IMGT/HLA 3.63.0,2026-02-19 18:49:27.959055
B*44:242,B*44:242,B,Bw4 - 80T,Bw4_80T,classified,T,NLRTALR,Bw4 - 80T,HLAtools_protein_alignment,IPD-IMGT/HLA 3.63.0,2026-02-19 18:49:27.959055
B*44:243,B*44:243,B,Bw4 - 80T,Bw4_80T,classified,T,NLRTALR,Bw4 - 80T,HLAtools_protein_alignment,IPD-IMGT/HLA 3.63.0,2026-02-19 18:49:27.959055
B*44:244,B*44:244,B,Bw4 - 80T,Bw4_80T,classified,T,NLRTALR,Bw4 - 80T,HLAtools_protein_alignment,IPD-IMGT/HLA 3.63.0,2026-02-19 18:49:27.959055
B*44:245,B*44:245,B,Bw4 - 80T,Bw4_80T,classified,T,NLRTALR,Bw4 - 80T,HLAtools_protein_alignment,IPD-IMGT/HLA 3.63.0,2026-02-19 18:49:27.959055
B*44:247,B*44:247,B,Bw4 - 80T,Bw4_80T,classified,T,NLRTALR,Bw4 - 80T,HLAtools_protein_alignment,IPD-IMGT/HLA 3.63.0,2026-02-19 18:49:27.959055
B*44:248,B*44:248,B,Bw4 - 80T,Bw4_80T,classified,T,NLRTALR,Bw4 - 80T,HLAtools_protein_alignment,IPD-IMGT/HLA 3.63.0,2026-02-19 18:49:27.959055
B*44:249,B*44:249,B,Bw4 - 80T,Bw4_80T,classified,T,NLRTALR,Bw4 - 80T,HLAtools_protein_alignment,IPD-IMGT/HLA 3.63.0,2026-02-19 18:49:27.959055
B*44:25,B*44:25,B,Bw4 - 80I,Bw4_80I,classified,I,NLRIALR,Bw4 - 80I,HLAtools_protein_alignment,IPD-IMGT/HLA 3.63.0,2026-02-19 18:49:27.959055
B*44:250,B*44:250,B,Bw4 - 80T,Bw4_80T,classified,T,NLRTALR,Bw4 - 80T,HLAtools_protein_alignment,IPD-IMGT/HLA 3.63.0,2026-02-19 18:49:27.959055
B*44:251,B*44:251,B,Bw4 - 80T,Bw4_80T,classified,T,NLRTALR,Bw4 - 80T,HLAtools_protein_alignment,IPD-IMGT/HLA 3.63.0,2026-02-19 18:49:27.959055
B*44:252,B*44:252,B,Bw4 - 80T,Bw4_80T,classified,T,NLRTALR,Bw4 - 80T,HLAtools_protein_alignment,IPD-IMGT/HLA 3.63.0,2026-02-19 18:49:27.959055
B*44:253,B*44:253,B,Bw4 - 80T,Bw4_80T,classified,T,NLRTALR,Bw4 - 80T,HLAtools_protein_alignment,IPD-IMGT/HLA 3.63.0,2026-02-19 18:49:27.959055
B*44:254,B*44:254,B,Bw6,Bw6,classified,N,NLRNLRG,NA,HLAtools_protein_alignment,IPD-IMGT/HLA 3.63.0,2026-02-19 18:49:27.959055
B*44:255,B*44:255,B,Bw4 - 80T,Bw4_80T,classified,T,NLRTALR,Bw4 - 80T,HLAtools_protein_alignment,IPD-IMGT/HLA 3.63.0,2026-02-19 18:49:27.959055
B*44:256,B*44:256,B,Bw4 - 80T,Bw4_80T,classified,T,NLRTALR,Bw4 - 80T,HLAtools_protein_alignment,IPD-IMGT/HLA 3.63.0,2026-02-19 18:49:27.959055
B*44:257,B*44:257,B,Bw4 - 80T,Bw4_80T,classified,T,DLRTLLR,Bw4 - 80T,HLAtools_protein_alignment,IPD-IMGT/HLA 3.63.0,2026-02-19 18:49:27.959055
B*44:258,B*44:258,B,Bw4 - 80T,Bw4_80T,classified,T,NLRTALR,Bw4 - 80T,HLAtools_protein_alignment,IPD-IMGT/HLA 3.63.0,2026-02-19 18:49:27.959055
B*44:259,B*44:259,B,Bw4 - 80T,Bw4_80T,classified,T,NLRTALR,Bw4 - 80T,HLAtools_protein_alignment,IPD-IMGT/HLA 3.63.0,2026-02-19 18:49:27.959055
B*44:26,B*44:26,B,Bw4 - 80T,Bw4_80T,classified,T,NLRTALR,Bw4 - 80T,HLAtools_protein_alignment,IPD-IMGT/HLA 3.63.0,2026-02-19 18:49:27.959055
B*44:260,B*44:260,B,Bw4 - 80T,Bw4_80T,classified,T,NLRTALR,Bw4 - 80T,HLAtools_protein_alignment,IPD-IMGT/HLA 3.63.0,2026-02-19 18:49:27.959055
B*44:261,B*44:261,B,Bw4 - 80T,Bw4_80T,classified,T,NLRTALR,Bw4 - 80T,HLAtools_protein_alignment,IPD-IMGT/HLA 3.63.0,2026-02-19 18:49:27.959055
B*44:262,B*44:262,B,Bw4 - 80T,Bw4_80T,classified,T,NLRTALR,Bw4 - 80T,HLAtools_protein_alignment,IPD-IMGT/HLA 3.63.0,2026-02-19 18:49:27.959055
B*44:263,B*44:263,B,Bw4 - 80T,Bw4_80T,classified,T,NLRTALR,Bw4 - 80T,HLAtools_protein_alignment,IPD-IMGT/HLA 3.63.0,2026-02-19 18:49:27.959055
B*44:264,B*44:264,B,Bw4 - 80T,Bw4_80T,classified,T,NLRTALR,Bw4 - 80T,HLAtools_protein_alignment,IPD-IMGT/HLA 3.63.0,2026-02-19 18:49:27.959055
B*44:265,B*44:265,B,Bw4 - 80T,Bw4_80T,classified,T,NLRTALR,Bw4 - 80T,HLAtools_protein_alignment,IPD-IMGT/HLA 3.63.0,2026-02-19 18:49:27.959055
B*44:266,B*44:266,B,Bw4 - 80T,Bw4_80T,classified,T,NLRTALR,Bw4 - 80T,HLAtools_protein_alignment,IPD-IMGT/HLA 3.63.0,2026-02-19 18:49:27.959055
B*44:268,B*44:268,B,Bw4 - 80T,Bw4_80T,classified,T,NLRTALR,Bw4 - 80T,HLAtools_protein_alignment,IPD-IMGT/HLA 3.63.0,2026-02-19 18:49:27.959055
B*44:269,B*44:269,B,Bw4 - 80T,Bw4_80T,classified,T,NLRTALR,Bw4 - 80T,HLAtools_protein_alignment,IPD-IMGT/HLA 3.63.0,2026-02-19 18:49:27.959055
B*44:27,B*44:27,B,Bw4 - 80T,Bw4_80T,classified,T,NLRTALR,Bw4 - 80T,HLAtools_protein_alignment,IPD-IMGT/HLA 3.63.0,2026-02-19 18:49:27.959055
B*44:270,B*44:270,B,Bw4 - 80T,Bw4_80T,classified,T,NLRTALR,Bw4 - 80T,HLAtools_protein_alignment,IPD-IMGT/HLA 3.63.0,2026-02-19 18:49:27.959055
B*44:271,B*44:271,B,Bw4 - 80T,Bw4_80T,classified,T,NLRTALR,Bw4 - 80T,HLAtools_protein_alignment,IPD-IMGT/HLA 3.63.0,2026-02-19 18:49:27.959055
B*44:272,B*44:272,B,Bw4 - 80T,Bw4_80T,classified,T,NLRTALR,Bw4 - 80T,HLAtools_protein_alignment,IPD-IMGT/HLA 3.63.0,2026-02-19 18:49:27.959055
B*44:273,B*44:273,B,Bw4 - 80T,Bw4_80T,classified,T,NLRTALR,Bw4 - 80T,HLAtools_protein_alignment,IPD-IMGT/HLA 3.63.0,2026-02-19 18:49:27.959055
B*44:274,B*44:274,B,Bw4 - 80T,Bw4_80T,classified,T,NLRTALR,Bw4 - 80T,HLAtools_protein_alignment,IPD-IMGT/HLA 3.63.0,2026-02-19 18:49:27.959055
B*44:275,B*44:275,B,Bw4 - 80T,Bw4_80T,classified,T,NLRTALR,Bw4 - 80T,HLAtools_protein_alignment,IPD-IMGT/HLA 3.63.0,2026-02-19 18:49:27.959055
B*44:276,B*44:276,B,Bw4 - 80T,Bw4_80T,classified,T,NLRTALR,Bw4 - 80T,HLAtools_protein_alignment,IPD-IMGT/HLA 3.63.0,2026-02-19 18:49:27.959055
B*44:277,B*44:277,B,Bw6,Bw6,classified,N,SLRNLRG,Bw6,HLAtools_protein_alignment,IPD-IMGT/HLA 3.63.0,2026-02-19 18:49:27.959055
B*44:278,B*44:278,B,Bw4 - 80T,Bw4_80T,classified,T,NLRTALR,Bw4 - 80T,HLAtools_protein_alignment,IPD-IMGT/HLA 3.63.0,2026-02-19 18:49:27.959055
B*44:279,B*44:279,B,Bw4 - 80T,Bw4_80T,classified,T,NLRTALR,Bw4 - 80T,HLAtools_protein_alignment,IPD-IMGT/HLA 3.63.0,2026-02-19 18:49:27.959055
B*44:28,B*44:28,B,Bw4 - 80T,Bw4_80T,classified,T,NLRTALR,Bw4 - 80T,HLAtools_protein_alignment,IPD-IMGT/HLA 3.63.0,2026-02-19 18:49:27.959055
B*44:280,B*44:280,B,Bw4 - 80T,Bw4_80T,classified,T,NLRTALR,Bw4 - 80T,HLAtools_protein_alignment,IPD-IMGT/HLA 3.63.0,2026-02-19 18:49:27.959055
B*44:281,B*44:281,B,Bw4 - 80T,Bw4_80T,classified,T,NLRTALR,Bw4 - 80T,HLAtools_protein_alignment,IPD-IMGT/HLA 3.63.0,2026-02-19 18:49:27.959055
B*44:282,B*44:282,B,Bw4 - 80T,Bw4_80T,classified,T,NLRTALR,Bw4 - 80T,HLAtools_protein_alignment,IPD-IMGT/HLA 3.63.0,2026-02-19 18:49:27.959055
B*44:283,B*44:283,B,Bw4 - 80T,Bw4_80T,classified,T,NLRTALR,Bw4 - 80T,HLAtools_protein_alignment,IPD-IMGT/HLA 3.63.0,2026-02-19 18:49:27.959055
B*44:284,B*44:284,B,Bw4 - 80T,Bw4_80T,classified,T,NLRTALR,Bw4 - 80T,HLAtools_protein_alignment,IPD-IMGT/HLA 3.63.0,2026-02-19 18:49:27.959055
B*44:285,B*44:285,B,Bw4 - 80T,Bw4_80T,classified,T,NLRTALR,Bw4 - 80T,HLAtools_protein_alignment,IPD-IMGT/HLA 3.63.0,2026-02-19 18:49:27.959055
B*44:286,B*44:286,B,Bw4 - 80T,Bw4_80T,classified,T,NLRTALR,Bw4 - 80T,HLAtools_protein_alignment,IPD-IMGT/HLA 3.63.0,2026-02-19 18:49:27.959055
B*44:287,B*44:287,B,Bw4 - 80T,Bw4_80T,classified,T,NLRTALR,Bw4 - 80T,HLAtools_protein_alignment,IPD-IMGT/HLA 3.63.0,2026-02-19 18:49:27.959055
B*44:288,B*44:288,B,Bw4 - 80T,Bw4_80T,classified,T,NLRTALR,Bw4 - 80T,HLAtools_protein_alignment,IPD-IMGT/HLA 3.63.0,2026-02-19 18:49:27.959055
B*44:289,B*44:289,B,Bw4 - 80T,Bw4_80T,classified,T,NLRTALR,Bw4 - 80T,HLAtools_protein_alignment,IPD-IMGT/HLA 3.63.0,2026-02-19 18:49:27.959055
B*44:29,B*44:29,B,Bw4 - 80T,Bw4_80T,classified,T,NLRTALR,Bw4 - 80T,HLAtools_protein_alignment,IPD-IMGT/HLA 3.63.0,2026-02-19 18:49:27.959055
B*44:290,B*44:290,B,Bw4 - 80T,Bw4_80T,classified,T,NLRTALR,Bw4 - 80T,HLAtools_protein_alignment,IPD-IMGT/HLA 3.63.0,2026-02-19 18:49:27.959055
B*44:291,B*44:291,B,Bw4 - 80T,Bw4_80T,classified,T,NLRTALR,Bw4 - 80T,HLAtools_protein_alignment,IPD-IMGT/HLA 3.63.0,2026-02-19 18:49:27.959055
B*44:292,B*44:292,B,Bw4 - 80T,Bw4_80T,classified,T,NLRTALR,Bw4 - 80T,HLAtools_protein_alignment,IPD-IMGT/HLA 3.63.0,2026-02-19 18:49:27.959055
B*44:293,B*44:293,B,Bw4 - 80T,Bw4_80T,classified,T,NLRTALR,Bw4 - 80T,HLAtools_protein_alignment,IPD-IMGT/HLA 3.63.0,2026-02-19 18:49:27.959055
B*44:294,B*44:294,B,Bw4 - 80T,Bw4_80T,classified,T,NLRTALR,Bw4 - 80T,HLAtools_protein_alignment,IPD-IMGT/HLA 3.63.0,2026-02-19 18:49:27.959055
B*44:295,B*44:295,B,Bw4 - 80T,Bw4_80T,classified,T,NLRTALR,Bw4 - 80T,HLAtools_protein_alignment,IPD-IMGT/HLA 3.63.0,2026-02-19 18:49:27.959055
B*44:296,B*44:296,B,Bw4 - 80T,Bw4_80T,classified,T,NLRTALR,Bw4 - 80T,HLAtools_protein_alignment,IPD-IMGT/HLA 3.63.0,2026-02-19 18:49:27.959055
B*44:297,B*44:297,B,Bw4 - 80T,Bw4_80T,classified,T,NLRTALR,Bw4 - 80T,HLAtools_protein_alignment,IPD-IMGT/HLA 3.63.0,2026-02-19 18:49:27.959055
B*44:298,B*44:298,B,Bw4 - 80T,Bw4_80T,classified,T,NLRTALR,Bw4 - 80T,HLAtools_protein_alignment,IPD-IMGT/HLA 3.63.0,2026-02-19 18:49:27.959055
B*44:299,B*44:299,B,Bw4 - 80T,Bw4_80T,classified,T,NLRTALR,Bw4 - 80T,HLAtools_protein_alignment,IPD-IMGT/HLA 3.63.0,2026-02-19 18:49:27.959055
B*44:30,B*44:30,B,Bw4 - 80T,Bw4_80T,classified,T,NLRTALR,Bw4 - 80T,HLAtools_protein_alignment,IPD-IMGT/HLA 3.63.0,2026-02-19 18:49:27.959055
B*44:300,B*44:300,B,Bw4 - 80T,Bw4_80T,classified,T,NLRTALR,Bw4 - 80T,HLAtools_protein_alignment,IPD-IMGT/HLA 3.63.0,2026-02-19 18:49:27.959055
B*44:301,B*44:301,B,Bw4 - 80T,Bw4_80T,classified,T,NLRTALR,Bw4 - 80T,HLAtools_protein_alignment,IPD-IMGT/HLA 3.63.0,2026-02-19 18:49:27.959055
B*44:302,B*44:302,B,Bw4 - 80T,Bw4_80T,classified,T,NLRTALR,Bw4 - 80T,HLAtools_protein_alignment,IPD-IMGT/HLA 3.63.0,2026-02-19 18:49:27.959055
B*44:304,B*44:304,B,Bw4 - 80T,Bw4_80T,classified,T,NLRTALR,Bw4 - 80T,HLAtools_protein_alignment,IPD-IMGT/HLA 3.63.0,2026-02-19 18:49:27.959055
B*44:305,B*44:305,B,Bw4 - 80T,Bw4_80T,classified,T,NLRTALR,Bw4 - 80T,HLAtools_protein_alignment,IPD-IMGT/HLA 3.63.0,2026-02-19 18:49:27.959055
B*44:307,B*44:307,B,Bw4 - 80T,Bw4_80T,classified,T,NLRTALR,Bw4 - 80T,HLAtools_protein_alignment,IPD-IMGT/HLA 3.63.0,2026-02-19 18:49:27.959055
B*44:308,B*44:308,B,Bw4 - 80T,Bw4_80T,classified,T,NLRTALR,Bw4 - 80T,HLAtools_protein_alignment,IPD-IMGT/HLA 3.63.0,2026-02-19 18:49:27.959055
B*44:31,B*44:31,B,Bw4 - 80T,Bw4_80T,classified,T,NLRTALR,Bw4 - 80T,HLAtools_protein_alignment,IPD-IMGT/HLA 3.63.0,2026-02-19 18:49:27.959055
B*44:311,B*44:311,B,Bw4 - 80T,Bw4_80T,classified,T,NLRTALR,Bw4 - 80T,HLAtools_protein_alignment,IPD-IMGT/HLA 3.63.0,2026-02-19 18:49:27.959055
B*44:312,B*44:312,B,Bw4 - 80T,Bw4_80T,classified,T,NLRTALR,Bw4 - 80T,HLAtools_protein_alignment,IPD-IMGT/HLA 3.63.0,2026-02-19 18:49:27.959055
B*44:313,B*44:313,B,Bw4 - 80T,Bw4_80T,classified,T,NLRTALR,Bw4 - 80T,HLAtools_protein_alignment,IPD-IMGT/HLA 3.63.0,2026-02-19 18:49:27.959055
B*44:315,B*44:315,B,Bw4 - 80T,Bw4_80T,classified,T,NLRTALR,Bw4 - 80T,HLAtools_protein_alignment,IPD-IMGT/HLA 3.63.0,2026-02-19 18:49:27.959055
B*44:316,B*44:316,B,Bw4 - 80T,Bw4_80T,classified,T,NLRTALR,Bw4 - 80T,HLAtools_protein_alignment,IPD-IMGT/HLA 3.63.0,2026-02-19 18:49:27.959055
B*44:317,B*44:317,B,Bw4 - 80T,Bw4_80T,classified,T,NLRTALR,Bw4 - 80T,HLAtools_protein_alignment,IPD-IMGT/HLA 3.63.0,2026-02-19 18:49:27.959055
B*44:318,B*44:318,B,Bw4 - 80T,Bw4_80T,classified,T,NLRTALR,Bw4 - 80T,HLAtools_protein_alignment,IPD-IMGT/HLA 3.63.0,2026-02-19 18:49:27.959055
B*44:319,B*44:319,B,Bw4 - 80T,Bw4_80T,classified,T,NLRTALR,Bw4 - 80T,HLAtools_protein_alignment,IPD-IMGT/HLA 3.63.0,2026-02-19 18:49:27.959055
B*44:32,B*44:32,B,Bw4 - 80T,Bw4_80T,classified,T,NLRTALR,Bw4 - 80T,HLAtools_protein_alignment,IPD-IMGT/HLA 3.63.0,2026-02-19 18:49:27.959055
B*44:320,B*44:320,B,Bw4 - 80T,Bw4_80T,classified,T,NLRTALR,Bw4 - 80T,HLAtools_protein_alignment,IPD-IMGT/HLA 3.63.0,2026-02-19 18:49:27.959055
B*44:321,B*44:321,B,Bw4 - 80T,Bw4_80T,classified,T,NLRTALR,Bw4 - 80T,HLAtools_protein_alignment,IPD-IMGT/HLA 3.63.0,2026-02-19 18:49:27.959055
B*44:322,B*44:322,B,Bw4 - 80T,Bw4_80T,classified,T,NLRTALR,Bw4 - 80T,HLAtools_protein_alignment,IPD-IMGT/HLA 3.63.0,2026-02-19 18:49:27.959055
B*44:323,B*44:323,B,Bw4 - 80T,Bw4_80T,classified,T,NLRTALR,Bw4 - 80T,HLAtools_protein_alignment,IPD-IMGT/HLA 3.63.0,2026-02-19 18:49:27.959055
B*44:324,B*44:324,B,Bw4 - 80T,Bw4_80T,classified,T,NLRTALR,Bw4 - 80T,HLAtools_protein_alignment,IPD-IMGT/HLA 3.63.0,2026-02-19 18:49:27.959055
B*44:325,B*44:325,B,Bw4 - 80T,Bw4_80T,classified,T,NLRTALR,Bw4 - 80T,HLAtools_protein_alignment,IPD-IMGT/HLA 3.63.0,2026-02-19 18:49:27.959055
B*44:326,B*44:326,B,Bw4 - 80T,Bw4_80T,classified,T,NLRTALR,Bw4 - 80T,HLAtools_protein_alignment,IPD-IMGT/HLA 3.63.0,2026-02-19 18:49:27.959055
B*44:327,B*44:327,B,Bw4 - 80T,Bw4_80T,classified,T,NLRTALR,Bw4 - 80T,HLAtools_protein_alignment,IPD-IMGT/HLA 3.63.0,2026-02-19 18:49:27.959055
B*44:329,B*44:329,B,Bw4 - 80T,Bw4_80T,classified,T,NLRTALR,Bw4 - 80T,HLAtools_protein_alignment,IPD-IMGT/HLA 3.63.0,2026-02-19 18:49:27.959055
B*44:33,B*44:33,B,Bw4 - 80T,Bw4_80T,classified,T,NLRTALR,Bw4 - 80T,HLAtools_protein_alignment,IPD-IMGT/HLA 3.63.0,2026-02-19 18:49:27.959055
B*44:330,B*44:330,B,Bw4 - 80T,Bw4_80T,classified,T,NLRTALR,Bw4 - 80T,HLAtools_protein_alignment,IPD-IMGT/HLA 3.63.0,2026-02-19 18:49:27.959055
B*44:331,B*44:331,B,Bw4 - 80T,Bw4_80T,classified,T,NLRTALR,Bw4 - 80T,HLAtools_protein_alignment,IPD-IMGT/HLA 3.63.0,2026-02-19 18:49:27.959055
B*44:332,B*44:332,B,Bw4 - 80T,Bw4_80T,classified,T,NLRTALR,Bw4 - 80T,HLAtools_protein_alignment,IPD-IMGT/HLA 3.63.0,2026-02-19 18:49:27.959055
B*44:335,B*44:335,B,Bw4 - 80T,Bw4_80T,classified,T,NLRTALR,Bw4 - 80T,HLAtools_protein_alignment,IPD-IMGT/HLA 3.63.0,2026-02-19 18:49:27.959055
B*44:336,B*44:336,B,Bw4 - 80T,Bw4_80T,classified,T,NLRTALR,Bw4 - 80T,HLAtools_protein_alignment,IPD-IMGT/HLA 3.63.0,2026-02-19 18:49:27.959055
B*44:337,B*44:337,B,Bw4 - 80T,Bw4_80T,classified,T,NLRTALR,Bw4 - 80T,HLAtools_protein_alignment,IPD-IMGT/HLA 3.63.0,2026-02-19 18:49:27.959055
B*44:338,B*44:338,B,Bw4 - 80T,Bw4_80T,classified,T,NLRTALR,Bw4 - 80T,HLAtools_protein_alignment,IPD-IMGT/HLA 3.63.0,2026-02-19 18:49:27.959055
B*44:339,B*44:339,B,Bw4 - 80T,Bw4_80T,classified,T,NLRTALR,Bw4 - 80T,HLAtools_protein_alignment,IPD-IMGT/HLA 3.63.0,2026-02-19 18:49:27.959055
B*44:34,B*44:34,B,Bw4 - 80T,Bw4_80T,classified,T,NLRTALR,Bw4 - 80T,HLAtools_protein_alignment,IPD-IMGT/HLA 3.63.0,2026-02-19 18:49:27.959055
B*44:340,B*44:340,B,Bw4 - 80T,Bw4_80T,classified,T,NLRTALR,Bw4 - 80T,HLAtools_protein_alignment,IPD-IMGT/HLA 3.63.0,2026-02-19 18:49:27.959055
B*44:342,B*44:342,B,Bw4 - 80T,Bw4_80T,classified,T,NLRTALR,Bw4 - 80T,HLAtools_protein_alignment,IPD-IMGT/HLA 3.63.0,2026-02-19 18:49:27.959055
B*44:343,B*44:343,B,Bw4 - 80T,Bw4_80T,classified,T,NLRTALR,Bw4 - 80T,HLAtools_protein_alignment,IPD-IMGT/HLA 3.63.0,2026-02-19 18:49:27.959055
B*44:344,B*44:344,B,Bw4 - 80T,Bw4_80T,classified,T,NLRTALR,Bw4 - 80T,HLAtools_protein_alignment,IPD-IMGT/HLA 3.63.0,2026-02-19 18:49:27.959055
B*44:346,B*44:346,B,Bw4 - 80T,Bw4_80T,classified,T,NLRTALR,Bw4 - 80T,HLAtools_protein_alignment,IPD-IMGT/HLA 3.63.0,2026-02-19 18:49:27.959055
B*44:347,B*44:347,B,Bw4 - 80T,Bw4_80T,classified,T,NLRTALR,Bw4 - 80T,HLAtools_protein_alignment,IPD-IMGT/HLA 3.63.0,2026-02-19 18:49:27.959055
B*44:348,B*44:348,B,Bw4 - 80T,Bw4_80T,classified,T,NLRTALR,Bw4 - 80T,HLAtools_protein_alignment,IPD-IMGT/HLA 3.63.0,2026-02-19 18:49:27.959055
B*44:349,B*44:349,B,Bw4 - 80T,Bw4_80T,classified,T,NLRTALR,Bw4 - 80T,HLAtools_protein_alignment,IPD-IMGT/HLA 3.63.0,2026-02-19 18:49:27.959055
B*44:35,B*44:35,B,Bw4 - 80T,Bw4_80T,classified,T,NLRTALR,Bw4 - 80T,HLAtools_protein_alignment,IPD-IMGT/HLA 3.63.0,2026-02-19 18:49:27.959055
B*44:350,B*44:350,B,Bw4 - 80T,Bw4_80T,classified,T,NLRTALR,Bw4 - 80T,HLAtools_protein_alignment,IPD-IMGT/HLA 3.63.0,2026-02-19 18:49:27.959055
B*44:351,B*44:351,B,Bw4 - 80T,Bw4_80T,classified,T,NLRTALR,Bw4 - 80T,HLAtools_protein_alignment,IPD-IMGT/HLA 3.63.0,2026-02-19 18:49:27.959055
B*44:352,B*44:352,B,Bw4 - 80T,Bw4_80T,classified,T,NLRTALR,Bw4 - 80T,HLAtools_protein_alignment,IPD-IMGT/HLA 3.63.0,2026-02-19 18:49:27.959055
B*44:353,B*44:353,B,Bw4 - 80T,Bw4_80T,classified,T,NLRTAVR,Bw4 - 80T,HLAtools_protein_alignment,IPD-IMGT/HLA 3.63.0,2026-02-19 18:49:27.959055
B*44:355,B*44:355,B,Bw4 - 80I,Bw4_80I,classified,I,SLRIALR,NA,HLAtools_protein_alignment,IPD-IMGT/HLA 3.63.0,2026-02-19 18:49:27.959055
B*44:356,B*44:356,B,Bw6,Bw6,classified,N,SLRNLRG,Bw6,HLAtools_protein_alignment,IPD-IMGT/HLA 3.63.0,2026-02-19 18:49:27.959055
B*44:357,B*44:357,B,Bw4 - 80T,Bw4_80T,classified,T,NLRTALR,Bw4 - 80T,HLAtools_protein_alignment,IPD-IMGT/HLA 3.63.0,2026-02-19 18:49:27.959055
B*44:358,B*44:358,B,Bw4 - 80T,Bw4_80T,classified,T,NLRTALR,Bw4 - 80T,HLAtools_protein_alignment,IPD-IMGT/HLA 3.63.0,2026-02-19 18:49:27.959055
B*44:359,B*44:359,B,Bw4 - 80T,Bw4_80T,classified,T,NLRTALR,Bw4 - 80T,HLAtools_protein_alignment,IPD-IMGT/HLA 3.63.0,2026-02-19 18:49:27.959055
B*44:36,B*44:36,B,Bw4 - 80T,Bw4_80T,classified,T,NLRTALR,Bw4 - 80T,HLAtools_protein_alignment,IPD-IMGT/HLA 3.63.0,2026-02-19 18:49:27.959055
B*44:360,B*44:360,B,Bw4 - 80T,Bw4_80T,classified,T,NLRTVLR,Bw4 - 80T,HLAtools_protein_alignment,IPD-IMGT/HLA 3.63.0,2026-02-19 18:49:27.959055
B*44:361,B*44:361,B,Bw4 - 80T,Bw4_80T,classified,T,NLRTALR,Bw4 - 80T,HLAtools_protein_alignment,IPD-IMGT/HLA 3.63.0,2026-02-19 18:49:27.959055
B*44:362,B*44:362,B,Bw4 - 80T,Bw4_80T,classified,T,NLRTALR,Bw4 - 80T,HLAtools_protein_alignment,IPD-IMGT/HLA 3.63.0,2026-02-19 18:49:27.959055
B*44:363,B*44:363,B,Bw4 - 80T,Bw4_80T,classified,T,NLRTALR,Bw4 - 80T,HLAtools_protein_alignment,IPD-IMGT/HLA 3.63.0,2026-02-19 18:49:27.959055
B*44:364,B*44:364,B,Bw6,Bw6,classified,T,NLRTALG,Bw6,HLAtools_protein_alignment,IPD-IMGT/HLA 3.63.0,2026-02-19 18:49:27.959055
B*44:365,B*44:365,B,Bw4 - 80T,Bw4_80T,classified,T,NLRTALR,Bw4 - 80T,HLAtools_protein_alignment,IPD-IMGT/HLA 3.63.0,2026-02-19 18:49:27.959055
B*44:367,B*44:367,B,Bw4 - 80T,Bw4_80T,classified,T,NLRTALR,Bw4 - 80T,HLAtools_protein_alignment,IPD-IMGT/HLA 3.63.0,2026-02-19 18:49:27.959055
B*44:368,B*44:368,B,Bw4 - 80T,Bw4_80T,classified,T,NLRTALR,Bw4 - 80T,HLAtools_protein_alignment,IPD-IMGT/HLA 3.63.0,2026-02-19 18:49:27.959055
B*44:369,B*44:369,B,Bw4 - 80T,Bw4_80T,classified,T,NLRTALR,Bw4 - 80T,HLAtools_protein_alignment,IPD-IMGT/HLA 3.63.0,2026-02-19 18:49:27.959055
B*44:37,B*44:37,B,Bw4 - 80T,Bw4_80T,classified,T,NLRTALR,Bw4 - 80T,HLAtools_protein_alignment,IPD-IMGT/HLA 3.63.0,2026-02-19 18:49:27.959055
B*44:371,B*44:371,B,Bw4 - 80T,Bw4_80T,classified,T,NLRTALR,Bw4 - 80T,HLAtools_protein_alignment,IPD-IMGT/HLA 3.63.0,2026-02-19 18:49:27.959055
B*44:372,B*44:372,B,Bw4 - 80T,Bw4_80T,classified,T,NLRTALR,Bw4 - 80T,HLAtools_protein_alignment,IPD-IMGT/HLA 3.63.0,2026-02-19 18:49:27.959055
B*44:373,B*44:373,B,Bw4 - 80T,Bw4_80T,classified,T,NLRTALR,Bw4 - 80T,HLAtools_protein_alignment,IPD-IMGT/HLA 3.63.0,2026-02-19 18:49:27.959055
B*44:374,B*44:374,B,Bw4 - 80T,Bw4_80T,classified,T,NLRTALR,Bw4 - 80T,HLAtools_protein_alignment,IPD-IMGT/HLA 3.63.0,2026-02-19 18:49:27.959055
B*44:375,B*44:375,B,Bw4 - 80T,Bw4_80T,classified,T,NLRTALR,Bw4 - 80T,HLAtools_protein_alignment,IPD-IMGT/HLA 3.63.0,2026-02-19 18:49:27.959055
B*44:376,B*44:376,B,Bw4 - 80T,Bw4_80T,classified,T,NLRTALR,Bw4 - 80T,HLAtools_protein_alignment,IPD-IMGT/HLA 3.63.0,2026-02-19 18:49:27.959055
B*44:377,B*44:377,B,Bw4 - 80T,Bw4_80T,classified,T,KLRTALR,NA,HLAtools_protein_alignment,IPD-IMGT/HLA 3.63.0,2026-02-19 18:49:27.959055
B*44:378,B*44:378,B,Bw4 - 80T,Bw4_80T,classified,T,NLRTALR,Bw4 - 80T,HLAtools_protein_alignment,IPD-IMGT/HLA 3.63.0,2026-02-19 18:49:27.959055
B*44:379,B*44:379,B,Bw4 - 80T,Bw4_80T,classified,T,NLRTALR,Bw4 - 80T,HLAtools_protein_alignment,IPD-IMGT/HLA 3.63.0,2026-02-19 18:49:27.959055
B*44:38,B*44:38,B,Bw4 - 80T,Bw4_80T,classified,T,NLRTALR,Bw4 - 80T,HLAtools_protein_alignment,IPD-IMGT/HLA 3.63.0,2026-02-19 18:49:27.959055
B*44:380,B*44:380,B,Bw4 - 80T,Bw4_80T,classified,T,NLRTALR,Bw4 - 80T,HLAtools_protein_alignment,IPD-IMGT/HLA 3.63.0,2026-02-19 18:49:27.959055
B*44:381,B*44:381,B,Bw4 - 80T,Bw4_80T,classified,T,NLRTALR,Bw4 - 80T,HLAtools_protein_alignment,IPD-IMGT/HLA 3.63.0,2026-02-19 18:49:27.959055
B*44:382,B*44:382,B,Bw4 - 80T,Bw4_80T,classified,T,NLRTALR,Bw4 - 80T,HLAtools_protein_alignment,IPD-IMGT/HLA 3.63.0,2026-02-19 18:49:27.959055
B*44:383,B*44:383,B,Bw4 - 80T,Bw4_80T,classified,T,NLRTALR,Bw4 - 80T,HLAtools_protein_alignment,IPD-IMGT/HLA 3.63.0,2026-02-19 18:49:27.959055
B*44:384,B*44:384,B,Bw4 - 80T,Bw4_80T,classified,T,NLRTALR,Bw4 - 80T,HLAtools_protein_alignment,IPD-IMGT/HLA 3.63.0,2026-02-19 18:49:27.959055
B*44:385,B*44:385,B,Bw4 - 80T,Bw4_80T,classified,T,NLRTALR,Bw4 - 80T,HLAtools_protein_alignment,IPD-IMGT/HLA 3.63.0,2026-02-19 18:49:27.959055
B*44:386,B*44:386,B,Bw4 - 80T,Bw4_80T,classified,T,NLRTALR,Bw4 - 80T,HLAtools_protein_alignment,IPD-IMGT/HLA 3.63.0,2026-02-19 18:49:27.959055
B*44:387,B*44:387,B,Bw4 - 80T,Bw4_80T,classified,T,NLRTALR,Bw4 - 80T,HLAtools_protein_alignment,IPD-IMGT/HLA 3.63.0,2026-02-19 18:49:27.959055
B*44:388,B*44:388,B,Bw4 - 80T,Bw4_80T,classified,T,NLRTALR,Bw4 - 80T,HLAtools_protein_alignment,IPD-IMGT/HLA 3.63.0,2026-02-19 18:49:27.959055
B*44:389,B*44:389,B,Bw4 - 80T,Bw4_80T,classified,T,NLRTALR,Bw4 - 80T,HLAtools_protein_alignment,IPD-IMGT/HLA 3.63.0,2026-02-19 18:49:27.959055
B*44:39,B*44:39,B,Bw4 - 80T,Bw4_80T,classified,T,NLRTALR,Bw4 - 80T,HLAtools_protein_alignment,IPD-IMGT/HLA 3.63.0,2026-02-19 18:49:27.959055
B*44:390,B*44:390,B,Bw4 - 80T,Bw4_80T,classified,T,NLRTALR,Bw4 - 80T,HLAtools_protein_alignment,IPD-IMGT/HLA 3.63.0,2026-02-19 18:49:27.959055
B*44:391,B*44:391,B,Bw4 - 80T,Bw4_80T,classified,T,NLRTALR,Bw4 - 80T,HLAtools_protein_alignment,IPD-IMGT/HLA 3.63.0,2026-02-19 18:49:27.959055
B*44:392,B*44:392,B,Bw4 - 80T,Bw4_80T,classified,T,NLRTALR,Bw4 - 80T,HLAtools_protein_alignment,IPD-IMGT/HLA 3.63.0,2026-02-19 18:49:27.959055
B*44:393,B*44:393,B,Bw4 - 80T,Bw4_80T,classified,T,NLRTALR,Bw4 - 80T,HLAtools_protein_alignment,IPD-IMGT/HLA 3.63.0,2026-02-19 18:49:27.959055
B*44:394,B*44:394,B,Bw6,Bw6,classified,N,SLRNLRG,Bw6,HLAtools_protein_alignment,IPD-IMGT/HLA 3.63.0,2026-02-19 18:49:27.959055
B*44:395,B*44:395,B,Bw4 - 80T,Bw4_80T,classified,T,NLRTALR,Bw4 - 80T,HLAtools_protein_alignment,IPD-IMGT/HLA 3.63.0,2026-02-19 18:49:27.959055
B*44:396,B*44:396,B,Bw4 - 80T,Bw4_80T,classified,T,NLRTALR,Bw4 - 80T,HLAtools_protein_alignment,IPD-IMGT/HLA 3.63.0,2026-02-19 18:49:27.959055
B*44:397,B*44:397,B,Bw4 - 80T,Bw4_80T,classified,T,NLRTALR,Bw4 - 80T,HLAtools_protein_alignment,IPD-IMGT/HLA 3.63.0,2026-02-19 18:49:27.959055
B*44:398,B*44:398,B,Bw4 - 80T,Bw4_80T,classified,T,NLRTALR,Bw4 - 80T,HLAtools_protein_alignment,IPD-IMGT/HLA 3.63.0,2026-02-19 18:49:27.959055
B*44:399,B*44:399,B,Bw4 - 80T,Bw4_80T,classified,T,NLRTALR,Bw4 - 80T,HLAtools_protein_alignment,IPD-IMGT/HLA 3.63.0,2026-02-19 18:49:27.959055
B*44:40,B*44:40,B,Bw4 - 80T,Bw4_80T,classified,T,NLRTALR,Bw4 - 80T,HLAtools_protein_alignment,IPD-IMGT/HLA 3.63.0,2026-02-19 18:49:27.959055
B*44:400,B*44:400,B,Bw4 - 80T,Bw4_80T,classified,T,NLRTALR,Bw4 - 80T,HLAtools_protein_alignment,IPD-IMGT/HLA 3.63.0,2026-02-19 18:49:27.959055
B*44:401,B*44:401,B,Bw4 - 80T,Bw4_80T,classified,T,NLRTALR,Bw4 - 80T,HLAtools_protein_alignment,IPD-IMGT/HLA 3.63.0,2026-02-19 18:49:27.959055
B*44:402,B*44:402,B,Bw4 - 80T,Bw4_80T,classified,T,NLRTALR,Bw4 - 80T,HLAtools_protein_alignment,IPD-IMGT/HLA 3.63.0,2026-02-19 18:49:27.959055
B*44:403,B*44:403,B,Bw4 - 80T,Bw4_80T,classified,T,NLRTALR,Bw4 - 80T,HLAtools_protein_alignment,IPD-IMGT/HLA 3.63.0,2026-02-19 18:49:27.959055
B*44:404,B*44:404,B,Bw4 - 80T,Bw4_80T,classified,T,NLRTALR,Bw4 - 80T,HLAtools_protein_alignment,IPD-IMGT/HLA 3.63.0,2026-02-19 18:49:27.959055
B*44:405,B*44:405,B,Bw4 - 80T,Bw4_80T,classified,T,NLRTALR,Bw4 - 80T,HLAtools_protein_alignment,IPD-IMGT/HLA 3.63.0,2026-02-19 18:49:27.959055
B*44:406,B*44:406,B,Bw4 - 80T,Bw4_80T,classified,T,NLRTALR,Bw4 - 80T,HLAtools_protein_alignment,IPD-IMGT/HLA 3.63.0,2026-02-19 18:49:27.959055
B*44:407,B*44:407,B,Bw4 - 80T,Bw4_80T,classified,T,NLRTALR,Bw4 - 80T,HLAtools_protein_alignment,IPD-IMGT/HLA 3.63.0,2026-02-19 18:49:27.959055
B*44:408,B*44:408,B,Bw4 - 80T,Bw4_80T,classified,T,NLRTALR,Bw4 - 80T,HLAtools_protein_alignment,IPD-IMGT/HLA 3.63.0,2026-02-19 18:49:27.959055
B*44:409,B*44:409,B,Bw4 - 80T,Bw4_80T,classified,T,NLRTALR,Bw4 - 80T,HLAtools_protein_alignment,IPD-IMGT/HLA 3.63.0,2026-02-19 18:49:27.959055
B*44:41,B*44:41,B,Bw4 - 80T,Bw4_80T,classified,T,NLRTALR,Bw4 - 80T,HLAtools_protein_alignment,IPD-IMGT/HLA 3.63.0,2026-02-19 18:49:27.959055
B*44:410,B*44:410,B,Bw4 - 80T,Bw4_80T,classified,T,NLRTALR,Bw4 - 80T,HLAtools_protein_alignment,IPD-IMGT/HLA 3.63.0,2026-02-19 18:49:27.959055
B*44:411,B*44:411,B,Bw4 - 80T,Bw4_80T,classified,T,NLRTALR,Bw4 - 80T,HLAtools_protein_alignment,IPD-IMGT/HLA 3.63.0,2026-02-19 18:49:27.959055
B*44:412,B*44:412,B,Bw4 - 80T,Bw4_80T,classified,T,NLRTALR,Bw4 - 80T,HLAtools_protein_alignment,IPD-IMGT/HLA 3.63.0,2026-02-19 18:49:27.959055
B*44:413,B*44:413,B,Bw4 - 80T,Bw4_80T,classified,T,NLRTALR,Bw4 - 80T,HLAtools_protein_alignment,IPD-IMGT/HLA 3.63.0,2026-02-19 18:49:27.959055
B*44:414,B*44:414,B,Bw4 - 80T,Bw4_80T,classified,T,NLRTALR,Bw4 - 80T,HLAtools_protein_alignment,IPD-IMGT/HLA 3.63.0,2026-02-19 18:49:27.959055
B*44:415,B*44:415,B,Bw4 - 80T,Bw4_80T,classified,T,NLRTALR,Bw4 - 80T,HLAtools_protein_alignment,IPD-IMGT/HLA 3.63.0,2026-02-19 18:49:27.959055
B*44:416,B*44:416,B,Bw4 - 80T,Bw4_80T,classified,T,NLRTALR,Bw4 - 80T,HLAtools_protein_alignment,IPD-IMGT/HLA 3.63.0,2026-02-19 18:49:27.959055
B*44:417,B*44:417,B,Bw4 - 80T,Bw4_80T,classified,T,NLRTALR,Bw4 - 80T,HLAtools_protein_alignment,IPD-IMGT/HLA 3.63.0,2026-02-19 18:49:27.959055
B*44:418,B*44:418,B,Bw4 - 80T,Bw4_80T,classified,T,NLRTALR,Bw4 - 80T,HLAtools_protein_alignment,IPD-IMGT/HLA 3.63.0,2026-02-19 18:49:27.959055
B*44:419,B*44:419,B,Bw4 - 80T,Bw4_80T,classified,T,NLRTALR,Bw4 - 80T,HLAtools_protein_alignment,IPD-IMGT/HLA 3.63.0,2026-02-19 18:49:27.959055
B*44:42,B*44:42,B,Bw4 - 80T,Bw4_80T,classified,T,NLRTALR,Bw4 - 80T,HLAtools_protein_alignment,IPD-IMGT/HLA 3.63.0,2026-02-19 18:49:27.959055
B*44:420,B*44:420,B,Bw4 - 80T,Bw4_80T,classified,T,NLRTALR,Bw4 - 80T,HLAtools_protein_alignment,IPD-IMGT/HLA 3.63.0,2026-02-19 18:49:27.959055
B*44:421,B*44:421,B,Bw4 - 80T,Bw4_80T,classified,T,NLRTALR,Bw4 - 80T,HLAtools_protein_alignment,IPD-IMGT/HLA 3.63.0,2026-02-19 18:49:27.959055
B*44:422,B*44:422,B,Bw4 - 80T,Bw4_80T,classified,T,NLRTALR,Bw4 - 80T,HLAtools_protein_alignment,IPD-IMGT/HLA 3.63.0,2026-02-19 18:49:27.959055
B*44:423,B*44:423,B,Bw4 - 80T,Bw4_80T,classified,T,NLRTALR,Bw4 - 80T,HLAtools_protein_alignment,IPD-IMGT/HLA 3.63.0,2026-02-19 18:49:27.959055
B*44:424,B*44:424,B,Bw4 - 80T,Bw4_80T,classified,T,NLRTALR,Bw4 - 80T,HLAtools_protein_alignment,IPD-IMGT/HLA 3.63.0,2026-02-19 18:49:27.959055
B*44:425,B*44:425,B,Bw4 - 80T,Bw4_80T,classified,T,NLRTALR,Bw4 - 80T,HLAtools_protein_alignment,IPD-IMGT/HLA 3.63.0,2026-02-19 18:49:27.959055
B*44:426,B*44:426,B,Bw4 - 80T,Bw4_80T,classified,T,NLRTALR,Bw4 - 80T,HLAtools_protein_alignment,IPD-IMGT/HLA 3.63.0,2026-02-19 18:49:27.959055
B*44:427Q,B*44:427Q,B,Bw4 - 80T,Bw4_80T,classified,T,NLRTALR,NA,HLAtools_protein_alignment,IPD-IMGT/HLA 3.63.0,2026-02-19 18:49:27.959055
B*44:428,B*44:428,B,Bw4 - 80T,Bw4_80T,classified,T,NLRTALR,Bw4 - 80T,HLAtools_protein_alignment,IPD-IMGT/HLA 3.63.0,2026-02-19 18:49:27.959055
B*44:43,B*44:43,B,Bw4 - 80T,Bw4_80T,classified,T,NLRTALR,Bw4 - 80T,HLAtools_protein_alignment,IPD-IMGT/HLA 3.63.0,2026-02-19 18:49:27.959055
B*44:430,B*44:430,B,Bw4 - 80T,Bw4_80T,classified,T,NLRTALR,Bw4 - 80T,HLAtools_protein_alignment,IPD-IMGT/HLA 3.63.0,2026-02-19 18:49:27.959055
B*44:431Q,B*44:431Q,B,Bw4 - 80T,Bw4_80T,classified,T,NLRTALR,NA,HLAtools_protein_alignment,IPD-IMGT/HLA 3.63.0,2026-02-19 18:49:27.959055
B*44:432Q,B*44:432Q,B,Bw4 - 80T,Bw4_80T,classified,T,NLRTALR,NA,HLAtools_protein_alignment,IPD-IMGT/HLA 3.63.0,2026-02-19 18:49:27.959055
B*44:433,B*44:433,B,Bw4 - 80T,Bw4_80T,classified,T,NLRTALR,Bw4 - 80T,HLAtools_protein_alignment,IPD-IMGT/HLA 3.63.0,2026-02-19 18:49:27.959055
B*44:434,B*44:434,B,Bw4 - 80T,Bw4_80T,classified,T,NLRTALR,Bw4 - 80T,HLAtools_protein_alignment,IPD-IMGT/HLA 3.63.0,2026-02-19 18:49:27.959055
B*44:435,B*44:435,B,Bw4 - 80T,Bw4_80T,classified,T,NLRTALR,Bw4 - 80T,HLAtools_protein_alignment,IPD-IMGT/HLA 3.63.0,2026-02-19 18:49:27.959055
B*44:436,B*44:436,B,Bw4 - 80T,Bw4_80T,classified,T,NLRTALR,Bw4 - 80T,HLAtools_protein_alignment,IPD-IMGT/HLA 3.63.0,2026-02-19 18:49:27.959055
B*44:437,B*44:437,B,Bw4 - 80T,Bw4_80T,classified,T,NLRTALR,Bw4 - 80T,HLAtools_protein_alignment,IPD-IMGT/HLA 3.63.0,2026-02-19 18:49:27.959055
B*44:439,B*44:439,B,Bw4 - 80T,Bw4_80T,classified,T,NLRTALR,Bw4 - 80T,HLAtools_protein_alignment,IPD-IMGT/HLA 3.63.0,2026-02-19 18:49:27.959055
B*44:44,B*44:44,B,Bw4 - 80T,Bw4_80T,classified,T,NLRTALR,Bw4 - 80T,HLAtools_protein_alignment,IPD-IMGT/HLA 3.63.0,2026-02-19 18:49:27.959055
B*44:440,B*44:440,B,Bw4 - 80T,Bw4_80T,classified,T,NLRTALR,Bw4 - 80T,HLAtools_protein_alignment,IPD-IMGT/HLA 3.63.0,2026-02-19 18:49:27.959055
B*44:441,B*44:441,B,Bw4 - 80T,Bw4_80T,classified,T,NLRTALR,Bw4 - 80T,HLAtools_protein_alignment,IPD-IMGT/HLA 3.63.0,2026-02-19 18:49:27.959055
B*44:442,B*44:442,B,Bw4 - 80T,Bw4_80T,classified,T,NLRTALR,Bw4 - 80T,HLAtools_protein_alignment,IPD-IMGT/HLA 3.63.0,2026-02-19 18:49:27.959055
B*44:443,B*44:443,B,Bw4 - 80T,Bw4_80T,classified,T,NLRTALR,Bw4 - 80T,HLAtools_protein_alignment,IPD-IMGT/HLA 3.63.0,2026-02-19 18:49:27.959055
B*44:444,B*44:444,B,Bw4 - 80T,Bw4_80T,classified,T,NLRTALR,Bw4 - 80T,HLAtools_protein_alignment,IPD-IMGT/HLA 3.63.0,2026-02-19 18:49:27.959055
B*44:445,B*44:445,B,Bw4 - 80T,Bw4_80T,classified,T,NLRTALR,Bw4 - 80T,HLAtools_protein_alignment,IPD-IMGT/HLA 3.63.0,2026-02-19 18:49:27.959055
B*44:446,B*44:446,B,Bw4 - 80T,Bw4_80T,classified,T,NLRTALR,Bw4 - 80T,HLAtools_protein_alignment,IPD-IMGT/HLA 3.63.0,2026-02-19 18:49:27.959055
B*44:447,B*44:447,B,Bw4 - 80T,Bw4_80T,classified,T,NLRTALR,Bw4 - 80T,HLAtools_protein_alignment,IPD-IMGT/HLA 3.63.0,2026-02-19 18:49:27.959055
B*44:45,B*44:45,B,Bw4 - 80T,Bw4_80T,classified,T,NLRTALR,Bw4 - 80T,HLAtools_protein_alignment,IPD-IMGT/HLA 3.63.0,2026-02-19 18:49:27.959055
B*44:450,B*44:450,B,Bw4 - 80T,Bw4_80T,classified,T,NLRTALR,Bw4 - 80T,HLAtools_protein_alignment,IPD-IMGT/HLA 3.63.0,2026-02-19 18:49:27.959055
B*44:451,B*44:451,B,Bw4 - 80T,Bw4_80T,classified,T,NLRTALR,Bw4 - 80T,HLAtools_protein_alignment,IPD-IMGT/HLA 3.63.0,2026-02-19 18:49:27.959055
B*44:452,B*44:452,B,Bw4 - 80T,Bw4_80T,classified,T,NLRTALR,Bw4 - 80T,HLAtools_protein_alignment,IPD-IMGT/HLA 3.63.0,2026-02-19 18:49:27.959055
B*44:453,B*44:453,B,Bw4 - 80T,Bw4_80T,classified,T,NLRTALR,Bw4 - 80T,HLAtools_protein_alignment,IPD-IMGT/HLA 3.63.0,2026-02-19 18:49:27.959055
B*44:454,B*44:454,B,Bw4 - 80T,Bw4_80T,classified,T,NLRTGLR,Bw4 - 80T,HLAtools_protein_alignment,IPD-IMGT/HLA 3.63.0,2026-02-19 18:49:27.959055
B*44:455,B*44:455,B,Bw4 - 80S,Bw4_80S,classified,S,NLRSALR,NA,HLAtools_protein_alignment,IPD-IMGT/HLA 3.63.0,2026-02-19 18:49:27.959055
B*44:456,B*44:456,B,Bw4 - 80T,Bw4_80T,classified,T,NLRTALR,Bw4 - 80T,HLAtools_protein_alignment,IPD-IMGT/HLA 3.63.0,2026-02-19 18:49:27.959055
B*44:457,B*44:457,B,Bw4 - 80T,Bw4_80T,classified,T,NLRTALR,Bw4 - 80T,HLAtools_protein_alignment,IPD-IMGT/HLA 3.63.0,2026-02-19 18:49:27.959055
B*44:458,B*44:458,B,Non-canonical,NonCanonical,non_canonical_83,T,NLRTALL,Bw4 - 80T,HLAtools_protein_alignment,IPD-IMGT/HLA 3.63.0,2026-02-19 18:49:27.959055
B*44:459,B*44:459,B,Bw4 - 80T,Bw4_80T,classified,T,NLRTALR,Bw4 - 80T,HLAtools_protein_alignment,IPD-IMGT/HLA 3.63.0,2026-02-19 18:49:27.959055
B*44:46,B*44:46,B,Bw6,Bw6,classified,N,SLRNLRG,Bw6,HLAtools_protein_alignment,IPD-IMGT/HLA 3.63.0,2026-02-19 18:49:27.959055
B*44:460,B*44:460,B,Bw4 - 80T,Bw4_80T,classified,T,NLRTALR,Bw4 - 80T,HLAtools_protein_alignment,IPD-IMGT/HLA 3.63.0,2026-02-19 18:49:27.959055
B*44:461,B*44:461,B,Bw4 - 80T,Bw4_80T,classified,T,NLRTALR,Bw4 - 80T,HLAtools_protein_alignment,IPD-IMGT/HLA 3.63.0,2026-02-19 18:49:27.959055
B*44:462,B*44:462,B,Bw4 - 80T,Bw4_80T,classified,T,NLRTALR,Bw4 - 80T,HLAtools_protein_alignment,IPD-IMGT/HLA 3.63.0,2026-02-19 18:49:27.959055
B*44:463,B*44:463,B,Bw4 - 80T,Bw4_80T,classified,T,NLRTALR,Bw4 - 80T,HLAtools_protein_alignment,IPD-IMGT/HLA 3.63.0,2026-02-19 18:49:27.959055
B*44:464,B*44:464,B,Bw4 - 80T,Bw4_80T,classified,T,NLRTALR,Bw4 - 80T,HLAtools_protein_alignment,IPD-IMGT/HLA 3.63.0,2026-02-19 18:49:27.959055
B*44:465,B*44:465,B,Bw4 - 80T,Bw4_80T,classified,T,NLRTALR,Bw4 - 80T,HLAtools_protein_alignment,IPD-IMGT/HLA 3.63.0,2026-02-19 18:49:27.959055
B*44:467,B*44:467,B,Bw4 - 80T,Bw4_80T,classified,T,NLRTALR,Bw4 - 80T,HLAtools_protein_alignment,IPD-IMGT/HLA 3.63.0,2026-02-19 18:49:27.959055
B*44:468,B*44:468,B,Bw4 - 80T,Bw4_80T,classified,T,NLRTALR,Bw4 - 80T,HLAtools_protein_alignment,IPD-IMGT/HLA 3.63.0,2026-02-19 18:49:27.959055
B*44:469,B*44:469,B,Bw4 - 80T,Bw4_80T,classified,T,NLRTALR,Bw4 - 80T,HLAtools_protein_alignment,IPD-IMGT/HLA 3.63.0,2026-02-19 18:49:27.959055
B*44:47,B*44:47,B,Bw4 - 80T,Bw4_80T,classified,T,NLRTALR,Bw4 - 80T,HLAtools_protein_alignment,IPD-IMGT/HLA 3.63.0,2026-02-19 18:49:27.959055
B*44:470,B*44:470,B,Bw4 - 80T,Bw4_80T,classified,T,NLRTALR,Bw4 - 80T,HLAtools_protein_alignment,IPD-IMGT/HLA 3.63.0,2026-02-19 18:49:27.959055
B*44:471,B*44:471,B,Bw4 - 80T,Bw4_80T,classified,T,NLRTALR,Bw4 - 80T,HLAtools_protein_alignment,IPD-IMGT/HLA 3.63.0,2026-02-19 18:49:27.959055
B*44:472,B*44:472,B,Bw4 - 80T,Bw4_80T,classified,T,NLRTALR,Bw4 - 80T,HLAtools_protein_alignment,IPD-IMGT/HLA 3.63.0,2026-02-19 18:49:27.959055
B*44:473,B*44:473,B,Bw4 - 80T,Bw4_80T,classified,T,NLRTALR,Bw4 - 80T,HLAtools_protein_alignment,IPD-IMGT/HLA 3.63.0,2026-02-19 18:49:27.959055
B*44:474,B*44:474,B,Bw4 - 80T,Bw4_80T,classified,T,NLRTALR,Bw4 - 80T,HLAtools_protein_alignment,IPD-IMGT/HLA 3.63.0,2026-02-19 18:49:27.959055
B*44:475,B*44:475,B,Bw4 - 80T,Bw4_80T,classified,T,NLRTALR,Bw4 - 80T,HLAtools_protein_alignment,IPD-IMGT/HLA 3.63.0,2026-02-19 18:49:27.959055
B*44:476,B*44:476,B,Bw4 - 80T,Bw4_80T,classified,T,NLRTALR,Bw4 - 80T,HLAtools_protein_alignment,IPD-IMGT/HLA 3.63.0,2026-02-19 18:49:27.959055
B*44:477,B*44:477,B,Bw4 - 80T,Bw4_80T,classified,T,NLRTALR,Bw4 - 80T,HLAtools_protein_alignment,IPD-IMGT/HLA 3.63.0,2026-02-19 18:49:27.959055
B*44:478,B*44:478,B,Bw4 - 80T,Bw4_80T,classified,T,NLRTALR,Bw4 - 80T,HLAtools_protein_alignment,IPD-IMGT/HLA 3.63.0,2026-02-19 18:49:27.959055
B*44:479,B*44:479,B,Bw4 - 80T,Bw4_80T,classified,T,NLRTALR,Bw4 - 80T,HLAtools_protein_alignment,IPD-IMGT/HLA 3.63.0,2026-02-19 18:49:27.959055
B*44:48,B*44:48,B,Bw4 - 80T,Bw4_80T,classified,T,NLRTALR,Bw4 - 80T,HLAtools_protein_alignment,IPD-IMGT/HLA 3.63.0,2026-02-19 18:49:27.959055
B*44:480Q,B*44:480Q,B,Bw4 - 80T,Bw4_80T,classified,T,NLRTALR,NA,HLAtools_protein_alignment,IPD-IMGT/HLA 3.63.0,2026-02-19 18:49:27.959055
B*44:481,B*44:481,B,Bw4 - 80T,Bw4_80T,classified,T,NLRTALR,Bw4 - 80T,HLAtools_protein_alignment,IPD-IMGT/HLA 3.63.0,2026-02-19 18:49:27.959055
B*44:482,B*44:482,B,Bw4 - 80T,Bw4_80T,classified,T,NLRTALR,Bw4 - 80T,HLAtools_protein_alignment,IPD-IMGT/HLA 3.63.0,2026-02-19 18:49:27.959055
B*44:483,B*44:483,B,Bw4 - 80T,Bw4_80T,classified,T,NLRTALR,Bw4 - 80T,HLAtools_protein_alignment,IPD-IMGT/HLA 3.63.0,2026-02-19 18:49:27.959055
B*44:484,B*44:484,B,Bw4 - 80T,Bw4_80T,classified,T,NLRTALR,Bw4 - 80T,HLAtools_protein_alignment,IPD-IMGT/HLA 3.63.0,2026-02-19 18:49:27.959055
B*44:485,B*44:485,B,Bw4 - 80T,Bw4_80T,classified,T,NLRTALR,Bw4 - 80T,HLAtools_protein_alignment,IPD-IMGT/HLA 3.63.0,2026-02-19 18:49:27.959055
B*44:486,B*44:486,B,Bw4 - 80T,Bw4_80T,classified,T,NLRTALR,Bw4 - 80T,HLAtools_protein_alignment,IPD-IMGT/HLA 3.63.0,2026-02-19 18:49:27.959055
B*44:487,B*44:487,B,Bw4 - 80T,Bw4_80T,classified,T,NLRTALR,Bw4 - 80T,HLAtools_protein_alignment,IPD-IMGT/HLA 3.63.0,2026-02-19 18:49:27.959055
B*44:488,B*44:488,B,Bw4 - 80T,Bw4_80T,classified,T,NLRTALR,Bw4 - 80T,HLAtools_protein_alignment,IPD-IMGT/HLA 3.63.0,2026-02-19 18:49:27.959055
B*44:489,B*44:489,B,Bw4 - 80T,Bw4_80T,classified,T,NLRTALR,Bw4 - 80T,HLAtools_protein_alignment,IPD-IMGT/HLA 3.63.0,2026-02-19 18:49:27.959055
B*44:49,B*44:49,B,Bw4 - 80T,Bw4_80T,classified,T,NLRTALR,Bw4 - 80T,HLAtools_protein_alignment,IPD-IMGT/HLA 3.63.0,2026-02-19 18:49:27.959055
B*44:490,B*44:490,B,Bw4 - 80T,Bw4_80T,classified,T,NLRTALR,Bw4 - 80T,HLAtools_protein_alignment,IPD-IMGT/HLA 3.63.0,2026-02-19 18:49:27.959055
B*44:491,B*44:491,B,Bw4 - 80T,Bw4_80T,classified,T,NLRTALR,Bw4 - 80T,HLAtools_protein_alignment,IPD-IMGT/HLA 3.63.0,2026-02-19 18:49:27.959055
B*44:492,B*44:492,B,Bw4 - 80T,Bw4_80T,classified,T,NLRTALR,Bw4 - 80T,HLAtools_protein_alignment,IPD-IMGT/HLA 3.63.0,2026-02-19 18:49:27.959055
B*44:493,B*44:493,B,Bw4 - 80T,Bw4_80T,classified,T,NLRTALR,Bw4 - 80T,HLAtools_protein_alignment,IPD-IMGT/HLA 3.63.0,2026-02-19 18:49:27.959055
B*44:494,B*44:494,B,Bw4 - 80T,Bw4_80T,classified,T,NLRTALR,Bw4 - 80T,HLAtools_protein_alignment,IPD-IMGT/HLA 3.63.0,2026-02-19 18:49:27.959055
B*44:495,B*44:495,B,Bw4 - 80T,Bw4_80T,classified,T,NLRTALR,Bw4 - 80T,HLAtools_protein_alignment,IPD-IMGT/HLA 3.63.0,2026-02-19 18:49:27.959055
B*44:496,B*44:496,B,Bw4 - 80T,Bw4_80T,classified,T,NLRTALR,Bw4 - 80T,HLAtools_protein_alignment,IPD-IMGT/HLA 3.63.0,2026-02-19 18:49:27.959055
B*44:497,B*44:497,B,Bw4 - 80T,Bw4_80T,classified,T,NLRTALR,Bw4 - 80T,HLAtools_protein_alignment,IPD-IMGT/HLA 3.63.0,2026-02-19 18:49:27.959055
B*44:498,B*44:498,B,Bw4 - 80T,Bw4_80T,classified,T,NLRTALR,Bw4 - 80T,HLAtools_protein_alignment,IPD-IMGT/HLA 3.63.0,2026-02-19 18:49:27.959055
B*44:499,B*44:499,B,Bw4 - 80T,Bw4_80T,classified,T,NLRTALR,Bw4 - 80T,HLAtools_protein_alignment,IPD-IMGT/HLA 3.63.0,2026-02-19 18:49:27.959055
B*44:50,B*44:50,B,Bw4 - 80I,Bw4_80I,classified,I,NLRIALR,Bw4 - 80I,HLAtools_protein_alignment,IPD-IMGT/HLA 3.63.0,2026-02-19 18:49:27.959055
B*44:500,B*44:500,B,Bw4 - 80T,Bw4_80T,classified,T,NLRTALR,Bw4 - 80T,HLAtools_protein_alignment,IPD-IMGT/HLA 3.63.0,2026-02-19 18:49:27.959055
B*44:501,B*44:501,B,Bw4 - 80T,Bw4_80T,classified,T,NLRTALR,Bw4 - 80T,HLAtools_protein_alignment,IPD-IMGT/HLA 3.63.0,2026-02-19 18:49:27.959055
B*44:502,B*44:502,B,Bw4 - 80T,Bw4_80T,classified,T,NLRTALR,Bw4 - 80T,HLAtools_protein_alignment,IPD-IMGT/HLA 3.63.0,2026-02-19 18:49:27.959055
B*44:503,B*44:503,B,Bw4 - 80T,Bw4_80T,classified,T,NLRTALR,Bw4 - 80T,HLAtools_protein_alignment,IPD-IMGT/HLA 3.63.0,2026-02-19 18:49:27.959055
B*44:504,B*44:504,B,Bw4 - 80T,Bw4_80T,classified,T,NLRTALR,Bw4 - 80T,HLAtools_protein_alignment,IPD-IMGT/HLA 3.63.0,2026-02-19 18:49:27.959055
B*44:505,B*44:505,B,Bw4 - 80T,Bw4_80T,classified,T,NLRTALR,Bw4 - 80T,HLAtools_protein_alignment,IPD-IMGT/HLA 3.63.0,2026-02-19 18:49:27.959055
B*44:506,B*44:506,B,Bw4 - 80T,Bw4_80T,classified,T,NLRTALR,Bw4 - 80T,HLAtools_protein_alignment,IPD-IMGT/HLA 3.63.0,2026-02-19 18:49:27.959055
B*44:507,B*44:507,B,Bw4 - 80T,Bw4_80T,classified,T,NLRTALR,Bw4 - 80T,HLAtools_protein_alignment,IPD-IMGT/HLA 3.63.0,2026-02-19 18:49:27.959055
B*44:508,B*44:508,B,Bw4 - 80T,Bw4_80T,classified,T,NLRTALR,Bw4 - 80T,HLAtools_protein_alignment,IPD-IMGT/HLA 3.63.0,2026-02-19 18:49:27.959055
B*44:509,B*44:509,B,Bw4 - 80T,Bw4_80T,classified,T,NLRTALR,Bw4 - 80T,HLAtools_protein_alignment,IPD-IMGT/HLA 3.63.0,2026-02-19 18:49:27.959055
B*44:51,B*44:51,B,Bw4 - 80T,Bw4_80T,classified,T,NLRTALR,Bw4 - 80T,HLAtools_protein_alignment,IPD-IMGT/HLA 3.63.0,2026-02-19 18:49:27.959055
B*44:510,B*44:510,B,Bw4 - 80T,Bw4_80T,classified,T,NLRTALR,Bw4 - 80T,HLAtools_protein_alignment,IPD-IMGT/HLA 3.63.0,2026-02-19 18:49:27.959055
B*44:511,B*44:511,B,Bw4 - 80T,Bw4_80T,classified,T,NLRTALR,Bw4 - 80T,HLAtools_protein_alignment,IPD-IMGT/HLA 3.63.0,2026-02-19 18:49:27.959055
B*44:513,B*44:513,B,Bw4 - 80T,Bw4_80T,classified,T,NLRTALR,Bw4 - 80T,HLAtools_protein_alignment,IPD-IMGT/HLA 3.63.0,2026-02-19 18:49:27.959055
B*44:514,B*44:514,B,Bw4 - 80T,Bw4_80T,classified,T,NLRTALR,Bw4 - 80T,HLAtools_protein_alignment,IPD-IMGT/HLA 3.63.0,2026-02-19 18:49:27.959055
B*44:515,B*44:515,B,Bw4 - 80T,Bw4_80T,classified,T,NLRTALR,Bw4 - 80T,HLAtools_protein_alignment,IPD-IMGT/HLA 3.63.0,2026-02-19 18:49:27.959055
B*44:516,B*44:516,B,Bw4 - 80T,Bw4_80T,classified,T,NLRTALR,Bw4 - 80T,HLAtools_protein_alignment,IPD-IMGT/HLA 3.63.0,2026-02-19 18:49:27.959055
B*44:517,B*44:517,B,Bw4 - 80T,Bw4_80T,classified,T,NLRTALR,Bw4 - 80T,HLAtools_protein_alignment,IPD-IMGT/HLA 3.63.0,2026-02-19 18:49:27.959055
B*44:518,B*44:518,B,Bw4 - 80T,Bw4_80T,classified,T,NLRTALR,Bw4 - 80T,HLAtools_protein_alignment,IPD-IMGT/HLA 3.63.0,2026-02-19 18:49:27.959055
B*44:519,B*44:519,B,Bw4 - 80T,Bw4_80T,classified,T,NLRTALR,Bw4 - 80T,HLAtools_protein_alignment,IPD-IMGT/HLA 3.63.0,2026-02-19 18:49:27.959055
B*44:520,B*44:520,B,Bw4 - 80T,Bw4_80T,classified,T,NLRTALR,Bw4 - 80T,HLAtools_protein_alignment,IPD-IMGT/HLA 3.63.0,2026-02-19 18:49:27.959055
B*44:521,B*44:521,B,Bw4 - 80T,Bw4_80T,classified,T,NLRTALR,Bw4 - 80T,HLAtools_protein_alignment,IPD-IMGT/HLA 3.63.0,2026-02-19 18:49:27.959055
B*44:522,B*44:522,B,Bw4 - 80T,Bw4_80T,classified,T,NLRTALR,Bw4 - 80T,HLAtools_protein_alignment,IPD-IMGT/HLA 3.63.0,2026-02-19 18:49:27.959055
B*44:524,B*44:524,B,Bw4 - 80T,Bw4_80T,classified,T,NLRTALR,Bw4 - 80T,HLAtools_protein_alignment,IPD-IMGT/HLA 3.63.0,2026-02-19 18:49:27.959055
B*44:526,B*44:526,B,Bw4 - 80T,Bw4_80T,classified,T,NLRTALR,Bw4 - 80T,HLAtools_protein_alignment,IPD-IMGT/HLA 3.63.0,2026-02-19 18:49:27.959055
B*44:527,B*44:527,B,Bw4 - 80T,Bw4_80T,classified,T,NLRTALR,Bw4 - 80T,HLAtools_protein_alignment,IPD-IMGT/HLA 3.63.0,2026-02-19 18:49:27.959055
B*44:528,B*44:528,B,Bw4 - 80T,Bw4_80T,classified,T,NLRTALR,Bw4 - 80T,HLAtools_protein_alignment,IPD-IMGT/HLA 3.63.0,2026-02-19 18:49:27.959055
B*44:529,B*44:529,B,Bw4 - 80T,Bw4_80T,classified,T,NLRTALR,Bw4 - 80T,HLAtools_protein_alignment,IPD-IMGT/HLA 3.63.0,2026-02-19 18:49:27.959055
B*44:53,B*44:53,B,Bw4 - 80T,Bw4_80T,classified,T,NLRTALR,Bw4 - 80T,HLAtools_protein_alignment,IPD-IMGT/HLA 3.63.0,2026-02-19 18:49:27.959055
B*44:530,B*44:530,B,Bw4 - 80T,Bw4_80T,classified,T,NLRTALR,Bw4 - 80T,HLAtools_protein_alignment,IPD-IMGT/HLA 3.63.0,2026-02-19 18:49:27.959055
B*44:531,B*44:531,B,Bw4 - 80T,Bw4_80T,classified,T,NLRTALR,Bw4 - 80T,HLAtools_protein_alignment,IPD-IMGT/HLA 3.63.0,2026-02-19 18:49:27.959055
B*44:532,B*44:532,B,Bw4 - 80T,Bw4_80T,classified,T,NLRTALR,Bw4 - 80T,HLAtools_protein_alignment,IPD-IMGT/HLA 3.63.0,2026-02-19 18:49:27.959055
B*44:533,B*44:533,B,Bw4 - 80T,Bw4_80T,classified,T,NLRTALR,Bw4 - 80T,HLAtools_protein_alignment,IPD-IMGT/HLA 3.63.0,2026-02-19 18:49:27.959055
B*44:534,B*44:534,B,Bw4 - 80T,Bw4_80T,classified,T,NLRTALR,Bw4 - 80T,HLAtools_protein_alignment,IPD-IMGT/HLA 3.63.0,2026-02-19 18:49:27.959055
B*44:535,B*44:535,B,Bw4 - 80T,Bw4_80T,classified,T,NLRTALR,Bw4 - 80T,HLAtools_protein_alignment,IPD-IMGT/HLA 3.63.0,2026-02-19 18:49:27.959055
B*44:536,B*44:536,B,Bw4 - 80T,Bw4_80T,classified,T,NLRTALR,Bw4 - 80T,HLAtools_protein_alignment,IPD-IMGT/HLA 3.63.0,2026-02-19 18:49:27.959055
B*44:537,B*44:537,B,Bw4 - 80T,Bw4_80T,classified,T,SLRTALR,Bw4 - 80T,HLAtools_protein_alignment,IPD-IMGT/HLA 3.63.0,2026-02-19 18:49:27.959055
B*44:538,B*44:538,B,Bw4 - 80T,Bw4_80T,classified,T,NLRTALR,Bw4 - 80T,HLAtools_protein_alignment,IPD-IMGT/HLA 3.63.0,2026-02-19 18:49:27.959055
B*44:539,B*44:539,B,Bw4 - 80T,Bw4_80T,classified,T,NLRTALR,Bw4 - 80T,HLAtools_protein_alignment,IPD-IMGT/HLA 3.63.0,2026-02-19 18:49:27.959055
B*44:54,B*44:54,B,Bw4 - 80T,Bw4_80T,classified,T,NLRTALR,Bw4 - 80T,HLAtools_protein_alignment,IPD-IMGT/HLA 3.63.0,2026-02-19 18:49:27.959055
B*44:540,B*44:540,B,Bw4 - 80T,Bw4_80T,classified,T,NLRTALR,Bw4 - 80T,HLAtools_protein_alignment,IPD-IMGT/HLA 3.63.0,2026-02-19 18:49:27.959055
B*44:541,B*44:541,B,Bw4 - 80T,Bw4_80T,classified,T,NLRTALR,Bw4 - 80T,HLAtools_protein_alignment,IPD-IMGT/HLA 3.63.0,2026-02-19 18:49:27.959055
B*44:542,B*44:542,B,Bw4 - 80T,Bw4_80T,classified,T,NLRTALR,Bw4 - 80T,HLAtools_protein_alignment,IPD-IMGT/HLA 3.63.0,2026-02-19 18:49:27.959055
B*44:543,B*44:543,B,Bw4 - 80T,Bw4_80T,classified,T,NLRTALR,Bw4 - 80T,HLAtools_protein_alignment,IPD-IMGT/HLA 3.63.0,2026-02-19 18:49:27.959055
B*44:545,B*44:545,B,Bw4 - 80T,Bw4_80T,classified,T,NLRTSLR,Bw4 - 80T,HLAtools_protein_alignment,IPD-IMGT/HLA 3.63.0,2026-02-19 18:49:27.959055
B*44:546,B*44:546,B,Bw4 - 80T,Bw4_80T,classified,T,NLRTALR,Bw4 - 80T,HLAtools_protein_alignment,IPD-IMGT/HLA 3.63.0,2026-02-19 18:49:27.959055
B*44:547,B*44:547,B,Bw4 - 80T,Bw4_80T,classified,T,NLRTALR,Bw4 - 80T,HLAtools_protein_alignment,IPD-IMGT/HLA 3.63.0,2026-02-19 18:49:27.959055
B*44:548,B*44:548,B,Bw4 - 80T,Bw4_80T,classified,T,NLRTALR,Bw4 - 80T,HLAtools_protein_alignment,IPD-IMGT/HLA 3.63.0,2026-02-19 18:49:27.959055
B*44:549,B*44:549,B,Bw4 - 80T,Bw4_80T,classified,T,NLRTALR,Bw4 - 80T,HLAtools_protein_alignment,IPD-IMGT/HLA 3.63.0,2026-02-19 18:49:27.959055
B*44:55,B*44:55,B,Bw4 - 80T,Bw4_80T,classified,T,NLRTALR,Bw4 - 80T,HLAtools_protein_alignment,IPD-IMGT/HLA 3.63.0,2026-02-19 18:49:27.959055
B*44:550,B*44:550,B,Bw4 - 80T,Bw4_80T,classified,T,NLRTALR,Bw4 - 80T,HLAtools_protein_alignment,IPD-IMGT/HLA 3.63.0,2026-02-19 18:49:27.959055
B*44:551,B*44:551,B,Bw4 - 80T,Bw4_80T,classified,T,NLRTALR,Bw4 - 80T,HLAtools_protein_alignment,IPD-IMGT/HLA 3.63.0,2026-02-19 18:49:27.959055
B*44:552,B*44:552,B,Bw4 - 80T,Bw4_80T,classified,T,NLRTALR,Bw4 - 80T,HLAtools_protein_alignment,IPD-IMGT/HLA 3.63.0,2026-02-19 18:49:27.959055
B*44:553,B*44:553,B,Bw4 - 80T,Bw4_80T,classified,T,NLRTALR,Bw4 - 80T,HLAtools_protein_alignment,IPD-IMGT/HLA 3.63.0,2026-02-19 18:49:27.959055
B*44:554,B*44:554,B,Bw4 - 80T,Bw4_80T,classified,T,NLRTALR,Bw4 - 80T,HLAtools_protein_alignment,IPD-IMGT/HLA 3.63.0,2026-02-19 18:49:27.959055
B*44:556,B*44:556,B,Bw4 - 80T,Bw4_80T,classified,T,NLRTALR,Bw4 - 80T,HLAtools_protein_alignment,IPD-IMGT/HLA 3.63.0,2026-02-19 18:49:27.959055
B*44:557,B*44:557,B,Bw4 - 80T,Bw4_80T,classified,T,NLRTALR,Bw4 - 80T,HLAtools_protein_alignment,IPD-IMGT/HLA 3.63.0,2026-02-19 18:49:27.959055
B*44:558,B*44:558,B,Bw4 - 80T,Bw4_80T,classified,T,NLRTALR,Bw4 - 80T,HLAtools_protein_alignment,IPD-IMGT/HLA 3.63.0,2026-02-19 18:49:27.959055
B*44:559,B*44:559,B,Bw4 - 80T,Bw4_80T,classified,T,NLRTALR,Bw4 - 80T,HLAtools_protein_alignment,IPD-IMGT/HLA 3.63.0,2026-02-19 18:49:27.959055
B*44:57,B*44:57,B,Bw4 - 80T,Bw4_80T,classified,T,NLRTALR,Bw4 - 80T,HLAtools_protein_alignment,IPD-IMGT/HLA 3.63.0,2026-02-19 18:49:27.959055
B*44:59,B*44:59,B,Bw4 - 80T,Bw4_80T,classified,T,NLRTALR,Bw4 - 80T,HLAtools_protein_alignment,IPD-IMGT/HLA 3.63.0,2026-02-19 18:49:27.959055
B*44:60,B*44:60,B,Bw4 - 80T,Bw4_80T,classified,T,NLRTALR,Bw4 - 80T,HLAtools_protein_alignment,IPD-IMGT/HLA 3.63.0,2026-02-19 18:49:27.959055
B*44:62,B*44:62,B,Bw4 - 80T,Bw4_80T,classified,T,NLRTALR,Bw4 - 80T,HLAtools_protein_alignment,IPD-IMGT/HLA 3.63.0,2026-02-19 18:49:27.959055
B*44:63,B*44:63,B,Bw4 - 80T,Bw4_80T,classified,T,NLRTALR,Bw4 - 80T,HLAtools_protein_alignment,IPD-IMGT/HLA 3.63.0,2026-02-19 18:49:27.959055
B*44:64,B*44:64,B,Bw4 - 80T,Bw4_80T,classified,T,NLRTALR,Bw4 - 80T,HLAtools_protein_alignment,IPD-IMGT/HLA 3.63.0,2026-02-19 18:49:27.959055
B*44:65,B*44:65,B,Bw4 - 80T,Bw4_80T,classified,T,NLRTALR,Bw4 - 80T,HLAtools_protein_alignment,IPD-IMGT/HLA 3.63.0,2026-02-19 18:49:27.959055
B*44:66,B*44:66,B,Bw4 - 80T,Bw4_80T,classified,T,NLRTALR,Bw4 - 80T,HLAtools_protein_alignment,IPD-IMGT/HLA 3.63.0,2026-02-19 18:49:27.959055
B*44:67,B*44:67,B,Bw4 - 80T,Bw4_80T,classified,T,NLRTALR,Bw4 - 80T,HLAtools_protein_alignment,IPD-IMGT/HLA 3.63.0,2026-02-19 18:49:27.959055
B*44:68,B*44:68,B,Bw4 - 80T,Bw4_80T,classified,T,NLRTALR,Bw4 - 80T,HLAtools_protein_alignment,IPD-IMGT/HLA 3.63.0,2026-02-19 18:49:27.959055
B*44:69,B*44:69,B,Bw4 - 80T,Bw4_80T,classified,T,NLRTALR,Bw4 - 80T,HLAtools_protein_alignment,IPD-IMGT/HLA 3.63.0,2026-02-19 18:49:27.959055
B*44:70,B*44:70,B,Bw4 - 80T,Bw4_80T,classified,T,NLRTALR,Bw4 - 80T,HLAtools_protein_alignment,IPD-IMGT/HLA 3.63.0,2026-02-19 18:49:27.959055
B*44:71,B*44:71,B,Bw4 - 80T,Bw4_80T,classified,T,NLRTALR,Bw4 - 80T,HLAtools_protein_alignment,IPD-IMGT/HLA 3.63.0,2026-02-19 18:49:27.959055
B*44:72,B*44:72,B,Bw4 - 80T,Bw4_80T,classified,T,NLRTALR,Bw4 - 80T,HLAtools_protein_alignment,IPD-IMGT/HLA 3.63.0,2026-02-19 18:49:27.959055
B*44:73,B*44:73,B,Bw4 - 80T,Bw4_80T,classified,T,NLRTALR,Bw4 - 80T,HLAtools_protein_alignment,IPD-IMGT/HLA 3.63.0,2026-02-19 18:49:27.959055
B*44:74,B*44:74,B,Bw4 - 80T,Bw4_80T,classified,T,NLRTALR,Bw4 - 80T,HLAtools_protein_alignment,IPD-IMGT/HLA 3.63.0,2026-02-19 18:49:27.959055
B*44:75,B*44:75,B,Bw6,Bw6,classified,N,NLRNLRG,NA,HLAtools_protein_alignment,IPD-IMGT/HLA 3.63.0,2026-02-19 18:49:27.959055
B*44:76,B*44:76,B,Bw4 - 80T,Bw4_80T,classified,T,NLRTALR,Bw4 - 80T,HLAtools_protein_alignment,IPD-IMGT/HLA 3.63.0,2026-02-19 18:49:27.959055
B*44:77,B*44:77,B,Bw4 - 80T,Bw4_80T,classified,T,NLRTALR,Bw4 - 80T,HLAtools_protein_alignment,IPD-IMGT/HLA 3.63.0,2026-02-19 18:49:27.959055
B*44:78,B*44:78,B,Bw4 - 80T,Bw4_80T,classified,T,NLRTALR,Bw4 - 80T,HLAtools_protein_alignment,IPD-IMGT/HLA 3.63.0,2026-02-19 18:49:27.959055
B*44:79,B*44:79,B,Bw4 - 80T,Bw4_80T,classified,T,NLRTALR,Bw4 - 80T,HLAtools_protein_alignment,IPD-IMGT/HLA 3.63.0,2026-02-19 18:49:27.959055
B*44:80,B*44:80,B,Bw4 - 80T,Bw4_80T,classified,T,NLRTALR,Bw4 - 80T,HLAtools_protein_alignment,IPD-IMGT/HLA 3.63.0,2026-02-19 18:49:27.959055
B*44:81,B*44:81,B,Bw4 - 80T,Bw4_80T,classified,T,NLRTALR,Bw4 - 80T,HLAtools_protein_alignment,IPD-IMGT/HLA 3.63.0,2026-02-19 18:49:27.959055
B*44:82,B*44:82,B,Bw4 - 80T,Bw4_80T,classified,T,NLRTALR,Bw4 - 80T,HLAtools_protein_alignment,IPD-IMGT/HLA 3.63.0,2026-02-19 18:49:27.959055
B*44:83,B*44:83,B,Bw4 - 80T,Bw4_80T,classified,T,NLRTALR,Bw4 - 80T,HLAtools_protein_alignment,IPD-IMGT/HLA 3.63.0,2026-02-19 18:49:27.959055
B*44:84,B*44:84,B,Bw4 - 80T,Bw4_80T,classified,T,NLRTALR,Bw4 - 80T,HLAtools_protein_alignment,IPD-IMGT/HLA 3.63.0,2026-02-19 18:49:27.959055
B*44:85,B*44:85,B,Bw4 - 80T,Bw4_80T,classified,T,NLRTALR,Bw4 - 80T,HLAtools_protein_alignment,IPD-IMGT/HLA 3.63.0,2026-02-19 18:49:27.959055
B*44:86,B*44:86,B,Bw4 - 80T,Bw4_80T,classified,T,NLRTALR,Bw4 - 80T,HLAtools_protein_alignment,IPD-IMGT/HLA 3.63.0,2026-02-19 18:49:27.959055
B*44:87,B*44:87,B,Bw4 - 80T,Bw4_80T,classified,T,NLRTALR,Bw4 - 80T,HLAtools_protein_alignment,IPD-IMGT/HLA 3.63.0,2026-02-19 18:49:27.959055
B*44:88,B*44:88,B,Bw4 - 80T,Bw4_80T,classified,T,NLRTALR,Bw4 - 80T,HLAtools_protein_alignment,IPD-IMGT/HLA 3.63.0,2026-02-19 18:49:27.959055
B*44:89,B*44:89,B,Bw4 - 80T,Bw4_80T,classified,T,NLRTALR,Bw4 - 80T,HLAtools_protein_alignment,IPD-IMGT/HLA 3.63.0,2026-02-19 18:49:27.959055
B*44:90,B*44:90,B,Bw6,Bw6,classified,N,SLRNLRG,Bw6,HLAtools_protein_alignment,IPD-IMGT/HLA 3.63.0,2026-02-19 18:49:27.959055
B*44:91,B*44:91,B,Bw4 - 80T,Bw4_80T,classified,T,NLRTALR,Bw4 - 80T,HLAtools_protein_alignment,IPD-IMGT/HLA 3.63.0,2026-02-19 18:49:27.959055
B*44:92,B*44:92,B,Bw4 - 80T,Bw4_80T,classified,T,NLRTALR,Bw4 - 80T,HLAtools_protein_alignment,IPD-IMGT/HLA 3.63.0,2026-02-19 18:49:27.959055
B*44:93,B*44:93,B,Bw4 - 80T,Bw4_80T,classified,T,NLRTALR,Bw4 - 80T,HLAtools_protein_alignment,IPD-IMGT/HLA 3.63.0,2026-02-19 18:49:27.959055
B*44:94,B*44:94,B,Bw4 - 80T,Bw4_80T,classified,T,NLRTALR,Bw4 - 80T,HLAtools_protein_alignment,IPD-IMGT/HLA 3.63.0,2026-02-19 18:49:27.959055
B*44:95,B*44:95,B,Bw4 - 80I,Bw4_80I,classified,I,NLRIALR,Bw4 - 80I,HLAtools_protein_alignment,IPD-IMGT/HLA 3.63.0,2026-02-19 18:49:27.959055
B*44:96,B*44:96,B,Bw4 - 80T,Bw4_80T,classified,T,NLRTALR,Bw4 - 80T,HLAtools_protein_alignment,IPD-IMGT/HLA 3.63.0,2026-02-19 18:49:27.959055
B*44:97,B*44:97,B,Bw4 - 80T,Bw4_80T,classified,T,NLRTALR,Bw4 - 80T,HLAtools_protein_alignment,IPD-IMGT/HLA 3.63.0,2026-02-19 18:49:27.959055
B*44:98,B*44:98,B,Bw4 - 80T,Bw4_80T,classified,T,NLRTALR,Bw4 - 80T,HLAtools_protein_alignment,IPD-IMGT/HLA 3.63.0,2026-02-19 18:49:27.959055
B*44:99,B*44:99,B,Bw4 - 80T,Bw4_80T,classified,T,NLRTALR,Bw4 - 80T,HLAtools_protein_alignment,IPD-IMGT/HLA 3.63.0,2026-02-19 18:49:27.959055
B*45:01,B*45:01,B,Bw6,Bw6,classified,N,SLRNLRG,Bw6,HLAtools_protein_alignment,IPD-IMGT/HLA 3.63.0,2026-02-19 18:49:27.959055
B*45:02,B*45:02,B,Bw6,Bw6,classified,N,SLRNLRG,Bw6,HLAtools_protein_alignment,IPD-IMGT/HLA 3.63.0,2026-02-19 18:49:27.959055
B*45:03,B*45:03,B,Bw6,Bw6,classified,N,SLRNLRG,Bw6,HLAtools_protein_alignment,IPD-IMGT/HLA 3.63.0,2026-02-19 18:49:27.959055
B*45:04,B*45:04,B,Bw6,Bw6,classified,N,SLRNLRG,Bw6,HLAtools_protein_alignment,IPD-IMGT/HLA 3.63.0,2026-02-19 18:49:27.959055
B*45:05,B*45:05,B,Bw6,Bw6,classified,N,SLRNLRG,Bw6,HLAtools_protein_alignment,IPD-IMGT/HLA 3.63.0,2026-02-19 18:49:27.959055
B*45:06,B*45:06,B,Bw6,Bw6,classified,N,SLRNLRG,Bw6,HLAtools_protein_alignment,IPD-IMGT/HLA 3.63.0,2026-02-19 18:49:27.959055
B*45:07,B*45:07,B,Bw6,Bw6,classified,N,SLRNLRG,Bw6,HLAtools_protein_alignment,IPD-IMGT/HLA 3.63.0,2026-02-19 18:49:27.959055
B*45:08,B*45:08,B,Bw6,Bw6,classified,N,SLRNLRG,Bw6,HLAtools_protein_alignment,IPD-IMGT/HLA 3.63.0,2026-02-19 18:49:27.959055
B*45:09,B*45:09,B,Bw6,Bw6,classified,N,SLRNLRG,Bw6,HLAtools_protein_alignment,IPD-IMGT/HLA 3.63.0,2026-02-19 18:49:27.959055
B*45:10,B*45:10,B,Bw6,Bw6,classified,N,SLRNLRG,Bw6,HLAtools_protein_alignment,IPD-IMGT/HLA 3.63.0,2026-02-19 18:49:27.959055
B*45:11,B*45:11,B,Bw6,Bw6,classified,N,SLRNLRG,Bw6,HLAtools_protein_alignment,IPD-IMGT/HLA 3.63.0,2026-02-19 18:49:27.959055
B*45:12,B*45:12,B,Bw6,Bw6,classified,N,SLRNLRG,Bw6,HLAtools_protein_alignment,IPD-IMGT/HLA 3.63.0,2026-02-19 18:49:27.959055
B*45:13,B*45:13,B,Bw6,Bw6,classified,N,SLRNLRG,Bw6,HLAtools_protein_alignment,IPD-IMGT/HLA 3.63.0,2026-02-19 18:49:27.959055
B*45:14,B*45:14,B,Bw6,Bw6,classified,N,SLRNLRG,Bw6,HLAtools_protein_alignment,IPD-IMGT/HLA 3.63.0,2026-02-19 18:49:27.959055
B*45:15,B*45:15,B,Bw6,Bw6,classified,N,SLRNLRG,Bw6,HLAtools_protein_alignment,IPD-IMGT/HLA 3.63.0,2026-02-19 18:49:27.959055
B*45:16,B*45:16,B,Bw6,Bw6,classified,N,SLRNLSG,Bw6,HLAtools_protein_alignment,IPD-IMGT/HLA 3.63.0,2026-02-19 18:49:27.959055
B*45:17,B*45:17,B,Bw6,Bw6,classified,N,SLRNLRG,Bw6,HLAtools_protein_alignment,IPD-IMGT/HLA 3.63.0,2026-02-19 18:49:27.959055
B*45:18,B*45:18,B,Bw6,Bw6,classified,N,SLRNLRG,Bw6,HLAtools_protein_alignment,IPD-IMGT/HLA 3.63.0,2026-02-19 18:49:27.959055
B*45:19,B*45:19,B,Bw6,Bw6,classified,N,SLRNLRG,Bw6,HLAtools_protein_alignment,IPD-IMGT/HLA 3.63.0,2026-02-19 18:49:27.959055
B*45:20,B*45:20,B,Bw6,Bw6,classified,N,SLRNLRG,Bw6,HLAtools_protein_alignment,IPD-IMGT/HLA 3.63.0,2026-02-19 18:49:27.959055
B*45:21,B*45:21,B,Bw6,Bw6,classified,N,SLRNLRG,Bw6,HLAtools_protein_alignment,IPD-IMGT/HLA 3.63.0,2026-02-19 18:49:27.959055
B*45:22,B*45:22,B,Bw6,Bw6,classified,N,SLRNLRG,Bw6,HLAtools_protein_alignment,IPD-IMGT/HLA 3.63.0,2026-02-19 18:49:27.959055
B*45:23,B*45:23,B,Bw6,Bw6,classified,N,SLRNLRG,Bw6,HLAtools_protein_alignment,IPD-IMGT/HLA 3.63.0,2026-02-19 18:49:27.959055
B*45:24,B*45:24,B,Bw6,Bw6,classified,N,SLRNLRG,Bw6,HLAtools_protein_alignment,IPD-IMGT/HLA 3.63.0,2026-02-19 18:49:27.959055
B*45:25,B*45:25,B,Bw6,Bw6,classified,N,SLRNLRG,Bw6,HLAtools_protein_alignment,IPD-IMGT/HLA 3.63.0,2026-02-19 18:49:27.959055
B*45:27,B*45:27,B,Bw6,Bw6,classified,N,SLRNLRG,Bw6,HLAtools_protein_alignment,IPD-IMGT/HLA 3.63.0,2026-02-19 18:49:27.959055
B*45:29,B*45:29,B,Bw6,Bw6,classified,N,SLRNLRG,Bw6,HLAtools_protein_alignment,IPD-IMGT/HLA 3.63.0,2026-02-19 18:49:27.959055
B*45:30,B*45:30,B,Bw6,Bw6,classified,N,SLRNLRG,Bw6,HLAtools_protein_alignment,IPD-IMGT/HLA 3.63.0,2026-02-19 18:49:27.959055
B*45:31,B*45:31,B,Bw6,Bw6,classified,N,SLRNLRG,Bw6,HLAtools_protein_alignment,IPD-IMGT/HLA 3.63.0,2026-02-19 18:49:27.959055
B*45:32,B*45:32,B,Bw6,Bw6,classified,N,SLRNLRG,Bw6,HLAtools_protein_alignment,IPD-IMGT/HLA 3.63.0,2026-02-19 18:49:27.959055
B*45:33,B*45:33,B,Bw6,Bw6,classified,N,SLRNLRG,Bw6,HLAtools_protein_alignment,IPD-IMGT/HLA 3.63.0,2026-02-19 18:49:27.959055
B*45:34,B*45:34,B,Bw6,Bw6,classified,N,SLRNLRG,Bw6,HLAtools_protein_alignment,IPD-IMGT/HLA 3.63.0,2026-02-19 18:49:27.959055
B*45:35,B*45:35,B,Bw6,Bw6,classified,N,SLRNLRG,Bw6,HLAtools_protein_alignment,IPD-IMGT/HLA 3.63.0,2026-02-19 18:49:27.959055
B*45:36,B*45:36,B,Bw6,Bw6,classified,N,SLRNLRG,Bw6,HLAtools_protein_alignment,IPD-IMGT/HLA 3.63.0,2026-02-19 18:49:27.959055
B*45:37,B*45:37,B,Bw6,Bw6,classified,N,SLRNLRG,Bw6,HLAtools_protein_alignment,IPD-IMGT/HLA 3.63.0,2026-02-19 18:49:27.959055
B*45:38,B*45:38,B,Bw6,Bw6,classified,N,SLRNLRG,Bw6,HLAtools_protein_alignment,IPD-IMGT/HLA 3.63.0,2026-02-19 18:49:27.959055
B*45:39,B*45:39,B,Bw6,Bw6,classified,N,SLRNLRG,Bw6,HLAtools_protein_alignment,IPD-IMGT/HLA 3.63.0,2026-02-19 18:49:27.959055
B*46:01,B*46:01,B,Bw6,Bw6,classified,N,SLRNLRG,Bw6,HLAtools_protein_alignment,IPD-IMGT/HLA 3.63.0,2026-02-19 18:49:27.959055
B*46:02,B*46:02,B,Bw6,Bw6,classified,N,SLRNLRG,Bw6,HLAtools_protein_alignment,IPD-IMGT/HLA 3.63.0,2026-02-19 18:49:27.959055
B*46:03,B*46:03,B,Bw6,Bw6,classified,N,SLRNLRG,Bw6,HLAtools_protein_alignment,IPD-IMGT/HLA 3.63.0,2026-02-19 18:49:27.959055
B*46:04,B*46:04,B,Bw6,Bw6,classified,N,SLRNLRG,Bw6,HLAtools_protein_alignment,IPD-IMGT/HLA 3.63.0,2026-02-19 18:49:27.959055
B*46:05,B*46:05,B,Bw6,Bw6,classified,N,SLRNLRG,Bw6,HLAtools_protein_alignment,IPD-IMGT/HLA 3.63.0,2026-02-19 18:49:27.959055
B*46:06,B*46:06,B,Bw6,Bw6,classified,N,SLRNLRG,Bw6,HLAtools_protein_alignment,IPD-IMGT/HLA 3.63.0,2026-02-19 18:49:27.959055
B*46:08,B*46:08,B,Bw6,Bw6,classified,N,SLRNLRG,Bw6,HLAtools_protein_alignment,IPD-IMGT/HLA 3.63.0,2026-02-19 18:49:27.959055
B*46:09,B*46:09,B,Bw6,Bw6,classified,N,SLRNLRG,Bw6,HLAtools_protein_alignment,IPD-IMGT/HLA 3.63.0,2026-02-19 18:49:27.959055
B*46:10,B*46:10,B,Bw6,Bw6,classified,N,SLRNLRG,Bw6,HLAtools_protein_alignment,IPD-IMGT/HLA 3.63.0,2026-02-19 18:49:27.959055
B*46:100,B*46:100,B,Bw6,Bw6,classified,N,SLRNLRG,Bw6,HLAtools_protein_alignment,IPD-IMGT/HLA 3.63.0,2026-02-19 18:49:27.959055
B*46:101,B*46:101,B,Bw6,Bw6,classified,N,SLRNLRG,Bw6,HLAtools_protein_alignment,IPD-IMGT/HLA 3.63.0,2026-02-19 18:49:27.959055
B*46:102,B*46:102,B,Bw6,Bw6,classified,N,SLRNLRG,Bw6,HLAtools_protein_alignment,IPD-IMGT/HLA 3.63.0,2026-02-19 18:49:27.959055
B*46:103,B*46:103,B,Bw6,Bw6,classified,N,SLRNLRG,Bw6,HLAtools_protein_alignment,IPD-IMGT/HLA 3.63.0,2026-02-19 18:49:27.959055
B*46:104,B*46:104,B,Bw6,Bw6,classified,N,SLRNLRG,Bw6,HLAtools_protein_alignment,IPD-IMGT/HLA 3.63.0,2026-02-19 18:49:27.959055
B*46:105,B*46:105,B,Bw6,Bw6,classified,N,SLRNLRG,Bw6,HLAtools_protein_alignment,IPD-IMGT/HLA 3.63.0,2026-02-19 18:49:27.959055
B*46:106,B*46:106,B,Bw6,Bw6,classified,N,SLRNLRG,Bw6,HLAtools_protein_alignment,IPD-IMGT/HLA 3.63.0,2026-02-19 18:49:27.959055
B*46:107,B*46:107,B,Non-canonical,NonCanonical,non_canonical_83,N,SLRNLRV,Bw6,HLAtools_protein_alignment,IPD-IMGT/HLA 3.63.0,2026-02-19 18:49:27.959055
B*46:108,B*46:108,B,Bw6,Bw6,classified,N,SLRNLRG,Bw6,HLAtools_protein_alignment,IPD-IMGT/HLA 3.63.0,2026-02-19 18:49:27.959055
B*46:11,B*46:11,B,Bw6,Bw6,classified,N,SLRNLRG,Bw6,HLAtools_protein_alignment,IPD-IMGT/HLA 3.63.0,2026-02-19 18:49:27.959055
B*46:12,B*46:12,B,Bw6,Bw6,classified,N,SLRNLRG,Bw6,HLAtools_protein_alignment,IPD-IMGT/HLA 3.63.0,2026-02-19 18:49:27.959055
B*46:13,B*46:13,B,Bw6,Bw6,classified,N,SLRNLRG,Bw6,HLAtools_protein_alignment,IPD-IMGT/HLA 3.63.0,2026-02-19 18:49:27.959055
B*46:14,B*46:14,B,Bw6,Bw6,classified,N,SLRNLRG,Bw6,HLAtools_protein_alignment,IPD-IMGT/HLA 3.63.0,2026-02-19 18:49:27.959055
B*46:16,B*46:16,B,Bw6,Bw6,classified,N,SLRNLRG,Bw6,HLAtools_protein_alignment,IPD-IMGT/HLA 3.63.0,2026-02-19 18:49:27.959055
B*46:17,B*46:17,B,Bw6,Bw6,classified,N,SLRNLRG,Bw6,HLAtools_protein_alignment,IPD-IMGT/HLA 3.63.0,2026-02-19 18:49:27.959055
B*46:18,B*46:18,B,Bw6,Bw6,classified,N,SLRNLRG,Bw6,HLAtools_protein_alignment,IPD-IMGT/HLA 3.63.0,2026-02-19 18:49:27.959055
B*46:19,B*46:19,B,Bw6,Bw6,classified,N,SLRNLRG,Bw6,HLAtools_protein_alignment,IPD-IMGT/HLA 3.63.0,2026-02-19 18:49:27.959055
B*46:20,B*46:20,B,Bw6,Bw6,classified,N,SLRNLRG,Bw6,HLAtools_protein_alignment,IPD-IMGT/HLA 3.63.0,2026-02-19 18:49:27.959055
B*46:21,B*46:21,B,Bw6,Bw6,classified,N,SLRNLRG,Bw6,HLAtools_protein_alignment,IPD-IMGT/HLA 3.63.0,2026-02-19 18:49:27.959055
B*46:22,B*46:22,B,Bw6,Bw6,classified,N,SLRNLRG,Bw6,HLAtools_protein_alignment,IPD-IMGT/HLA 3.63.0,2026-02-19 18:49:27.959055
B*46:23,B*46:23,B,Bw6,Bw6,classified,N,SLRNLRG,Bw6,HLAtools_protein_alignment,IPD-IMGT/HLA 3.63.0,2026-02-19 18:49:27.959055
B*46:24,B*46:24,B,Bw6,Bw6,classified,N,SLRNLRG,Bw6,HLAtools_protein_alignment,IPD-IMGT/HLA 3.63.0,2026-02-19 18:49:27.959055
B*46:25,B*46:25,B,Bw6,Bw6,classified,N,SLRNLRG,Bw6,HLAtools_protein_alignment,IPD-IMGT/HLA 3.63.0,2026-02-19 18:49:27.959055
B*46:26,B*46:26,B,Bw6,Bw6,classified,N,SLRNLRG,Bw6,HLAtools_protein_alignment,IPD-IMGT/HLA 3.63.0,2026-02-19 18:49:27.959055
B*46:27,B*46:27,B,Bw6,Bw6,classified,N,SLRNLRG,Bw6,HLAtools_protein_alignment,IPD-IMGT/HLA 3.63.0,2026-02-19 18:49:27.959055
B*46:28,B*46:28,B,Bw6,Bw6,classified,N,SLRNLRG,Bw6,HLAtools_protein_alignment,IPD-IMGT/HLA 3.63.0,2026-02-19 18:49:27.959055
B*46:29,B*46:29,B,Bw6,Bw6,classified,N,SLRNLRG,Bw6,HLAtools_protein_alignment,IPD-IMGT/HLA 3.63.0,2026-02-19 18:49:27.959055
B*46:30,B*46:30,B,Bw6,Bw6,classified,N,SLRNLRG,Bw6,HLAtools_protein_alignment,IPD-IMGT/HLA 3.63.0,2026-02-19 18:49:27.959055
B*46:31,B*46:31,B,Bw6,Bw6,classified,N,SLRNLRG,Bw6,HLAtools_protein_alignment,IPD-IMGT/HLA 3.63.0,2026-02-19 18:49:27.959055
B*46:32,B*46:32,B,Bw6,Bw6,classified,N,SLRNLRG,Bw6,HLAtools_protein_alignment,IPD-IMGT/HLA 3.63.0,2026-02-19 18:49:27.959055
B*46:33,B*46:33,B,Bw6,Bw6,classified,N,SLRNLRG,Bw6,HLAtools_protein_alignment,IPD-IMGT/HLA 3.63.0,2026-02-19 18:49:27.959055
B*46:34,B*46:34,B,Bw6,Bw6,classified,N,SLRNLRG,Bw6,HLAtools_protein_alignment,IPD-IMGT/HLA 3.63.0,2026-02-19 18:49:27.959055
B*46:35,B*46:35,B,Bw6,Bw6,classified,N,SLRNLRG,Bw6,HLAtools_protein_alignment,IPD-IMGT/HLA 3.63.0,2026-02-19 18:49:27.959055
B*46:36,B*46:36,B,Bw6,Bw6,classified,N,SLRNLRG,Bw6,HLAtools_protein_alignment,IPD-IMGT/HLA 3.63.0,2026-02-19 18:49:27.959055
B*46:37,B*46:37,B,Bw6,Bw6,classified,N,SLRNLRG,Bw6,HLAtools_protein_alignment,IPD-IMGT/HLA 3.63.0,2026-02-19 18:49:27.959055
B*46:38,B*46:38,B,Bw6,Bw6,classified,N,SLRNLRG,Bw6,HLAtools_protein_alignment,IPD-IMGT/HLA 3.63.0,2026-02-19 18:49:27.959055
B*46:39,B*46:39,B,Bw6,Bw6,classified,N,SLRNLRG,Bw6,HLAtools_protein_alignment,IPD-IMGT/HLA 3.63.0,2026-02-19 18:49:27.959055
B*46:40,B*46:40,B,Bw6,Bw6,classified,N,SLRNLRG,Bw6,HLAtools_protein_alignment,IPD-IMGT/HLA 3.63.0,2026-02-19 18:49:27.959055
B*46:42,B*46:42,B,Bw6,Bw6,classified,N,SLRNLRG,Bw6,HLAtools_protein_alignment,IPD-IMGT/HLA 3.63.0,2026-02-19 18:49:27.959055
B*46:43,B*46:43,B,Bw6,Bw6,classified,N,SLRNLRG,Bw6,HLAtools_protein_alignment,IPD-IMGT/HLA 3.63.0,2026-02-19 18:49:27.959055
B*46:44,B*46:44,B,Bw6,Bw6,classified,N,SLRNLRG,Bw6,HLAtools_protein_alignment,IPD-IMGT/HLA 3.63.0,2026-02-19 18:49:27.959055
B*46:45,B*46:45,B,Bw6,Bw6,classified,N,SLRNLRG,Bw6,HLAtools_protein_alignment,IPD-IMGT/HLA 3.63.0,2026-02-19 18:49:27.959055
B*46:46,B*46:46,B,Bw6,Bw6,classified,N,SLRNLRG,Bw6,HLAtools_protein_alignment,IPD-IMGT/HLA 3.63.0,2026-02-19 18:49:27.959055
B*46:47,B*46:47,B,Bw6,Bw6,classified,N,SLRNLRG,Bw6,HLAtools_protein_alignment,IPD-IMGT/HLA 3.63.0,2026-02-19 18:49:27.959055
B*46:48,B*46:48,B,Bw6,Bw6,classified,N,SLRNLRG,Bw6,HLAtools_protein_alignment,IPD-IMGT/HLA 3.63.0,2026-02-19 18:49:27.959055
B*46:49,B*46:49,B,Bw6,Bw6,classified,N,SLRNLRG,Bw6,HLAtools_protein_alignment,IPD-IMGT/HLA 3.63.0,2026-02-19 18:49:27.959055
B*46:50,B*46:50,B,Bw6,Bw6,classified,N,SLRNLRG,Bw6,HLAtools_protein_alignment,IPD-IMGT/HLA 3.63.0,2026-02-19 18:49:27.959055
B*46:51Q,B*46:51Q,B,Bw6,Bw6,classified,N,SLRNLRG,NA,HLAtools_protein_alignment,IPD-IMGT/HLA 3.63.0,2026-02-19 18:49:27.959055
B*46:52,B*46:52,B,Bw6,Bw6,classified,N,SLRNLRG,Bw6,HLAtools_protein_alignment,IPD-IMGT/HLA 3.63.0,2026-02-19 18:49:27.959055
B*46:53,B*46:53,B,Bw6,Bw6,classified,N,SLRNLRG,Bw6,HLAtools_protein_alignment,IPD-IMGT/HLA 3.63.0,2026-02-19 18:49:27.959055
B*46:54,B*46:54,B,Bw6,Bw6,classified,N,SLRNLRG,Bw6,HLAtools_protein_alignment,IPD-IMGT/HLA 3.63.0,2026-02-19 18:49:27.959055
B*46:56,B*46:56,B,Bw6,Bw6,classified,N,SLRNLRG,Bw6,HLAtools_protein_alignment,IPD-IMGT/HLA 3.63.0,2026-02-19 18:49:27.959055
B*46:57,B*46:57,B,Bw6,Bw6,classified,N,SLRNLRG,Bw6,HLAtools_protein_alignment,IPD-IMGT/HLA 3.63.0,2026-02-19 18:49:27.959055
B*46:58,B*46:58,B,Bw6,Bw6,classified,N,SLRNLRG,Bw6,HLAtools_protein_alignment,IPD-IMGT/HLA 3.63.0,2026-02-19 18:49:27.959055
B*46:59,B*46:59,B,Bw6,Bw6,classified,N,SLRNLRG,Bw6,HLAtools_protein_alignment,IPD-IMGT/HLA 3.63.0,2026-02-19 18:49:27.959055
B*46:60,B*46:60,B,Bw6,Bw6,classified,N,SLRNLRG,Bw6,HLAtools_protein_alignment,IPD-IMGT/HLA 3.63.0,2026-02-19 18:49:27.959055
B*46:61,B*46:61,B,Bw6,Bw6,classified,N,SLRNLRG,Bw6,HLAtools_protein_alignment,IPD-IMGT/HLA 3.63.0,2026-02-19 18:49:27.959055
B*46:62,B*46:62,B,Bw6,Bw6,classified,N,SLRNLRG,Bw6,HLAtools_protein_alignment,IPD-IMGT/HLA 3.63.0,2026-02-19 18:49:27.959055
B*46:63,B*46:63,B,Bw6,Bw6,classified,N,SLRNLRG,Bw6,HLAtools_protein_alignment,IPD-IMGT/HLA 3.63.0,2026-02-19 18:49:27.959055
B*46:64,B*46:64,B,Bw6,Bw6,classified,N,SLRNLRG,Bw6,HLAtools_protein_alignment,IPD-IMGT/HLA 3.63.0,2026-02-19 18:49:27.959055
B*46:65,B*46:65,B,Bw6,Bw6,classified,N,SLRNLRG,Bw6,HLAtools_protein_alignment,IPD-IMGT/HLA 3.63.0,2026-02-19 18:49:27.959055
B*46:66,B*46:66,B,Non-canonical,NonCanonical,non_canonical_83,N,SLRNLRS,Bw6,HLAtools_protein_alignment,IPD-IMGT/HLA 3.63.0,2026-02-19 18:49:27.959055
B*46:67,B*46:67,B,Bw6,Bw6,classified,N,SLRNLRG,Bw6,HLAtools_protein_alignment,IPD-IMGT/HLA 3.63.0,2026-02-19 18:49:27.959055
B*46:68,B*46:68,B,Bw6,Bw6,classified,N,SLRNLRG,Bw6,HLAtools_protein_alignment,IPD-IMGT/HLA 3.63.0,2026-02-19 18:49:27.959055
B*46:69,B*46:69,B,Bw6,Bw6,classified,N,SLRNLRG,Bw6,HLAtools_protein_alignment,IPD-IMGT/HLA 3.63.0,2026-02-19 18:49:27.959055
B*46:70,B*46:70,B,Bw6,Bw6,classified,N,SLRNLRG,Bw6,HLAtools_protein_alignment,IPD-IMGT/HLA 3.63.0,2026-02-19 18:49:27.959055
B*46:71,B*46:71,B,Bw6,Bw6,classified,N,SLRNLRG,Bw6,HLAtools_protein_alignment,IPD-IMGT/HLA 3.63.0,2026-02-19 18:49:27.959055
B*46:72,B*46:72,B,Bw6,Bw6,classified,N,SLRNLRG,Bw6,HLAtools_protein_alignment,IPD-IMGT/HLA 3.63.0,2026-02-19 18:49:27.959055
B*46:73,B*46:73,B,Bw6,Bw6,classified,N,SLRNLRG,Bw6,HLAtools_protein_alignment,IPD-IMGT/HLA 3.63.0,2026-02-19 18:49:27.959055
B*46:74,B*46:74,B,Bw6,Bw6,classified,N,SLRNLRG,Bw6,HLAtools_protein_alignment,IPD-IMGT/HLA 3.63.0,2026-02-19 18:49:27.959055
B*46:75,B*46:75,B,Bw6,Bw6,classified,N,SLQNLRG,Bw6,HLAtools_protein_alignment,IPD-IMGT/HLA 3.63.0,2026-02-19 18:49:27.959055
B*46:76,B*46:76,B,Bw6,Bw6,classified,N,SLRNLRG,Bw6,HLAtools_protein_alignment,IPD-IMGT/HLA 3.63.0,2026-02-19 18:49:27.959055
B*46:77,B*46:77,B,Bw6,Bw6,classified,N,SLRNLRG,Bw6,HLAtools_protein_alignment,IPD-IMGT/HLA 3.63.0,2026-02-19 18:49:27.959055
B*46:78,B*46:78,B,Bw6,Bw6,classified,N,SLRNLRG,Bw6,HLAtools_protein_alignment,IPD-IMGT/HLA 3.63.0,2026-02-19 18:49:27.959055
B*46:80,B*46:80,B,Bw6,Bw6,classified,N,SLRNLRG,Bw6,HLAtools_protein_alignment,IPD-IMGT/HLA 3.63.0,2026-02-19 18:49:27.959055
B*46:81,B*46:81,B,Bw6,Bw6,classified,N,SLRNLRG,Bw6,HLAtools_protein_alignment,IPD-IMGT/HLA 3.63.0,2026-02-19 18:49:27.959055
B*46:82,B*46:82,B,Bw6,Bw6,classified,N,SLRNLRG,Bw6,HLAtools_protein_alignment,IPD-IMGT/HLA 3.63.0,2026-02-19 18:49:27.959055
B*46:83,B*46:83,B,Bw6,Bw6,classified,N,SLRNLRG,Bw6,HLAtools_protein_alignment,IPD-IMGT/HLA 3.63.0,2026-02-19 18:49:27.959055
B*46:84,B*46:84,B,Bw6,Bw6,classified,N,SLRNLRG,Bw6,HLAtools_protein_alignment,IPD-IMGT/HLA 3.63.0,2026-02-19 18:49:27.959055
B*46:85,B*46:85,B,Bw6,Bw6,classified,N,SLRNLRG,Bw6,HLAtools_protein_alignment,IPD-IMGT/HLA 3.63.0,2026-02-19 18:49:27.959055
B*46:86,B*46:86,B,Bw6,Bw6,classified,N,SLRNLRG,Bw6,HLAtools_protein_alignment,IPD-IMGT/HLA 3.63.0,2026-02-19 18:49:27.959055
B*46:87,B*46:87,B,Bw6,Bw6,classified,N,SLRNLRG,Bw6,HLAtools_protein_alignment,IPD-IMGT/HLA 3.63.0,2026-02-19 18:49:27.959055
B*46:88,B*46:88,B,Bw6,Bw6,classified,N,SLRNLRG,Bw6,HLAtools_protein_alignment,IPD-IMGT/HLA 3.63.0,2026-02-19 18:49:27.959055
B*46:89,B*46:89,B,Bw6,Bw6,classified,N,SLRNLRG,Bw6,HLAtools_protein_alignment,IPD-IMGT/HLA 3.63.0,2026-02-19 18:49:27.959055
B*46:90,B*46:90,B,Bw6,Bw6,classified,N,SLRNLRG,Bw6,HLAtools_protein_alignment,IPD-IMGT/HLA 3.63.0,2026-02-19 18:49:27.959055
B*46:91,B*46:91,B,Bw6,Bw6,classified,N,SLRNLRG,Bw6,HLAtools_protein_alignment,IPD-IMGT/HLA 3.63.0,2026-02-19 18:49:27.959055
B*46:92,B*46:92,B,Bw6,Bw6,classified,N,SLRNLRG,Bw6,HLAtools_protein_alignment,IPD-IMGT/HLA 3.63.0,2026-02-19 18:49:27.959055
B*46:93,B*46:93,B,Bw6,Bw6,classified,N,SLRNLRG,Bw6,HLAtools_protein_alignment,IPD-IMGT/HLA 3.63.0,2026-02-19 18:49:27.959055
B*46:94,B*46:94,B,Bw6,Bw6,classified,N,SLRNLRG,Bw6,HLAtools_protein_alignment,IPD-IMGT/HLA 3.63.0,2026-02-19 18:49:27.959055
B*46:96,B*46:96,B,Bw6,Bw6,classified,N,SLRNLRG,Bw6,HLAtools_protein_alignment,IPD-IMGT/HLA 3.63.0,2026-02-19 18:49:27.959055
B*46:97,B*46:97,B,Bw6,Bw6,classified,N,SLRNLRG,Bw6,HLAtools_protein_alignment,IPD-IMGT/HLA 3.63.0,2026-02-19 18:49:27.959055
B*46:99,B*46:99,B,Bw6,Bw6,classified,N,SLRNLRG,Bw6,HLAtools_protein_alignment,IPD-IMGT/HLA 3.63.0,2026-02-19 18:49:27.959055
B*47:01,B*47:01,B,Bw4 - 80T,Bw4_80T,classified,T,DLRTLLR,Bw4 - 80T,HLAtools_protein_alignment,IPD-IMGT/HLA 3.63.0,2026-02-19 18:49:27.959055
B*47:02,B*47:02,B,Bw6,Bw6,classified,N,SLRNLRG,Bw6,HLAtools_protein_alignment,IPD-IMGT/HLA 3.63.0,2026-02-19 18:49:27.959055
B*47:03,B*47:03,B,Bw4 - 80N,Bw4_80N,classified,N,SLRNLLR,Bw4 - 80N,HLAtools_protein_alignment,IPD-IMGT/HLA 3.63.0,2026-02-19 18:49:27.959055
B*47:04,B*47:04,B,Bw4 - 80T,Bw4_80T,classified,T,NLRTALR,Bw4 - 80T,HLAtools_protein_alignment,IPD-IMGT/HLA 3.63.0,2026-02-19 18:49:27.959055
B*47:05,B*47:05,B,Bw4 - 80T,Bw4_80T,classified,T,DLRTLLR,Bw4 - 80T,HLAtools_protein_alignment,IPD-IMGT/HLA 3.63.0,2026-02-19 18:49:27.959055
B*47:06,B*47:06,B,Bw4 - 80T,Bw4_80T,classified,T,DLRTLLR,Bw4 - 80T,HLAtools_protein_alignment,IPD-IMGT/HLA 3.63.0,2026-02-19 18:49:27.959055
B*47:07,B*47:07,B,Bw4 - 80T,Bw4_80T,classified,T,DLRTLLR,Bw4 - 80T,HLAtools_protein_alignment,IPD-IMGT/HLA 3.63.0,2026-02-19 18:49:27.959055
B*47:08,B*47:08,B,Bw4 - 80T,Bw4_80T,classified,T,DLRTLLR,Bw4 - 80T,HLAtools_protein_alignment,IPD-IMGT/HLA 3.63.0,2026-02-19 18:49:27.959055
B*47:09,B*47:09,B,Bw4 - 80T,Bw4_80T,classified,T,DLRTLLR,Bw4 - 80T,HLAtools_protein_alignment,IPD-IMGT/HLA 3.63.0,2026-02-19 18:49:27.959055
B*47:10,B*47:10,B,Bw4 - 80T,Bw4_80T,classified,T,DLRTLLR,Bw4 - 80T,HLAtools_protein_alignment,IPD-IMGT/HLA 3.63.0,2026-02-19 18:49:27.959055
B*47:11,B*47:11,B,Bw4 - 80T,Bw4_80T,classified,T,NLRTALR,Bw4 - 80T,HLAtools_protein_alignment,IPD-IMGT/HLA 3.63.0,2026-02-19 18:49:27.959055
B*47:12,B*47:12,B,Bw4 - 80T,Bw4_80T,classified,T,DLRTLLR,Bw4 - 80T,HLAtools_protein_alignment,IPD-IMGT/HLA 3.63.0,2026-02-19 18:49:27.959055
B*47:13,B*47:13,B,Bw4 - 80T,Bw4_80T,classified,T,DLRTLLR,Bw4 - 80T,HLAtools_protein_alignment,IPD-IMGT/HLA 3.63.0,2026-02-19 18:49:27.959055
B*47:14,B*47:14,B,Bw4 - 80T,Bw4_80T,classified,T,DLRTLLR,Bw4 - 80T,HLAtools_protein_alignment,IPD-IMGT/HLA 3.63.0,2026-02-19 18:49:27.959055
B*48:01,B*48:01,B,Bw6,Bw6,classified,N,SLRNLRG,Bw6,HLAtools_protein_alignment,IPD-IMGT/HLA 3.63.0,2026-02-19 18:49:27.959055
B*48:02,B*48:02,B,Bw6,Bw6,classified,N,SLRNLRG,Bw6,HLAtools_protein_alignment,IPD-IMGT/HLA 3.63.0,2026-02-19 18:49:27.959055
B*48:03,B*48:03,B,Bw6,Bw6,classified,N,SLRNLRG,Bw6,HLAtools_protein_alignment,IPD-IMGT/HLA 3.63.0,2026-02-19 18:49:27.959055
B*48:04,B*48:04,B,Bw6,Bw6,classified,N,SLRNLRG,Bw6,HLAtools_protein_alignment,IPD-IMGT/HLA 3.63.0,2026-02-19 18:49:27.959055
B*48:05,B*48:05,B,Bw6,Bw6,classified,N,SLRNLRG,Bw6,HLAtools_protein_alignment,IPD-IMGT/HLA 3.63.0,2026-02-19 18:49:27.959055
B*48:06,B*48:06,B,Bw6,Bw6,classified,N,SLRNLRG,Bw6,HLAtools_protein_alignment,IPD-IMGT/HLA 3.63.0,2026-02-19 18:49:27.959055
B*48:07,B*48:07,B,Bw6,Bw6,classified,N,SLRNLRG,Bw6,HLAtools_protein_alignment,IPD-IMGT/HLA 3.63.0,2026-02-19 18:49:27.959055
B*48:08,B*48:08,B,Bw6,Bw6,classified,N,SLRNLRG,Bw6,HLAtools_protein_alignment,IPD-IMGT/HLA 3.63.0,2026-02-19 18:49:27.959055
B*48:09,B*48:09,B,Bw6,Bw6,classified,N,SLRNLRG,Bw6,HLAtools_protein_alignment,IPD-IMGT/HLA 3.63.0,2026-02-19 18:49:27.959055
B*48:10,B*48:10,B,Bw6,Bw6,classified,N,SLRNLRG,Bw6,HLAtools_protein_alignment,IPD-IMGT/HLA 3.63.0,2026-02-19 18:49:27.959055
B*48:11,B*48:11,B,Bw6,Bw6,classified,N,SLRNLRG,Bw6,HLAtools_protein_alignment,IPD-IMGT/HLA 3.63.0,2026-02-19 18:49:27.959055
B*48:12,B*48:12,B,Bw6,Bw6,classified,N,SLRNLRG,Bw6,HLAtools_protein_alignment,IPD-IMGT/HLA 3.63.0,2026-02-19 18:49:27.959055
B*48:13,B*48:13,B,Bw6,Bw6,classified,N,SLRNLRG,Bw6,HLAtools_protein_alignment,IPD-IMGT/HLA 3.63.0,2026-02-19 18:49:27.959055
B*48:14,B*48:14,B,Bw6,Bw6,classified,N,SLRNLRG,Bw6,HLAtools_protein_alignment,IPD-IMGT/HLA 3.63.0,2026-02-19 18:49:27.959055
B*48:15,B*48:15,B,Bw6,Bw6,classified,N,SLRNLRG,Bw6,HLAtools_protein_alignment,IPD-IMGT/HLA 3.63.0,2026-02-19 18:49:27.959055
B*48:16,B*48:16,B,Bw6,Bw6,classified,N,SLRNLRG,Bw6,HLAtools_protein_alignment,IPD-IMGT/HLA 3.63.0,2026-02-19 18:49:27.959055
B*48:17,B*48:17,B,Bw6,Bw6,classified,N,SLRNLRG,Bw6,HLAtools_protein_alignment,IPD-IMGT/HLA 3.63.0,2026-02-19 18:49:27.959055
B*48:18,B*48:18,B,Bw4 - 80I,Bw4_80I,classified,I,SLRIALR,NA,HLAtools_protein_alignment,IPD-IMGT/HLA 3.63.0,2026-02-19 18:49:27.959055
B*48:19,B*48:19,B,Bw6,Bw6,classified,N,SLRNLRG,Bw6,HLAtools_protein_alignment,IPD-IMGT/HLA 3.63.0,2026-02-19 18:49:27.959055
B*48:20,B*48:20,B,Bw6,Bw6,classified,N,SLRNLRG,Bw6,HLAtools_protein_alignment,IPD-IMGT/HLA 3.63.0,2026-02-19 18:49:27.959055
B*48:21,B*48:21,B,Bw6,Bw6,classified,N,SLRNLRG,Bw6,HLAtools_protein_alignment,IPD-IMGT/HLA 3.63.0,2026-02-19 18:49:27.959055
B*48:22,B*48:22,B,Bw6,Bw6,classified,N,SLRNLRG,Bw6,HLAtools_protein_alignment,IPD-IMGT/HLA 3.63.0,2026-02-19 18:49:27.959055
B*48:23,B*48:23,B,Bw6,Bw6,classified,N,SLRNLRG,Bw6,HLAtools_protein_alignment,IPD-IMGT/HLA 3.63.0,2026-02-19 18:49:27.959055
B*48:24,B*48:24,B,Bw6,Bw6,classified,N,SLRNLRG,Bw6,HLAtools_protein_alignment,IPD-IMGT/HLA 3.63.0,2026-02-19 18:49:27.959055
B*48:25,B*48:25,B,Bw6,Bw6,classified,N,SLRNLRG,Bw6,HLAtools_protein_alignment,IPD-IMGT/HLA 3.63.0,2026-02-19 18:49:27.959055
B*48:26,B*48:26,B,Bw6,Bw6,classified,N,SLRNLRG,Bw6,HLAtools_protein_alignment,IPD-IMGT/HLA 3.63.0,2026-02-19 18:49:27.959055
B*48:27,B*48:27,B,Bw6,Bw6,classified,N,SLRNLRG,Bw6,HLAtools_protein_alignment,IPD-IMGT/HLA 3.63.0,2026-02-19 18:49:27.959055
B*48:28,B*48:28,B,Bw6,Bw6,classified,N,SLRNLRG,Bw6,HLAtools_protein_alignment,IPD-IMGT/HLA 3.63.0,2026-02-19 18:49:27.959055
B*48:29,B*48:29,B,Bw6,Bw6,classified,N,SLRNLRG,Bw6,HLAtools_protein_alignment,IPD-IMGT/HLA 3.63.0,2026-02-19 18:49:27.959055
B*48:30,B*48:30,B,Bw6,Bw6,classified,N,SLRNLRG,Bw6,HLAtools_protein_alignment,IPD-IMGT/HLA 3.63.0,2026-02-19 18:49:27.959055
B*48:31,B*48:31,B,Bw6,Bw6,classified,N,SLRNLRG,Bw6,HLAtools_protein_alignment,IPD-IMGT/HLA 3.63.0,2026-02-19 18:49:27.959055
B*48:32,B*48:32,B,Bw6,Bw6,classified,N,SLRNLRG,Bw6,HLAtools_protein_alignment,IPD-IMGT/HLA 3.63.0,2026-02-19 18:49:27.959055
B*48:33,B*48:33,B,Bw6,Bw6,classified,N,SLRNLRG,Bw6,HLAtools_protein_alignment,IPD-IMGT/HLA 3.63.0,2026-02-19 18:49:27.959055
B*48:34,B*48:34,B,Bw6,Bw6,classified,N,SLRNLRG,Bw6,HLAtools_protein_alignment,IPD-IMGT/HLA 3.63.0,2026-02-19 18:49:27.959055
B*48:35,B*48:35,B,Bw6,Bw6,classified,N,SLRNLRG,Bw6,HLAtools_protein_alignment,IPD-IMGT/HLA 3.63.0,2026-02-19 18:49:27.959055
B*48:36,B*48:36,B,Bw6,Bw6,classified,N,SLRNLRG,Bw6,HLAtools_protein_alignment,IPD-IMGT/HLA 3.63.0,2026-02-19 18:49:27.959055
B*48:37,B*48:37,B,Bw6,Bw6,classified,N,SLRNLRG,Bw6,HLAtools_protein_alignment,IPD-IMGT/HLA 3.63.0,2026-02-19 18:49:27.959055
B*48:38,B*48:38,B,Bw6,Bw6,classified,N,SLRNLRG,Bw6,HLAtools_protein_alignment,IPD-IMGT/HLA 3.63.0,2026-02-19 18:49:27.959055
B*48:39,B*48:39,B,Bw6,Bw6,classified,N,SLRNLRG,Bw6,HLAtools_protein_alignment,IPD-IMGT/HLA 3.63.0,2026-02-19 18:49:27.959055
B*48:40,B*48:40,B,Bw6,Bw6,classified,N,SLRNLRG,Bw6,HLAtools_protein_alignment,IPD-IMGT/HLA 3.63.0,2026-02-19 18:49:27.959055
B*48:41,B*48:41,B,Bw6,Bw6,classified,N,SLRNLRG,Bw6,HLAtools_protein_alignment,IPD-IMGT/HLA 3.63.0,2026-02-19 18:49:27.959055
B*48:42,B*48:42,B,Bw6,Bw6,classified,N,SLRNLRG,Bw6,HLAtools_protein_alignment,IPD-IMGT/HLA 3.63.0,2026-02-19 18:49:27.959055
B*48:43,B*48:43,B,Bw6,Bw6,classified,N,SLRNLRG,Bw6,HLAtools_protein_alignment,IPD-IMGT/HLA 3.63.0,2026-02-19 18:49:27.959055
B*48:44,B*48:44,B,Bw6,Bw6,classified,N,SLRNLRG,Bw6,HLAtools_protein_alignment,IPD-IMGT/HLA 3.63.0,2026-02-19 18:49:27.959055
B*48:45,B*48:45,B,Bw6,Bw6,classified,N,SLRNLRG,Bw6,HLAtools_protein_alignment,IPD-IMGT/HLA 3.63.0,2026-02-19 18:49:27.959055
B*48:46,B*48:46,B,Bw6,Bw6,classified,N,SLRNLRG,Bw6,HLAtools_protein_alignment,IPD-IMGT/HLA 3.63.0,2026-02-19 18:49:27.959055
B*48:47,B*48:47,B,Bw6,Bw6,classified,N,SLRNLRG,Bw6,HLAtools_protein_alignment,IPD-IMGT/HLA 3.63.0,2026-02-19 18:49:27.959055
B*48:48,B*48:48,B,Bw6,Bw6,classified,N,SLRNLRG,Bw6,HLAtools_protein_alignment,IPD-IMGT/HLA 3.63.0,2026-02-19 18:49:27.959055
B*48:49,B*48:49,B,Bw6,Bw6,classified,N,SLRNLRG,Bw6,HLAtools_protein_alignment,IPD-IMGT/HLA 3.63.0,2026-02-19 18:49:27.959055
B*48:50,B*48:50,B,Bw6,Bw6,classified,N,SLRNLRG,Bw6,HLAtools_protein_alignment,IPD-IMGT/HLA 3.63.0,2026-02-19 18:49:27.959055
B*48:51,B*48:51,B,Bw6,Bw6,classified,N,SLRNLRG,Bw6,HLAtools_protein_alignment,IPD-IMGT/HLA 3.63.0,2026-02-19 18:49:27.959055
B*48:52,B*48:52,B,Bw6,Bw6,classified,N,SLRNLRG,Bw6,HLAtools_protein_alignment,IPD-IMGT/HLA 3.63.0,2026-02-19 18:49:27.959055
B*48:53,B*48:53,B,Bw6,Bw6,classified,N,SLRNLRG,Bw6,HLAtools_protein_alignment,IPD-IMGT/HLA 3.63.0,2026-02-19 18:49:27.959055
B*48:54,B*48:54,B,Bw6,Bw6,classified,N,SLRNLRG,Bw6,HLAtools_protein_alignment,IPD-IMGT/HLA 3.63.0,2026-02-19 18:49:27.959055
B*48:55,B*48:55,B,Bw6,Bw6,classified,N,SLRNLRG,Bw6,HLAtools_protein_alignment,IPD-IMGT/HLA 3.63.0,2026-02-19 18:49:27.959055
B*48:56,B*48:56,B,Bw4 - 80T,Bw4_80T,classified,T,NLRTALR,Bw4 - 80T,HLAtools_protein_alignment,IPD-IMGT/HLA 3.63.0,2026-02-19 18:49:27.959055
B*48:57,B*48:57,B,Bw6,Bw6,classified,N,SLRNLRG,Bw6,HLAtools_protein_alignment,IPD-IMGT/HLA 3.63.0,2026-02-19 18:49:27.959055
B*48:58,B*48:58,B,Bw6,Bw6,classified,N,SLRNLRG,Bw6,HLAtools_protein_alignment,IPD-IMGT/HLA 3.63.0,2026-02-19 18:49:27.959055
B*48:60,B*48:60,B,Bw6,Bw6,classified,N,SLRNLRG,Bw6,HLAtools_protein_alignment,IPD-IMGT/HLA 3.63.0,2026-02-19 18:49:27.959055
B*48:61,B*48:61,B,Bw6,Bw6,classified,N,SLRNLRG,Bw6,HLAtools_protein_alignment,IPD-IMGT/HLA 3.63.0,2026-02-19 18:49:27.959055
B*48:62,B*48:62,B,Bw6,Bw6,classified,N,SLRNLRG,Bw6,HLAtools_protein_alignment,IPD-IMGT/HLA 3.63.0,2026-02-19 18:49:27.959055
B*48:63,B*48:63,B,Bw6,Bw6,classified,N,SLRNLRG,Bw6,HLAtools_protein_alignment,IPD-IMGT/HLA 3.63.0,2026-02-19 18:49:27.959055
B*48:64,B*48:64,B,Bw6,Bw6,classified,N,SLRNLRG,Bw6,HLAtools_protein_alignment,IPD-IMGT/HLA 3.63.0,2026-02-19 18:49:27.959055
B*48:65,B*48:65,B,Bw6,Bw6,classified,N,SLRNLRG,Bw6,HLAtools_protein_alignment,IPD-IMGT/HLA 3.63.0,2026-02-19 18:49:27.959055
B*48:66,B*48:66,B,Bw6,Bw6,classified,N,SLRNLRG,Bw6,HLAtools_protein_alignment,IPD-IMGT/HLA 3.63.0,2026-02-19 18:49:27.959055
B*48:67,B*48:67,B,Bw6,Bw6,classified,N,SLRNLRG,Bw6,HLAtools_protein_alignment,IPD-IMGT/HLA 3.63.0,2026-02-19 18:49:27.959055
B*48:68,B*48:68,B,Bw6,Bw6,classified,N,SLRNLRG,Bw6,HLAtools_protein_alignment,IPD-IMGT/HLA 3.63.0,2026-02-19 18:49:27.959055
B*49:01,B*49:01,B,Bw4 - 80I,Bw4_80I,classified,I,NLRIALR,Bw4 - 80I,HLAtools_protein_alignment,IPD-IMGT/HLA 3.63.0,2026-02-19 18:49:27.959055
B*49:01Q,B*49:01Q,B,Bw4 - 80I,Bw4_80I,classified,I,NLRIALR,NA,HLAtools_protein_alignment,IPD-IMGT/HLA 3.63.0,2026-02-19 18:49:27.959055
B*49:02,B*49:02,B,Bw4 - 80T,Bw4_80T,classified,T,NLRTALR,Bw4 - 80T,HLAtools_protein_alignment,IPD-IMGT/HLA 3.63.0,2026-02-19 18:49:27.959055
B*49:03,B*49:03,B,Bw4 - 80I,Bw4_80I,classified,I,NLRIALR,Bw4 - 80I,HLAtools_protein_alignment,IPD-IMGT/HLA 3.63.0,2026-02-19 18:49:27.959055
B*49:04,B*49:04,B,Bw4 - 80I,Bw4_80I,classified,I,NLRIALR,Bw4 - 80I,HLAtools_protein_alignment,IPD-IMGT/HLA 3.63.0,2026-02-19 18:49:27.959055
B*49:05,B*49:05,B,Bw4 - 80I,Bw4_80I,classified,I,NLRIALR,Bw4 - 80I,HLAtools_protein_alignment,IPD-IMGT/HLA 3.63.0,2026-02-19 18:49:27.959055
B*49:06,B*49:06,B,Bw4 - 80I,Bw4_80I,classified,I,NLRIALR,Bw4 - 80I,HLAtools_protein_alignment,IPD-IMGT/HLA 3.63.0,2026-02-19 18:49:27.959055
B*49:07,B*49:07,B,Bw4 - 80I,Bw4_80I,classified,I,NLRIALR,Bw4 - 80I,HLAtools_protein_alignment,IPD-IMGT/HLA 3.63.0,2026-02-19 18:49:27.959055
B*49:08,B*49:08,B,Bw4 - 80I,Bw4_80I,classified,I,NLRIALR,Bw4 - 80I,HLAtools_protein_alignment,IPD-IMGT/HLA 3.63.0,2026-02-19 18:49:27.959055
B*49:09,B*49:09,B,Bw4 - 80I,Bw4_80I,classified,I,NLRIALR,Bw4 - 80I,HLAtools_protein_alignment,IPD-IMGT/HLA 3.63.0,2026-02-19 18:49:27.959055
B*49:10,B*49:10,B,Bw4 - 80I,Bw4_80I,classified,I,NLRIALR,Bw4 - 80I,HLAtools_protein_alignment,IPD-IMGT/HLA 3.63.0,2026-02-19 18:49:27.959055
B*49:11,B*49:11,B,Bw4 - 80I,Bw4_80I,classified,I,NLRIALR,Bw4 - 80I,HLAtools_protein_alignment,IPD-IMGT/HLA 3.63.0,2026-02-19 18:49:27.959055
B*49:12,B*49:12,B,Bw4 - 80I,Bw4_80I,classified,I,NLRIALR,Bw4 - 80I,HLAtools_protein_alignment,IPD-IMGT/HLA 3.63.0,2026-02-19 18:49:27.959055
B*49:13,B*49:13,B,Bw4 - 80I,Bw4_80I,classified,I,NLRIALR,Bw4 - 80I,HLAtools_protein_alignment,IPD-IMGT/HLA 3.63.0,2026-02-19 18:49:27.959055
B*49:14,B*49:14,B,Bw4 - 80I,Bw4_80I,classified,I,NLRIALR,Bw4 - 80I,HLAtools_protein_alignment,IPD-IMGT/HLA 3.63.0,2026-02-19 18:49:27.959055
B*49:16,B*49:16,B,Bw4 - 80I,Bw4_80I,classified,I,NLRIALR,Bw4 - 80I,HLAtools_protein_alignment,IPD-IMGT/HLA 3.63.0,2026-02-19 18:49:27.959055
B*49:17,B*49:17,B,Bw4 - 80I,Bw4_80I,classified,I,NLRIALR,Bw4 - 80I,HLAtools_protein_alignment,IPD-IMGT/HLA 3.63.0,2026-02-19 18:49:27.959055
B*49:18,B*49:18,B,Bw4 - 80I,Bw4_80I,classified,I,NLRIALR,Bw4 - 80I,HLAtools_protein_alignment,IPD-IMGT/HLA 3.63.0,2026-02-19 18:49:27.959055
B*49:20,B*49:20,B,Bw4 - 80I,Bw4_80I,classified,I,NLRIALR,Bw4 - 80I,HLAtools_protein_alignment,IPD-IMGT/HLA 3.63.0,2026-02-19 18:49:27.959055
B*49:21,B*49:21,B,Non-canonical,NonCanonical,non_canonical_83,I,NLRIALC,Bw4 - 80I,HLAtools_protein_alignment,IPD-IMGT/HLA 3.63.0,2026-02-19 18:49:27.959055
B*49:22,B*49:22,B,Bw4 - 80I,Bw4_80I,classified,I,NLRIALR,Bw4 - 80I,HLAtools_protein_alignment,IPD-IMGT/HLA 3.63.0,2026-02-19 18:49:27.959055
B*49:23,B*49:23,B,Bw4 - 80I,Bw4_80I,classified,I,NLRIALR,Bw4 - 80I,HLAtools_protein_alignment,IPD-IMGT/HLA 3.63.0,2026-02-19 18:49:27.959055
B*49:24,B*49:24,B,Bw4 - 80I,Bw4_80I,classified,I,NLRIALR,Bw4 - 80I,HLAtools_protein_alignment,IPD-IMGT/HLA 3.63.0,2026-02-19 18:49:27.959055
B*49:25,B*49:25,B,Bw4 - 80I,Bw4_80I,classified,I,NLRIALR,Bw4 - 80I,HLAtools_protein_alignment,IPD-IMGT/HLA 3.63.0,2026-02-19 18:49:27.959055
B*49:26,B*49:26,B,Bw4 - 80I,Bw4_80I,classified,I,NLRIALR,Bw4 - 80I,HLAtools_protein_alignment,IPD-IMGT/HLA 3.63.0,2026-02-19 18:49:27.959055
B*49:27,B*49:27,B,Bw4 - 80I,Bw4_80I,classified,I,NLRIALR,Bw4 - 80I,HLAtools_protein_alignment,IPD-IMGT/HLA 3.63.0,2026-02-19 18:49:27.959055
B*49:28,B*49:28,B,Bw4 - 80I,Bw4_80I,classified,I,NLRIALR,Bw4 - 80I,HLAtools_protein_alignment,IPD-IMGT/HLA 3.63.0,2026-02-19 18:49:27.959055
B*49:29,B*49:29,B,Bw4 - 80I,Bw4_80I,classified,I,NLRIALR,Bw4 - 80I,HLAtools_protein_alignment,IPD-IMGT/HLA 3.63.0,2026-02-19 18:49:27.959055
B*49:30,B*49:30,B,Bw4 - 80I,Bw4_80I,classified,I,NLRIALR,Bw4 - 80I,HLAtools_protein_alignment,IPD-IMGT/HLA 3.63.0,2026-02-19 18:49:27.959055
B*49:31,B*49:31,B,Bw4 - 80I,Bw4_80I,classified,I,NLRIALR,Bw4 - 80I,HLAtools_protein_alignment,IPD-IMGT/HLA 3.63.0,2026-02-19 18:49:27.959055
B*49:32,B*49:32,B,Bw4 - 80I,Bw4_80I,classified,I,NLRIALR,Bw4 - 80I,HLAtools_protein_alignment,IPD-IMGT/HLA 3.63.0,2026-02-19 18:49:27.959055
B*49:33,B*49:33,B,Bw4 - 80I,Bw4_80I,classified,I,NLRIALR,Bw4 - 80I,HLAtools_protein_alignment,IPD-IMGT/HLA 3.63.0,2026-02-19 18:49:27.959055
B*49:34,B*49:34,B,Bw4 - 80I,Bw4_80I,classified,I,NLRIALR,Bw4 - 80I,HLAtools_protein_alignment,IPD-IMGT/HLA 3.63.0,2026-02-19 18:49:27.959055
B*49:35,B*49:35,B,Bw4 - 80I,Bw4_80I,classified,I,NLRIALR,Bw4 - 80I,HLAtools_protein_alignment,IPD-IMGT/HLA 3.63.0,2026-02-19 18:49:27.959055
B*49:36,B*49:36,B,Bw4 - 80I,Bw4_80I,classified,I,NLRIALR,Bw4 - 80I,HLAtools_protein_alignment,IPD-IMGT/HLA 3.63.0,2026-02-19 18:49:27.959055
B*49:37,B*49:37,B,Bw4 - 80I,Bw4_80I,classified,I,NLRIALR,Bw4 - 80I,HLAtools_protein_alignment,IPD-IMGT/HLA 3.63.0,2026-02-19 18:49:27.959055
B*49:38,B*49:38,B,Bw4 - 80I,Bw4_80I,classified,I,NLRIALR,Bw4 - 80I,HLAtools_protein_alignment,IPD-IMGT/HLA 3.63.0,2026-02-19 18:49:27.959055
B*49:39,B*49:39,B,Bw4 - 80I,Bw4_80I,classified,I,NLRIALR,Bw4 - 80I,HLAtools_protein_alignment,IPD-IMGT/HLA 3.63.0,2026-02-19 18:49:27.959055
B*49:40,B*49:40,B,Bw4 - 80I,Bw4_80I,classified,I,NLRIALR,Bw4 - 80I,HLAtools_protein_alignment,IPD-IMGT/HLA 3.63.0,2026-02-19 18:49:27.959055
B*49:41,B*49:41,B,Bw4 - 80I,Bw4_80I,classified,I,NLRIALR,Bw4 - 80I,HLAtools_protein_alignment,IPD-IMGT/HLA 3.63.0,2026-02-19 18:49:27.959055
B*49:42,B*49:42,B,Bw4 - 80I,Bw4_80I,classified,I,NLRIALR,Bw4 - 80I,HLAtools_protein_alignment,IPD-IMGT/HLA 3.63.0,2026-02-19 18:49:27.959055
B*49:43,B*49:43,B,Bw4 - 80I,Bw4_80I,classified,I,NLRIALR,Bw4 - 80I,HLAtools_protein_alignment,IPD-IMGT/HLA 3.63.0,2026-02-19 18:49:27.959055
B*49:44,B*49:44,B,Bw4 - 80I,Bw4_80I,classified,I,NLRIALR,Bw4 - 80I,HLAtools_protein_alignment,IPD-IMGT/HLA 3.63.0,2026-02-19 18:49:27.959055
B*49:45,B*49:45,B,Bw4 - 80I,Bw4_80I,classified,I,NLRIALR,Bw4 - 80I,HLAtools_protein_alignment,IPD-IMGT/HLA 3.63.0,2026-02-19 18:49:27.959055
B*49:46,B*49:46,B,Bw4 - 80I,Bw4_80I,classified,I,NLRIALR,Bw4 - 80I,HLAtools_protein_alignment,IPD-IMGT/HLA 3.63.0,2026-02-19 18:49:27.959055
B*49:47,B*49:47,B,Bw4 - 80I,Bw4_80I,classified,I,NLRIALR,Bw4 - 80I,HLAtools_protein_alignment,IPD-IMGT/HLA 3.63.0,2026-02-19 18:49:27.959055
B*49:48,B*49:48,B,Bw4 - 80I,Bw4_80I,classified,I,NLRIALR,Bw4 - 80I,HLAtools_protein_alignment,IPD-IMGT/HLA 3.63.0,2026-02-19 18:49:27.959055
B*49:49,B*49:49,B,Bw4 - 80I,Bw4_80I,classified,I,NLRIALR,Bw4 - 80I,HLAtools_protein_alignment,IPD-IMGT/HLA 3.63.0,2026-02-19 18:49:27.959055
B*49:50,B*49:50,B,Bw4 - 80I,Bw4_80I,classified,I,NLRIALR,Bw4 - 80I,HLAtools_protein_alignment,IPD-IMGT/HLA 3.63.0,2026-02-19 18:49:27.959055
B*49:51,B*49:51,B,Bw4 - 80I,Bw4_80I,classified,I,NLRIALR,Bw4 - 80I,HLAtools_protein_alignment,IPD-IMGT/HLA 3.63.0,2026-02-19 18:49:27.959055
B*49:52,B*49:52,B,Bw4 - 80I,Bw4_80I,classified,I,NLRIALR,Bw4 - 80I,HLAtools_protein_alignment,IPD-IMGT/HLA 3.63.0,2026-02-19 18:49:27.959055
B*49:53,B*49:53,B,Bw4 - 80I,Bw4_80I,classified,I,NLRIALR,Bw4 - 80I,HLAtools_protein_alignment,IPD-IMGT/HLA 3.63.0,2026-02-19 18:49:27.959055
B*49:54,B*49:54,B,Bw4 - 80I,Bw4_80I,classified,I,NLRIALR,Bw4 - 80I,HLAtools_protein_alignment,IPD-IMGT/HLA 3.63.0,2026-02-19 18:49:27.959055
B*49:55,B*49:55,B,Bw4 - 80I,Bw4_80I,classified,I,NLRIALR,Bw4 - 80I,HLAtools_protein_alignment,IPD-IMGT/HLA 3.63.0,2026-02-19 18:49:27.959055
B*49:56,B*49:56,B,Bw4 - 80I,Bw4_80I,classified,I,NLRIALR,Bw4 - 80I,HLAtools_protein_alignment,IPD-IMGT/HLA 3.63.0,2026-02-19 18:49:27.959055
B*49:57,B*49:57,B,Bw4 - 80I,Bw4_80I,classified,I,NLRIALR,Bw4 - 80I,HLAtools_protein_alignment,IPD-IMGT/HLA 3.63.0,2026-02-19 18:49:27.959055
B*49:58,B*49:58,B,Bw4 - 80I,Bw4_80I,classified,I,NLRIALR,Bw4 - 80I,HLAtools_protein_alignment,IPD-IMGT/HLA 3.63.0,2026-02-19 18:49:27.959055
B*49:59,B*49:59,B,Bw4 - 80I,Bw4_80I,classified,I,NLRIALR,Bw4 - 80I,HLAtools_protein_alignment,IPD-IMGT/HLA 3.63.0,2026-02-19 18:49:27.959055
B*49:61,B*49:61,B,Bw4 - 80I,Bw4_80I,classified,I,NLRIALR,Bw4 - 80I,HLAtools_protein_alignment,IPD-IMGT/HLA 3.63.0,2026-02-19 18:49:27.959055
B*49:62,B*49:62,B,Bw4 - 80I,Bw4_80I,classified,I,NLRIALR,Bw4 - 80I,HLAtools_protein_alignment,IPD-IMGT/HLA 3.63.0,2026-02-19 18:49:27.959055
B*49:63,B*49:63,B,Bw4 - 80I,Bw4_80I,classified,I,NLRIALR,Bw4 - 80I,HLAtools_protein_alignment,IPD-IMGT/HLA 3.63.0,2026-02-19 18:49:27.959055
B*49:64,B*49:64,B,Bw4 - 80I,Bw4_80I,classified,I,NLRIALR,Bw4 - 80I,HLAtools_protein_alignment,IPD-IMGT/HLA 3.63.0,2026-02-19 18:49:27.959055
B*49:65,B*49:65,B,Bw4 - 80I,Bw4_80I,classified,I,NLRIALR,Bw4 - 80I,HLAtools_protein_alignment,IPD-IMGT/HLA 3.63.0,2026-02-19 18:49:27.959055
B*49:66,B*49:66,B,Bw4 - 80I,Bw4_80I,classified,I,NLRIALR,Bw4 - 80I,HLAtools_protein_alignment,IPD-IMGT/HLA 3.63.0,2026-02-19 18:49:27.959055
B*49:67,B*49:67,B,Bw4 - 80I,Bw4_80I,classified,I,SLRIALR,NA,HLAtools_protein_alignment,IPD-IMGT/HLA 3.63.0,2026-02-19 18:49:27.959055
B*49:68,B*49:68,B,Bw4 - 80I,Bw4_80I,classified,I,NLRIALR,Bw4 - 80I,HLAtools_protein_alignment,IPD-IMGT/HLA 3.63.0,2026-02-19 18:49:27.959055
B*49:69,B*49:69,B,Bw4 - 80I,Bw4_80I,classified,I,NLRIALR,Bw4 - 80I,HLAtools_protein_alignment,IPD-IMGT/HLA 3.63.0,2026-02-19 18:49:27.959055
B*49:70,B*49:70,B,Bw4 - 80T,Bw4_80T,classified,T,SLRTALR,Bw4 - 80T,HLAtools_protein_alignment,IPD-IMGT/HLA 3.63.0,2026-02-19 18:49:27.959055
B*49:71,B*49:71,B,Bw4 - 80I,Bw4_80I,classified,I,NLRIALR,Bw4 - 80I,HLAtools_protein_alignment,IPD-IMGT/HLA 3.63.0,2026-02-19 18:49:27.959055
B*49:72,B*49:72,B,Bw4 - 80I,Bw4_80I,classified,I,NLRIALR,Bw4 - 80I,HLAtools_protein_alignment,IPD-IMGT/HLA 3.63.0,2026-02-19 18:49:27.959055
B*49:73,B*49:73,B,Bw4 - 80I,Bw4_80I,classified,I,NLRIALR,Bw4 - 80I,HLAtools_protein_alignment,IPD-IMGT/HLA 3.63.0,2026-02-19 18:49:27.959055
B*49:74,B*49:74,B,Bw4 - 80I,Bw4_80I,classified,I,NLRIALR,Bw4 - 80I,HLAtools_protein_alignment,IPD-IMGT/HLA 3.63.0,2026-02-19 18:49:27.959055
B*49:75,B*49:75,B,Bw4 - 80I,Bw4_80I,classified,I,SLRIALR,NA,HLAtools_protein_alignment,IPD-IMGT/HLA 3.63.0,2026-02-19 18:49:27.959055
B*49:76,B*49:76,B,Bw4 - 80I,Bw4_80I,classified,I,NLRIALR,Bw4 - 80I,HLAtools_protein_alignment,IPD-IMGT/HLA 3.63.0,2026-02-19 18:49:27.959055
B*49:77,B*49:77,B,Bw4 - 80I,Bw4_80I,classified,I,NLRIALR,Bw4 - 80I,HLAtools_protein_alignment,IPD-IMGT/HLA 3.63.0,2026-02-19 18:49:27.959055
B*49:78,B*49:78,B,Bw4 - 80I,Bw4_80I,classified,I,NLRIALR,Bw4 - 80I,HLAtools_protein_alignment,IPD-IMGT/HLA 3.63.0,2026-02-19 18:49:27.959055
B*49:79,B*49:79,B,Bw4 - 80I,Bw4_80I,classified,I,NLRIALR,Bw4 - 80I,HLAtools_protein_alignment,IPD-IMGT/HLA 3.63.0,2026-02-19 18:49:27.959055
B*49:80,B*49:80,B,Bw4 - 80I,Bw4_80I,classified,I,NLRIALR,Bw4 - 80I,HLAtools_protein_alignment,IPD-IMGT/HLA 3.63.0,2026-02-19 18:49:27.959055
B*49:81,B*49:81,B,Bw4 - 80I,Bw4_80I,classified,I,NLRIALR,Bw4 - 80I,HLAtools_protein_alignment,IPD-IMGT/HLA 3.63.0,2026-02-19 18:49:27.959055
B*49:82,B*49:82,B,Bw4 - 80I,Bw4_80I,classified,I,NLRIALR,Bw4 - 80I,HLAtools_protein_alignment,IPD-IMGT/HLA 3.63.0,2026-02-19 18:49:27.959055
B*49:83,B*49:83,B,Bw4 - 80I,Bw4_80I,classified,I,NLRIALR,Bw4 - 80I,HLAtools_protein_alignment,IPD-IMGT/HLA 3.63.0,2026-02-19 18:49:27.959055
B*49:84,B*49:84,B,Bw4 - 80I,Bw4_80I,classified,I,NLRIALR,Bw4 - 80I,HLAtools_protein_alignment,IPD-IMGT/HLA 3.63.0,2026-02-19 18:49:27.959055
B*49:85,B*49:85,B,Bw4 - 80I,Bw4_80I,classified,I,NLRIALR,Bw4 - 80I,HLAtools_protein_alignment,IPD-IMGT/HLA 3.63.0,2026-02-19 18:49:27.959055
B*49:86,B*49:86,B,Bw4 - 80I,Bw4_80I,classified,I,NLRIALR,Bw4 - 80I,HLAtools_protein_alignment,IPD-IMGT/HLA 3.63.0,2026-02-19 18:49:27.959055
B*49:87,B*49:87,B,Bw4 - 80I,Bw4_80I,classified,I,NLRIALR,Bw4 - 80I,HLAtools_protein_alignment,IPD-IMGT/HLA 3.63.0,2026-02-19 18:49:27.959055
B*49:88,B*49:88,B,Bw4 - 80I,Bw4_80I,classified,I,NLRIALR,Bw4 - 80I,HLAtools_protein_alignment,IPD-IMGT/HLA 3.63.0,2026-02-19 18:49:27.959055
B*49:90,B*49:90,B,Bw4 - 80I,Bw4_80I,classified,I,NLRIALR,Bw4 - 80I,HLAtools_protein_alignment,IPD-IMGT/HLA 3.63.0,2026-02-19 18:49:27.959055
B*49:91,B*49:91,B,Bw4 - 80I,Bw4_80I,classified,I,NLRIALR,Bw4 - 80I,HLAtools_protein_alignment,IPD-IMGT/HLA 3.63.0,2026-02-19 18:49:27.959055
B*49:92,B*49:92,B,Bw4 - 80T,Bw4_80T,classified,T,DLRTLLR,Bw4 - 80T,HLAtools_protein_alignment,IPD-IMGT/HLA 3.63.0,2026-02-19 18:49:27.959055
B*49:93,B*49:93,B,Bw4 - 80I,Bw4_80I,classified,I,NLRIALR,Bw4 - 80I,HLAtools_protein_alignment,IPD-IMGT/HLA 3.63.0,2026-02-19 18:49:27.959055
B*49:94,B*49:94,B,Bw4 - 80I,Bw4_80I,classified,I,NLRIALR,Bw4 - 80I,HLAtools_protein_alignment,IPD-IMGT/HLA 3.63.0,2026-02-19 18:49:27.959055
B*49:95,B*49:95,B,Bw4 - 80I,Bw4_80I,classified,I,NLRIALR,Bw4 - 80I,HLAtools_protein_alignment,IPD-IMGT/HLA 3.63.0,2026-02-19 18:49:27.959055
B*49:96,B*49:96,B,Bw4 - 80I,Bw4_80I,classified,I,NLRIALR,Bw4 - 80I,HLAtools_protein_alignment,IPD-IMGT/HLA 3.63.0,2026-02-19 18:49:27.959055
B*50:01,B*50:01,B,Bw6,Bw6,classified,N,SLRNLRG,Bw6,HLAtools_protein_alignment,IPD-IMGT/HLA 3.63.0,2026-02-19 18:49:27.959055
B*50:02,B*50:02,B,Bw6,Bw6,classified,N,SLRNLRG,Bw6,HLAtools_protein_alignment,IPD-IMGT/HLA 3.63.0,2026-02-19 18:49:27.959055
B*50:04,B*50:04,B,Bw6,Bw6,classified,N,SLRNLRG,Bw6,HLAtools_protein_alignment,IPD-IMGT/HLA 3.63.0,2026-02-19 18:49:27.959055
B*50:05,B*50:05,B,Bw6,Bw6,classified,N,SLRNLRG,Bw6,HLAtools_protein_alignment,IPD-IMGT/HLA 3.63.0,2026-02-19 18:49:27.959055
B*50:06,B*50:06,B,Bw6,Bw6,classified,N,SLRNLRG,Bw6,HLAtools_protein_alignment,IPD-IMGT/HLA 3.63.0,2026-02-19 18:49:27.959055
B*50:07,B*50:07,B,Bw6,Bw6,classified,N,SLRNLRG,Bw6,HLAtools_protein_alignment,IPD-IMGT/HLA 3.63.0,2026-02-19 18:49:27.959055
B*50:08,B*50:08,B,Bw6,Bw6,classified,N,SLRNLRG,Bw6,HLAtools_protein_alignment,IPD-IMGT/HLA 3.63.0,2026-02-19 18:49:27.959055
B*50:09,B*50:09,B,Bw6,Bw6,classified,N,SLRNLRG,Bw6,HLAtools_protein_alignment,IPD-IMGT/HLA 3.63.0,2026-02-19 18:49:27.959055
B*50:10,B*50:10,B,Bw6,Bw6,classified,N,SLRNLRG,Bw6,HLAtools_protein_alignment,IPD-IMGT/HLA 3.63.0,2026-02-19 18:49:27.959055
B*50:11,B*50:11,B,Bw6,Bw6,classified,N,SLRNLRG,Bw6,HLAtools_protein_alignment,IPD-IMGT/HLA 3.63.0,2026-02-19 18:49:27.959055
B*50:12,B*50:12,B,Bw6,Bw6,classified,N,SLRNLRG,Bw6,HLAtools_protein_alignment,IPD-IMGT/HLA 3.63.0,2026-02-19 18:49:27.959055
B*50:13,B*50:13,B,Bw6,Bw6,classified,N,SLRNLRG,Bw6,HLAtools_protein_alignment,IPD-IMGT/HLA 3.63.0,2026-02-19 18:49:27.959055
B*50:14,B*50:14,B,Bw6,Bw6,classified,N,SLRNLRG,Bw6,HLAtools_protein_alignment,IPD-IMGT/HLA 3.63.0,2026-02-19 18:49:27.959055
B*50:15,B*50:15,B,Bw6,Bw6,classified,N,SLRNLRG,Bw6,HLAtools_protein_alignment,IPD-IMGT/HLA 3.63.0,2026-02-19 18:49:27.959055
B*50:16,B*50:16,B,Bw6,Bw6,classified,N,SLRNLRG,Bw6,HLAtools_protein_alignment,IPD-IMGT/HLA 3.63.0,2026-02-19 18:49:27.959055
B*50:17,B*50:17,B,Bw6,Bw6,classified,N,SLRNLRG,Bw6,HLAtools_protein_alignment,IPD-IMGT/HLA 3.63.0,2026-02-19 18:49:27.959055
B*50:18,B*50:18,B,Bw6,Bw6,classified,N,SLRNLRG,Bw6,HLAtools_protein_alignment,IPD-IMGT/HLA 3.63.0,2026-02-19 18:49:27.959055
B*50:19,B*50:19,B,Bw6,Bw6,classified,N,SLRNLRG,Bw6,HLAtools_protein_alignment,IPD-IMGT/HLA 3.63.0,2026-02-19 18:49:27.959055
B*50:20,B*50:20,B,Bw6,Bw6,classified,N,SLRNLRG,Bw6,HLAtools_protein_alignment,IPD-IMGT/HLA 3.63.0,2026-02-19 18:49:27.959055
B*50:21,B*50:21,B,Bw6,Bw6,classified,N,SLRNLRG,Bw6,HLAtools_protein_alignment,IPD-IMGT/HLA 3.63.0,2026-02-19 18:49:27.959055
B*50:22,B*50:22,B,Bw6,Bw6,classified,N,SLRNLRG,Bw6,HLAtools_protein_alignment,IPD-IMGT/HLA 3.63.0,2026-02-19 18:49:27.959055
B*50:23,B*50:23,B,Bw6,Bw6,classified,N,SLRNLRG,Bw6,HLAtools_protein_alignment,IPD-IMGT/HLA 3.63.0,2026-02-19 18:49:27.959055
B*50:24,B*50:24,B,Bw6,Bw6,classified,N,SLRNLRG,Bw6,HLAtools_protein_alignment,IPD-IMGT/HLA 3.63.0,2026-02-19 18:49:27.959055
B*50:25,B*50:25,B,Bw6,Bw6,classified,N,SLRNLRG,Bw6,HLAtools_protein_alignment,IPD-IMGT/HLA 3.63.0,2026-02-19 18:49:27.959055
B*50:26,B*50:26,B,Bw6,Bw6,classified,N,SLRNLRG,Bw6,HLAtools_protein_alignment,IPD-IMGT/HLA 3.63.0,2026-02-19 18:49:27.959055
B*50:28,B*50:28,B,Bw6,Bw6,classified,N,SLRNLRG,Bw6,HLAtools_protein_alignment,IPD-IMGT/HLA 3.63.0,2026-02-19 18:49:27.959055
B*50:29,B*50:29,B,Bw6,Bw6,classified,N,SLRNLRG,Bw6,HLAtools_protein_alignment,IPD-IMGT/HLA 3.63.0,2026-02-19 18:49:27.959055
B*50:30,B*50:30,B,Bw6,Bw6,classified,N,SLRNLRG,Bw6,HLAtools_protein_alignment,IPD-IMGT/HLA 3.63.0,2026-02-19 18:49:27.959055
B*50:31,B*50:31,B,Bw6,Bw6,classified,N,SLRNLRG,Bw6,HLAtools_protein_alignment,IPD-IMGT/HLA 3.63.0,2026-02-19 18:49:27.959055
B*50:32,B*50:32,B,Bw6,Bw6,classified,N,SLRNLRG,Bw6,HLAtools_protein_alignment,IPD-IMGT/HLA 3.63.0,2026-02-19 18:49:27.959055
B*50:33,B*50:33,B,Bw6,Bw6,classified,N,SLRNLRG,Bw6,HLAtools_protein_alignment,IPD-IMGT/HLA 3.63.0,2026-02-19 18:49:27.959055
B*50:34,B*50:34,B,Bw6,Bw6,classified,N,SLRNLRG,Bw6,HLAtools_protein_alignment,IPD-IMGT/HLA 3.63.0,2026-02-19 18:49:27.959055
B*50:35,B*50:35,B,Bw6,Bw6,classified,N,SLRNLRG,Bw6,HLAtools_protein_alignment,IPD-IMGT/HLA 3.63.0,2026-02-19 18:49:27.959055
B*50:36,B*50:36,B,Bw6,Bw6,classified,N,SLRNLRG,Bw6,HLAtools_protein_alignment,IPD-IMGT/HLA 3.63.0,2026-02-19 18:49:27.959055
B*50:37,B*50:37,B,Bw6,Bw6,classified,N,SLRNLRG,Bw6,HLAtools_protein_alignment,IPD-IMGT/HLA 3.63.0,2026-02-19 18:49:27.959055
B*50:38,B*50:38,B,Bw6,Bw6,classified,N,SLRNLRG,Bw6,HLAtools_protein_alignment,IPD-IMGT/HLA 3.63.0,2026-02-19 18:49:27.959055
B*50:39,B*50:39,B,Bw6,Bw6,classified,N,SLRNLRG,Bw6,HLAtools_protein_alignment,IPD-IMGT/HLA 3.63.0,2026-02-19 18:49:27.959055
B*50:40,B*50:40,B,Bw6,Bw6,classified,N,SLRNLRG,Bw6,HLAtools_protein_alignment,IPD-IMGT/HLA 3.63.0,2026-02-19 18:49:27.959055
B*50:41,B*50:41,B,Bw6,Bw6,classified,N,SLRNLRG,Bw6,HLAtools_protein_alignment,IPD-IMGT/HLA 3.63.0,2026-02-19 18:49:27.959055
B*50:42,B*50:42,B,Bw6,Bw6,classified,N,SLRNLRG,Bw6,HLAtools_protein_alignment,IPD-IMGT/HLA 3.63.0,2026-02-19 18:49:27.959055
B*50:43,B*50:43,B,Bw6,Bw6,classified,N,SLRNLRG,Bw6,HLAtools_protein_alignment,IPD-IMGT/HLA 3.63.0,2026-02-19 18:49:27.959055
B*50:44,B*50:44,B,Bw6,Bw6,classified,N,SLRNLRG,Bw6,HLAtools_protein_alignment,IPD-IMGT/HLA 3.63.0,2026-02-19 18:49:27.959055
B*50:45,B*50:45,B,Bw6,Bw6,classified,N,SLRNLRG,Bw6,HLAtools_protein_alignment,IPD-IMGT/HLA 3.63.0,2026-02-19 18:49:27.959055
B*50:46,B*50:46,B,Bw6,Bw6,classified,N,SLRNLRG,Bw6,HLAtools_protein_alignment,IPD-IMGT/HLA 3.63.0,2026-02-19 18:49:27.959055
B*50:47,B*50:47,B,Bw6,Bw6,classified,N,SLRNLRG,Bw6,HLAtools_protein_alignment,IPD-IMGT/HLA 3.63.0,2026-02-19 18:49:27.959055
B*50:48,B*50:48,B,Bw6,Bw6,classified,N,SLRNLRG,Bw6,HLAtools_protein_alignment,IPD-IMGT/HLA 3.63.0,2026-02-19 18:49:27.959055
B*50:49,B*50:49,B,Bw6,Bw6,classified,N,SLRNLRG,Bw6,HLAtools_protein_alignment,IPD-IMGT/HLA 3.63.0,2026-02-19 18:49:27.959055
B*50:50,B*50:50,B,Bw6,Bw6,classified,N,SLRNLRG,Bw6,HLAtools_protein_alignment,IPD-IMGT/HLA 3.63.0,2026-02-19 18:49:27.959055
B*50:51,B*50:51,B,Bw6,Bw6,classified,N,SLRNLRG,Bw6,HLAtools_protein_alignment,IPD-IMGT/HLA 3.63.0,2026-02-19 18:49:27.959055
B*50:52,B*50:52,B,Bw6,Bw6,classified,N,SLRNLRG,Bw6,HLAtools_protein_alignment,IPD-IMGT/HLA 3.63.0,2026-02-19 18:49:27.959055
B*50:53,B*50:53,B,Bw6,Bw6,classified,N,SLRNLRG,Bw6,HLAtools_protein_alignment,IPD-IMGT/HLA 3.63.0,2026-02-19 18:49:27.959055
B*50:54,B*50:54,B,Bw6,Bw6,classified,N,SLRNLRG,Bw6,HLAtools_protein_alignment,IPD-IMGT/HLA 3.63.0,2026-02-19 18:49:27.959055
B*50:55,B*50:55,B,Bw6,Bw6,classified,N,SLRNLRG,Bw6,HLAtools_protein_alignment,IPD-IMGT/HLA 3.63.0,2026-02-19 18:49:27.959055
B*50:56,B*50:56,B,Bw6,Bw6,classified,N,SLRNLRG,Bw6,HLAtools_protein_alignment,IPD-IMGT/HLA 3.63.0,2026-02-19 18:49:27.959055
B*50:57,B*50:57,B,Bw6,Bw6,classified,N,SLRNLRG,Bw6,HLAtools_protein_alignment,IPD-IMGT/HLA 3.63.0,2026-02-19 18:49:27.959055
B*50:58,B*50:58,B,Bw6,Bw6,classified,N,SLRNLRG,Bw6,HLAtools_protein_alignment,IPD-IMGT/HLA 3.63.0,2026-02-19 18:49:27.959055
B*50:59,B*50:59,B,Bw6,Bw6,classified,N,SLRNLRG,Bw6,HLAtools_protein_alignment,IPD-IMGT/HLA 3.63.0,2026-02-19 18:49:27.959055
B*50:60,B*50:60,B,Bw6,Bw6,classified,N,SLRNLRG,Bw6,HLAtools_protein_alignment,IPD-IMGT/HLA 3.63.0,2026-02-19 18:49:27.959055
B*50:61,B*50:61,B,Bw6,Bw6,classified,N,SLRNLRG,Bw6,HLAtools_protein_alignment,IPD-IMGT/HLA 3.63.0,2026-02-19 18:49:27.959055
B*50:62,B*50:62,B,Bw6,Bw6,classified,N,SLRNLRG,Bw6,HLAtools_protein_alignment,IPD-IMGT/HLA 3.63.0,2026-02-19 18:49:27.959055
B*50:63,B*50:63,B,Bw6,Bw6,classified,N,SLRNLRG,Bw6,HLAtools_protein_alignment,IPD-IMGT/HLA 3.63.0,2026-02-19 18:49:27.959055
B*50:64,B*50:64,B,Bw6,Bw6,classified,N,SLRNLRG,Bw6,HLAtools_protein_alignment,IPD-IMGT/HLA 3.63.0,2026-02-19 18:49:27.959055
B*50:65,B*50:65,B,Bw6,Bw6,classified,N,SLRNLRG,Bw6,HLAtools_protein_alignment,IPD-IMGT/HLA 3.63.0,2026-02-19 18:49:27.959055
B*50:66,B*50:66,B,Bw6,Bw6,classified,N,SLRNLRG,Bw6,HLAtools_protein_alignment,IPD-IMGT/HLA 3.63.0,2026-02-19 18:49:27.959055
B*50:67,B*50:67,B,Bw6,Bw6,classified,N,SLRNLRG,Bw6,HLAtools_protein_alignment,IPD-IMGT/HLA 3.63.0,2026-02-19 18:49:27.959055
B*50:68,B*50:68,B,Bw6,Bw6,classified,N,SLRNLRG,Bw6,HLAtools_protein_alignment,IPD-IMGT/HLA 3.63.0,2026-02-19 18:49:27.959055
B*50:69,B*50:69,B,Bw6,Bw6,classified,N,SLRNLRG,Bw6,HLAtools_protein_alignment,IPD-IMGT/HLA 3.63.0,2026-02-19 18:49:27.959055
B*50:70,B*50:70,B,Bw6,Bw6,classified,N,SLRNLRG,Bw6,HLAtools_protein_alignment,IPD-IMGT/HLA 3.63.0,2026-02-19 18:49:27.959055
B*50:71,B*50:71,B,Bw6,Bw6,classified,N,SLRNLRG,Bw6,HLAtools_protein_alignment,IPD-IMGT/HLA 3.63.0,2026-02-19 18:49:27.959055
B*50:73,B*50:73,B,Bw6,Bw6,classified,N,SLRNLRG,Bw6,HLAtools_protein_alignment,IPD-IMGT/HLA 3.63.0,2026-02-19 18:49:27.959055
B*50:74,B*50:74,B,Bw6,Bw6,classified,N,SLRNLRG,Bw6,HLAtools_protein_alignment,IPD-IMGT/HLA 3.63.0,2026-02-19 18:49:27.959055
B*50:75,B*50:75,B,Bw6,Bw6,classified,N,SLRNLRG,Bw6,HLAtools_protein_alignment,IPD-IMGT/HLA 3.63.0,2026-02-19 18:49:27.959055
B*50:76,B*50:76,B,Bw6,Bw6,classified,N,SLRNLRG,Bw6,HLAtools_protein_alignment,IPD-IMGT/HLA 3.63.0,2026-02-19 18:49:27.959055
B*50:77,B*50:77,B,Bw6,Bw6,classified,N,SLRNLRG,Bw6,HLAtools_protein_alignment,IPD-IMGT/HLA 3.63.0,2026-02-19 18:49:27.959055
B*50:78,B*50:78,B,Bw6,Bw6,classified,N,SLRNLRG,Bw6,HLAtools_protein_alignment,IPD-IMGT/HLA 3.63.0,2026-02-19 18:49:27.959055
B*50:79,B*50:79,B,Bw6,Bw6,classified,N,SLRNLRG,Bw6,HLAtools_protein_alignment,IPD-IMGT/HLA 3.63.0,2026-02-19 18:49:27.959055
B*50:80Q,B*50:80Q,B,Bw6,Bw6,classified,N,SLRNLRG,NA,HLAtools_protein_alignment,IPD-IMGT/HLA 3.63.0,2026-02-19 18:49:27.959055
B*51:01,B*51:01,B,Bw4 - 80I,Bw4_80I,classified,I,NLRIALR,Bw4 - 80I,HLAtools_protein_alignment,IPD-IMGT/HLA 3.63.0,2026-02-19 18:49:27.959055
B*51:01Q,B*51:01Q,B,Bw4 - 80I,Bw4_80I,classified,I,NLRIALR,NA,HLAtools_protein_alignment,IPD-IMGT/HLA 3.63.0,2026-02-19 18:49:27.959055
B*51:02,B*51:02,B,Bw4 - 80I,Bw4_80I,classified,I,NLRIALR,Bw4 - 80I,HLAtools_protein_alignment,IPD-IMGT/HLA 3.63.0,2026-02-19 18:49:27.959055
B*51:03,B*51:03,B,Bw4 - 80I,Bw4_80I,classified,I,NLRIALR,Bw4 - 80I,HLAtools_protein_alignment,IPD-IMGT/HLA 3.63.0,2026-02-19 18:49:27.959055
B*51:04,B*51:04,B,Bw4 - 80I,Bw4_80I,classified,I,NLRIALR,Bw4 - 80I,HLAtools_protein_alignment,IPD-IMGT/HLA 3.63.0,2026-02-19 18:49:27.959055
B*51:05,B*51:05,B,Bw4 - 80I,Bw4_80I,classified,I,NLRIALR,Bw4 - 80I,HLAtools_protein_alignment,IPD-IMGT/HLA 3.63.0,2026-02-19 18:49:27.959055
B*51:06,B*51:06,B,Bw4 - 80I,Bw4_80I,classified,I,NLRIALR,Bw4 - 80I,HLAtools_protein_alignment,IPD-IMGT/HLA 3.63.0,2026-02-19 18:49:27.959055
B*51:07,B*51:07,B,Bw4 - 80I,Bw4_80I,classified,I,NLRIALR,Bw4 - 80I,HLAtools_protein_alignment,IPD-IMGT/HLA 3.63.0,2026-02-19 18:49:27.959055
B*51:08,B*51:08,B,Bw4 - 80I,Bw4_80I,classified,I,NLRIALR,Bw4 - 80I,HLAtools_protein_alignment,IPD-IMGT/HLA 3.63.0,2026-02-19 18:49:27.959055
B*51:09,B*51:09,B,Bw4 - 80I,Bw4_80I,classified,I,NLRIALR,Bw4 - 80I,HLAtools_protein_alignment,IPD-IMGT/HLA 3.63.0,2026-02-19 18:49:27.959055
B*51:10,B*51:10,B,Bw4 - 80I,Bw4_80I,classified,I,NLRIALR,Bw4 - 80I,HLAtools_protein_alignment,IPD-IMGT/HLA 3.63.0,2026-02-19 18:49:27.959055
B*51:100,B*51:100,B,Bw4 - 80I,Bw4_80I,classified,I,NLRIALR,Bw4 - 80I,HLAtools_protein_alignment,IPD-IMGT/HLA 3.63.0,2026-02-19 18:49:27.959055
B*51:101,B*51:101,B,Bw4 - 80I,Bw4_80I,classified,I,NLRIALR,Bw4 - 80I,HLAtools_protein_alignment,IPD-IMGT/HLA 3.63.0,2026-02-19 18:49:27.959055
B*51:102,B*51:102,B,Bw4 - 80I,Bw4_80I,classified,I,NLRIALR,Bw4 - 80I,HLAtools_protein_alignment,IPD-IMGT/HLA 3.63.0,2026-02-19 18:49:27.959055
B*51:103,B*51:103,B,Bw4 - 80I,Bw4_80I,classified,I,NLRIALR,Bw4 - 80I,HLAtools_protein_alignment,IPD-IMGT/HLA 3.63.0,2026-02-19 18:49:27.959055
B*51:104,B*51:104,B,Bw4 - 80I,Bw4_80I,classified,I,NLRIALR,Bw4 - 80I,HLAtools_protein_alignment,IPD-IMGT/HLA 3.63.0,2026-02-19 18:49:27.959055
B*51:105,B*51:105,B,Bw4 - 80I,Bw4_80I,classified,I,NLRIALR,Bw4 - 80I,HLAtools_protein_alignment,IPD-IMGT/HLA 3.63.0,2026-02-19 18:49:27.959055
B*51:106,B*51:106,B,Bw4 - 80I,Bw4_80I,classified,I,NLRIALR,Bw4 - 80I,HLAtools_protein_alignment,IPD-IMGT/HLA 3.63.0,2026-02-19 18:49:27.959055
B*51:107,B*51:107,B,Bw4 - 80I,Bw4_80I,classified,I,NLRIALR,Bw4 - 80I,HLAtools_protein_alignment,IPD-IMGT/HLA 3.63.0,2026-02-19 18:49:27.959055
B*51:108,B*51:108,B,Bw4 - 80I,Bw4_80I,classified,I,NLRIALR,Bw4 - 80I,HLAtools_protein_alignment,IPD-IMGT/HLA 3.63.0,2026-02-19 18:49:27.959055
B*51:109,B*51:109,B,Bw4 - 80I,Bw4_80I,classified,I,NLRIALR,Bw4 - 80I,HLAtools_protein_alignment,IPD-IMGT/HLA 3.63.0,2026-02-19 18:49:27.959055
B*51:111,B*51:111,B,Bw4 - 80I,Bw4_80I,classified,I,NLRIALR,Bw4 - 80I,HLAtools_protein_alignment,IPD-IMGT/HLA 3.63.0,2026-02-19 18:49:27.959055
B*51:112,B*51:112,B,Bw4 - 80I,Bw4_80I,classified,I,NLRIALR,Bw4 - 80I,HLAtools_protein_alignment,IPD-IMGT/HLA 3.63.0,2026-02-19 18:49:27.959055
B*51:113,B*51:113,B,Bw4 - 80I,Bw4_80I,classified,I,NLRIALR,Bw4 - 80I,HLAtools_protein_alignment,IPD-IMGT/HLA 3.63.0,2026-02-19 18:49:27.959055
B*51:114,B*51:114,B,Bw4 - 80I,Bw4_80I,classified,I,NLRIALR,Bw4 - 80I,HLAtools_protein_alignment,IPD-IMGT/HLA 3.63.0,2026-02-19 18:49:27.959055
B*51:115,B*51:115,B,Bw4 - 80I,Bw4_80I,classified,I,NLRIALR,Bw4 - 80I,HLAtools_protein_alignment,IPD-IMGT/HLA 3.63.0,2026-02-19 18:49:27.959055
B*51:116,B*51:116,B,Bw4 - 80I,Bw4_80I,classified,I,NLRIALR,Bw4 - 80I,HLAtools_protein_alignment,IPD-IMGT/HLA 3.63.0,2026-02-19 18:49:27.959055
B*51:117,B*51:117,B,Bw4 - 80I,Bw4_80I,classified,I,NLRIALR,Bw4 - 80I,HLAtools_protein_alignment,IPD-IMGT/HLA 3.63.0,2026-02-19 18:49:27.959055
B*51:119,B*51:119,B,Bw4 - 80I,Bw4_80I,classified,I,NLRIALR,Bw4 - 80I,HLAtools_protein_alignment,IPD-IMGT/HLA 3.63.0,2026-02-19 18:49:27.959055
B*51:12,B*51:12,B,Bw4 - 80I,Bw4_80I,classified,I,NLRIALR,Bw4 - 80I,HLAtools_protein_alignment,IPD-IMGT/HLA 3.63.0,2026-02-19 18:49:27.959055
B*51:120,B*51:120,B,Bw4 - 80I,Bw4_80I,classified,I,NLRIALR,Bw4 - 80I,HLAtools_protein_alignment,IPD-IMGT/HLA 3.63.0,2026-02-19 18:49:27.959055
B*51:121,B*51:121,B,Bw4 - 80I,Bw4_80I,classified,I,NLRIALR,Bw4 - 80I,HLAtools_protein_alignment,IPD-IMGT/HLA 3.63.0,2026-02-19 18:49:27.959055
B*51:122,B*51:122,B,Bw4 - 80I,Bw4_80I,classified,I,NLRIALR,Bw4 - 80I,HLAtools_protein_alignment,IPD-IMGT/HLA 3.63.0,2026-02-19 18:49:27.959055
B*51:123,B*51:123,B,Bw4 - 80I,Bw4_80I,classified,I,NLRIALR,Bw4 - 80I,HLAtools_protein_alignment,IPD-IMGT/HLA 3.63.0,2026-02-19 18:49:27.959055
B*51:124,B*51:124,B,Bw4 - 80I,Bw4_80I,classified,I,NLRIALR,Bw4 - 80I,HLAtools_protein_alignment,IPD-IMGT/HLA 3.63.0,2026-02-19 18:49:27.959055
B*51:125,B*51:125,B,Bw4 - 80I,Bw4_80I,classified,I,NLRIALR,Bw4 - 80I,HLAtools_protein_alignment,IPD-IMGT/HLA 3.63.0,2026-02-19 18:49:27.959055
B*51:126,B*51:126,B,Bw4 - 80I,Bw4_80I,classified,I,NLRIALR,Bw4 - 80I,HLAtools_protein_alignment,IPD-IMGT/HLA 3.63.0,2026-02-19 18:49:27.959055
B*51:127,B*51:127,B,Bw4 - 80I,Bw4_80I,classified,I,NLRIALR,Bw4 - 80I,HLAtools_protein_alignment,IPD-IMGT/HLA 3.63.0,2026-02-19 18:49:27.959055
B*51:128,B*51:128,B,Bw4 - 80I,Bw4_80I,classified,I,NLRIALR,Bw4 - 80I,HLAtools_protein_alignment,IPD-IMGT/HLA 3.63.0,2026-02-19 18:49:27.959055
B*51:129,B*51:129,B,Bw4 - 80I,Bw4_80I,classified,I,NLRIALR,Bw4 - 80I,HLAtools_protein_alignment,IPD-IMGT/HLA 3.63.0,2026-02-19 18:49:27.959055
B*51:13,B*51:13,B,Bw4 - 80I,Bw4_80I,classified,I,NLRIALR,Bw4 - 80I,HLAtools_protein_alignment,IPD-IMGT/HLA 3.63.0,2026-02-19 18:49:27.959055
B*51:130,B*51:130,B,Bw4 - 80I,Bw4_80I,classified,I,NLRIALR,Bw4 - 80I,HLAtools_protein_alignment,IPD-IMGT/HLA 3.63.0,2026-02-19 18:49:27.959055
B*51:131,B*51:131,B,Bw4 - 80I,Bw4_80I,classified,I,NLRIALR,Bw4 - 80I,HLAtools_protein_alignment,IPD-IMGT/HLA 3.63.0,2026-02-19 18:49:27.959055
B*51:132,B*51:132,B,Bw4 - 80I,Bw4_80I,classified,I,NLRIALR,Bw4 - 80I,HLAtools_protein_alignment,IPD-IMGT/HLA 3.63.0,2026-02-19 18:49:27.959055
B*51:133,B*51:133,B,Bw4 - 80I,Bw4_80I,classified,I,NLRIALR,Bw4 - 80I,HLAtools_protein_alignment,IPD-IMGT/HLA 3.63.0,2026-02-19 18:49:27.959055
B*51:134,B*51:134,B,Bw4 - 80I,Bw4_80I,classified,I,NLRIALR,Bw4 - 80I,HLAtools_protein_alignment,IPD-IMGT/HLA 3.63.0,2026-02-19 18:49:27.959055
B*51:135,B*51:135,B,Bw4 - 80I,Bw4_80I,classified,I,NLRIALR,Bw4 - 80I,HLAtools_protein_alignment,IPD-IMGT/HLA 3.63.0,2026-02-19 18:49:27.959055
B*51:136,B*51:136,B,Bw4 - 80I,Bw4_80I,classified,I,NLRIALR,Bw4 - 80I,HLAtools_protein_alignment,IPD-IMGT/HLA 3.63.0,2026-02-19 18:49:27.959055
B*51:137,B*51:137,B,Bw4 - 80I,Bw4_80I,classified,I,NLRIALR,Bw4 - 80I,HLAtools_protein_alignment,IPD-IMGT/HLA 3.63.0,2026-02-19 18:49:27.959055
B*51:138,B*51:138,B,Bw4 - 80I,Bw4_80I,classified,I,NLRIALR,Bw4 - 80I,HLAtools_protein_alignment,IPD-IMGT/HLA 3.63.0,2026-02-19 18:49:27.959055
B*51:139,B*51:139,B,Bw4 - 80I,Bw4_80I,classified,I,NLRIALR,Bw4 - 80I,HLAtools_protein_alignment,IPD-IMGT/HLA 3.63.0,2026-02-19 18:49:27.959055
B*51:14,B*51:14,B,Bw4 - 80I,Bw4_80I,classified,I,NLRIALR,Bw4 - 80I,HLAtools_protein_alignment,IPD-IMGT/HLA 3.63.0,2026-02-19 18:49:27.959055
B*51:140,B*51:140,B,Bw4 - 80I,Bw4_80I,classified,I,NLRIALR,Bw4 - 80I,HLAtools_protein_alignment,IPD-IMGT/HLA 3.63.0,2026-02-19 18:49:27.959055
B*51:141,B*51:141,B,Bw4 - 80I,Bw4_80I,classified,I,NLRIALR,Bw4 - 80I,HLAtools_protein_alignment,IPD-IMGT/HLA 3.63.0,2026-02-19 18:49:27.959055
B*51:142,B*51:142,B,Bw4 - 80I,Bw4_80I,classified,I,NLRIALR,Bw4 - 80I,HLAtools_protein_alignment,IPD-IMGT/HLA 3.63.0,2026-02-19 18:49:27.959055
B*51:143,B*51:143,B,Bw4 - 80I,Bw4_80I,classified,I,NLRIALR,Bw4 - 80I,HLAtools_protein_alignment,IPD-IMGT/HLA 3.63.0,2026-02-19 18:49:27.959055
B*51:144,B*51:144,B,Bw4 - 80I,Bw4_80I,classified,I,NLRIALR,Bw4 - 80I,HLAtools_protein_alignment,IPD-IMGT/HLA 3.63.0,2026-02-19 18:49:27.959055
B*51:145,B*51:145,B,Bw4 - 80I,Bw4_80I,classified,I,NLRIALR,Bw4 - 80I,HLAtools_protein_alignment,IPD-IMGT/HLA 3.63.0,2026-02-19 18:49:27.959055
B*51:146,B*51:146,B,Bw4 - 80I,Bw4_80I,classified,I,NLRIALR,Bw4 - 80I,HLAtools_protein_alignment,IPD-IMGT/HLA 3.63.0,2026-02-19 18:49:27.959055
B*51:147,B*51:147,B,Bw4 - 80I,Bw4_80I,classified,I,NLRIALR,Bw4 - 80I,HLAtools_protein_alignment,IPD-IMGT/HLA 3.63.0,2026-02-19 18:49:27.959055
B*51:148,B*51:148,B,Bw4 - 80I,Bw4_80I,classified,I,NLRIALR,Bw4 - 80I,HLAtools_protein_alignment,IPD-IMGT/HLA 3.63.0,2026-02-19 18:49:27.959055
B*51:15,B*51:15,B,Bw4 - 80I,Bw4_80I,classified,I,NLRIALR,Bw4 - 80I,HLAtools_protein_alignment,IPD-IMGT/HLA 3.63.0,2026-02-19 18:49:27.959055
B*51:150,B*51:150,B,Bw4 - 80I,Bw4_80I,classified,I,NLRIALR,Bw4 - 80I,HLAtools_protein_alignment,IPD-IMGT/HLA 3.63.0,2026-02-19 18:49:27.959055
B*51:151,B*51:151,B,Bw4 - 80I,Bw4_80I,classified,I,NLRIALR,Bw4 - 80I,HLAtools_protein_alignment,IPD-IMGT/HLA 3.63.0,2026-02-19 18:49:27.959055
B*51:152,B*51:152,B,Bw4 - 80I,Bw4_80I,classified,I,NLRIALR,Bw4 - 80I,HLAtools_protein_alignment,IPD-IMGT/HLA 3.63.0,2026-02-19 18:49:27.959055
B*51:153,B*51:153,B,Bw4 - 80I,Bw4_80I,classified,I,NLRIALR,Bw4 - 80I,HLAtools_protein_alignment,IPD-IMGT/HLA 3.63.0,2026-02-19 18:49:27.959055
B*51:154,B*51:154,B,Bw4 - 80I,Bw4_80I,classified,I,NLRIALR,Bw4 - 80I,HLAtools_protein_alignment,IPD-IMGT/HLA 3.63.0,2026-02-19 18:49:27.959055
B*51:155,B*51:155,B,Bw4 - 80I,Bw4_80I,classified,I,NLRIALR,Bw4 - 80I,HLAtools_protein_alignment,IPD-IMGT/HLA 3.63.0,2026-02-19 18:49:27.959055
B*51:156,B*51:156,B,Bw4 - 80I,Bw4_80I,classified,I,NLRIALR,Bw4 - 80I,HLAtools_protein_alignment,IPD-IMGT/HLA 3.63.0,2026-02-19 18:49:27.959055
B*51:157,B*51:157,B,Bw4 - 80I,Bw4_80I,classified,I,NLRIALR,Bw4 - 80I,HLAtools_protein_alignment,IPD-IMGT/HLA 3.63.0,2026-02-19 18:49:27.959055
B*51:158,B*51:158,B,Bw4 - 80I,Bw4_80I,classified,I,NLRIALR,Bw4 - 80I,HLAtools_protein_alignment,IPD-IMGT/HLA 3.63.0,2026-02-19 18:49:27.959055
B*51:159,B*51:159,B,Bw4 - 80I,Bw4_80I,classified,I,NLRIALR,Bw4 - 80I,HLAtools_protein_alignment,IPD-IMGT/HLA 3.63.0,2026-02-19 18:49:27.959055
B*51:16,B*51:16,B,Bw4 - 80I,Bw4_80I,classified,I,NLRIALR,Bw4 - 80I,HLAtools_protein_alignment,IPD-IMGT/HLA 3.63.0,2026-02-19 18:49:27.959055
B*51:160,B*51:160,B,Bw4 - 80I,Bw4_80I,classified,I,NLRIALR,Bw4 - 80I,HLAtools_protein_alignment,IPD-IMGT/HLA 3.63.0,2026-02-19 18:49:27.959055
B*51:161,B*51:161,B,Bw4 - 80I,Bw4_80I,classified,I,NLRIALR,Bw4 - 80I,HLAtools_protein_alignment,IPD-IMGT/HLA 3.63.0,2026-02-19 18:49:27.959055
B*51:162,B*51:162,B,Bw4 - 80I,Bw4_80I,classified,I,NLRIALR,Bw4 - 80I,HLAtools_protein_alignment,IPD-IMGT/HLA 3.63.0,2026-02-19 18:49:27.959055
B*51:163,B*51:163,B,Bw4 - 80I,Bw4_80I,classified,I,NLRIALR,Bw4 - 80I,HLAtools_protein_alignment,IPD-IMGT/HLA 3.63.0,2026-02-19 18:49:27.959055
B*51:164,B*51:164,B,Bw4 - 80I,Bw4_80I,classified,I,NLRIALR,Bw4 - 80I,HLAtools_protein_alignment,IPD-IMGT/HLA 3.63.0,2026-02-19 18:49:27.959055
B*51:165,B*51:165,B,Bw4 - 80I,Bw4_80I,classified,I,NLRIALR,Bw4 - 80I,HLAtools_protein_alignment,IPD-IMGT/HLA 3.63.0,2026-02-19 18:49:27.959055
B*51:166,B*51:166,B,Bw4 - 80I,Bw4_80I,classified,I,NLRIALR,Bw4 - 80I,HLAtools_protein_alignment,IPD-IMGT/HLA 3.63.0,2026-02-19 18:49:27.959055
B*51:167,B*51:167,B,Bw4 - 80I,Bw4_80I,classified,I,NLRIALR,Bw4 - 80I,HLAtools_protein_alignment,IPD-IMGT/HLA 3.63.0,2026-02-19 18:49:27.959055
B*51:168,B*51:168,B,Bw4 - 80I,Bw4_80I,classified,I,NLRIALR,Bw4 - 80I,HLAtools_protein_alignment,IPD-IMGT/HLA 3.63.0,2026-02-19 18:49:27.959055
B*51:169,B*51:169,B,Bw4 - 80I,Bw4_80I,classified,I,NLRIALR,Bw4 - 80I,HLAtools_protein_alignment,IPD-IMGT/HLA 3.63.0,2026-02-19 18:49:27.959055
B*51:17,B*51:17,B,Bw4 - 80I,Bw4_80I,classified,I,NLRIALR,Bw4 - 80I,HLAtools_protein_alignment,IPD-IMGT/HLA 3.63.0,2026-02-19 18:49:27.959055
B*51:170,B*51:170,B,Bw4 - 80I,Bw4_80I,classified,I,NLRIALR,Bw4 - 80I,HLAtools_protein_alignment,IPD-IMGT/HLA 3.63.0,2026-02-19 18:49:27.959055
B*51:171,B*51:171,B,Bw4 - 80I,Bw4_80I,classified,I,NLRIALR,Bw4 - 80I,HLAtools_protein_alignment,IPD-IMGT/HLA 3.63.0,2026-02-19 18:49:27.959055
B*51:172,B*51:172,B,Bw4 - 80I,Bw4_80I,classified,I,NLRIALR,Bw4 - 80I,HLAtools_protein_alignment,IPD-IMGT/HLA 3.63.0,2026-02-19 18:49:27.959055
B*51:173Q,B*51:173Q,B,Bw4 - 80I,Bw4_80I,classified,I,NLRIALR,NA,HLAtools_protein_alignment,IPD-IMGT/HLA 3.63.0,2026-02-19 18:49:27.959055
B*51:174,B*51:174,B,Bw4 - 80I,Bw4_80I,classified,I,NLRIALR,Bw4 - 80I,HLAtools_protein_alignment,IPD-IMGT/HLA 3.63.0,2026-02-19 18:49:27.959055
B*51:175,B*51:175,B,Bw4 - 80I,Bw4_80I,classified,I,NLRIALR,Bw4 - 80I,HLAtools_protein_alignment,IPD-IMGT/HLA 3.63.0,2026-02-19 18:49:27.959055
B*51:176,B*51:176,B,Bw4 - 80I,Bw4_80I,classified,I,NLRIALR,Bw4 - 80I,HLAtools_protein_alignment,IPD-IMGT/HLA 3.63.0,2026-02-19 18:49:27.959055
B*51:177,B*51:177,B,Bw4 - 80I,Bw4_80I,classified,I,NLRIALR,Bw4 - 80I,HLAtools_protein_alignment,IPD-IMGT/HLA 3.63.0,2026-02-19 18:49:27.959055
B*51:179,B*51:179,B,Bw4 - 80I,Bw4_80I,classified,I,NLRIALR,Bw4 - 80I,HLAtools_protein_alignment,IPD-IMGT/HLA 3.63.0,2026-02-19 18:49:27.959055
B*51:18,B*51:18,B,Bw4 - 80I,Bw4_80I,classified,I,NLRIALR,Bw4 - 80I,HLAtools_protein_alignment,IPD-IMGT/HLA 3.63.0,2026-02-19 18:49:27.959055
B*51:180,B*51:180,B,Bw4 - 80I,Bw4_80I,classified,I,NLRIALR,Bw4 - 80I,HLAtools_protein_alignment,IPD-IMGT/HLA 3.63.0,2026-02-19 18:49:27.959055
B*51:181,B*51:181,B,Bw4 - 80I,Bw4_80I,classified,I,NLRIALR,Bw4 - 80I,HLAtools_protein_alignment,IPD-IMGT/HLA 3.63.0,2026-02-19 18:49:27.959055
B*51:182,B*51:182,B,Bw4 - 80I,Bw4_80I,classified,I,NLRIALR,Bw4 - 80I,HLAtools_protein_alignment,IPD-IMGT/HLA 3.63.0,2026-02-19 18:49:27.959055
B*51:183,B*51:183,B,Bw4 - 80I,Bw4_80I,classified,I,NLRIALR,Bw4 - 80I,HLAtools_protein_alignment,IPD-IMGT/HLA 3.63.0,2026-02-19 18:49:27.959055
B*51:185,B*51:185,B,Bw4 - 80I,Bw4_80I,classified,I,SLRIALR,NA,HLAtools_protein_alignment,IPD-IMGT/HLA 3.63.0,2026-02-19 18:49:27.959055
B*51:186,B*51:186,B,Bw4 - 80I,Bw4_80I,classified,I,NLRIALR,Bw4 - 80I,HLAtools_protein_alignment,IPD-IMGT/HLA 3.63.0,2026-02-19 18:49:27.959055
B*51:187,B*51:187,B,Bw4 - 80I,Bw4_80I,classified,I,NLRIALR,Bw4 - 80I,HLAtools_protein_alignment,IPD-IMGT/HLA 3.63.0,2026-02-19 18:49:27.959055
B*51:188,B*51:188,B,Bw4 - 80I,Bw4_80I,classified,I,NLRIALR,Bw4 - 80I,HLAtools_protein_alignment,IPD-IMGT/HLA 3.63.0,2026-02-19 18:49:27.959055
B*51:189,B*51:189,B,Bw4 - 80I,Bw4_80I,classified,I,NLRIALR,Bw4 - 80I,HLAtools_protein_alignment,IPD-IMGT/HLA 3.63.0,2026-02-19 18:49:27.959055
B*51:19,B*51:19,B,Bw4 - 80I,Bw4_80I,classified,I,NLRIALR,Bw4 - 80I,HLAtools_protein_alignment,IPD-IMGT/HLA 3.63.0,2026-02-19 18:49:27.959055
B*51:190,B*51:190,B,Bw4 - 80I,Bw4_80I,classified,I,NLRIALR,Bw4 - 80I,HLAtools_protein_alignment,IPD-IMGT/HLA 3.63.0,2026-02-19 18:49:27.959055
B*51:191,B*51:191,B,Bw4 - 80I,Bw4_80I,classified,I,NLRIALR,Bw4 - 80I,HLAtools_protein_alignment,IPD-IMGT/HLA 3.63.0,2026-02-19 18:49:27.959055
B*51:192,B*51:192,B,Bw4 - 80I,Bw4_80I,classified,I,NLRIALR,Bw4 - 80I,HLAtools_protein_alignment,IPD-IMGT/HLA 3.63.0,2026-02-19 18:49:27.959055
B*51:193,B*51:193,B,Bw4 - 80I,Bw4_80I,classified,I,NLRIALR,Bw4 - 80I,HLAtools_protein_alignment,IPD-IMGT/HLA 3.63.0,2026-02-19 18:49:27.959055
B*51:194,B*51:194,B,Bw4 - 80I,Bw4_80I,classified,I,NLRIALR,Bw4 - 80I,HLAtools_protein_alignment,IPD-IMGT/HLA 3.63.0,2026-02-19 18:49:27.959055
B*51:195,B*51:195,B,Bw4 - 80I,Bw4_80I,classified,I,NLRIALR,Bw4 - 80I,HLAtools_protein_alignment,IPD-IMGT/HLA 3.63.0,2026-02-19 18:49:27.959055
B*51:196,B*51:196,B,Bw4 - 80I,Bw4_80I,classified,I,NLRIALR,Bw4 - 80I,HLAtools_protein_alignment,IPD-IMGT/HLA 3.63.0,2026-02-19 18:49:27.959055
B*51:197,B*51:197,B,Bw4 - 80I,Bw4_80I,classified,I,NLRIALR,Bw4 - 80I,HLAtools_protein_alignment,IPD-IMGT/HLA 3.63.0,2026-02-19 18:49:27.959055
B*51:198,B*51:198,B,Bw4 - 80I,Bw4_80I,classified,I,NLRIALR,Bw4 - 80I,HLAtools_protein_alignment,IPD-IMGT/HLA 3.63.0,2026-02-19 18:49:27.959055
B*51:199,B*51:199,B,Bw4 - 80I,Bw4_80I,classified,I,NLRIALR,Bw4 - 80I,HLAtools_protein_alignment,IPD-IMGT/HLA 3.63.0,2026-02-19 18:49:27.959055
B*51:20,B*51:20,B,Bw4 - 80I,Bw4_80I,classified,I,NLRIALR,Bw4 - 80I,HLAtools_protein_alignment,IPD-IMGT/HLA 3.63.0,2026-02-19 18:49:27.959055
B*51:200,B*51:200,B,Bw4 - 80I,Bw4_80I,classified,I,NLRIALR,Bw4 - 80I,HLAtools_protein_alignment,IPD-IMGT/HLA 3.63.0,2026-02-19 18:49:27.959055
B*51:201,B*51:201,B,Bw4 - 80I,Bw4_80I,classified,I,NLRIALR,Bw4 - 80I,HLAtools_protein_alignment,IPD-IMGT/HLA 3.63.0,2026-02-19 18:49:27.959055
B*51:202,B*51:202,B,Bw4 - 80I,Bw4_80I,classified,I,NLRIALR,Bw4 - 80I,HLAtools_protein_alignment,IPD-IMGT/HLA 3.63.0,2026-02-19 18:49:27.959055
B*51:203,B*51:203,B,Bw4 - 80I,Bw4_80I,classified,I,NLRIALR,Bw4 - 80I,HLAtools_protein_alignment,IPD-IMGT/HLA 3.63.0,2026-02-19 18:49:27.959055
B*51:204,B*51:204,B,Bw4 - 80I,Bw4_80I,classified,I,NLRIALR,Bw4 - 80I,HLAtools_protein_alignment,IPD-IMGT/HLA 3.63.0,2026-02-19 18:49:27.959055
B*51:205,B*51:205,B,Bw4 - 80I,Bw4_80I,classified,I,NLRIALR,Bw4 - 80I,HLAtools_protein_alignment,IPD-IMGT/HLA 3.63.0,2026-02-19 18:49:27.959055
B*51:206,B*51:206,B,Bw4 - 80I,Bw4_80I,classified,I,NLRIALR,Bw4 - 80I,HLAtools_protein_alignment,IPD-IMGT/HLA 3.63.0,2026-02-19 18:49:27.959055
B*51:207,B*51:207,B,Bw4 - 80I,Bw4_80I,classified,I,NLRIALR,Bw4 - 80I,HLAtools_protein_alignment,IPD-IMGT/HLA 3.63.0,2026-02-19 18:49:27.959055
B*51:208,B*51:208,B,Bw4 - 80I,Bw4_80I,classified,I,NLRIALR,Bw4 - 80I,HLAtools_protein_alignment,IPD-IMGT/HLA 3.63.0,2026-02-19 18:49:27.959055
B*51:209,B*51:209,B,Bw4 - 80I,Bw4_80I,classified,I,NLRIALR,Bw4 - 80I,HLAtools_protein_alignment,IPD-IMGT/HLA 3.63.0,2026-02-19 18:49:27.959055
B*51:21,B*51:21,B,Bw4 - 80I,Bw4_80I,classified,I,NLRIALR,Bw4 - 80I,HLAtools_protein_alignment,IPD-IMGT/HLA 3.63.0,2026-02-19 18:49:27.959055
B*51:210,B*51:210,B,Bw4 - 80I,Bw4_80I,classified,I,NLRIALR,Bw4 - 80I,HLAtools_protein_alignment,IPD-IMGT/HLA 3.63.0,2026-02-19 18:49:27.959055
B*51:211,B*51:211,B,Bw4 - 80I,Bw4_80I,classified,I,NLRIALR,Bw4 - 80I,HLAtools_protein_alignment,IPD-IMGT/HLA 3.63.0,2026-02-19 18:49:27.959055
B*51:212,B*51:212,B,Bw4 - 80I,Bw4_80I,classified,I,NLRIALR,Bw4 - 80I,HLAtools_protein_alignment,IPD-IMGT/HLA 3.63.0,2026-02-19 18:49:27.959055
B*51:213,B*51:213,B,Bw4 - 80I,Bw4_80I,classified,I,NLRIALR,Bw4 - 80I,HLAtools_protein_alignment,IPD-IMGT/HLA 3.63.0,2026-02-19 18:49:27.959055
B*51:214,B*51:214,B,Bw4 - 80I,Bw4_80I,classified,I,NLRIALR,Bw4 - 80I,HLAtools_protein_alignment,IPD-IMGT/HLA 3.63.0,2026-02-19 18:49:27.959055
B*51:215,B*51:215,B,Bw4 - 80I,Bw4_80I,classified,I,NLRIALR,Bw4 - 80I,HLAtools_protein_alignment,IPD-IMGT/HLA 3.63.0,2026-02-19 18:49:27.959055
B*51:216,B*51:216,B,Bw4 - 80I,Bw4_80I,classified,I,NLRIALR,Bw4 - 80I,HLAtools_protein_alignment,IPD-IMGT/HLA 3.63.0,2026-02-19 18:49:27.959055
B*51:217,B*51:217,B,Bw4 - 80I,Bw4_80I,classified,I,NLRIALR,Bw4 - 80I,HLAtools_protein_alignment,IPD-IMGT/HLA 3.63.0,2026-02-19 18:49:27.959055
B*51:218,B*51:218,B,Bw4 - 80I,Bw4_80I,classified,I,NLRIALR,Bw4 - 80I,HLAtools_protein_alignment,IPD-IMGT/HLA 3.63.0,2026-02-19 18:49:27.959055
B*51:219,B*51:219,B,Bw4 - 80I,Bw4_80I,classified,I,NLRIALR,Bw4 - 80I,HLAtools_protein_alignment,IPD-IMGT/HLA 3.63.0,2026-02-19 18:49:27.959055
B*51:22,B*51:22,B,Bw4 - 80I,Bw4_80I,classified,I,NLRIALR,Bw4 - 80I,HLAtools_protein_alignment,IPD-IMGT/HLA 3.63.0,2026-02-19 18:49:27.959055
B*51:220,B*51:220,B,Bw4 - 80I,Bw4_80I,classified,I,NLRIALR,Bw4 - 80I,HLAtools_protein_alignment,IPD-IMGT/HLA 3.63.0,2026-02-19 18:49:27.959055
B*51:221,B*51:221,B,Bw4 - 80I,Bw4_80I,classified,I,NLRIALR,Bw4 - 80I,HLAtools_protein_alignment,IPD-IMGT/HLA 3.63.0,2026-02-19 18:49:27.959055
B*51:222,B*51:222,B,Bw4 - 80I,Bw4_80I,classified,I,NLRIALR,Bw4 - 80I,HLAtools_protein_alignment,IPD-IMGT/HLA 3.63.0,2026-02-19 18:49:27.959055
B*51:223,B*51:223,B,Bw4 - 80I,Bw4_80I,classified,I,NLRIALR,Bw4 - 80I,HLAtools_protein_alignment,IPD-IMGT/HLA 3.63.0,2026-02-19 18:49:27.959055
B*51:224,B*51:224,B,Bw4 - 80I,Bw4_80I,classified,I,NLRIALR,Bw4 - 80I,HLAtools_protein_alignment,IPD-IMGT/HLA 3.63.0,2026-02-19 18:49:27.959055
B*51:225,B*51:225,B,Bw4 - 80I,Bw4_80I,classified,I,NLRIALR,Bw4 - 80I,HLAtools_protein_alignment,IPD-IMGT/HLA 3.63.0,2026-02-19 18:49:27.959055
B*51:226,B*51:226,B,Bw4 - 80I,Bw4_80I,classified,I,NLRIALR,Bw4 - 80I,HLAtools_protein_alignment,IPD-IMGT/HLA 3.63.0,2026-02-19 18:49:27.959055
B*51:227,B*51:227,B,Bw4 - 80I,Bw4_80I,classified,I,NLRIALR,Bw4 - 80I,HLAtools_protein_alignment,IPD-IMGT/HLA 3.63.0,2026-02-19 18:49:27.959055
B*51:228,B*51:228,B,Bw4 - 80I,Bw4_80I,classified,I,NLRIALR,Bw4 - 80I,HLAtools_protein_alignment,IPD-IMGT/HLA 3.63.0,2026-02-19 18:49:27.959055
B*51:229,B*51:229,B,Bw4 - 80I,Bw4_80I,classified,I,NLRIALR,Bw4 - 80I,HLAtools_protein_alignment,IPD-IMGT/HLA 3.63.0,2026-02-19 18:49:27.959055
B*51:23,B*51:23,B,Bw4 - 80I,Bw4_80I,classified,I,NLRIALR,Bw4 - 80I,HLAtools_protein_alignment,IPD-IMGT/HLA 3.63.0,2026-02-19 18:49:27.959055
B*51:230,B*51:230,B,Bw4 - 80I,Bw4_80I,classified,I,NLRIALR,Bw4 - 80I,HLAtools_protein_alignment,IPD-IMGT/HLA 3.63.0,2026-02-19 18:49:27.959055
B*51:231,B*51:231,B,Bw4 - 80I,Bw4_80I,classified,I,NLRIALR,Bw4 - 80I,HLAtools_protein_alignment,IPD-IMGT/HLA 3.63.0,2026-02-19 18:49:27.959055
B*51:232,B*51:232,B,Bw4 - 80I,Bw4_80I,classified,I,NLRIALR,Bw4 - 80I,HLAtools_protein_alignment,IPD-IMGT/HLA 3.63.0,2026-02-19 18:49:27.959055
B*51:233,B*51:233,B,Bw4 - 80I,Bw4_80I,classified,I,NLRIALR,Bw4 - 80I,HLAtools_protein_alignment,IPD-IMGT/HLA 3.63.0,2026-02-19 18:49:27.959055
B*51:234,B*51:234,B,Bw4 - 80I,Bw4_80I,classified,I,NLRIALR,Bw4 - 80I,HLAtools_protein_alignment,IPD-IMGT/HLA 3.63.0,2026-02-19 18:49:27.959055
B*51:236,B*51:236,B,Bw4 - 80I,Bw4_80I,classified,I,NLRIALR,Bw4 - 80I,HLAtools_protein_alignment,IPD-IMGT/HLA 3.63.0,2026-02-19 18:49:27.959055
B*51:237,B*51:237,B,Bw4 - 80I,Bw4_80I,classified,I,NLRIALR,Bw4 - 80I,HLAtools_protein_alignment,IPD-IMGT/HLA 3.63.0,2026-02-19 18:49:27.959055
B*51:238,B*51:238,B,Bw4 - 80I,Bw4_80I,classified,I,NLRIALR,Bw4 - 80I,HLAtools_protein_alignment,IPD-IMGT/HLA 3.63.0,2026-02-19 18:49:27.959055
B*51:239,B*51:239,B,Bw4 - 80I,Bw4_80I,classified,I,NLRIALR,Bw4 - 80I,HLAtools_protein_alignment,IPD-IMGT/HLA 3.63.0,2026-02-19 18:49:27.959055
B*51:24,B*51:24,B,Bw4 - 80I,Bw4_80I,classified,I,NLRIALR,Bw4 - 80I,HLAtools_protein_alignment,IPD-IMGT/HLA 3.63.0,2026-02-19 18:49:27.959055
B*51:240,B*51:240,B,Bw4 - 80I,Bw4_80I,classified,I,NLRIALR,Bw4 - 80I,HLAtools_protein_alignment,IPD-IMGT/HLA 3.63.0,2026-02-19 18:49:27.959055
B*51:241,B*51:241,B,Bw4 - 80I,Bw4_80I,classified,I,NLRIALR,Bw4 - 80I,HLAtools_protein_alignment,IPD-IMGT/HLA 3.63.0,2026-02-19 18:49:27.959055
B*51:242,B*51:242,B,Bw4 - 80I,Bw4_80I,classified,I,NLRIALR,Bw4 - 80I,HLAtools_protein_alignment,IPD-IMGT/HLA 3.63.0,2026-02-19 18:49:27.959055
B*51:243,B*51:243,B,Bw4 - 80I,Bw4_80I,classified,I,NLRIALR,Bw4 - 80I,HLAtools_protein_alignment,IPD-IMGT/HLA 3.63.0,2026-02-19 18:49:27.959055
B*51:244,B*51:244,B,Bw4 - 80I,Bw4_80I,classified,I,NLRIALR,Bw4 - 80I,HLAtools_protein_alignment,IPD-IMGT/HLA 3.63.0,2026-02-19 18:49:27.959055
B*51:246,B*51:246,B,Bw4 - 80I,Bw4_80I,classified,I,NLRIALR,Bw4 - 80I,HLAtools_protein_alignment,IPD-IMGT/HLA 3.63.0,2026-02-19 18:49:27.959055
B*51:247,B*51:247,B,Bw4 - 80I,Bw4_80I,classified,I,NLQIALR,Bw4 - 80I,HLAtools_protein_alignment,IPD-IMGT/HLA 3.63.0,2026-02-19 18:49:27.959055
B*51:248,B*51:248,B,Bw4 - 80I,Bw4_80I,classified,I,NLRIALR,Bw4 - 80I,HLAtools_protein_alignment,IPD-IMGT/HLA 3.63.0,2026-02-19 18:49:27.959055
B*51:249,B*51:249,B,Bw4 - 80I,Bw4_80I,classified,I,NLRIALR,Bw4 - 80I,HLAtools_protein_alignment,IPD-IMGT/HLA 3.63.0,2026-02-19 18:49:27.959055
B*51:250,B*51:250,B,Bw4 - 80I,Bw4_80I,classified,I,NLRIALR,Bw4 - 80I,HLAtools_protein_alignment,IPD-IMGT/HLA 3.63.0,2026-02-19 18:49:27.959055
B*51:251,B*51:251,B,Bw4 - 80I,Bw4_80I,classified,I,NLRIALR,Bw4 - 80I,HLAtools_protein_alignment,IPD-IMGT/HLA 3.63.0,2026-02-19 18:49:27.959055
B*51:252,B*51:252,B,Bw4 - 80I,Bw4_80I,classified,I,NLRIALR,Bw4 - 80I,HLAtools_protein_alignment,IPD-IMGT/HLA 3.63.0,2026-02-19 18:49:27.959055
B*51:253,B*51:253,B,Bw4 - 80I,Bw4_80I,classified,I,NLRIALR,Bw4 - 80I,HLAtools_protein_alignment,IPD-IMGT/HLA 3.63.0,2026-02-19 18:49:27.959055
B*51:254,B*51:254,B,Bw4 - 80I,Bw4_80I,classified,I,NLRIALR,Bw4 - 80I,HLAtools_protein_alignment,IPD-IMGT/HLA 3.63.0,2026-02-19 18:49:27.959055
B*51:255,B*51:255,B,Bw4 - 80I,Bw4_80I,classified,I,NLRIALR,Bw4 - 80I,HLAtools_protein_alignment,IPD-IMGT/HLA 3.63.0,2026-02-19 18:49:27.959055
B*51:257,B*51:257,B,Bw4 - 80I,Bw4_80I,classified,I,NLRIALR,Bw4 - 80I,HLAtools_protein_alignment,IPD-IMGT/HLA 3.63.0,2026-02-19 18:49:27.959055
B*51:258,B*51:258,B,Bw4 - 80I,Bw4_80I,classified,I,NLRIALR,Bw4 - 80I,HLAtools_protein_alignment,IPD-IMGT/HLA 3.63.0,2026-02-19 18:49:27.959055
B*51:259,B*51:259,B,Bw4 - 80I,Bw4_80I,classified,I,NLRIALR,Bw4 - 80I,HLAtools_protein_alignment,IPD-IMGT/HLA 3.63.0,2026-02-19 18:49:27.959055
B*51:26,B*51:26,B,Bw4 - 80I,Bw4_80I,classified,I,NLRIALR,Bw4 - 80I,HLAtools_protein_alignment,IPD-IMGT/HLA 3.63.0,2026-02-19 18:49:27.959055
B*51:260,B*51:260,B,Bw4 - 80I,Bw4_80I,classified,I,NLRIALR,Bw4 - 80I,HLAtools_protein_alignment,IPD-IMGT/HLA 3.63.0,2026-02-19 18:49:27.959055
B*51:261,B*51:261,B,Bw4 - 80I,Bw4_80I,classified,I,NLRIALR,Bw4 - 80I,HLAtools_protein_alignment,IPD-IMGT/HLA 3.63.0,2026-02-19 18:49:27.959055
B*51:262,B*51:262,B,Bw4 - 80I,Bw4_80I,classified,I,NLRIALR,Bw4 - 80I,HLAtools_protein_alignment,IPD-IMGT/HLA 3.63.0,2026-02-19 18:49:27.959055
B*51:263,B*51:263,B,Bw4 - 80I,Bw4_80I,classified,I,NLRIALR,Bw4 - 80I,HLAtools_protein_alignment,IPD-IMGT/HLA 3.63.0,2026-02-19 18:49:27.959055
B*51:265,B*51:265,B,Bw4 - 80I,Bw4_80I,classified,I,NLRIALR,Bw4 - 80I,HLAtools_protein_alignment,IPD-IMGT/HLA 3.63.0,2026-02-19 18:49:27.959055
B*51:266,B*51:266,B,Bw4 - 80I,Bw4_80I,classified,I,NLRIALR,Bw4 - 80I,HLAtools_protein_alignment,IPD-IMGT/HLA 3.63.0,2026-02-19 18:49:27.959055
B*51:267,B*51:267,B,Bw4 - 80I,Bw4_80I,classified,I,NLRIALR,Bw4 - 80I,HLAtools_protein_alignment,IPD-IMGT/HLA 3.63.0,2026-02-19 18:49:27.959055
B*51:268,B*51:268,B,Bw4 - 80I,Bw4_80I,classified,I,NLRIALR,Bw4 - 80I,HLAtools_protein_alignment,IPD-IMGT/HLA 3.63.0,2026-02-19 18:49:27.959055
B*51:269,B*51:269,B,Bw4 - 80I,Bw4_80I,classified,I,NLRIALR,Bw4 - 80I,HLAtools_protein_alignment,IPD-IMGT/HLA 3.63.0,2026-02-19 18:49:27.959055
B*51:270,B*51:270,B,Bw4 - 80I,Bw4_80I,classified,I,NLRIALR,Bw4 - 80I,HLAtools_protein_alignment,IPD-IMGT/HLA 3.63.0,2026-02-19 18:49:27.959055
B*51:271,B*51:271,B,Bw4 - 80I,Bw4_80I,classified,I,NLRIALR,Bw4 - 80I,HLAtools_protein_alignment,IPD-IMGT/HLA 3.63.0,2026-02-19 18:49:27.959055
B*51:272,B*51:272,B,Bw4 - 80I,Bw4_80I,classified,I,NLRIALR,Bw4 - 80I,HLAtools_protein_alignment,IPD-IMGT/HLA 3.63.0,2026-02-19 18:49:27.959055
B*51:274,B*51:274,B,Bw4 - 80I,Bw4_80I,classified,I,NLRIALR,Bw4 - 80I,HLAtools_protein_alignment,IPD-IMGT/HLA 3.63.0,2026-02-19 18:49:27.959055
B*51:275,B*51:275,B,Bw4 - 80I,Bw4_80I,classified,I,NLRIALR,Bw4 - 80I,HLAtools_protein_alignment,IPD-IMGT/HLA 3.63.0,2026-02-19 18:49:27.959055
B*51:276,B*51:276,B,Bw4 - 80I,Bw4_80I,classified,I,NLRIALR,Bw4 - 80I,HLAtools_protein_alignment,IPD-IMGT/HLA 3.63.0,2026-02-19 18:49:27.959055
B*51:277,B*51:277,B,Bw4 - 80I,Bw4_80I,classified,I,NLRIALR,Bw4 - 80I,HLAtools_protein_alignment,IPD-IMGT/HLA 3.63.0,2026-02-19 18:49:27.959055
B*51:278,B*51:278,B,Bw4 - 80I,Bw4_80I,classified,I,NLRIALR,Bw4 - 80I,HLAtools_protein_alignment,IPD-IMGT/HLA 3.63.0,2026-02-19 18:49:27.959055
B*51:279,B*51:279,B,Bw4 - 80I,Bw4_80I,classified,I,NLRIALR,Bw4 - 80I,HLAtools_protein_alignment,IPD-IMGT/HLA 3.63.0,2026-02-19 18:49:27.959055
B*51:28,B*51:28,B,Bw4 - 80I,Bw4_80I,classified,I,NLRIALR,Bw4 - 80I,HLAtools_protein_alignment,IPD-IMGT/HLA 3.63.0,2026-02-19 18:49:27.959055
B*51:280,B*51:280,B,Bw4 - 80I,Bw4_80I,classified,I,NLRIALR,Bw4 - 80I,HLAtools_protein_alignment,IPD-IMGT/HLA 3.63.0,2026-02-19 18:49:27.959055
B*51:281,B*51:281,B,Bw4 - 80I,Bw4_80I,classified,I,NLRIALR,Bw4 - 80I,HLAtools_protein_alignment,IPD-IMGT/HLA 3.63.0,2026-02-19 18:49:27.959055
B*51:282,B*51:282,B,Bw4 - 80I,Bw4_80I,classified,I,NLRIALR,Bw4 - 80I,HLAtools_protein_alignment,IPD-IMGT/HLA 3.63.0,2026-02-19 18:49:27.959055
B*51:283,B*51:283,B,Bw4 - 80I,Bw4_80I,classified,I,NLRIALR,Bw4 - 80I,HLAtools_protein_alignment,IPD-IMGT/HLA 3.63.0,2026-02-19 18:49:27.959055
B*51:284,B*51:284,B,Bw4 - 80I,Bw4_80I,classified,I,NLRIALR,Bw4 - 80I,HLAtools_protein_alignment,IPD-IMGT/HLA 3.63.0,2026-02-19 18:49:27.959055
B*51:285,B*51:285,B,Bw4 - 80I,Bw4_80I,classified,I,NLRIALR,Bw4 - 80I,HLAtools_protein_alignment,IPD-IMGT/HLA 3.63.0,2026-02-19 18:49:27.959055
B*51:286,B*51:286,B,Bw4 - 80I,Bw4_80I,classified,I,NLRIALR,Bw4 - 80I,HLAtools_protein_alignment,IPD-IMGT/HLA 3.63.0,2026-02-19 18:49:27.959055
B*51:288,B*51:288,B,Bw4 - 80I,Bw4_80I,classified,I,NLRIALR,Bw4 - 80I,HLAtools_protein_alignment,IPD-IMGT/HLA 3.63.0,2026-02-19 18:49:27.959055
B*51:289,B*51:289,B,Bw4 - 80I,Bw4_80I,classified,I,NLRIALR,Bw4 - 80I,HLAtools_protein_alignment,IPD-IMGT/HLA 3.63.0,2026-02-19 18:49:27.959055
B*51:29,B*51:29,B,Bw4 - 80I,Bw4_80I,classified,I,NLRIALR,Bw4 - 80I,HLAtools_protein_alignment,IPD-IMGT/HLA 3.63.0,2026-02-19 18:49:27.959055
B*51:290,B*51:290,B,Bw4 - 80I,Bw4_80I,classified,I,NLRIALR,Bw4 - 80I,HLAtools_protein_alignment,IPD-IMGT/HLA 3.63.0,2026-02-19 18:49:27.959055
B*51:291,B*51:291,B,Bw4 - 80I,Bw4_80I,classified,I,NLRIALR,Bw4 - 80I,HLAtools_protein_alignment,IPD-IMGT/HLA 3.63.0,2026-02-19 18:49:27.959055
B*51:292,B*51:292,B,Bw4 - 80I,Bw4_80I,classified,I,NLRIALR,Bw4 - 80I,HLAtools_protein_alignment,IPD-IMGT/HLA 3.63.0,2026-02-19 18:49:27.959055
B*51:293,B*51:293,B,Bw4 - 80I,Bw4_80I,classified,I,NLRIALR,Bw4 - 80I,HLAtools_protein_alignment,IPD-IMGT/HLA 3.63.0,2026-02-19 18:49:27.959055
B*51:294,B*51:294,B,Bw4 - 80I,Bw4_80I,classified,I,NLRIALR,Bw4 - 80I,HLAtools_protein_alignment,IPD-IMGT/HLA 3.63.0,2026-02-19 18:49:27.959055
B*51:295,B*51:295,B,Bw4 - 80I,Bw4_80I,classified,I,NLRIALR,Bw4 - 80I,HLAtools_protein_alignment,IPD-IMGT/HLA 3.63.0,2026-02-19 18:49:27.959055
B*51:296,B*51:296,B,Bw4 - 80I,Bw4_80I,classified,I,NLRIALR,Bw4 - 80I,HLAtools_protein_alignment,IPD-IMGT/HLA 3.63.0,2026-02-19 18:49:27.959055
B*51:297,B*51:297,B,Bw4 - 80I,Bw4_80I,classified,I,NLRIALR,Bw4 - 80I,HLAtools_protein_alignment,IPD-IMGT/HLA 3.63.0,2026-02-19 18:49:27.959055
B*51:298,B*51:298,B,Bw4 - 80I,Bw4_80I,classified,I,NLRIALR,Bw4 - 80I,HLAtools_protein_alignment,IPD-IMGT/HLA 3.63.0,2026-02-19 18:49:27.959055
B*51:299,B*51:299,B,Bw4 - 80I,Bw4_80I,classified,I,NLRIALR,Bw4 - 80I,HLAtools_protein_alignment,IPD-IMGT/HLA 3.63.0,2026-02-19 18:49:27.959055
B*51:30,B*51:30,B,Bw4 - 80I,Bw4_80I,classified,I,NLRIALR,Bw4 - 80I,HLAtools_protein_alignment,IPD-IMGT/HLA 3.63.0,2026-02-19 18:49:27.959055
B*51:300,B*51:300,B,Bw4 - 80I,Bw4_80I,classified,I,NLRIALR,Bw4 - 80I,HLAtools_protein_alignment,IPD-IMGT/HLA 3.63.0,2026-02-19 18:49:27.959055
B*51:301,B*51:301,B,Bw4 - 80I,Bw4_80I,classified,I,NLRIALR,Bw4 - 80I,HLAtools_protein_alignment,IPD-IMGT/HLA 3.63.0,2026-02-19 18:49:27.959055
B*51:302,B*51:302,B,Bw4 - 80I,Bw4_80I,classified,I,NLRIALR,Bw4 - 80I,HLAtools_protein_alignment,IPD-IMGT/HLA 3.63.0,2026-02-19 18:49:27.959055
B*51:303,B*51:303,B,Bw4 - 80I,Bw4_80I,classified,I,NLRIALR,Bw4 - 80I,HLAtools_protein_alignment,IPD-IMGT/HLA 3.63.0,2026-02-19 18:49:27.959055
B*51:304,B*51:304,B,Bw4 - 80I,Bw4_80I,classified,I,NLRIALR,Bw4 - 80I,HLAtools_protein_alignment,IPD-IMGT/HLA 3.63.0,2026-02-19 18:49:27.959055
B*51:305,B*51:305,B,Bw4 - 80I,Bw4_80I,classified,I,NLRIALR,Bw4 - 80I,HLAtools_protein_alignment,IPD-IMGT/HLA 3.63.0,2026-02-19 18:49:27.959055
B*51:307,B*51:307,B,Bw4 - 80I,Bw4_80I,classified,I,NLRIALR,Bw4 - 80I,HLAtools_protein_alignment,IPD-IMGT/HLA 3.63.0,2026-02-19 18:49:27.959055
B*51:308,B*51:308,B,Bw4 - 80I,Bw4_80I,classified,I,NLRIALR,Bw4 - 80I,HLAtools_protein_alignment,IPD-IMGT/HLA 3.63.0,2026-02-19 18:49:27.959055
B*51:309,B*51:309,B,Bw4 - 80I,Bw4_80I,classified,I,NLRIALR,Bw4 - 80I,HLAtools_protein_alignment,IPD-IMGT/HLA 3.63.0,2026-02-19 18:49:27.959055
B*51:31,B*51:31,B,Bw4 - 80I,Bw4_80I,classified,I,NLRIALR,Bw4 - 80I,HLAtools_protein_alignment,IPD-IMGT/HLA 3.63.0,2026-02-19 18:49:27.959055
B*51:310,B*51:310,B,Bw4 - 80I,Bw4_80I,classified,I,NLRIALR,Bw4 - 80I,HLAtools_protein_alignment,IPD-IMGT/HLA 3.63.0,2026-02-19 18:49:27.959055
B*51:311,B*51:311,B,Bw4 - 80I,Bw4_80I,classified,I,NLRIALR,Bw4 - 80I,HLAtools_protein_alignment,IPD-IMGT/HLA 3.63.0,2026-02-19 18:49:27.959055
B*51:312,B*51:312,B,Bw4 - 80I,Bw4_80I,classified,I,NLRIALR,Bw4 - 80I,HLAtools_protein_alignment,IPD-IMGT/HLA 3.63.0,2026-02-19 18:49:27.959055
B*51:314,B*51:314,B,Bw4 - 80I,Bw4_80I,classified,I,NLRIALR,Bw4 - 80I,HLAtools_protein_alignment,IPD-IMGT/HLA 3.63.0,2026-02-19 18:49:27.959055
B*51:315,B*51:315,B,Bw4 - 80I,Bw4_80I,classified,I,NLRIALR,Bw4 - 80I,HLAtools_protein_alignment,IPD-IMGT/HLA 3.63.0,2026-02-19 18:49:27.959055
B*51:316,B*51:316,B,Bw4 - 80I,Bw4_80I,classified,I,NLRIALR,Bw4 - 80I,HLAtools_protein_alignment,IPD-IMGT/HLA 3.63.0,2026-02-19 18:49:27.959055
B*51:317,B*51:317,B,Bw4 - 80I,Bw4_80I,classified,I,NLRIALR,Bw4 - 80I,HLAtools_protein_alignment,IPD-IMGT/HLA 3.63.0,2026-02-19 18:49:27.959055
B*51:319,B*51:319,B,Bw4 - 80I,Bw4_80I,classified,I,NLRIALR,Bw4 - 80I,HLAtools_protein_alignment,IPD-IMGT/HLA 3.63.0,2026-02-19 18:49:27.959055
B*51:32,B*51:32,B,Bw4 - 80I,Bw4_80I,classified,I,NLRIALR,Bw4 - 80I,HLAtools_protein_alignment,IPD-IMGT/HLA 3.63.0,2026-02-19 18:49:27.959055
B*51:320,B*51:320,B,Bw4 - 80I,Bw4_80I,classified,I,NLRIALR,Bw4 - 80I,HLAtools_protein_alignment,IPD-IMGT/HLA 3.63.0,2026-02-19 18:49:27.959055
B*51:321,B*51:321,B,Bw4 - 80I,Bw4_80I,classified,I,NLRIALR,Bw4 - 80I,HLAtools_protein_alignment,IPD-IMGT/HLA 3.63.0,2026-02-19 18:49:27.959055
B*51:322,B*51:322,B,Bw4 - 80I,Bw4_80I,classified,I,NLRIALR,Bw4 - 80I,HLAtools_protein_alignment,IPD-IMGT/HLA 3.63.0,2026-02-19 18:49:27.959055
B*51:323,B*51:323,B,Bw4 - 80I,Bw4_80I,classified,I,NLRIALR,Bw4 - 80I,HLAtools_protein_alignment,IPD-IMGT/HLA 3.63.0,2026-02-19 18:49:27.959055
B*51:324,B*51:324,B,Bw4 - 80I,Bw4_80I,classified,I,NLRIALR,Bw4 - 80I,HLAtools_protein_alignment,IPD-IMGT/HLA 3.63.0,2026-02-19 18:49:27.959055
B*51:326,B*51:326,B,Bw4 - 80I,Bw4_80I,classified,I,NLRIALR,Bw4 - 80I,HLAtools_protein_alignment,IPD-IMGT/HLA 3.63.0,2026-02-19 18:49:27.959055
B*51:327,B*51:327,B,Bw4 - 80I,Bw4_80I,classified,I,NLRIALR,Bw4 - 80I,HLAtools_protein_alignment,IPD-IMGT/HLA 3.63.0,2026-02-19 18:49:27.959055
B*51:328,B*51:328,B,Bw4 - 80I,Bw4_80I,classified,I,NLRIALR,Bw4 - 80I,HLAtools_protein_alignment,IPD-IMGT/HLA 3.63.0,2026-02-19 18:49:27.959055
B*51:329Q,B*51:329Q,B,Bw4 - 80I,Bw4_80I,classified,I,NLRIALR,NA,HLAtools_protein_alignment,IPD-IMGT/HLA 3.63.0,2026-02-19 18:49:27.959055
B*51:33,B*51:33,B,Bw4 - 80I,Bw4_80I,classified,I,NLRIALR,Bw4 - 80I,HLAtools_protein_alignment,IPD-IMGT/HLA 3.63.0,2026-02-19 18:49:27.959055
B*51:330,B*51:330,B,Bw4 - 80I,Bw4_80I,classified,I,NLRIALR,Bw4 - 80I,HLAtools_protein_alignment,IPD-IMGT/HLA 3.63.0,2026-02-19 18:49:27.959055
B*51:331,B*51:331,B,Bw4 - 80I,Bw4_80I,classified,I,NLRIALR,Bw4 - 80I,HLAtools_protein_alignment,IPD-IMGT/HLA 3.63.0,2026-02-19 18:49:27.959055
B*51:332,B*51:332,B,Bw4 - 80I,Bw4_80I,classified,I,NLRIALR,Bw4 - 80I,HLAtools_protein_alignment,IPD-IMGT/HLA 3.63.0,2026-02-19 18:49:27.959055
B*51:333,B*51:333,B,Bw4 - 80I,Bw4_80I,classified,I,NLRIALR,Bw4 - 80I,HLAtools_protein_alignment,IPD-IMGT/HLA 3.63.0,2026-02-19 18:49:27.959055
B*51:334,B*51:334,B,Bw4 - 80I,Bw4_80I,classified,I,NLRIALR,Bw4 - 80I,HLAtools_protein_alignment,IPD-IMGT/HLA 3.63.0,2026-02-19 18:49:27.959055
B*51:335,B*51:335,B,Bw4 - 80I,Bw4_80I,classified,I,NLRIALR,Bw4 - 80I,HLAtools_protein_alignment,IPD-IMGT/HLA 3.63.0,2026-02-19 18:49:27.959055
B*51:336,B*51:336,B,Bw4 - 80I,Bw4_80I,classified,I,NLRIALR,Bw4 - 80I,HLAtools_protein_alignment,IPD-IMGT/HLA 3.63.0,2026-02-19 18:49:27.959055
B*51:337,B*51:337,B,Bw4 - 80I,Bw4_80I,classified,I,NLRIALR,Bw4 - 80I,HLAtools_protein_alignment,IPD-IMGT/HLA 3.63.0,2026-02-19 18:49:27.959055
B*51:338,B*51:338,B,Bw4 - 80I,Bw4_80I,classified,I,NLRIALR,Bw4 - 80I,HLAtools_protein_alignment,IPD-IMGT/HLA 3.63.0,2026-02-19 18:49:27.959055
B*51:339,B*51:339,B,Bw4 - 80I,Bw4_80I,classified,I,NLRIALR,Bw4 - 80I,HLAtools_protein_alignment,IPD-IMGT/HLA 3.63.0,2026-02-19 18:49:27.959055
B*51:34,B*51:34,B,Bw4 - 80I,Bw4_80I,classified,I,NLRIALR,Bw4 - 80I,HLAtools_protein_alignment,IPD-IMGT/HLA 3.63.0,2026-02-19 18:49:27.959055
B*51:340,B*51:340,B,Bw4 - 80I,Bw4_80I,classified,I,NLRIALR,Bw4 - 80I,HLAtools_protein_alignment,IPD-IMGT/HLA 3.63.0,2026-02-19 18:49:27.959055
B*51:341,B*51:341,B,Bw4 - 80T,Bw4_80T,classified,T,NLRTALR,Bw4 - 80T,HLAtools_protein_alignment,IPD-IMGT/HLA 3.63.0,2026-02-19 18:49:27.959055
B*51:342,B*51:342,B,Bw4 - 80I,Bw4_80I,classified,I,NLRIALR,Bw4 - 80I,HLAtools_protein_alignment,IPD-IMGT/HLA 3.63.0,2026-02-19 18:49:27.959055
B*51:343,B*51:343,B,Bw4 - 80I,Bw4_80I,classified,I,NLRIALR,Bw4 - 80I,HLAtools_protein_alignment,IPD-IMGT/HLA 3.63.0,2026-02-19 18:49:27.959055
B*51:345,B*51:345,B,Bw4 - 80I,Bw4_80I,classified,I,NLRIALR,Bw4 - 80I,HLAtools_protein_alignment,IPD-IMGT/HLA 3.63.0,2026-02-19 18:49:27.959055
B*51:346Q,B*51:346Q,B,Bw4 - 80I,Bw4_80I,classified,I,NLRIALR,NA,HLAtools_protein_alignment,IPD-IMGT/HLA 3.63.0,2026-02-19 18:49:27.959055
B*51:347,B*51:347,B,Bw4 - 80I,Bw4_80I,classified,I,NLRIALR,Bw4 - 80I,HLAtools_protein_alignment,IPD-IMGT/HLA 3.63.0,2026-02-19 18:49:27.959055
B*51:348,B*51:348,B,Bw4 - 80I,Bw4_80I,classified,I,NLRIALR,Bw4 - 80I,HLAtools_protein_alignment,IPD-IMGT/HLA 3.63.0,2026-02-19 18:49:27.959055
B*51:349,B*51:349,B,Bw4 - 80I,Bw4_80I,classified,I,NLRIALR,Bw4 - 80I,HLAtools_protein_alignment,IPD-IMGT/HLA 3.63.0,2026-02-19 18:49:27.959055
B*51:35,B*51:35,B,Bw4 - 80I,Bw4_80I,classified,I,NLRIALR,Bw4 - 80I,HLAtools_protein_alignment,IPD-IMGT/HLA 3.63.0,2026-02-19 18:49:27.959055
B*51:350,B*51:350,B,Bw4 - 80I,Bw4_80I,classified,I,NLRIALR,Bw4 - 80I,HLAtools_protein_alignment,IPD-IMGT/HLA 3.63.0,2026-02-19 18:49:27.959055
B*51:351,B*51:351,B,Bw4 - 80I,Bw4_80I,classified,I,NLRIALR,Bw4 - 80I,HLAtools_protein_alignment,IPD-IMGT/HLA 3.63.0,2026-02-19 18:49:27.959055
B*51:352,B*51:352,B,Bw4 - 80I,Bw4_80I,classified,I,NLRIALR,Bw4 - 80I,HLAtools_protein_alignment,IPD-IMGT/HLA 3.63.0,2026-02-19 18:49:27.959055
B*51:353,B*51:353,B,Bw4 - 80I,Bw4_80I,classified,I,NLRIALR,Bw4 - 80I,HLAtools_protein_alignment,IPD-IMGT/HLA 3.63.0,2026-02-19 18:49:27.959055
B*51:354,B*51:354,B,Bw4 - 80I,Bw4_80I,classified,I,NLRIALR,Bw4 - 80I,HLAtools_protein_alignment,IPD-IMGT/HLA 3.63.0,2026-02-19 18:49:27.959055
B*51:355,B*51:355,B,Bw4 - 80I,Bw4_80I,classified,I,NLRIALR,Bw4 - 80I,HLAtools_protein_alignment,IPD-IMGT/HLA 3.63.0,2026-02-19 18:49:27.959055
B*51:356,B*51:356,B,Bw4 - 80I,Bw4_80I,classified,I,NLRIALR,Bw4 - 80I,HLAtools_protein_alignment,IPD-IMGT/HLA 3.63.0,2026-02-19 18:49:27.959055
B*51:358,B*51:358,B,Bw4 - 80I,Bw4_80I,classified,I,NLRIALR,Bw4 - 80I,HLAtools_protein_alignment,IPD-IMGT/HLA 3.63.0,2026-02-19 18:49:27.959055
B*51:359,B*51:359,B,Bw4 - 80I,Bw4_80I,classified,I,NLRIALR,Bw4 - 80I,HLAtools_protein_alignment,IPD-IMGT/HLA 3.63.0,2026-02-19 18:49:27.959055
B*51:36,B*51:36,B,Bw4 - 80I,Bw4_80I,classified,I,NLRIALR,Bw4 - 80I,HLAtools_protein_alignment,IPD-IMGT/HLA 3.63.0,2026-02-19 18:49:27.959055
B*51:360,B*51:360,B,Bw4 - 80I,Bw4_80I,classified,I,NLRIALR,Bw4 - 80I,HLAtools_protein_alignment,IPD-IMGT/HLA 3.63.0,2026-02-19 18:49:27.959055
B*51:362,B*51:362,B,Bw4 - 80I,Bw4_80I,classified,I,NLRIALR,Bw4 - 80I,HLAtools_protein_alignment,IPD-IMGT/HLA 3.63.0,2026-02-19 18:49:27.959055
B*51:363,B*51:363,B,Bw4 - 80I,Bw4_80I,classified,I,NLRIALR,Bw4 - 80I,HLAtools_protein_alignment,IPD-IMGT/HLA 3.63.0,2026-02-19 18:49:27.959055
B*51:364,B*51:364,B,Bw4 - 80I,Bw4_80I,classified,I,NLRIALR,Bw4 - 80I,HLAtools_protein_alignment,IPD-IMGT/HLA 3.63.0,2026-02-19 18:49:27.959055
B*51:366,B*51:366,B,Bw4 - 80I,Bw4_80I,classified,I,NLRIALR,Bw4 - 80I,HLAtools_protein_alignment,IPD-IMGT/HLA 3.63.0,2026-02-19 18:49:27.959055
B*51:367,B*51:367,B,Bw4 - 80I,Bw4_80I,classified,I,NLRIALR,Bw4 - 80I,HLAtools_protein_alignment,IPD-IMGT/HLA 3.63.0,2026-02-19 18:49:27.959055
B*51:368,B*51:368,B,Bw4 - 80I,Bw4_80I,classified,I,NLRIALR,Bw4 - 80I,HLAtools_protein_alignment,IPD-IMGT/HLA 3.63.0,2026-02-19 18:49:27.959055
B*51:369,B*51:369,B,Bw4 - 80I,Bw4_80I,classified,I,NLRIALR,Bw4 - 80I,HLAtools_protein_alignment,IPD-IMGT/HLA 3.63.0,2026-02-19 18:49:27.959055
B*51:37,B*51:37,B,Bw4 - 80I,Bw4_80I,classified,I,NLRIALR,Bw4 - 80I,HLAtools_protein_alignment,IPD-IMGT/HLA 3.63.0,2026-02-19 18:49:27.959055
B*51:370,B*51:370,B,Bw4 - 80I,Bw4_80I,classified,I,NLRIALR,Bw4 - 80I,HLAtools_protein_alignment,IPD-IMGT/HLA 3.63.0,2026-02-19 18:49:27.959055
B*51:371,B*51:371,B,Bw4 - 80T,Bw4_80T,classified,T,NLRTALR,Bw4 - 80T,HLAtools_protein_alignment,IPD-IMGT/HLA 3.63.0,2026-02-19 18:49:27.959055
B*51:372,B*51:372,B,Bw4 - 80I,Bw4_80I,classified,I,NLRIALR,Bw4 - 80I,HLAtools_protein_alignment,IPD-IMGT/HLA 3.63.0,2026-02-19 18:49:27.959055
B*51:373,B*51:373,B,Bw4 - 80I,Bw4_80I,classified,I,NLRIALR,Bw4 - 80I,HLAtools_protein_alignment,IPD-IMGT/HLA 3.63.0,2026-02-19 18:49:27.959055
B*51:374,B*51:374,B,Bw4 - 80I,Bw4_80I,classified,I,NLRIALR,Bw4 - 80I,HLAtools_protein_alignment,IPD-IMGT/HLA 3.63.0,2026-02-19 18:49:27.959055
B*51:375,B*51:375,B,Bw4 - 80I,Bw4_80I,classified,I,NLRIALR,Bw4 - 80I,HLAtools_protein_alignment,IPD-IMGT/HLA 3.63.0,2026-02-19 18:49:27.959055
B*51:376,B*51:376,B,Bw4 - 80I,Bw4_80I,classified,I,NLRIALR,Bw4 - 80I,HLAtools_protein_alignment,IPD-IMGT/HLA 3.63.0,2026-02-19 18:49:27.959055
B*51:378,B*51:378,B,Bw4 - 80I,Bw4_80I,classified,I,NLRIALR,Bw4 - 80I,HLAtools_protein_alignment,IPD-IMGT/HLA 3.63.0,2026-02-19 18:49:27.959055
B*51:379,B*51:379,B,Bw4 - 80I,Bw4_80I,classified,I,NLRIALR,Bw4 - 80I,HLAtools_protein_alignment,IPD-IMGT/HLA 3.63.0,2026-02-19 18:49:27.959055
B*51:38,B*51:38,B,Bw4 - 80I,Bw4_80I,classified,I,NLRIALR,Bw4 - 80I,HLAtools_protein_alignment,IPD-IMGT/HLA 3.63.0,2026-02-19 18:49:27.959055
B*51:380,B*51:380,B,Bw4 - 80I,Bw4_80I,classified,I,NLRIALR,Bw4 - 80I,HLAtools_protein_alignment,IPD-IMGT/HLA 3.63.0,2026-02-19 18:49:27.959055
B*51:381,B*51:381,B,Bw4 - 80I,Bw4_80I,classified,I,NLRIALR,Bw4 - 80I,HLAtools_protein_alignment,IPD-IMGT/HLA 3.63.0,2026-02-19 18:49:27.959055
B*51:382,B*51:382,B,Bw4 - 80I,Bw4_80I,classified,I,NLRIALR,Bw4 - 80I,HLAtools_protein_alignment,IPD-IMGT/HLA 3.63.0,2026-02-19 18:49:27.959055
B*51:383,B*51:383,B,Bw4 - 80I,Bw4_80I,classified,I,NLRIALR,Bw4 - 80I,HLAtools_protein_alignment,IPD-IMGT/HLA 3.63.0,2026-02-19 18:49:27.959055
B*51:384,B*51:384,B,Bw4 - 80I,Bw4_80I,classified,I,NLRIALR,Bw4 - 80I,HLAtools_protein_alignment,IPD-IMGT/HLA 3.63.0,2026-02-19 18:49:27.959055
B*51:385,B*51:385,B,Bw4 - 80I,Bw4_80I,classified,I,NLRIALR,Bw4 - 80I,HLAtools_protein_alignment,IPD-IMGT/HLA 3.63.0,2026-02-19 18:49:27.959055
B*51:386,B*51:386,B,Bw4 - 80I,Bw4_80I,classified,I,NLRIALR,Bw4 - 80I,HLAtools_protein_alignment,IPD-IMGT/HLA 3.63.0,2026-02-19 18:49:27.959055
B*51:388,B*51:388,B,Bw4 - 80I,Bw4_80I,classified,I,NLRIALR,Bw4 - 80I,HLAtools_protein_alignment,IPD-IMGT/HLA 3.63.0,2026-02-19 18:49:27.959055
B*51:389,B*51:389,B,Bw4 - 80I,Bw4_80I,classified,I,NLRIALR,Bw4 - 80I,HLAtools_protein_alignment,IPD-IMGT/HLA 3.63.0,2026-02-19 18:49:27.959055
B*51:39,B*51:39,B,Bw4 - 80I,Bw4_80I,classified,I,NLRIALR,Bw4 - 80I,HLAtools_protein_alignment,IPD-IMGT/HLA 3.63.0,2026-02-19 18:49:27.959055
B*51:390,B*51:390,B,Bw4 - 80I,Bw4_80I,classified,I,NLRIALR,Bw4 - 80I,HLAtools_protein_alignment,IPD-IMGT/HLA 3.63.0,2026-02-19 18:49:27.959055
B*51:392,B*51:392,B,Bw4 - 80I,Bw4_80I,classified,I,NLRIALR,Bw4 - 80I,HLAtools_protein_alignment,IPD-IMGT/HLA 3.63.0,2026-02-19 18:49:27.959055
B*51:393Q,B*51:393Q,B,Bw4 - 80I,Bw4_80I,classified,I,NLRIALR,NA,HLAtools_protein_alignment,IPD-IMGT/HLA 3.63.0,2026-02-19 18:49:27.959055
B*51:394Q,B*51:394Q,B,Bw4 - 80I,Bw4_80I,classified,I,NLRIALR,NA,HLAtools_protein_alignment,IPD-IMGT/HLA 3.63.0,2026-02-19 18:49:27.959055
B*51:395,B*51:395,B,Bw4 - 80I,Bw4_80I,classified,I,NLRIALR,Bw4 - 80I,HLAtools_protein_alignment,IPD-IMGT/HLA 3.63.0,2026-02-19 18:49:27.959055
B*51:396,B*51:396,B,Bw4 - 80I,Bw4_80I,classified,I,NLRIALR,Bw4 - 80I,HLAtools_protein_alignment,IPD-IMGT/HLA 3.63.0,2026-02-19 18:49:27.959055
B*51:397,B*51:397,B,Bw4 - 80I,Bw4_80I,classified,I,NLRIALR,Bw4 - 80I,HLAtools_protein_alignment,IPD-IMGT/HLA 3.63.0,2026-02-19 18:49:27.959055
B*51:398,B*51:398,B,Bw4 - 80I,Bw4_80I,classified,I,NLRIALR,Bw4 - 80I,HLAtools_protein_alignment,IPD-IMGT/HLA 3.63.0,2026-02-19 18:49:27.959055
B*51:399,B*51:399,B,Bw4 - 80I,Bw4_80I,classified,I,NLRIALR,Bw4 - 80I,HLAtools_protein_alignment,IPD-IMGT/HLA 3.63.0,2026-02-19 18:49:27.959055
B*51:40,B*51:40,B,Bw4 - 80I,Bw4_80I,classified,I,NLRIALR,Bw4 - 80I,HLAtools_protein_alignment,IPD-IMGT/HLA 3.63.0,2026-02-19 18:49:27.959055
B*51:400,B*51:400,B,Bw4 - 80I,Bw4_80I,classified,I,NLRIALR,Bw4 - 80I,HLAtools_protein_alignment,IPD-IMGT/HLA 3.63.0,2026-02-19 18:49:27.959055
B*51:401,B*51:401,B,Bw4 - 80I,Bw4_80I,classified,I,NLRIALR,Bw4 - 80I,HLAtools_protein_alignment,IPD-IMGT/HLA 3.63.0,2026-02-19 18:49:27.959055
B*51:402,B*51:402,B,Bw4 - 80I,Bw4_80I,classified,I,NLRIALR,Bw4 - 80I,HLAtools_protein_alignment,IPD-IMGT/HLA 3.63.0,2026-02-19 18:49:27.959055
B*51:403,B*51:403,B,Bw4 - 80I,Bw4_80I,classified,I,NLRIALR,Bw4 - 80I,HLAtools_protein_alignment,IPD-IMGT/HLA 3.63.0,2026-02-19 18:49:27.959055
B*51:404,B*51:404,B,Bw4 - 80I,Bw4_80I,classified,I,NLRIALR,Bw4 - 80I,HLAtools_protein_alignment,IPD-IMGT/HLA 3.63.0,2026-02-19 18:49:27.959055
B*51:405,B*51:405,B,Bw4 - 80I,Bw4_80I,classified,I,NLRIALR,Bw4 - 80I,HLAtools_protein_alignment,IPD-IMGT/HLA 3.63.0,2026-02-19 18:49:27.959055
B*51:406,B*51:406,B,Bw4 - 80I,Bw4_80I,classified,I,NLRIALR,Bw4 - 80I,HLAtools_protein_alignment,IPD-IMGT/HLA 3.63.0,2026-02-19 18:49:27.959055
B*51:407,B*51:407,B,Bw4 - 80I,Bw4_80I,classified,I,NLRIALR,Bw4 - 80I,HLAtools_protein_alignment,IPD-IMGT/HLA 3.63.0,2026-02-19 18:49:27.959055
B*51:408,B*51:408,B,Bw4 - 80I,Bw4_80I,classified,I,NLRIALR,Bw4 - 80I,HLAtools_protein_alignment,IPD-IMGT/HLA 3.63.0,2026-02-19 18:49:27.959055
B*51:410,B*51:410,B,Bw4 - 80I,Bw4_80I,classified,I,NLRIALR,Bw4 - 80I,HLAtools_protein_alignment,IPD-IMGT/HLA 3.63.0,2026-02-19 18:49:27.959055
B*51:411,B*51:411,B,Bw4 - 80I,Bw4_80I,classified,I,NLRIALR,Bw4 - 80I,HLAtools_protein_alignment,IPD-IMGT/HLA 3.63.0,2026-02-19 18:49:27.959055
B*51:412,B*51:412,B,Bw4 - 80I,Bw4_80I,classified,I,NLRIALR,Bw4 - 80I,HLAtools_protein_alignment,IPD-IMGT/HLA 3.63.0,2026-02-19 18:49:27.959055
B*51:413,B*51:413,B,Bw4 - 80I,Bw4_80I,classified,I,NLRIALR,Bw4 - 80I,HLAtools_protein_alignment,IPD-IMGT/HLA 3.63.0,2026-02-19 18:49:27.959055
B*51:414,B*51:414,B,Bw4 - 80I,Bw4_80I,classified,I,NLRIALR,Bw4 - 80I,HLAtools_protein_alignment,IPD-IMGT/HLA 3.63.0,2026-02-19 18:49:27.959055
B*51:416,B*51:416,B,Bw4 - 80I,Bw4_80I,classified,I,NLRIALR,Bw4 - 80I,HLAtools_protein_alignment,IPD-IMGT/HLA 3.63.0,2026-02-19 18:49:27.959055
B*51:417,B*51:417,B,Bw4 - 80I,Bw4_80I,classified,I,NLRIALR,Bw4 - 80I,HLAtools_protein_alignment,IPD-IMGT/HLA 3.63.0,2026-02-19 18:49:27.959055
B*51:418,B*51:418,B,Bw4 - 80I,Bw4_80I,classified,I,NLRIALR,Bw4 - 80I,HLAtools_protein_alignment,IPD-IMGT/HLA 3.63.0,2026-02-19 18:49:27.959055
B*51:419,B*51:419,B,Bw4 - 80I,Bw4_80I,classified,I,NLRIALR,Bw4 - 80I,HLAtools_protein_alignment,IPD-IMGT/HLA 3.63.0,2026-02-19 18:49:27.959055
B*51:42,B*51:42,B,Bw4 - 80I,Bw4_80I,classified,I,NLRIALR,Bw4 - 80I,HLAtools_protein_alignment,IPD-IMGT/HLA 3.63.0,2026-02-19 18:49:27.959055
B*51:420,B*51:420,B,Bw4 - 80I,Bw4_80I,classified,I,NLRIALR,Bw4 - 80I,HLAtools_protein_alignment,IPD-IMGT/HLA 3.63.0,2026-02-19 18:49:27.959055
B*51:421,B*51:421,B,Bw4 - 80I,Bw4_80I,classified,I,NLRIALR,Bw4 - 80I,HLAtools_protein_alignment,IPD-IMGT/HLA 3.63.0,2026-02-19 18:49:27.959055
B*51:422,B*51:422,B,Bw4 - 80I,Bw4_80I,classified,I,NLRIALR,Bw4 - 80I,HLAtools_protein_alignment,IPD-IMGT/HLA 3.63.0,2026-02-19 18:49:27.959055
B*51:423,B*51:423,B,Bw4 - 80I,Bw4_80I,classified,I,NLRIALR,Bw4 - 80I,HLAtools_protein_alignment,IPD-IMGT/HLA 3.63.0,2026-02-19 18:49:27.959055
B*51:424,B*51:424,B,Bw4 - 80I,Bw4_80I,classified,I,NLRIALR,Bw4 - 80I,HLAtools_protein_alignment,IPD-IMGT/HLA 3.63.0,2026-02-19 18:49:27.959055
B*51:426,B*51:426,B,Bw4 - 80I,Bw4_80I,classified,I,NLRIALR,Bw4 - 80I,HLAtools_protein_alignment,IPD-IMGT/HLA 3.63.0,2026-02-19 18:49:27.959055
B*51:427,B*51:427,B,Bw4 - 80I,Bw4_80I,classified,I,NLRIALR,Bw4 - 80I,HLAtools_protein_alignment,IPD-IMGT/HLA 3.63.0,2026-02-19 18:49:27.959055
B*51:428,B*51:428,B,Bw4 - 80I,Bw4_80I,classified,I,NLRIALR,Bw4 - 80I,HLAtools_protein_alignment,IPD-IMGT/HLA 3.63.0,2026-02-19 18:49:27.959055
B*51:429,B*51:429,B,Bw4 - 80I,Bw4_80I,classified,I,NLRIALR,Bw4 - 80I,HLAtools_protein_alignment,IPD-IMGT/HLA 3.63.0,2026-02-19 18:49:27.959055
B*51:43,B*51:43,B,Bw4 - 80I,Bw4_80I,classified,I,NLRIALR,Bw4 - 80I,HLAtools_protein_alignment,IPD-IMGT/HLA 3.63.0,2026-02-19 18:49:27.959055
B*51:430,B*51:430,B,Bw4 - 80I,Bw4_80I,classified,I,NLRIALR,Bw4 - 80I,HLAtools_protein_alignment,IPD-IMGT/HLA 3.63.0,2026-02-19 18:49:27.959055
B*51:431,B*51:431,B,Bw4 - 80I,Bw4_80I,classified,I,NLRIALR,Bw4 - 80I,HLAtools_protein_alignment,IPD-IMGT/HLA 3.63.0,2026-02-19 18:49:27.959055
B*51:432,B*51:432,B,Bw4 - 80I,Bw4_80I,classified,I,NLRIALR,Bw4 - 80I,HLAtools_protein_alignment,IPD-IMGT/HLA 3.63.0,2026-02-19 18:49:27.959055
B*51:433,B*51:433,B,Bw4 - 80I,Bw4_80I,classified,I,NLRIALR,Bw4 - 80I,HLAtools_protein_alignment,IPD-IMGT/HLA 3.63.0,2026-02-19 18:49:27.959055
B*51:434,B*51:434,B,Bw4 - 80I,Bw4_80I,classified,I,NLRIALR,Bw4 - 80I,HLAtools_protein_alignment,IPD-IMGT/HLA 3.63.0,2026-02-19 18:49:27.959055
B*51:435,B*51:435,B,Bw4 - 80I,Bw4_80I,classified,I,NLRIALR,Bw4 - 80I,HLAtools_protein_alignment,IPD-IMGT/HLA 3.63.0,2026-02-19 18:49:27.959055
B*51:436,B*51:436,B,Bw4 - 80I,Bw4_80I,classified,I,NLRIALR,Bw4 - 80I,HLAtools_protein_alignment,IPD-IMGT/HLA 3.63.0,2026-02-19 18:49:27.959055
B*51:437,B*51:437,B,Bw4 - 80I,Bw4_80I,classified,I,NLRIALR,Bw4 - 80I,HLAtools_protein_alignment,IPD-IMGT/HLA 3.63.0,2026-02-19 18:49:27.959055
B*51:438,B*51:438,B,Bw4 - 80I,Bw4_80I,classified,I,SLRIALR,NA,HLAtools_protein_alignment,IPD-IMGT/HLA 3.63.0,2026-02-19 18:49:27.959055
B*51:45,B*51:45,B,Bw4 - 80I,Bw4_80I,classified,I,NLRIALR,Bw4 - 80I,HLAtools_protein_alignment,IPD-IMGT/HLA 3.63.0,2026-02-19 18:49:27.959055
B*51:46,B*51:46,B,Bw4 - 80I,Bw4_80I,classified,I,NLRIALR,Bw4 - 80I,HLAtools_protein_alignment,IPD-IMGT/HLA 3.63.0,2026-02-19 18:49:27.959055
B*51:48,B*51:48,B,Bw4 - 80I,Bw4_80I,classified,I,NLRIALR,Bw4 - 80I,HLAtools_protein_alignment,IPD-IMGT/HLA 3.63.0,2026-02-19 18:49:27.959055
B*51:49,B*51:49,B,Bw4 - 80I,Bw4_80I,classified,I,NLRIALR,Bw4 - 80I,HLAtools_protein_alignment,IPD-IMGT/HLA 3.63.0,2026-02-19 18:49:27.959055
B*51:50,B*51:50,B,Bw4 - 80I,Bw4_80I,classified,I,NLRIGLR,Bw4 - 80I,HLAtools_protein_alignment,IPD-IMGT/HLA 3.63.0,2026-02-19 18:49:27.959055
B*51:51,B*51:51,B,Bw4 - 80I,Bw4_80I,classified,I,NLRIALR,Bw4 - 80I,HLAtools_protein_alignment,IPD-IMGT/HLA 3.63.0,2026-02-19 18:49:27.959055
B*51:52,B*51:52,B,Bw4 - 80I,Bw4_80I,classified,I,NLRIALR,Bw4 - 80I,HLAtools_protein_alignment,IPD-IMGT/HLA 3.63.0,2026-02-19 18:49:27.959055
B*51:53,B*51:53,B,Bw4 - 80I,Bw4_80I,classified,I,NLRIALR,Bw4 - 80I,HLAtools_protein_alignment,IPD-IMGT/HLA 3.63.0,2026-02-19 18:49:27.959055
B*51:54,B*51:54,B,Bw4 - 80T,Bw4_80T,classified,T,NLRTALR,Bw4 - 80T,HLAtools_protein_alignment,IPD-IMGT/HLA 3.63.0,2026-02-19 18:49:27.959055
B*51:55,B*51:55,B,Bw4 - 80I,Bw4_80I,classified,I,NLRIALR,Bw4 - 80I,HLAtools_protein_alignment,IPD-IMGT/HLA 3.63.0,2026-02-19 18:49:27.959055
B*51:56,B*51:56,B,Bw4 - 80I,Bw4_80I,classified,I,NLRIALR,Bw4 - 80I,HLAtools_protein_alignment,IPD-IMGT/HLA 3.63.0,2026-02-19 18:49:27.959055
B*51:57,B*51:57,B,Bw4 - 80I,Bw4_80I,classified,I,NLRIALR,Bw4 - 80I,HLAtools_protein_alignment,IPD-IMGT/HLA 3.63.0,2026-02-19 18:49:27.959055
B*51:58,B*51:58,B,Bw4 - 80I,Bw4_80I,classified,I,NLRIALR,Bw4 - 80I,HLAtools_protein_alignment,IPD-IMGT/HLA 3.63.0,2026-02-19 18:49:27.959055
B*51:59,B*51:59,B,Bw4 - 80I,Bw4_80I,classified,I,NLRIALR,Bw4 - 80I,HLAtools_protein_alignment,IPD-IMGT/HLA 3.63.0,2026-02-19 18:49:27.959055
B*51:60,B*51:60,B,Bw4 - 80I,Bw4_80I,classified,I,NLRIALR,Bw4 - 80I,HLAtools_protein_alignment,IPD-IMGT/HLA 3.63.0,2026-02-19 18:49:27.959055
B*51:61,B*51:61,B,Bw4 - 80I,Bw4_80I,classified,I,NLRIALR,Bw4 - 80I,HLAtools_protein_alignment,IPD-IMGT/HLA 3.63.0,2026-02-19 18:49:27.959055
B*51:62,B*51:62,B,Bw4 - 80I,Bw4_80I,classified,I,NLRIALR,Bw4 - 80I,HLAtools_protein_alignment,IPD-IMGT/HLA 3.63.0,2026-02-19 18:49:27.959055
B*51:63,B*51:63,B,Bw4 - 80I,Bw4_80I,classified,I,NLRIALR,Bw4 - 80I,HLAtools_protein_alignment,IPD-IMGT/HLA 3.63.0,2026-02-19 18:49:27.959055
B*51:64,B*51:64,B,Bw4 - 80I,Bw4_80I,classified,I,NLRIALR,Bw4 - 80I,HLAtools_protein_alignment,IPD-IMGT/HLA 3.63.0,2026-02-19 18:49:27.959055
B*51:65,B*51:65,B,Bw4 - 80I,Bw4_80I,classified,I,NLRIALR,Bw4 - 80I,HLAtools_protein_alignment,IPD-IMGT/HLA 3.63.0,2026-02-19 18:49:27.959055
B*51:66,B*51:66,B,Bw4 - 80I,Bw4_80I,classified,I,NLRIALR,Bw4 - 80I,HLAtools_protein_alignment,IPD-IMGT/HLA 3.63.0,2026-02-19 18:49:27.959055
B*51:67,B*51:67,B,Bw4 - 80I,Bw4_80I,classified,I,NLRIALR,Bw4 - 80I,HLAtools_protein_alignment,IPD-IMGT/HLA 3.63.0,2026-02-19 18:49:27.959055
B*51:68,B*51:68,B,Bw4 - 80I,Bw4_80I,classified,I,NLRIALR,Bw4 - 80I,HLAtools_protein_alignment,IPD-IMGT/HLA 3.63.0,2026-02-19 18:49:27.959055
B*51:69,B*51:69,B,Bw4 - 80I,Bw4_80I,classified,I,NLRIALR,Bw4 - 80I,HLAtools_protein_alignment,IPD-IMGT/HLA 3.63.0,2026-02-19 18:49:27.959055
B*51:70,B*51:70,B,Bw4 - 80I,Bw4_80I,classified,I,NLRIALR,Bw4 - 80I,HLAtools_protein_alignment,IPD-IMGT/HLA 3.63.0,2026-02-19 18:49:27.959055
B*51:71,B*51:71,B,Bw4 - 80I,Bw4_80I,classified,I,NLRIALR,Bw4 - 80I,HLAtools_protein_alignment,IPD-IMGT/HLA 3.63.0,2026-02-19 18:49:27.959055
B*51:72,B*51:72,B,Bw4 - 80I,Bw4_80I,classified,I,NLRIALR,Bw4 - 80I,HLAtools_protein_alignment,IPD-IMGT/HLA 3.63.0,2026-02-19 18:49:27.959055
B*51:73,B*51:73,B,Bw4 - 80I,Bw4_80I,classified,I,NLRIALR,Bw4 - 80I,HLAtools_protein_alignment,IPD-IMGT/HLA 3.63.0,2026-02-19 18:49:27.959055
B*51:74,B*51:74,B,Bw4 - 80I,Bw4_80I,classified,I,NLRIALR,Bw4 - 80I,HLAtools_protein_alignment,IPD-IMGT/HLA 3.63.0,2026-02-19 18:49:27.959055
B*51:75,B*51:75,B,Bw4 - 80I,Bw4_80I,classified,I,NLRIALR,Bw4 - 80I,HLAtools_protein_alignment,IPD-IMGT/HLA 3.63.0,2026-02-19 18:49:27.959055
B*51:76,B*51:76,B,Bw4 - 80I,Bw4_80I,classified,I,NLRIALR,Bw4 - 80I,HLAtools_protein_alignment,IPD-IMGT/HLA 3.63.0,2026-02-19 18:49:27.959055
B*51:77,B*51:77,B,Bw4 - 80I,Bw4_80I,classified,I,NLRIALR,Bw4 - 80I,HLAtools_protein_alignment,IPD-IMGT/HLA 3.63.0,2026-02-19 18:49:27.959055
B*51:78,B*51:78,B,Bw4 - 80T,Bw4_80T,classified,T,NLRTALR,Bw4 - 80T,HLAtools_protein_alignment,IPD-IMGT/HLA 3.63.0,2026-02-19 18:49:27.959055
B*51:79,B*51:79,B,Bw4 - 80I,Bw4_80I,classified,I,NLRIALR,Bw4 - 80I,HLAtools_protein_alignment,IPD-IMGT/HLA 3.63.0,2026-02-19 18:49:27.959055
B*51:80,B*51:80,B,Bw4 - 80I,Bw4_80I,classified,I,NLRIALR,Bw4 - 80I,HLAtools_protein_alignment,IPD-IMGT/HLA 3.63.0,2026-02-19 18:49:27.959055
B*51:81,B*51:81,B,Bw4 - 80I,Bw4_80I,classified,I,NLRIALR,Bw4 - 80I,HLAtools_protein_alignment,IPD-IMGT/HLA 3.63.0,2026-02-19 18:49:27.959055
B*51:82,B*51:82,B,Bw4 - 80I,Bw4_80I,classified,I,NLRIALR,Bw4 - 80I,HLAtools_protein_alignment,IPD-IMGT/HLA 3.63.0,2026-02-19 18:49:27.959055
B*51:83,B*51:83,B,Bw4 - 80I,Bw4_80I,classified,I,NLRIALR,Bw4 - 80I,HLAtools_protein_alignment,IPD-IMGT/HLA 3.63.0,2026-02-19 18:49:27.959055
B*51:84,B*51:84,B,Bw4 - 80I,Bw4_80I,classified,I,NLRIALR,Bw4 - 80I,HLAtools_protein_alignment,IPD-IMGT/HLA 3.63.0,2026-02-19 18:49:27.959055
B*51:85,B*51:85,B,Bw4 - 80I,Bw4_80I,classified,I,NLRIALR,Bw4 - 80I,HLAtools_protein_alignment,IPD-IMGT/HLA 3.63.0,2026-02-19 18:49:27.959055
B*51:86,B*51:86,B,Bw4 - 80I,Bw4_80I,classified,I,NLRIALR,Bw4 - 80I,HLAtools_protein_alignment,IPD-IMGT/HLA 3.63.0,2026-02-19 18:49:27.959055
B*51:87,B*51:87,B,Bw4 - 80I,Bw4_80I,classified,I,NLRIALR,Bw4 - 80I,HLAtools_protein_alignment,IPD-IMGT/HLA 3.63.0,2026-02-19 18:49:27.959055
B*51:88,B*51:88,B,Bw4 - 80I,Bw4_80I,classified,I,NLRIALR,Bw4 - 80I,HLAtools_protein_alignment,IPD-IMGT/HLA 3.63.0,2026-02-19 18:49:27.959055
B*51:89,B*51:89,B,Bw4 - 80I,Bw4_80I,classified,I,NLRIALR,Bw4 - 80I,HLAtools_protein_alignment,IPD-IMGT/HLA 3.63.0,2026-02-19 18:49:27.959055
B*51:90,B*51:90,B,Bw4 - 80I,Bw4_80I,classified,I,NLRIALR,Bw4 - 80I,HLAtools_protein_alignment,IPD-IMGT/HLA 3.63.0,2026-02-19 18:49:27.959055
B*51:91,B*51:91,B,Bw4 - 80I,Bw4_80I,classified,I,NLRIALR,Bw4 - 80I,HLAtools_protein_alignment,IPD-IMGT/HLA 3.63.0,2026-02-19 18:49:27.959055
B*51:92,B*51:92,B,Bw4 - 80I,Bw4_80I,classified,I,NLRIALR,Bw4 - 80I,HLAtools_protein_alignment,IPD-IMGT/HLA 3.63.0,2026-02-19 18:49:27.959055
B*51:93,B*51:93,B,Bw4 - 80I,Bw4_80I,classified,I,NLRIALR,Bw4 - 80I,HLAtools_protein_alignment,IPD-IMGT/HLA 3.63.0,2026-02-19 18:49:27.959055
B*51:94,B*51:94,B,Bw4 - 80I,Bw4_80I,classified,I,NLRIALR,Bw4 - 80I,HLAtools_protein_alignment,IPD-IMGT/HLA 3.63.0,2026-02-19 18:49:27.959055
B*51:95,B*51:95,B,Bw4 - 80I,Bw4_80I,classified,I,NLRIALR,Bw4 - 80I,HLAtools_protein_alignment,IPD-IMGT/HLA 3.63.0,2026-02-19 18:49:27.959055
B*51:96,B*51:96,B,Bw4 - 80I,Bw4_80I,classified,I,NLRIALR,Bw4 - 80I,HLAtools_protein_alignment,IPD-IMGT/HLA 3.63.0,2026-02-19 18:49:27.959055
B*51:97,B*51:97,B,Bw4 - 80I,Bw4_80I,classified,I,NLRIALR,Bw4 - 80I,HLAtools_protein_alignment,IPD-IMGT/HLA 3.63.0,2026-02-19 18:49:27.959055
B*51:99,B*51:99,B,Bw4 - 80I,Bw4_80I,classified,I,NLRIALR,Bw4 - 80I,HLAtools_protein_alignment,IPD-IMGT/HLA 3.63.0,2026-02-19 18:49:27.959055
B*52:01,B*52:01,B,Bw4 - 80I,Bw4_80I,classified,I,NLRIALR,Bw4 - 80I,HLAtools_protein_alignment,IPD-IMGT/HLA 3.63.0,2026-02-19 18:49:27.959055
B*52:02,B*52:02,B,Bw4 - 80I,Bw4_80I,classified,I,NLRIALR,Bw4 - 80I,HLAtools_protein_alignment,IPD-IMGT/HLA 3.63.0,2026-02-19 18:49:27.959055
B*52:03,B*52:03,B,Bw4 - 80I,Bw4_80I,classified,I,NLRIALR,Bw4 - 80I,HLAtools_protein_alignment,IPD-IMGT/HLA 3.63.0,2026-02-19 18:49:27.959055
B*52:04,B*52:04,B,Bw4 - 80I,Bw4_80I,classified,I,NLRIALR,Bw4 - 80I,HLAtools_protein_alignment,IPD-IMGT/HLA 3.63.0,2026-02-19 18:49:27.959055
B*52:05,B*52:05,B,Bw4 - 80I,Bw4_80I,classified,I,NLRIALR,Bw4 - 80I,HLAtools_protein_alignment,IPD-IMGT/HLA 3.63.0,2026-02-19 18:49:27.959055
B*52:06,B*52:06,B,Bw4 - 80I,Bw4_80I,classified,I,NLRIALR,Bw4 - 80I,HLAtools_protein_alignment,IPD-IMGT/HLA 3.63.0,2026-02-19 18:49:27.959055
B*52:07,B*52:07,B,Bw4 - 80I,Bw4_80I,classified,I,NLRIALR,Bw4 - 80I,HLAtools_protein_alignment,IPD-IMGT/HLA 3.63.0,2026-02-19 18:49:27.959055
B*52:08,B*52:08,B,Bw4 - 80I,Bw4_80I,classified,I,NLRIALR,Bw4 - 80I,HLAtools_protein_alignment,IPD-IMGT/HLA 3.63.0,2026-02-19 18:49:27.959055
B*52:09,B*52:09,B,Bw4 - 80I,Bw4_80I,classified,I,SLRIALR,NA,HLAtools_protein_alignment,IPD-IMGT/HLA 3.63.0,2026-02-19 18:49:27.959055
B*52:10,B*52:10,B,Bw4 - 80I,Bw4_80I,classified,I,NLRIALR,Bw4 - 80I,HLAtools_protein_alignment,IPD-IMGT/HLA 3.63.0,2026-02-19 18:49:27.959055
B*52:100,B*52:100,B,Bw4 - 80I,Bw4_80I,classified,I,NLRIALR,Bw4 - 80I,HLAtools_protein_alignment,IPD-IMGT/HLA 3.63.0,2026-02-19 18:49:27.959055
B*52:101,B*52:101,B,Bw4 - 80I,Bw4_80I,classified,I,NLRIALR,Bw4 - 80I,HLAtools_protein_alignment,IPD-IMGT/HLA 3.63.0,2026-02-19 18:49:27.959055
B*52:102,B*52:102,B,Bw4 - 80I,Bw4_80I,classified,I,NLRIALR,Bw4 - 80I,HLAtools_protein_alignment,IPD-IMGT/HLA 3.63.0,2026-02-19 18:49:27.959055
B*52:104,B*52:104,B,Bw4 - 80I,Bw4_80I,classified,I,NLRIALR,Bw4 - 80I,HLAtools_protein_alignment,IPD-IMGT/HLA 3.63.0,2026-02-19 18:49:27.959055
B*52:105,B*52:105,B,Bw4 - 80I,Bw4_80I,classified,I,NLRIALR,Bw4 - 80I,HLAtools_protein_alignment,IPD-IMGT/HLA 3.63.0,2026-02-19 18:49:27.959055
B*52:106,B*52:106,B,Bw4 - 80I,Bw4_80I,classified,I,NLRIALR,Bw4 - 80I,HLAtools_protein_alignment,IPD-IMGT/HLA 3.63.0,2026-02-19 18:49:27.959055
B*52:107,B*52:107,B,Bw4 - 80I,Bw4_80I,classified,I,NLRIALR,Bw4 - 80I,HLAtools_protein_alignment,IPD-IMGT/HLA 3.63.0,2026-02-19 18:49:27.959055
B*52:108,B*52:108,B,Bw4 - 80I,Bw4_80I,classified,I,NLRIALR,Bw4 - 80I,HLAtools_protein_alignment,IPD-IMGT/HLA 3.63.0,2026-02-19 18:49:27.959055
B*52:109,B*52:109,B,Bw4 - 80I,Bw4_80I,classified,I,NLRIALR,Bw4 - 80I,HLAtools_protein_alignment,IPD-IMGT/HLA 3.63.0,2026-02-19 18:49:27.959055
B*52:11,B*52:11,B,Bw4 - 80I,Bw4_80I,classified,I,NLRIALR,Bw4 - 80I,HLAtools_protein_alignment,IPD-IMGT/HLA 3.63.0,2026-02-19 18:49:27.959055
B*52:111,B*52:111,B,Non-canonical,NonCanonical,non_canonical_83,I,NLRIALC,Bw4 - 80I,HLAtools_protein_alignment,IPD-IMGT/HLA 3.63.0,2026-02-19 18:49:27.959055
B*52:112,B*52:112,B,Bw4 - 80I,Bw4_80I,classified,I,NLRIALR,Bw4 - 80I,HLAtools_protein_alignment,IPD-IMGT/HLA 3.63.0,2026-02-19 18:49:27.959055
B*52:113,B*52:113,B,Bw4 - 80I,Bw4_80I,classified,I,NLRIALR,Bw4 - 80I,HLAtools_protein_alignment,IPD-IMGT/HLA 3.63.0,2026-02-19 18:49:27.959055
B*52:114,B*52:114,B,Bw4 - 80I,Bw4_80I,classified,I,NLRIALR,Bw4 - 80I,HLAtools_protein_alignment,IPD-IMGT/HLA 3.63.0,2026-02-19 18:49:27.959055
B*52:116,B*52:116,B,Bw4 - 80I,Bw4_80I,classified,I,NLRIALR,Bw4 - 80I,HLAtools_protein_alignment,IPD-IMGT/HLA 3.63.0,2026-02-19 18:49:27.959055
B*52:117,B*52:117,B,Bw4 - 80I,Bw4_80I,classified,I,NLRIALR,Bw4 - 80I,HLAtools_protein_alignment,IPD-IMGT/HLA 3.63.0,2026-02-19 18:49:27.959055
B*52:118,B*52:118,B,Bw4 - 80I,Bw4_80I,classified,I,NLRIALR,Bw4 - 80I,HLAtools_protein_alignment,IPD-IMGT/HLA 3.63.0,2026-02-19 18:49:27.959055
B*52:119,B*52:119,B,Bw4 - 80I,Bw4_80I,classified,I,NLRIALR,Bw4 - 80I,HLAtools_protein_alignment,IPD-IMGT/HLA 3.63.0,2026-02-19 18:49:27.959055
B*52:12,B*52:12,B,Bw4 - 80I,Bw4_80I,classified,I,NLRIALR,Bw4 - 80I,HLAtools_protein_alignment,IPD-IMGT/HLA 3.63.0,2026-02-19 18:49:27.959055
B*52:121,B*52:121,B,Bw4 - 80I,Bw4_80I,classified,I,NLRIALR,Bw4 - 80I,HLAtools_protein_alignment,IPD-IMGT/HLA 3.63.0,2026-02-19 18:49:27.959055
B*52:122,B*52:122,B,Bw4 - 80I,Bw4_80I,classified,I,NLRIALR,Bw4 - 80I,HLAtools_protein_alignment,IPD-IMGT/HLA 3.63.0,2026-02-19 18:49:27.959055
B*52:123,B*52:123,B,Bw4 - 80I,Bw4_80I,classified,I,NLRIALR,Bw4 - 80I,HLAtools_protein_alignment,IPD-IMGT/HLA 3.63.0,2026-02-19 18:49:27.959055
B*52:125,B*52:125,B,Bw4 - 80I,Bw4_80I,classified,I,NLRIALR,Bw4 - 80I,HLAtools_protein_alignment,IPD-IMGT/HLA 3.63.0,2026-02-19 18:49:27.959055
B*52:126,B*52:126,B,Bw4 - 80I,Bw4_80I,classified,I,NLRIALR,Bw4 - 80I,HLAtools_protein_alignment,IPD-IMGT/HLA 3.63.0,2026-02-19 18:49:27.959055
B*52:127,B*52:127,B,Bw4 - 80I,Bw4_80I,classified,I,NLRIALR,Bw4 - 80I,HLAtools_protein_alignment,IPD-IMGT/HLA 3.63.0,2026-02-19 18:49:27.959055
B*52:128,B*52:128,B,Bw4 - 80I,Bw4_80I,classified,I,NLRIALR,Bw4 - 80I,HLAtools_protein_alignment,IPD-IMGT/HLA 3.63.0,2026-02-19 18:49:27.959055
B*52:129,B*52:129,B,Bw4 - 80I,Bw4_80I,classified,I,NLRIALR,Bw4 - 80I,HLAtools_protein_alignment,IPD-IMGT/HLA 3.63.0,2026-02-19 18:49:27.959055
B*52:13,B*52:13,B,Bw4 - 80I,Bw4_80I,classified,I,NLRIALR,Bw4 - 80I,HLAtools_protein_alignment,IPD-IMGT/HLA 3.63.0,2026-02-19 18:49:27.959055
B*52:130,B*52:130,B,Bw4 - 80I,Bw4_80I,classified,I,NLRIALR,Bw4 - 80I,HLAtools_protein_alignment,IPD-IMGT/HLA 3.63.0,2026-02-19 18:49:27.959055
B*52:131,B*52:131,B,Bw4 - 80I,Bw4_80I,classified,I,NLRIALR,Bw4 - 80I,HLAtools_protein_alignment,IPD-IMGT/HLA 3.63.0,2026-02-19 18:49:27.959055
B*52:132,B*52:132,B,Bw6,Bw6,classified,N,SLRNLRG,Bw6,HLAtools_protein_alignment,IPD-IMGT/HLA 3.63.0,2026-02-19 18:49:27.959055
B*52:133,B*52:133,B,Bw4 - 80I,Bw4_80I,classified,I,NLRIALR,Bw4 - 80I,HLAtools_protein_alignment,IPD-IMGT/HLA 3.63.0,2026-02-19 18:49:27.959055
B*52:134,B*52:134,B,Bw4 - 80I,Bw4_80I,classified,I,NLRIALR,Bw4 - 80I,HLAtools_protein_alignment,IPD-IMGT/HLA 3.63.0,2026-02-19 18:49:27.959055
B*52:135,B*52:135,B,Bw4 - 80I,Bw4_80I,classified,I,NLRIALR,Bw4 - 80I,HLAtools_protein_alignment,IPD-IMGT/HLA 3.63.0,2026-02-19 18:49:27.959055
B*52:14,B*52:14,B,Bw4 - 80I,Bw4_80I,classified,I,NLRIALR,Bw4 - 80I,HLAtools_protein_alignment,IPD-IMGT/HLA 3.63.0,2026-02-19 18:49:27.959055
B*52:15,B*52:15,B,Bw4 - 80I,Bw4_80I,classified,I,NLRIALR,Bw4 - 80I,HLAtools_protein_alignment,IPD-IMGT/HLA 3.63.0,2026-02-19 18:49:27.959055
B*52:16,B*52:16,B,Bw4 - 80I,Bw4_80I,classified,I,NLRIALR,Bw4 - 80I,HLAtools_protein_alignment,IPD-IMGT/HLA 3.63.0,2026-02-19 18:49:27.959055
B*52:17,B*52:17,B,Bw4 - 80I,Bw4_80I,classified,I,NLRIALR,Bw4 - 80I,HLAtools_protein_alignment,IPD-IMGT/HLA 3.63.0,2026-02-19 18:49:27.959055
B*52:18,B*52:18,B,Bw4 - 80I,Bw4_80I,classified,I,NLRIALR,Bw4 - 80I,HLAtools_protein_alignment,IPD-IMGT/HLA 3.63.0,2026-02-19 18:49:27.959055
B*52:19,B*52:19,B,Bw4 - 80I,Bw4_80I,classified,I,NLRIALR,Bw4 - 80I,HLAtools_protein_alignment,IPD-IMGT/HLA 3.63.0,2026-02-19 18:49:27.959055
B*52:20,B*52:20,B,Bw4 - 80T,Bw4_80T,classified,T,NLRTALR,Bw4 - 80T,HLAtools_protein_alignment,IPD-IMGT/HLA 3.63.0,2026-02-19 18:49:27.959055
B*52:21,B*52:21,B,Bw4 - 80I,Bw4_80I,classified,I,NLRIALR,Bw4 - 80I,HLAtools_protein_alignment,IPD-IMGT/HLA 3.63.0,2026-02-19 18:49:27.959055
B*52:22,B*52:22,B,Bw4 - 80I,Bw4_80I,classified,I,NLRIALR,Bw4 - 80I,HLAtools_protein_alignment,IPD-IMGT/HLA 3.63.0,2026-02-19 18:49:27.959055
B*52:23,B*52:23,B,Bw4 - 80I,Bw4_80I,classified,I,NLRIALR,Bw4 - 80I,HLAtools_protein_alignment,IPD-IMGT/HLA 3.63.0,2026-02-19 18:49:27.959055
B*52:24,B*52:24,B,Bw4 - 80I,Bw4_80I,classified,I,NLRIALR,Bw4 - 80I,HLAtools_protein_alignment,IPD-IMGT/HLA 3.63.0,2026-02-19 18:49:27.959055
B*52:25,B*52:25,B,Bw4 - 80I,Bw4_80I,classified,I,NLRIALR,Bw4 - 80I,HLAtools_protein_alignment,IPD-IMGT/HLA 3.63.0,2026-02-19 18:49:27.959055
B*52:26,B*52:26,B,Bw4 - 80I,Bw4_80I,classified,I,NLRIALR,Bw4 - 80I,HLAtools_protein_alignment,IPD-IMGT/HLA 3.63.0,2026-02-19 18:49:27.959055
B*52:27,B*52:27,B,Bw4 - 80I,Bw4_80I,classified,I,NLRIALR,Bw4 - 80I,HLAtools_protein_alignment,IPD-IMGT/HLA 3.63.0,2026-02-19 18:49:27.959055
B*52:28,B*52:28,B,Bw4 - 80I,Bw4_80I,classified,I,NLRIALR,Bw4 - 80I,HLAtools_protein_alignment,IPD-IMGT/HLA 3.63.0,2026-02-19 18:49:27.959055
B*52:29,B*52:29,B,Bw4 - 80I,Bw4_80I,classified,I,NLRIALR,Bw4 - 80I,HLAtools_protein_alignment,IPD-IMGT/HLA 3.63.0,2026-02-19 18:49:27.959055
B*52:30,B*52:30,B,Bw4 - 80I,Bw4_80I,classified,I,NLRIALR,Bw4 - 80I,HLAtools_protein_alignment,IPD-IMGT/HLA 3.63.0,2026-02-19 18:49:27.959055
B*52:31,B*52:31,B,Bw4 - 80I,Bw4_80I,classified,I,NLRIALR,Bw4 - 80I,HLAtools_protein_alignment,IPD-IMGT/HLA 3.63.0,2026-02-19 18:49:27.959055
B*52:32,B*52:32,B,Bw4 - 80I,Bw4_80I,classified,I,NLRIALR,Bw4 - 80I,HLAtools_protein_alignment,IPD-IMGT/HLA 3.63.0,2026-02-19 18:49:27.959055
B*52:33,B*52:33,B,Bw4 - 80I,Bw4_80I,classified,I,NLRIALR,Bw4 - 80I,HLAtools_protein_alignment,IPD-IMGT/HLA 3.63.0,2026-02-19 18:49:27.959055
B*52:34,B*52:34,B,Bw4 - 80I,Bw4_80I,classified,I,NLRIALR,Bw4 - 80I,HLAtools_protein_alignment,IPD-IMGT/HLA 3.63.0,2026-02-19 18:49:27.959055
B*52:35,B*52:35,B,Bw4 - 80I,Bw4_80I,classified,I,NLRIALR,Bw4 - 80I,HLAtools_protein_alignment,IPD-IMGT/HLA 3.63.0,2026-02-19 18:49:27.959055
B*52:36,B*52:36,B,Bw4 - 80I,Bw4_80I,classified,I,NLRIALR,Bw4 - 80I,HLAtools_protein_alignment,IPD-IMGT/HLA 3.63.0,2026-02-19 18:49:27.959055
B*52:37,B*52:37,B,Bw4 - 80I,Bw4_80I,classified,I,NLRIALR,Bw4 - 80I,HLAtools_protein_alignment,IPD-IMGT/HLA 3.63.0,2026-02-19 18:49:27.959055
B*52:38,B*52:38,B,Bw4 - 80I,Bw4_80I,classified,I,NLRIALR,Bw4 - 80I,HLAtools_protein_alignment,IPD-IMGT/HLA 3.63.0,2026-02-19 18:49:27.959055
B*52:39,B*52:39,B,Bw4 - 80I,Bw4_80I,classified,I,NLRIALR,Bw4 - 80I,HLAtools_protein_alignment,IPD-IMGT/HLA 3.63.0,2026-02-19 18:49:27.959055
B*52:40,B*52:40,B,Bw4 - 80I,Bw4_80I,classified,I,NLRIALR,Bw4 - 80I,HLAtools_protein_alignment,IPD-IMGT/HLA 3.63.0,2026-02-19 18:49:27.959055
B*52:41,B*52:41,B,Bw4 - 80I,Bw4_80I,classified,I,NLRIALR,Bw4 - 80I,HLAtools_protein_alignment,IPD-IMGT/HLA 3.63.0,2026-02-19 18:49:27.959055
B*52:42,B*52:42,B,Bw4 - 80I,Bw4_80I,classified,I,NLRIALR,Bw4 - 80I,HLAtools_protein_alignment,IPD-IMGT/HLA 3.63.0,2026-02-19 18:49:27.959055
B*52:43,B*52:43,B,Bw4 - 80I,Bw4_80I,classified,I,NLRIALR,Bw4 - 80I,HLAtools_protein_alignment,IPD-IMGT/HLA 3.63.0,2026-02-19 18:49:27.959055
B*52:44,B*52:44,B,Bw4 - 80I,Bw4_80I,classified,I,NLRIALR,Bw4 - 80I,HLAtools_protein_alignment,IPD-IMGT/HLA 3.63.0,2026-02-19 18:49:27.959055
B*52:45,B*52:45,B,Bw4 - 80I,Bw4_80I,classified,I,NLRIALR,Bw4 - 80I,HLAtools_protein_alignment,IPD-IMGT/HLA 3.63.0,2026-02-19 18:49:27.959055
B*52:46,B*52:46,B,Bw4 - 80I,Bw4_80I,classified,I,NLRIALR,Bw4 - 80I,HLAtools_protein_alignment,IPD-IMGT/HLA 3.63.0,2026-02-19 18:49:27.959055
B*52:47,B*52:47,B,Bw4 - 80I,Bw4_80I,classified,I,NLRIALR,Bw4 - 80I,HLAtools_protein_alignment,IPD-IMGT/HLA 3.63.0,2026-02-19 18:49:27.959055
B*52:48,B*52:48,B,Bw4 - 80I,Bw4_80I,classified,I,NLRIALR,Bw4 - 80I,HLAtools_protein_alignment,IPD-IMGT/HLA 3.63.0,2026-02-19 18:49:27.959055
B*52:50,B*52:50,B,Bw4 - 80I,Bw4_80I,classified,I,NLRIALR,Bw4 - 80I,HLAtools_protein_alignment,IPD-IMGT/HLA 3.63.0,2026-02-19 18:49:27.959055
B*52:51,B*52:51,B,Bw4 - 80I,Bw4_80I,classified,I,NLRIALR,Bw4 - 80I,HLAtools_protein_alignment,IPD-IMGT/HLA 3.63.0,2026-02-19 18:49:27.959055
B*52:52,B*52:52,B,Bw4 - 80I,Bw4_80I,classified,I,NLRIALR,Bw4 - 80I,HLAtools_protein_alignment,IPD-IMGT/HLA 3.63.0,2026-02-19 18:49:27.959055
B*52:53,B*52:53,B,Bw4 - 80I,Bw4_80I,classified,I,NLRIALR,Bw4 - 80I,HLAtools_protein_alignment,IPD-IMGT/HLA 3.63.0,2026-02-19 18:49:27.959055
B*52:54,B*52:54,B,Bw4 - 80I,Bw4_80I,classified,I,NLRIALR,Bw4 - 80I,HLAtools_protein_alignment,IPD-IMGT/HLA 3.63.0,2026-02-19 18:49:27.959055
B*52:55,B*52:55,B,Bw4 - 80I,Bw4_80I,classified,I,NLRIALR,Bw4 - 80I,HLAtools_protein_alignment,IPD-IMGT/HLA 3.63.0,2026-02-19 18:49:27.959055
B*52:56,B*52:56,B,Bw4 - 80I,Bw4_80I,classified,I,NLRIALR,Bw4 - 80I,HLAtools_protein_alignment,IPD-IMGT/HLA 3.63.0,2026-02-19 18:49:27.959055
B*52:57,B*52:57,B,Bw4 - 80I,Bw4_80I,classified,I,NLRIALR,Bw4 - 80I,HLAtools_protein_alignment,IPD-IMGT/HLA 3.63.0,2026-02-19 18:49:27.959055
B*52:58,B*52:58,B,Bw4 - 80I,Bw4_80I,classified,I,NLRIALR,Bw4 - 80I,HLAtools_protein_alignment,IPD-IMGT/HLA 3.63.0,2026-02-19 18:49:27.959055
B*52:59,B*52:59,B,Bw4 - 80I,Bw4_80I,classified,I,NLRIALR,Bw4 - 80I,HLAtools_protein_alignment,IPD-IMGT/HLA 3.63.0,2026-02-19 18:49:27.959055
B*52:60,B*52:60,B,Bw4 - 80I,Bw4_80I,classified,I,NLRIALR,Bw4 - 80I,HLAtools_protein_alignment,IPD-IMGT/HLA 3.63.0,2026-02-19 18:49:27.959055
B*52:61,B*52:61,B,Bw4 - 80I,Bw4_80I,classified,I,NLRIALR,Bw4 - 80I,HLAtools_protein_alignment,IPD-IMGT/HLA 3.63.0,2026-02-19 18:49:27.959055
B*52:62,B*52:62,B,Bw4 - 80I,Bw4_80I,classified,I,NLRIALR,Bw4 - 80I,HLAtools_protein_alignment,IPD-IMGT/HLA 3.63.0,2026-02-19 18:49:27.959055
B*52:63,B*52:63,B,Bw4 - 80I,Bw4_80I,classified,I,NLRIALR,Bw4 - 80I,HLAtools_protein_alignment,IPD-IMGT/HLA 3.63.0,2026-02-19 18:49:27.959055
B*52:64,B*52:64,B,Bw4 - 80I,Bw4_80I,classified,I,NLRIALR,Bw4 - 80I,HLAtools_protein_alignment,IPD-IMGT/HLA 3.63.0,2026-02-19 18:49:27.959055
B*52:65,B*52:65,B,Bw4 - 80I,Bw4_80I,classified,I,NLRIALR,Bw4 - 80I,HLAtools_protein_alignment,IPD-IMGT/HLA 3.63.0,2026-02-19 18:49:27.959055
B*52:66,B*52:66,B,Bw4 - 80I,Bw4_80I,classified,I,NLRIALR,Bw4 - 80I,HLAtools_protein_alignment,IPD-IMGT/HLA 3.63.0,2026-02-19 18:49:27.959055
B*52:67,B*52:67,B,Bw4 - 80I,Bw4_80I,classified,I,NLRIALR,Bw4 - 80I,HLAtools_protein_alignment,IPD-IMGT/HLA 3.63.0,2026-02-19 18:49:27.959055
B*52:68,B*52:68,B,Bw4 - 80I,Bw4_80I,classified,I,NLQIALR,Bw4 - 80I,HLAtools_protein_alignment,IPD-IMGT/HLA 3.63.0,2026-02-19 18:49:27.959055
B*52:69,B*52:69,B,Bw4 - 80I,Bw4_80I,classified,I,NLRIALR,Bw4 - 80I,HLAtools_protein_alignment,IPD-IMGT/HLA 3.63.0,2026-02-19 18:49:27.959055
B*52:70,B*52:70,B,Bw4 - 80I,Bw4_80I,classified,I,NLRIALR,Bw4 - 80I,HLAtools_protein_alignment,IPD-IMGT/HLA 3.63.0,2026-02-19 18:49:27.959055
B*52:71,B*52:71,B,Bw4 - 80I,Bw4_80I,classified,I,NLRIALR,Bw4 - 80I,HLAtools_protein_alignment,IPD-IMGT/HLA 3.63.0,2026-02-19 18:49:27.959055
B*52:72,B*52:72,B,Bw4 - 80I,Bw4_80I,classified,I,NLRIALR,Bw4 - 80I,HLAtools_protein_alignment,IPD-IMGT/HLA 3.63.0,2026-02-19 18:49:27.959055
B*52:73,B*52:73,B,Bw4 - 80I,Bw4_80I,classified,I,NLRIALR,Bw4 - 80I,HLAtools_protein_alignment,IPD-IMGT/HLA 3.63.0,2026-02-19 18:49:27.959055
B*52:74,B*52:74,B,Bw4 - 80I,Bw4_80I,classified,I,NLRIALR,Bw4 - 80I,HLAtools_protein_alignment,IPD-IMGT/HLA 3.63.0,2026-02-19 18:49:27.959055
B*52:75,B*52:75,B,Bw4 - 80I,Bw4_80I,classified,I,NLRIALR,Bw4 - 80I,HLAtools_protein_alignment,IPD-IMGT/HLA 3.63.0,2026-02-19 18:49:27.959055
B*52:76,B*52:76,B,Bw4 - 80I,Bw4_80I,classified,I,NLRIALR,Bw4 - 80I,HLAtools_protein_alignment,IPD-IMGT/HLA 3.63.0,2026-02-19 18:49:27.959055
B*52:77,B*52:77,B,Bw4 - 80I,Bw4_80I,classified,I,NLRIALR,Bw4 - 80I,HLAtools_protein_alignment,IPD-IMGT/HLA 3.63.0,2026-02-19 18:49:27.959055
B*52:78,B*52:78,B,Bw4 - 80I,Bw4_80I,classified,I,NLRIALR,Bw4 - 80I,HLAtools_protein_alignment,IPD-IMGT/HLA 3.63.0,2026-02-19 18:49:27.959055
B*52:79,B*52:79,B,Bw4 - 80I,Bw4_80I,classified,I,NLRIALR,Bw4 - 80I,HLAtools_protein_alignment,IPD-IMGT/HLA 3.63.0,2026-02-19 18:49:27.959055
B*52:80,B*52:80,B,Bw4 - 80I,Bw4_80I,classified,I,NLRIALR,Bw4 - 80I,HLAtools_protein_alignment,IPD-IMGT/HLA 3.63.0,2026-02-19 18:49:27.959055
B*52:81,B*52:81,B,Bw4 - 80I,Bw4_80I,classified,I,NLRIALR,Bw4 - 80I,HLAtools_protein_alignment,IPD-IMGT/HLA 3.63.0,2026-02-19 18:49:27.959055
B*52:82,B*52:82,B,Bw4 - 80I,Bw4_80I,classified,I,NLRIALR,Bw4 - 80I,HLAtools_protein_alignment,IPD-IMGT/HLA 3.63.0,2026-02-19 18:49:27.959055
B*52:83,B*52:83,B,Bw4 - 80I,Bw4_80I,classified,I,NLRIALR,Bw4 - 80I,HLAtools_protein_alignment,IPD-IMGT/HLA 3.63.0,2026-02-19 18:49:27.959055
B*52:84,B*52:84,B,Bw4 - 80I,Bw4_80I,classified,I,NLRIALR,Bw4 - 80I,HLAtools_protein_alignment,IPD-IMGT/HLA 3.63.0,2026-02-19 18:49:27.959055
B*52:85,B*52:85,B,Bw4 - 80I,Bw4_80I,classified,I,NLRIALR,Bw4 - 80I,HLAtools_protein_alignment,IPD-IMGT/HLA 3.63.0,2026-02-19 18:49:27.959055
B*52:86,B*52:86,B,Bw4 - 80I,Bw4_80I,classified,I,NLRIALR,Bw4 - 80I,HLAtools_protein_alignment,IPD-IMGT/HLA 3.63.0,2026-02-19 18:49:27.959055
B*52:87,B*52:87,B,Bw4 - 80I,Bw4_80I,classified,I,NLRIALR,Bw4 - 80I,HLAtools_protein_alignment,IPD-IMGT/HLA 3.63.0,2026-02-19 18:49:27.959055
B*52:88,B*52:88,B,Bw4 - 80I,Bw4_80I,classified,I,NLRIALR,Bw4 - 80I,HLAtools_protein_alignment,IPD-IMGT/HLA 3.63.0,2026-02-19 18:49:27.959055
B*52:90,B*52:90,B,Bw4 - 80I,Bw4_80I,classified,I,NLRIALR,Bw4 - 80I,HLAtools_protein_alignment,IPD-IMGT/HLA 3.63.0,2026-02-19 18:49:27.959055
B*52:91,B*52:91,B,Bw4 - 80I,Bw4_80I,classified,I,NLRIALR,Bw4 - 80I,HLAtools_protein_alignment,IPD-IMGT/HLA 3.63.0,2026-02-19 18:49:27.959055
B*52:92,B*52:92,B,Bw4 - 80I,Bw4_80I,classified,I,NLRIALR,Bw4 - 80I,HLAtools_protein_alignment,IPD-IMGT/HLA 3.63.0,2026-02-19 18:49:27.959055
B*52:93,B*52:93,B,Bw4 - 80I,Bw4_80I,classified,I,NLRIALR,Bw4 - 80I,HLAtools_protein_alignment,IPD-IMGT/HLA 3.63.0,2026-02-19 18:49:27.959055
B*52:95,B*52:95,B,Bw4 - 80I,Bw4_80I,classified,I,NLRIALR,Bw4 - 80I,HLAtools_protein_alignment,IPD-IMGT/HLA 3.63.0,2026-02-19 18:49:27.959055
B*52:97,B*52:97,B,Bw4 - 80I,Bw4_80I,classified,I,NLRIALR,Bw4 - 80I,HLAtools_protein_alignment,IPD-IMGT/HLA 3.63.0,2026-02-19 18:49:27.959055
B*52:98,B*52:98,B,Bw4 - 80I,Bw4_80I,classified,I,NLRIALR,Bw4 - 80I,HLAtools_protein_alignment,IPD-IMGT/HLA 3.63.0,2026-02-19 18:49:27.959055
B*52:99,B*52:99,B,Bw4 - 80I,Bw4_80I,classified,I,NLRIALR,Bw4 - 80I,HLAtools_protein_alignment,IPD-IMGT/HLA 3.63.0,2026-02-19 18:49:27.959055
B*53:01,B*53:01,B,Bw4 - 80I,Bw4_80I,classified,I,NLRIALR,Bw4 - 80I,HLAtools_protein_alignment,IPD-IMGT/HLA 3.63.0,2026-02-19 18:49:27.959055
B*53:02,B*53:02,B,Bw4 - 80I,Bw4_80I,classified,I,NLRIALR,Bw4 - 80I,HLAtools_protein_alignment,IPD-IMGT/HLA 3.63.0,2026-02-19 18:49:27.959055
B*53:03,B*53:03,B,Bw4 - 80T,Bw4_80T,classified,T,DLRTLLR,Bw4 - 80T,HLAtools_protein_alignment,IPD-IMGT/HLA 3.63.0,2026-02-19 18:49:27.959055
B*53:04,B*53:04,B,Bw4 - 80I,Bw4_80I,classified,I,NLRIALR,Bw4 - 80I,HLAtools_protein_alignment,IPD-IMGT/HLA 3.63.0,2026-02-19 18:49:27.959055
B*53:05,B*53:05,B,Bw4 - 80I,Bw4_80I,classified,I,SLRIALR,NA,HLAtools_protein_alignment,IPD-IMGT/HLA 3.63.0,2026-02-19 18:49:27.959055
B*53:06,B*53:06,B,Bw4 - 80I,Bw4_80I,classified,I,NLRIALR,Bw4 - 80I,HLAtools_protein_alignment,IPD-IMGT/HLA 3.63.0,2026-02-19 18:49:27.959055
B*53:07,B*53:07,B,Bw4 - 80I,Bw4_80I,classified,I,NLRIALR,Bw4 - 80I,HLAtools_protein_alignment,IPD-IMGT/HLA 3.63.0,2026-02-19 18:49:27.959055
B*53:08,B*53:08,B,Bw4 - 80I,Bw4_80I,classified,I,NLRIALR,Bw4 - 80I,HLAtools_protein_alignment,IPD-IMGT/HLA 3.63.0,2026-02-19 18:49:27.959055
B*53:09,B*53:09,B,Bw4 - 80T,Bw4_80T,classified,T,NLRTALR,Bw4 - 80T,HLAtools_protein_alignment,IPD-IMGT/HLA 3.63.0,2026-02-19 18:49:27.959055
B*53:10,B*53:10,B,Bw4 - 80I,Bw4_80I,classified,I,NLRIALR,Bw4 - 80I,HLAtools_protein_alignment,IPD-IMGT/HLA 3.63.0,2026-02-19 18:49:27.959055
B*53:11,B*53:11,B,Bw4 - 80T,Bw4_80T,classified,T,NLRTALR,Bw4 - 80T,HLAtools_protein_alignment,IPD-IMGT/HLA 3.63.0,2026-02-19 18:49:27.959055
B*53:12,B*53:12,B,Bw4 - 80T,Bw4_80T,classified,T,SLRTALR,Bw4 - 80T,HLAtools_protein_alignment,IPD-IMGT/HLA 3.63.0,2026-02-19 18:49:27.959055
B*53:13,B*53:13,B,Bw4 - 80T,Bw4_80T,classified,T,NLRTALR,Bw4 - 80T,HLAtools_protein_alignment,IPD-IMGT/HLA 3.63.0,2026-02-19 18:49:27.959055
B*53:14,B*53:14,B,Bw4 - 80I,Bw4_80I,classified,I,NLRIALR,Bw4 - 80I,HLAtools_protein_alignment,IPD-IMGT/HLA 3.63.0,2026-02-19 18:49:27.959055
B*53:15,B*53:15,B,Bw4 - 80I,Bw4_80I,classified,I,NLRIALR,Bw4 - 80I,HLAtools_protein_alignment,IPD-IMGT/HLA 3.63.0,2026-02-19 18:49:27.959055
B*53:16,B*53:16,B,Bw4 - 80I,Bw4_80I,classified,I,SLRIALR,NA,HLAtools_protein_alignment,IPD-IMGT/HLA 3.63.0,2026-02-19 18:49:27.959055
B*53:17,B*53:17,B,Bw4 - 80I,Bw4_80I,classified,I,NLRIALR,Bw4 - 80I,HLAtools_protein_alignment,IPD-IMGT/HLA 3.63.0,2026-02-19 18:49:27.959055
B*53:18,B*53:18,B,Bw4 - 80I,Bw4_80I,classified,I,NLRIALR,Bw4 - 80I,HLAtools_protein_alignment,IPD-IMGT/HLA 3.63.0,2026-02-19 18:49:27.959055
B*53:19,B*53:19,B,Bw4 - 80I,Bw4_80I,classified,I,NLRIALR,Bw4 - 80I,HLAtools_protein_alignment,IPD-IMGT/HLA 3.63.0,2026-02-19 18:49:27.959055
B*53:20,B*53:20,B,Bw4 - 80I,Bw4_80I,classified,I,NLRIALR,Bw4 - 80I,HLAtools_protein_alignment,IPD-IMGT/HLA 3.63.0,2026-02-19 18:49:27.959055
B*53:21,B*53:21,B,Bw4 - 80I,Bw4_80I,classified,I,NLRIALR,Bw4 - 80I,HLAtools_protein_alignment,IPD-IMGT/HLA 3.63.0,2026-02-19 18:49:27.959055
B*53:22,B*53:22,B,Bw4 - 80I,Bw4_80I,classified,I,NLRIALR,Bw4 - 80I,HLAtools_protein_alignment,IPD-IMGT/HLA 3.63.0,2026-02-19 18:49:27.959055
B*53:23,B*53:23,B,Bw4 - 80I,Bw4_80I,classified,I,NLRIALR,Bw4 - 80I,HLAtools_protein_alignment,IPD-IMGT/HLA 3.63.0,2026-02-19 18:49:27.959055
B*53:24,B*53:24,B,Bw4 - 80I,Bw4_80I,classified,I,NLRIALR,Bw4 - 80I,HLAtools_protein_alignment,IPD-IMGT/HLA 3.63.0,2026-02-19 18:49:27.959055
B*53:25,B*53:25,B,Bw4 - 80I,Bw4_80I,classified,I,NLRIALR,Bw4 - 80I,HLAtools_protein_alignment,IPD-IMGT/HLA 3.63.0,2026-02-19 18:49:27.959055
B*53:26,B*53:26,B,Bw4 - 80I,Bw4_80I,classified,I,NLRIALR,Bw4 - 80I,HLAtools_protein_alignment,IPD-IMGT/HLA 3.63.0,2026-02-19 18:49:27.959055
B*53:27,B*53:27,B,Bw4 - 80I,Bw4_80I,classified,I,NLRIALR,Bw4 - 80I,HLAtools_protein_alignment,IPD-IMGT/HLA 3.63.0,2026-02-19 18:49:27.959055
B*53:28,B*53:28,B,Bw4 - 80I,Bw4_80I,classified,I,NLRIALR,Bw4 - 80I,HLAtools_protein_alignment,IPD-IMGT/HLA 3.63.0,2026-02-19 18:49:27.959055
B*53:29,B*53:29,B,Bw4 - 80I,Bw4_80I,classified,I,NLRIALR,Bw4 - 80I,HLAtools_protein_alignment,IPD-IMGT/HLA 3.63.0,2026-02-19 18:49:27.959055
B*53:30,B*53:30,B,Bw4 - 80I,Bw4_80I,classified,I,NLRIALR,Bw4 - 80I,HLAtools_protein_alignment,IPD-IMGT/HLA 3.63.0,2026-02-19 18:49:27.959055
B*53:31,B*53:31,B,Bw4 - 80T,Bw4_80T,classified,T,NLRTALR,Bw4 - 80T,HLAtools_protein_alignment,IPD-IMGT/HLA 3.63.0,2026-02-19 18:49:27.959055
B*53:32,B*53:32,B,Bw4 - 80I,Bw4_80I,classified,I,NLRIALR,Bw4 - 80I,HLAtools_protein_alignment,IPD-IMGT/HLA 3.63.0,2026-02-19 18:49:27.959055
B*53:33,B*53:33,B,Bw4 - 80I,Bw4_80I,classified,I,SLRIALR,NA,HLAtools_protein_alignment,IPD-IMGT/HLA 3.63.0,2026-02-19 18:49:27.959055
B*53:34,B*53:34,B,Bw4 - 80I,Bw4_80I,classified,I,NLRIALR,Bw4 - 80I,HLAtools_protein_alignment,IPD-IMGT/HLA 3.63.0,2026-02-19 18:49:27.959055
B*53:35,B*53:35,B,Bw4 - 80I,Bw4_80I,classified,I,NLRIALR,Bw4 - 80I,HLAtools_protein_alignment,IPD-IMGT/HLA 3.63.0,2026-02-19 18:49:27.959055
B*53:36,B*53:36,B,Bw4 - 80T,Bw4_80T,classified,T,NLRTALR,Bw4 - 80T,HLAtools_protein_alignment,IPD-IMGT/HLA 3.63.0,2026-02-19 18:49:27.959055
B*53:37,B*53:37,B,Bw4 - 80I,Bw4_80I,classified,I,NLRIALR,Bw4 - 80I,HLAtools_protein_alignment,IPD-IMGT/HLA 3.63.0,2026-02-19 18:49:27.959055
B*53:38,B*53:38,B,Bw4 - 80T,Bw4_80T,classified,T,NLRTALR,Bw4 - 80T,HLAtools_protein_alignment,IPD-IMGT/HLA 3.63.0,2026-02-19 18:49:27.959055
B*53:39,B*53:39,B,Bw4 - 80I,Bw4_80I,classified,I,NLRIALR,Bw4 - 80I,HLAtools_protein_alignment,IPD-IMGT/HLA 3.63.0,2026-02-19 18:49:27.959055
B*53:40,B*53:40,B,Bw4 - 80I,Bw4_80I,classified,I,NLRIALR,Bw4 - 80I,HLAtools_protein_alignment,IPD-IMGT/HLA 3.63.0,2026-02-19 18:49:27.959055
B*53:41,B*53:41,B,Bw4 - 80I,Bw4_80I,classified,I,NLRIALR,Bw4 - 80I,HLAtools_protein_alignment,IPD-IMGT/HLA 3.63.0,2026-02-19 18:49:27.959055
B*53:42,B*53:42,B,Bw4 - 80I,Bw4_80I,classified,I,NLRIALR,Bw4 - 80I,HLAtools_protein_alignment,IPD-IMGT/HLA 3.63.0,2026-02-19 18:49:27.959055
B*53:43,B*53:43,B,Bw4 - 80I,Bw4_80I,classified,I,NLRIALR,Bw4 - 80I,HLAtools_protein_alignment,IPD-IMGT/HLA 3.63.0,2026-02-19 18:49:27.959055
B*53:44,B*53:44,B,Bw4 - 80I,Bw4_80I,classified,I,NLRIALR,Bw4 - 80I,HLAtools_protein_alignment,IPD-IMGT/HLA 3.63.0,2026-02-19 18:49:27.959055
B*53:45,B*53:45,B,Bw4 - 80I,Bw4_80I,classified,I,NLRIALR,Bw4 - 80I,HLAtools_protein_alignment,IPD-IMGT/HLA 3.63.0,2026-02-19 18:49:27.959055
B*53:46,B*53:46,B,Bw4 - 80I,Bw4_80I,classified,I,NLRIALR,Bw4 - 80I,HLAtools_protein_alignment,IPD-IMGT/HLA 3.63.0,2026-02-19 18:49:27.959055
B*53:47,B*53:47,B,Bw4 - 80I,Bw4_80I,classified,I,NLRIALR,Bw4 - 80I,HLAtools_protein_alignment,IPD-IMGT/HLA 3.63.0,2026-02-19 18:49:27.959055
B*53:49,B*53:49,B,Bw4 - 80I,Bw4_80I,classified,I,NLRIALR,Bw4 - 80I,HLAtools_protein_alignment,IPD-IMGT/HLA 3.63.0,2026-02-19 18:49:27.959055
B*53:50,B*53:50,B,Bw4 - 80I,Bw4_80I,classified,I,NLRIALR,Bw4 - 80I,HLAtools_protein_alignment,IPD-IMGT/HLA 3.63.0,2026-02-19 18:49:27.959055
B*53:51,B*53:51,B,Bw4 - 80I,Bw4_80I,classified,I,NLRIALR,Bw4 - 80I,HLAtools_protein_alignment,IPD-IMGT/HLA 3.63.0,2026-02-19 18:49:27.959055
B*53:52,B*53:52,B,Bw4 - 80I,Bw4_80I,classified,I,NLRIALR,Bw4 - 80I,HLAtools_protein_alignment,IPD-IMGT/HLA 3.63.0,2026-02-19 18:49:27.959055
B*53:53,B*53:53,B,Bw4 - 80I,Bw4_80I,classified,I,NLRIALR,Bw4 - 80I,HLAtools_protein_alignment,IPD-IMGT/HLA 3.63.0,2026-02-19 18:49:27.959055
B*53:54,B*53:54,B,Bw4 - 80I,Bw4_80I,classified,I,NLRIALR,Bw4 - 80I,HLAtools_protein_alignment,IPD-IMGT/HLA 3.63.0,2026-02-19 18:49:27.959055
B*53:55,B*53:55,B,Bw4 - 80T,Bw4_80T,classified,T,DLRTLLR,Bw4 - 80T,HLAtools_protein_alignment,IPD-IMGT/HLA 3.63.0,2026-02-19 18:49:27.959055
B*53:56,B*53:56,B,Bw4 - 80I,Bw4_80I,classified,I,NLRIALR,Bw4 - 80I,HLAtools_protein_alignment,IPD-IMGT/HLA 3.63.0,2026-02-19 18:49:27.959055
B*53:57,B*53:57,B,Bw4 - 80I,Bw4_80I,classified,I,NLRIALR,Bw4 - 80I,HLAtools_protein_alignment,IPD-IMGT/HLA 3.63.0,2026-02-19 18:49:27.959055
B*53:58,B*53:58,B,Bw4 - 80I,Bw4_80I,classified,I,NLRIALR,Bw4 - 80I,HLAtools_protein_alignment,IPD-IMGT/HLA 3.63.0,2026-02-19 18:49:27.959055
B*53:59,B*53:59,B,Bw4 - 80I,Bw4_80I,classified,I,NLRIALR,Bw4 - 80I,HLAtools_protein_alignment,IPD-IMGT/HLA 3.63.0,2026-02-19 18:49:27.959055
B*53:60,B*53:60,B,Bw4 - 80I,Bw4_80I,classified,I,NLRIALR,Bw4 - 80I,HLAtools_protein_alignment,IPD-IMGT/HLA 3.63.0,2026-02-19 18:49:27.959055
B*53:61,B*53:61,B,Bw4 - 80I,Bw4_80I,classified,I,NLRIALR,Bw4 - 80I,HLAtools_protein_alignment,IPD-IMGT/HLA 3.63.0,2026-02-19 18:49:27.959055
B*53:62,B*53:62,B,Bw4 - 80I,Bw4_80I,classified,I,NLRIALR,Bw4 - 80I,HLAtools_protein_alignment,IPD-IMGT/HLA 3.63.0,2026-02-19 18:49:27.959055
B*53:63,B*53:63,B,Bw4 - 80I,Bw4_80I,classified,I,NLRIALR,Bw4 - 80I,HLAtools_protein_alignment,IPD-IMGT/HLA 3.63.0,2026-02-19 18:49:27.959055
B*53:64,B*53:64,B,Bw4 - 80I,Bw4_80I,classified,I,NLRIALR,Bw4 - 80I,HLAtools_protein_alignment,IPD-IMGT/HLA 3.63.0,2026-02-19 18:49:27.959055
B*53:65,B*53:65,B,Bw4 - 80I,Bw4_80I,classified,I,NLRIALR,Bw4 - 80I,HLAtools_protein_alignment,IPD-IMGT/HLA 3.63.0,2026-02-19 18:49:27.959055
B*53:66,B*53:66,B,Bw4 - 80I,Bw4_80I,classified,I,NLRIALR,Bw4 - 80I,HLAtools_protein_alignment,IPD-IMGT/HLA 3.63.0,2026-02-19 18:49:27.959055
B*53:67,B*53:67,B,Bw4 - 80T,Bw4_80T,classified,T,SLRTALR,Bw4 - 80T,HLAtools_protein_alignment,IPD-IMGT/HLA 3.63.0,2026-02-19 18:49:27.959055
B*53:68,B*53:68,B,Bw4 - 80I,Bw4_80I,classified,I,NLRIALR,Bw4 - 80I,HLAtools_protein_alignment,IPD-IMGT/HLA 3.63.0,2026-02-19 18:49:27.959055
B*53:69,B*53:69,B,Bw4 - 80I,Bw4_80I,classified,I,NLRIALR,Bw4 - 80I,HLAtools_protein_alignment,IPD-IMGT/HLA 3.63.0,2026-02-19 18:49:27.959055
B*53:70,B*53:70,B,Bw4 - 80I,Bw4_80I,classified,I,NLRIALR,Bw4 - 80I,HLAtools_protein_alignment,IPD-IMGT/HLA 3.63.0,2026-02-19 18:49:27.959055
B*53:71,B*53:71,B,Bw4 - 80I,Bw4_80I,classified,I,NLRIALR,Bw4 - 80I,HLAtools_protein_alignment,IPD-IMGT/HLA 3.63.0,2026-02-19 18:49:27.959055
B*53:72,B*53:72,B,Bw4 - 80I,Bw4_80I,classified,I,NLRIALR,Bw4 - 80I,HLAtools_protein_alignment,IPD-IMGT/HLA 3.63.0,2026-02-19 18:49:27.959055
B*53:73,B*53:73,B,Bw4 - 80I,Bw4_80I,classified,I,NLRIALR,Bw4 - 80I,HLAtools_protein_alignment,IPD-IMGT/HLA 3.63.0,2026-02-19 18:49:27.959055
B*53:74,B*53:74,B,Bw4 - 80I,Bw4_80I,classified,I,NLRIALR,Bw4 - 80I,HLAtools_protein_alignment,IPD-IMGT/HLA 3.63.0,2026-02-19 18:49:27.959055
B*53:75,B*53:75,B,Bw4 - 80I,Bw4_80I,classified,I,KLRIALR,NA,HLAtools_protein_alignment,IPD-IMGT/HLA 3.63.0,2026-02-19 18:49:27.959055
B*53:76,B*53:76,B,Bw4 - 80I,Bw4_80I,classified,I,NLRIALR,Bw4 - 80I,HLAtools_protein_alignment,IPD-IMGT/HLA 3.63.0,2026-02-19 18:49:27.959055
B*53:77,B*53:77,B,Bw4 - 80I,Bw4_80I,classified,I,NLRIALR,Bw4 - 80I,HLAtools_protein_alignment,IPD-IMGT/HLA 3.63.0,2026-02-19 18:49:27.959055
B*53:78,B*53:78,B,Bw4 - 80I,Bw4_80I,classified,I,NLRIALR,Bw4 - 80I,HLAtools_protein_alignment,IPD-IMGT/HLA 3.63.0,2026-02-19 18:49:27.959055
B*53:79,B*53:79,B,Bw4 - 80I,Bw4_80I,classified,I,NLRIALR,Bw4 - 80I,HLAtools_protein_alignment,IPD-IMGT/HLA 3.63.0,2026-02-19 18:49:27.959055
B*53:82,B*53:82,B,Bw4 - 80I,Bw4_80I,classified,I,NLRIALR,Bw4 - 80I,HLAtools_protein_alignment,IPD-IMGT/HLA 3.63.0,2026-02-19 18:49:27.959055
B*53:83,B*53:83,B,Bw4 - 80I,Bw4_80I,classified,I,NLRIALR,Bw4 - 80I,HLAtools_protein_alignment,IPD-IMGT/HLA 3.63.0,2026-02-19 18:49:27.959055
B*53:84,B*53:84,B,Bw4 - 80I,Bw4_80I,classified,I,NLRIALR,Bw4 - 80I,HLAtools_protein_alignment,IPD-IMGT/HLA 3.63.0,2026-02-19 18:49:27.959055
B*54:01,B*54:01,B,Bw6,Bw6,classified,N,SLRNLRG,Bw6,HLAtools_protein_alignment,IPD-IMGT/HLA 3.63.0,2026-02-19 18:49:27.959055
B*54:02,B*54:02,B,Bw6,Bw6,classified,N,SLRNLRG,Bw6,HLAtools_protein_alignment,IPD-IMGT/HLA 3.63.0,2026-02-19 18:49:27.959055
B*54:03,B*54:03,B,Bw6,Bw6,classified,N,SLRNLRG,Bw6,HLAtools_protein_alignment,IPD-IMGT/HLA 3.63.0,2026-02-19 18:49:27.959055
B*54:04,B*54:04,B,Bw6,Bw6,classified,N,SLRNLRG,Bw6,HLAtools_protein_alignment,IPD-IMGT/HLA 3.63.0,2026-02-19 18:49:27.959055
B*54:06,B*54:06,B,Bw6,Bw6,classified,N,SLRNLRG,Bw6,HLAtools_protein_alignment,IPD-IMGT/HLA 3.63.0,2026-02-19 18:49:27.959055
B*54:07,B*54:07,B,Bw6,Bw6,classified,N,SLRNLRG,Bw6,HLAtools_protein_alignment,IPD-IMGT/HLA 3.63.0,2026-02-19 18:49:27.959055
B*54:09,B*54:09,B,Bw6,Bw6,classified,N,SLRNLRG,Bw6,HLAtools_protein_alignment,IPD-IMGT/HLA 3.63.0,2026-02-19 18:49:27.959055
B*54:10,B*54:10,B,Bw6,Bw6,classified,N,SLRNLRG,Bw6,HLAtools_protein_alignment,IPD-IMGT/HLA 3.63.0,2026-02-19 18:49:27.959055
B*54:11,B*54:11,B,Bw6,Bw6,classified,N,SLRNLRG,Bw6,HLAtools_protein_alignment,IPD-IMGT/HLA 3.63.0,2026-02-19 18:49:27.959055
B*54:12,B*54:12,B,Bw4 - 80I,Bw4_80I,classified,I,NLRIALR,Bw4 - 80I,HLAtools_protein_alignment,IPD-IMGT/HLA 3.63.0,2026-02-19 18:49:27.959055
B*54:13,B*54:13,B,Bw6,Bw6,classified,N,SLRNLRG,Bw6,HLAtools_protein_alignment,IPD-IMGT/HLA 3.63.0,2026-02-19 18:49:27.959055
B*54:14,B*54:14,B,Bw6,Bw6,classified,N,SLRNLRG,Bw6,HLAtools_protein_alignment,IPD-IMGT/HLA 3.63.0,2026-02-19 18:49:27.959055
B*54:15,B*54:15,B,Bw6,Bw6,classified,N,SLRNLRG,Bw6,HLAtools_protein_alignment,IPD-IMGT/HLA 3.63.0,2026-02-19 18:49:27.959055
B*54:16,B*54:16,B,Bw6,Bw6,classified,N,SLRNLRG,Bw6,HLAtools_protein_alignment,IPD-IMGT/HLA 3.63.0,2026-02-19 18:49:27.959055
B*54:17,B*54:17,B,Bw6,Bw6,classified,N,SLRNLRG,Bw6,HLAtools_protein_alignment,IPD-IMGT/HLA 3.63.0,2026-02-19 18:49:27.959055
B*54:18,B*54:18,B,Bw6,Bw6,classified,N,SLRNLRG,Bw6,HLAtools_protein_alignment,IPD-IMGT/HLA 3.63.0,2026-02-19 18:49:27.959055
B*54:19,B*54:19,B,Bw6,Bw6,classified,N,SLRNLRG,Bw6,HLAtools_protein_alignment,IPD-IMGT/HLA 3.63.0,2026-02-19 18:49:27.959055
B*54:20,B*54:20,B,Bw6,Bw6,classified,N,SLRNLRG,Bw6,HLAtools_protein_alignment,IPD-IMGT/HLA 3.63.0,2026-02-19 18:49:27.959055
B*54:21,B*54:21,B,Bw6,Bw6,classified,N,SLRNLRG,Bw6,HLAtools_protein_alignment,IPD-IMGT/HLA 3.63.0,2026-02-19 18:49:27.959055
B*54:22,B*54:22,B,Bw6,Bw6,classified,N,SLRNLRG,Bw6,HLAtools_protein_alignment,IPD-IMGT/HLA 3.63.0,2026-02-19 18:49:27.959055
B*54:23,B*54:23,B,Bw6,Bw6,classified,N,SLRNLRG,Bw6,HLAtools_protein_alignment,IPD-IMGT/HLA 3.63.0,2026-02-19 18:49:27.959055
B*54:24,B*54:24,B,Bw6,Bw6,classified,N,SLRNLRG,Bw6,HLAtools_protein_alignment,IPD-IMGT/HLA 3.63.0,2026-02-19 18:49:27.959055
B*54:25,B*54:25,B,Bw6,Bw6,classified,N,SLRNLRG,Bw6,HLAtools_protein_alignment,IPD-IMGT/HLA 3.63.0,2026-02-19 18:49:27.959055
B*54:26,B*54:26,B,Bw6,Bw6,classified,N,SLRNLRG,Bw6,HLAtools_protein_alignment,IPD-IMGT/HLA 3.63.0,2026-02-19 18:49:27.959055
B*54:27,B*54:27,B,Bw6,Bw6,classified,N,SLRNLRG,Bw6,HLAtools_protein_alignment,IPD-IMGT/HLA 3.63.0,2026-02-19 18:49:27.959055
B*54:28,B*54:28,B,Bw6,Bw6,classified,N,SLRNLRG,Bw6,HLAtools_protein_alignment,IPD-IMGT/HLA 3.63.0,2026-02-19 18:49:27.959055
B*54:29,B*54:29,B,Bw6,Bw6,classified,N,SLRNLRG,Bw6,HLAtools_protein_alignment,IPD-IMGT/HLA 3.63.0,2026-02-19 18:49:27.959055
B*54:30,B*54:30,B,Bw6,Bw6,classified,N,SLRNLRG,Bw6,HLAtools_protein_alignment,IPD-IMGT/HLA 3.63.0,2026-02-19 18:49:27.959055
B*54:31,B*54:31,B,Bw6,Bw6,classified,N,SLRNLRG,Bw6,HLAtools_protein_alignment,IPD-IMGT/HLA 3.63.0,2026-02-19 18:49:27.959055
B*54:32,B*54:32,B,Bw6,Bw6,classified,N,SLRNLRG,Bw6,HLAtools_protein_alignment,IPD-IMGT/HLA 3.63.0,2026-02-19 18:49:27.959055
B*54:33,B*54:33,B,Bw6,Bw6,classified,N,SLRNLRG,Bw6,HLAtools_protein_alignment,IPD-IMGT/HLA 3.63.0,2026-02-19 18:49:27.959055
B*54:34,B*54:34,B,Bw6,Bw6,classified,N,SLRNLRG,Bw6,HLAtools_protein_alignment,IPD-IMGT/HLA 3.63.0,2026-02-19 18:49:27.959055
B*54:35,B*54:35,B,Bw6,Bw6,classified,N,SLRNLRG,Bw6,HLAtools_protein_alignment,IPD-IMGT/HLA 3.63.0,2026-02-19 18:49:27.959055
B*54:36,B*54:36,B,Bw6,Bw6,classified,N,SLRNLRG,Bw6,HLAtools_protein_alignment,IPD-IMGT/HLA 3.63.0,2026-02-19 18:49:27.959055
B*54:37,B*54:37,B,Bw6,Bw6,classified,N,SLRNLRG,Bw6,HLAtools_protein_alignment,IPD-IMGT/HLA 3.63.0,2026-02-19 18:49:27.959055
B*54:38,B*54:38,B,Bw6,Bw6,classified,N,SLRNLRG,Bw6,HLAtools_protein_alignment,IPD-IMGT/HLA 3.63.0,2026-02-19 18:49:27.959055
B*54:39,B*54:39,B,Bw6,Bw6,classified,N,SLRNLRG,Bw6,HLAtools_protein_alignment,IPD-IMGT/HLA 3.63.0,2026-02-19 18:49:27.959055
B*54:40,B*54:40,B,Bw6,Bw6,classified,N,SLRNLRG,Bw6,HLAtools_protein_alignment,IPD-IMGT/HLA 3.63.0,2026-02-19 18:49:27.959055
B*54:41,B*54:41,B,Bw6,Bw6,classified,N,SLRNLRG,Bw6,HLAtools_protein_alignment,IPD-IMGT/HLA 3.63.0,2026-02-19 18:49:27.959055
B*54:42,B*54:42,B,Bw6,Bw6,classified,N,SLRNLRG,Bw6,HLAtools_protein_alignment,IPD-IMGT/HLA 3.63.0,2026-02-19 18:49:27.959055
B*54:43,B*54:43,B,Bw6,Bw6,classified,N,SLRNLRG,Bw6,HLAtools_protein_alignment,IPD-IMGT/HLA 3.63.0,2026-02-19 18:49:27.959055
B*54:44,B*54:44,B,Bw6,Bw6,classified,N,SLRNLRG,Bw6,HLAtools_protein_alignment,IPD-IMGT/HLA 3.63.0,2026-02-19 18:49:27.959055
B*54:45,B*54:45,B,Bw6,Bw6,classified,N,SLRNLRG,Bw6,HLAtools_protein_alignment,IPD-IMGT/HLA 3.63.0,2026-02-19 18:49:27.959055
B*54:46,B*54:46,B,Bw6,Bw6,classified,N,SLRNLRG,Bw6,HLAtools_protein_alignment,IPD-IMGT/HLA 3.63.0,2026-02-19 18:49:27.959055
B*54:47,B*54:47,B,Bw6,Bw6,classified,N,SLRNLRG,Bw6,HLAtools_protein_alignment,IPD-IMGT/HLA 3.63.0,2026-02-19 18:49:27.959055
B*54:48,B*54:48,B,Bw6,Bw6,classified,N,SLRNLRG,Bw6,HLAtools_protein_alignment,IPD-IMGT/HLA 3.63.0,2026-02-19 18:49:27.959055
B*54:50,B*54:50,B,Bw6,Bw6,classified,N,SLRNLRG,Bw6,HLAtools_protein_alignment,IPD-IMGT/HLA 3.63.0,2026-02-19 18:49:27.959055
B*54:51,B*54:51,B,Bw6,Bw6,classified,N,SLRNLRG,Bw6,HLAtools_protein_alignment,IPD-IMGT/HLA 3.63.0,2026-02-19 18:49:27.959055
B*54:52,B*54:52,B,Bw6,Bw6,classified,N,SLRNLRG,Bw6,HLAtools_protein_alignment,IPD-IMGT/HLA 3.63.0,2026-02-19 18:49:27.959055
B*55:01,B*55:01,B,Bw6,Bw6,classified,N,SLRNLRG,Bw6,HLAtools_protein_alignment,IPD-IMGT/HLA 3.63.0,2026-02-19 18:49:27.959055
B*55:02,B*55:02,B,Bw6,Bw6,classified,N,SLRNLRG,Bw6,HLAtools_protein_alignment,IPD-IMGT/HLA 3.63.0,2026-02-19 18:49:27.959055
B*55:03,B*55:03,B,Bw6,Bw6,classified,N,SLRNLRG,Bw6,HLAtools_protein_alignment,IPD-IMGT/HLA 3.63.0,2026-02-19 18:49:27.959055
B*55:04,B*55:04,B,Bw6,Bw6,classified,N,SLRNLRG,Bw6,HLAtools_protein_alignment,IPD-IMGT/HLA 3.63.0,2026-02-19 18:49:27.959055
B*55:05,B*55:05,B,Bw6,Bw6,classified,N,SLRNLRG,Bw6,HLAtools_protein_alignment,IPD-IMGT/HLA 3.63.0,2026-02-19 18:49:27.959055
B*55:07,B*55:07,B,Bw6,Bw6,classified,N,SLRNLRG,Bw6,HLAtools_protein_alignment,IPD-IMGT/HLA 3.63.0,2026-02-19 18:49:27.959055
B*55:08,B*55:08,B,Bw6,Bw6,classified,N,SLRNLRG,Bw6,HLAtools_protein_alignment,IPD-IMGT/HLA 3.63.0,2026-02-19 18:49:27.959055
B*55:09,B*55:09,B,Bw6,Bw6,classified,N,SLRNLRG,Bw6,HLAtools_protein_alignment,IPD-IMGT/HLA 3.63.0,2026-02-19 18:49:27.959055
B*55:10,B*55:10,B,Bw6,Bw6,classified,N,SLRNLRG,Bw6,HLAtools_protein_alignment,IPD-IMGT/HLA 3.63.0,2026-02-19 18:49:27.959055
B*55:100,B*55:100,B,Bw6,Bw6,classified,N,SLRNLRG,Bw6,HLAtools_protein_alignment,IPD-IMGT/HLA 3.63.0,2026-02-19 18:49:27.959055
B*55:101,B*55:101,B,Bw6,Bw6,classified,N,TLRNLRG,NA,HLAtools_protein_alignment,IPD-IMGT/HLA 3.63.0,2026-02-19 18:49:27.959055
B*55:102,B*55:102,B,Bw6,Bw6,classified,N,SLRNLRG,Bw6,HLAtools_protein_alignment,IPD-IMGT/HLA 3.63.0,2026-02-19 18:49:27.959055
B*55:103,B*55:103,B,Bw4 - 80I,Bw4_80I,classified,I,NLRIALR,Bw4 - 80I,HLAtools_protein_alignment,IPD-IMGT/HLA 3.63.0,2026-02-19 18:49:27.959055
B*55:104,B*55:104,B,Bw6,Bw6,classified,N,SLRNLRG,Bw6,HLAtools_protein_alignment,IPD-IMGT/HLA 3.63.0,2026-02-19 18:49:27.959055
B*55:105,B*55:105,B,Bw6,Bw6,classified,N,SLRNLRG,Bw6,HLAtools_protein_alignment,IPD-IMGT/HLA 3.63.0,2026-02-19 18:49:27.959055
B*55:106,B*55:106,B,Bw6,Bw6,classified,N,SLRNLRG,Bw6,HLAtools_protein_alignment,IPD-IMGT/HLA 3.63.0,2026-02-19 18:49:27.959055
B*55:107,B*55:107,B,Bw6,Bw6,classified,N,SLRNLRG,Bw6,HLAtools_protein_alignment,IPD-IMGT/HLA 3.63.0,2026-02-19 18:49:27.959055
B*55:108,B*55:108,B,Bw6,Bw6,classified,N,SLRNLRG,Bw6,HLAtools_protein_alignment,IPD-IMGT/HLA 3.63.0,2026-02-19 18:49:27.959055
B*55:109,B*55:109,B,Bw6,Bw6,classified,N,SLRNLRG,Bw6,HLAtools_protein_alignment,IPD-IMGT/HLA 3.63.0,2026-02-19 18:49:27.959055
B*55:11,B*55:11,B,Bw6,Bw6,classified,N,SLRNLRG,Bw6,HLAtools_protein_alignment,IPD-IMGT/HLA 3.63.0,2026-02-19 18:49:27.959055
B*55:110,B*55:110,B,Bw6,Bw6,classified,N,SLRNLRG,Bw6,HLAtools_protein_alignment,IPD-IMGT/HLA 3.63.0,2026-02-19 18:49:27.959055
B*55:111,B*55:111,B,Bw6,Bw6,classified,N,SLRNLRG,Bw6,HLAtools_protein_alignment,IPD-IMGT/HLA 3.63.0,2026-02-19 18:49:27.959055
B*55:112,B*55:112,B,Bw6,Bw6,classified,N,SLRNLRG,Bw6,HLAtools_protein_alignment,IPD-IMGT/HLA 3.63.0,2026-02-19 18:49:27.959055
B*55:113,B*55:113,B,Bw6,Bw6,classified,N,SLRNLRG,Bw6,HLAtools_protein_alignment,IPD-IMGT/HLA 3.63.0,2026-02-19 18:49:27.959055
B*55:114,B*55:114,B,Bw6,Bw6,classified,N,SLRNLRG,Bw6,HLAtools_protein_alignment,IPD-IMGT/HLA 3.63.0,2026-02-19 18:49:27.959055
B*55:115,B*55:115,B,Bw6,Bw6,classified,N,SLRNLRG,Bw6,HLAtools_protein_alignment,IPD-IMGT/HLA 3.63.0,2026-02-19 18:49:27.959055
B*55:116,B*55:116,B,Bw6,Bw6,classified,N,SLRNLRG,Bw6,HLAtools_protein_alignment,IPD-IMGT/HLA 3.63.0,2026-02-19 18:49:27.959055
B*55:119,B*55:119,B,Bw6,Bw6,classified,N,SLRNLRG,Bw6,HLAtools_protein_alignment,IPD-IMGT/HLA 3.63.0,2026-02-19 18:49:27.959055
B*55:12,B*55:12,B,Bw6,Bw6,classified,N,NLRNLRG,NA,HLAtools_protein_alignment,IPD-IMGT/HLA 3.63.0,2026-02-19 18:49:27.959055
B*55:120,B*55:120,B,Bw6,Bw6,classified,N,SLRNLRG,Bw6,HLAtools_protein_alignment,IPD-IMGT/HLA 3.63.0,2026-02-19 18:49:27.959055
B*55:121,B*55:121,B,Bw4 - 80T,Bw4_80T,classified,T,DLRTLLR,Bw4 - 80T,HLAtools_protein_alignment,IPD-IMGT/HLA 3.63.0,2026-02-19 18:49:27.959055
B*55:122,B*55:122,B,Bw6,Bw6,classified,N,SLRNLRG,Bw6,HLAtools_protein_alignment,IPD-IMGT/HLA 3.63.0,2026-02-19 18:49:27.959055
B*55:123,B*55:123,B,Bw6,Bw6,classified,N,SLRNLRG,Bw6,HLAtools_protein_alignment,IPD-IMGT/HLA 3.63.0,2026-02-19 18:49:27.959055
B*55:124,B*55:124,B,Bw6,Bw6,classified,N,SLRNLRG,Bw6,HLAtools_protein_alignment,IPD-IMGT/HLA 3.63.0,2026-02-19 18:49:27.959055
B*55:126,B*55:126,B,Bw6,Bw6,classified,N,SLRNLRG,Bw6,HLAtools_protein_alignment,IPD-IMGT/HLA 3.63.0,2026-02-19 18:49:27.959055
B*55:127,B*55:127,B,Bw6,Bw6,classified,N,SLRNLRG,Bw6,HLAtools_protein_alignment,IPD-IMGT/HLA 3.63.0,2026-02-19 18:49:27.959055
B*55:128,B*55:128,B,Bw6,Bw6,classified,N,SLRNLRG,Bw6,HLAtools_protein_alignment,IPD-IMGT/HLA 3.63.0,2026-02-19 18:49:27.959055
B*55:129,B*55:129,B,Bw6,Bw6,classified,N,SLRNLRG,Bw6,HLAtools_protein_alignment,IPD-IMGT/HLA 3.63.0,2026-02-19 18:49:27.959055
B*55:13,B*55:13,B,Bw6,Bw6,classified,N,SLRNLRG,Bw6,HLAtools_protein_alignment,IPD-IMGT/HLA 3.63.0,2026-02-19 18:49:27.959055
B*55:130,B*55:130,B,Bw6,Bw6,classified,N,SLRNLRG,Bw6,HLAtools_protein_alignment,IPD-IMGT/HLA 3.63.0,2026-02-19 18:49:27.959055
B*55:131,B*55:131,B,Bw6,Bw6,classified,N,SLRNLRG,Bw6,HLAtools_protein_alignment,IPD-IMGT/HLA 3.63.0,2026-02-19 18:49:27.959055
B*55:133,B*55:133,B,Bw6,Bw6,classified,N,SLRNLRG,Bw6,HLAtools_protein_alignment,IPD-IMGT/HLA 3.63.0,2026-02-19 18:49:27.959055
B*55:135,B*55:135,B,Bw6,Bw6,classified,N,SLRNLRG,Bw6,HLAtools_protein_alignment,IPD-IMGT/HLA 3.63.0,2026-02-19 18:49:27.959055
B*55:136,B*55:136,B,Bw6,Bw6,classified,N,SLRNLRG,Bw6,HLAtools_protein_alignment,IPD-IMGT/HLA 3.63.0,2026-02-19 18:49:27.959055
B*55:137,B*55:137,B,Bw6,Bw6,classified,N,SLRNLRG,Bw6,HLAtools_protein_alignment,IPD-IMGT/HLA 3.63.0,2026-02-19 18:49:27.959055
B*55:138,B*55:138,B,Bw6,Bw6,classified,N,SLRNLRG,Bw6,HLAtools_protein_alignment,IPD-IMGT/HLA 3.63.0,2026-02-19 18:49:27.959055
B*55:139,B*55:139,B,Bw6,Bw6,classified,N,SLRNLRG,Bw6,HLAtools_protein_alignment,IPD-IMGT/HLA 3.63.0,2026-02-19 18:49:27.959055
B*55:14,B*55:14,B,Bw6,Bw6,classified,N,SLRNLRG,Bw6,HLAtools_protein_alignment,IPD-IMGT/HLA 3.63.0,2026-02-19 18:49:27.959055
B*55:140,B*55:140,B,Bw6,Bw6,classified,N,SLRNLRG,Bw6,HLAtools_protein_alignment,IPD-IMGT/HLA 3.63.0,2026-02-19 18:49:27.959055
B*55:141,B*55:141,B,Bw6,Bw6,classified,N,SLRNLRG,Bw6,HLAtools_protein_alignment,IPD-IMGT/HLA 3.63.0,2026-02-19 18:49:27.959055
B*55:142,B*55:142,B,Bw6,Bw6,classified,N,SLRNLRG,Bw6,HLAtools_protein_alignment,IPD-IMGT/HLA 3.63.0,2026-02-19 18:49:27.959055
B*55:143,B*55:143,B,Bw6,Bw6,classified,N,SLRNLRG,Bw6,HLAtools_protein_alignment,IPD-IMGT/HLA 3.63.0,2026-02-19 18:49:27.959055
B*55:144,B*55:144,B,Bw6,Bw6,classified,N,SLRNLRG,Bw6,HLAtools_protein_alignment,IPD-IMGT/HLA 3.63.0,2026-02-19 18:49:27.959055
B*55:145,B*55:145,B,Bw6,Bw6,classified,N,SLRNLRG,Bw6,HLAtools_protein_alignment,IPD-IMGT/HLA 3.63.0,2026-02-19 18:49:27.959055
B*55:146,B*55:146,B,Bw6,Bw6,classified,N,SLRNLRG,Bw6,HLAtools_protein_alignment,IPD-IMGT/HLA 3.63.0,2026-02-19 18:49:27.959055
B*55:147,B*55:147,B,Bw6,Bw6,classified,N,SLRNLRG,Bw6,HLAtools_protein_alignment,IPD-IMGT/HLA 3.63.0,2026-02-19 18:49:27.959055
B*55:15,B*55:15,B,Bw6,Bw6,classified,N,SLRNLRG,Bw6,HLAtools_protein_alignment,IPD-IMGT/HLA 3.63.0,2026-02-19 18:49:27.959055
B*55:16,B*55:16,B,Bw6,Bw6,classified,N,SLRNLRG,Bw6,HLAtools_protein_alignment,IPD-IMGT/HLA 3.63.0,2026-02-19 18:49:27.959055
B*55:17,B*55:17,B,Bw6,Bw6,classified,N,SLRNLRG,Bw6,HLAtools_protein_alignment,IPD-IMGT/HLA 3.63.0,2026-02-19 18:49:27.959055
B*55:18,B*55:18,B,Bw6,Bw6,classified,N,SLRNLRG,Bw6,HLAtools_protein_alignment,IPD-IMGT/HLA 3.63.0,2026-02-19 18:49:27.959055
B*55:19,B*55:19,B,Bw6,Bw6,classified,N,SLRNLRG,Bw6,HLAtools_protein_alignment,IPD-IMGT/HLA 3.63.0,2026-02-19 18:49:27.959055
B*55:20,B*55:20,B,Bw6,Bw6,classified,N,SLRNLRG,Bw6,HLAtools_protein_alignment,IPD-IMGT/HLA 3.63.0,2026-02-19 18:49:27.959055
B*55:21,B*55:21,B,Bw6,Bw6,classified,N,SLRNLRG,Bw6,HLAtools_protein_alignment,IPD-IMGT/HLA 3.63.0,2026-02-19 18:49:27.959055
B*55:22,B*55:22,B,Bw6,Bw6,classified,N,SLRNLRG,Bw6,HLAtools_protein_alignment,IPD-IMGT/HLA 3.63.0,2026-02-19 18:49:27.959055
B*55:23,B*55:23,B,Bw6,Bw6,classified,N,SLRNLRG,Bw6,HLAtools_protein_alignment,IPD-IMGT/HLA 3.63.0,2026-02-19 18:49:27.959055
B*55:24,B*55:24,B,Bw6,Bw6,classified,N,SLRNLRG,Bw6,HLAtools_protein_alignment,IPD-IMGT/HLA 3.63.0,2026-02-19 18:49:27.959055
B*55:25,B*55:25,B,Bw6,Bw6,classified,N,SLRNLRG,Bw6,HLAtools_protein_alignment,IPD-IMGT/HLA 3.63.0,2026-02-19 18:49:27.959055
B*55:26,B*55:26,B,Bw6,Bw6,classified,N,SLRNLRG,Bw6,HLAtools_protein_alignment,IPD-IMGT/HLA 3.63.0,2026-02-19 18:49:27.959055
B*55:27,B*55:27,B,Bw6,Bw6,classified,N,SLRNLRG,Bw6,HLAtools_protein_alignment,IPD-IMGT/HLA 3.63.0,2026-02-19 18:49:27.959055
B*55:28,B*55:28,B,Bw6,Bw6,classified,N,SLRNLRG,Bw6,HLAtools_protein_alignment,IPD-IMGT/HLA 3.63.0,2026-02-19 18:49:27.959055
B*55:29,B*55:29,B,Bw6,Bw6,classified,N,SLRNLRG,Bw6,HLAtools_protein_alignment,IPD-IMGT/HLA 3.63.0,2026-02-19 18:49:27.959055
B*55:30,B*55:30,B,Bw6,Bw6,classified,N,SLRNLRG,Bw6,HLAtools_protein_alignment,IPD-IMGT/HLA 3.63.0,2026-02-19 18:49:27.959055
B*55:31,B*55:31,B,Bw6,Bw6,classified,N,SLRNLRG,Bw6,HLAtools_protein_alignment,IPD-IMGT/HLA 3.63.0,2026-02-19 18:49:27.959055
B*55:32,B*55:32,B,Bw6,Bw6,classified,N,SLRNLRG,Bw6,HLAtools_protein_alignment,IPD-IMGT/HLA 3.63.0,2026-02-19 18:49:27.959055
B*55:33,B*55:33,B,Bw6,Bw6,classified,N,SLRNLRG,Bw6,HLAtools_protein_alignment,IPD-IMGT/HLA 3.63.0,2026-02-19 18:49:27.959055
B*55:34,B*55:34,B,Bw6,Bw6,classified,N,SLRNLRG,Bw6,HLAtools_protein_alignment,IPD-IMGT/HLA 3.63.0,2026-02-19 18:49:27.959055
B*55:35,B*55:35,B,Bw6,Bw6,classified,N,SLRNLRG,Bw6,HLAtools_protein_alignment,IPD-IMGT/HLA 3.63.0,2026-02-19 18:49:27.959055
B*55:36,B*55:36,B,Bw6,Bw6,classified,N,SLRNLRG,Bw6,HLAtools_protein_alignment,IPD-IMGT/HLA 3.63.0,2026-02-19 18:49:27.959055
B*55:37,B*55:37,B,Bw6,Bw6,classified,N,SLRNLRG,Bw6,HLAtools_protein_alignment,IPD-IMGT/HLA 3.63.0,2026-02-19 18:49:27.959055
B*55:38,B*55:38,B,Bw6,Bw6,classified,N,SLRNLRG,Bw6,HLAtools_protein_alignment,IPD-IMGT/HLA 3.63.0,2026-02-19 18:49:27.959055
B*55:39,B*55:39,B,Bw6,Bw6,classified,N,SLRNLRG,Bw6,HLAtools_protein_alignment,IPD-IMGT/HLA 3.63.0,2026-02-19 18:49:27.959055
B*55:40,B*55:40,B,Bw6,Bw6,classified,N,SLRNLRG,Bw6,HLAtools_protein_alignment,IPD-IMGT/HLA 3.63.0,2026-02-19 18:49:27.959055
B*55:41,B*55:41,B,Bw6,Bw6,classified,N,SLRNLRG,Bw6,HLAtools_protein_alignment,IPD-IMGT/HLA 3.63.0,2026-02-19 18:49:27.959055
B*55:42,B*55:42,B,Bw6,Bw6,classified,N,SLRNLRG,Bw6,HLAtools_protein_alignment,IPD-IMGT/HLA 3.63.0,2026-02-19 18:49:27.959055
B*55:43,B*55:43,B,Bw6,Bw6,classified,N,SLRNLRG,Bw6,HLAtools_protein_alignment,IPD-IMGT/HLA 3.63.0,2026-02-19 18:49:27.959055
B*55:44,B*55:44,B,Bw6,Bw6,classified,N,SLRNLRG,Bw6,HLAtools_protein_alignment,IPD-IMGT/HLA 3.63.0,2026-02-19 18:49:27.959055
B*55:45,B*55:45,B,Bw6,Bw6,classified,N,SLRNLRG,Bw6,HLAtools_protein_alignment,IPD-IMGT/HLA 3.63.0,2026-02-19 18:49:27.959055
B*55:46,B*55:46,B,Bw6,Bw6,classified,N,SLRNLRG,Bw6,HLAtools_protein_alignment,IPD-IMGT/HLA 3.63.0,2026-02-19 18:49:27.959055
B*55:47,B*55:47,B,Bw6,Bw6,classified,N,SLRNLRG,Bw6,HLAtools_protein_alignment,IPD-IMGT/HLA 3.63.0,2026-02-19 18:49:27.959055
B*55:48,B*55:48,B,Bw6,Bw6,classified,N,SLRNLRG,Bw6,HLAtools_protein_alignment,IPD-IMGT/HLA 3.63.0,2026-02-19 18:49:27.959055
B*55:49,B*55:49,B,Bw6,Bw6,classified,N,SLRNLRG,Bw6,HLAtools_protein_alignment,IPD-IMGT/HLA 3.63.0,2026-02-19 18:49:27.959055
B*55:50,B*55:50,B,Bw6,Bw6,classified,N,SLRNLRG,Bw6,HLAtools_protein_alignment,IPD-IMGT/HLA 3.63.0,2026-02-19 18:49:27.959055
B*55:51,B*55:51,B,Bw6,Bw6,classified,N,SLRNLRG,Bw6,HLAtools_protein_alignment,IPD-IMGT/HLA 3.63.0,2026-02-19 18:49:27.959055
B*55:52,B*55:52,B,Bw6,Bw6,classified,N,SLRNLRG,Bw6,HLAtools_protein_alignment,IPD-IMGT/HLA 3.63.0,2026-02-19 18:49:27.959055
B*55:53,B*55:53,B,Bw6,Bw6,classified,N,SLRNLRG,Bw6,HLAtools_protein_alignment,IPD-IMGT/HLA 3.63.0,2026-02-19 18:49:27.959055
B*55:54,B*55:54,B,Bw6,Bw6,classified,N,SLRNLRG,Bw6,HLAtools_protein_alignment,IPD-IMGT/HLA 3.63.0,2026-02-19 18:49:27.959055
B*55:56,B*55:56,B,Bw6,Bw6,classified,N,SLRNLRG,Bw6,HLAtools_protein_alignment,IPD-IMGT/HLA 3.63.0,2026-02-19 18:49:27.959055
B*55:57,B*55:57,B,Bw6,Bw6,classified,N,SLRNLRG,Bw6,HLAtools_protein_alignment,IPD-IMGT/HLA 3.63.0,2026-02-19 18:49:27.959055
B*55:58,B*55:58,B,Bw6,Bw6,classified,N,SLRNLRG,Bw6,HLAtools_protein_alignment,IPD-IMGT/HLA 3.63.0,2026-02-19 18:49:27.959055
B*55:59,B*55:59,B,Bw6,Bw6,classified,N,SLRNLRG,Bw6,HLAtools_protein_alignment,IPD-IMGT/HLA 3.63.0,2026-02-19 18:49:27.959055
B*55:60,B*55:60,B,Bw6,Bw6,classified,N,SLRNLRG,Bw6,HLAtools_protein_alignment,IPD-IMGT/HLA 3.63.0,2026-02-19 18:49:27.959055
B*55:61,B*55:61,B,Bw6,Bw6,classified,N,SLRNLRG,Bw6,HLAtools_protein_alignment,IPD-IMGT/HLA 3.63.0,2026-02-19 18:49:27.959055
B*55:62,B*55:62,B,Bw6,Bw6,classified,N,SLRNLRG,Bw6,HLAtools_protein_alignment,IPD-IMGT/HLA 3.63.0,2026-02-19 18:49:27.959055
B*55:63,B*55:63,B,Bw6,Bw6,classified,N,SLRNLRG,Bw6,HLAtools_protein_alignment,IPD-IMGT/HLA 3.63.0,2026-02-19 18:49:27.959055
B*55:64,B*55:64,B,Bw6,Bw6,classified,N,SLRNLRG,Bw6,HLAtools_protein_alignment,IPD-IMGT/HLA 3.63.0,2026-02-19 18:49:27.959055
B*55:65,B*55:65,B,Bw6,Bw6,classified,N,SLRNLRG,Bw6,HLAtools_protein_alignment,IPD-IMGT/HLA 3.63.0,2026-02-19 18:49:27.959055
B*55:66,B*55:66,B,Bw6,Bw6,classified,N,SLRNLRG,Bw6,HLAtools_protein_alignment,IPD-IMGT/HLA 3.63.0,2026-02-19 18:49:27.959055
B*55:67,B*55:67,B,Bw6,Bw6,classified,N,SLRNLRG,Bw6,HLAtools_protein_alignment,IPD-IMGT/HLA 3.63.0,2026-02-19 18:49:27.959055
B*55:68,B*55:68,B,Bw6,Bw6,classified,N,SLRNLRG,Bw6,HLAtools_protein_alignment,IPD-IMGT/HLA 3.63.0,2026-02-19 18:49:27.959055
B*55:69,B*55:69,B,Bw6,Bw6,classified,N,SLRNLRG,Bw6,HLAtools_protein_alignment,IPD-IMGT/HLA 3.63.0,2026-02-19 18:49:27.959055
B*55:70,B*55:70,B,Bw6,Bw6,classified,N,SLRNLRG,Bw6,HLAtools_protein_alignment,IPD-IMGT/HLA 3.63.0,2026-02-19 18:49:27.959055
B*55:71,B*55:71,B,Bw6,Bw6,classified,N,SLRNLRG,Bw6,HLAtools_protein_alignment,IPD-IMGT/HLA 3.63.0,2026-02-19 18:49:27.959055
B*55:72,B*55:72,B,Bw6,Bw6,classified,N,SLRNLRG,Bw6,HLAtools_protein_alignment,IPD-IMGT/HLA 3.63.0,2026-02-19 18:49:27.959055
B*55:73,B*55:73,B,Non-canonical,NonCanonical,non_canonical_83,N,SLRNLRS,Bw6,HLAtools_protein_alignment,IPD-IMGT/HLA 3.63.0,2026-02-19 18:49:27.959055
B*55:74,B*55:74,B,Bw6,Bw6,classified,N,SLRNLRG,Bw6,HLAtools_protein_alignment,IPD-IMGT/HLA 3.63.0,2026-02-19 18:49:27.959055
B*55:75,B*55:75,B,Bw6,Bw6,classified,N,SLRNLRG,Bw6,HLAtools_protein_alignment,IPD-IMGT/HLA 3.63.0,2026-02-19 18:49:27.959055
B*55:76,B*55:76,B,Bw6,Bw6,classified,N,SLRNLRG,Bw6,HLAtools_protein_alignment,IPD-IMGT/HLA 3.63.0,2026-02-19 18:49:27.959055
B*55:77,B*55:77,B,Bw6,Bw6,classified,N,SLRNLRG,Bw6,HLAtools_protein_alignment,IPD-IMGT/HLA 3.63.0,2026-02-19 18:49:27.959055
B*55:78,B*55:78,B,Bw6,Bw6,classified,N,SLRNLRG,Bw6,HLAtools_protein_alignment,IPD-IMGT/HLA 3.63.0,2026-02-19 18:49:27.959055
B*55:79,B*55:79,B,Bw6,Bw6,classified,N,SLRNLRG,Bw6,HLAtools_protein_alignment,IPD-IMGT/HLA 3.63.0,2026-02-19 18:49:27.959055
B*55:80,B*55:80,B,Bw6,Bw6,classified,N,SLRNLRG,Bw6,HLAtools_protein_alignment,IPD-IMGT/HLA 3.63.0,2026-02-19 18:49:27.959055
B*55:81,B*55:81,B,Bw6,Bw6,classified,N,SLRNLRG,Bw6,HLAtools_protein_alignment,IPD-IMGT/HLA 3.63.0,2026-02-19 18:49:27.959055
B*55:82,B*55:82,B,Bw6,Bw6,classified,N,SLRNLRG,Bw6,HLAtools_protein_alignment,IPD-IMGT/HLA 3.63.0,2026-02-19 18:49:27.959055
B*55:84,B*55:84,B,Bw6,Bw6,classified,N,SLRNLRG,Bw6,HLAtools_protein_alignment,IPD-IMGT/HLA 3.63.0,2026-02-19 18:49:27.959055
B*55:85,B*55:85,B,Bw6,Bw6,classified,N,SLRNLRG,Bw6,HLAtools_protein_alignment,IPD-IMGT/HLA 3.63.0,2026-02-19 18:49:27.959055
B*55:86,B*55:86,B,Bw6,Bw6,classified,N,SLRNLRG,Bw6,HLAtools_protein_alignment,IPD-IMGT/HLA 3.63.0,2026-02-19 18:49:27.959055
B*55:87,B*55:87,B,Bw6,Bw6,classified,N,SLRNLRG,Bw6,HLAtools_protein_alignment,IPD-IMGT/HLA 3.63.0,2026-02-19 18:49:27.959055
B*55:88,B*55:88,B,Bw6,Bw6,classified,N,SLRNLRG,Bw6,HLAtools_protein_alignment,IPD-IMGT/HLA 3.63.0,2026-02-19 18:49:27.959055
B*55:90,B*55:90,B,Bw4 - 80T,Bw4_80T,classified,T,DLRTLLR,Bw4 - 80T,HLAtools_protein_alignment,IPD-IMGT/HLA 3.63.0,2026-02-19 18:49:27.959055
B*55:91,B*55:91,B,Bw6,Bw6,classified,N,SLRNLRG,Bw6,HLAtools_protein_alignment,IPD-IMGT/HLA 3.63.0,2026-02-19 18:49:27.959055
B*55:92,B*55:92,B,Bw6,Bw6,classified,N,SLRNLRG,Bw6,HLAtools_protein_alignment,IPD-IMGT/HLA 3.63.0,2026-02-19 18:49:27.959055
B*55:93,B*55:93,B,Bw6,Bw6,classified,N,SLRNLRG,Bw6,HLAtools_protein_alignment,IPD-IMGT/HLA 3.63.0,2026-02-19 18:49:27.959055
B*55:94,B*55:94,B,Bw6,Bw6,classified,N,SLRNLRG,Bw6,HLAtools_protein_alignment,IPD-IMGT/HLA 3.63.0,2026-02-19 18:49:27.959055
B*55:95,B*55:95,B,Bw6,Bw6,classified,N,SLRNLRG,Bw6,HLAtools_protein_alignment,IPD-IMGT/HLA 3.63.0,2026-02-19 18:49:27.959055
B*55:96,B*55:96,B,Bw6,Bw6,classified,N,SLRNLRG,Bw6,HLAtools_protein_alignment,IPD-IMGT/HLA 3.63.0,2026-02-19 18:49:27.959055
B*55:98,B*55:98,B,Bw6,Bw6,classified,N,SLRNLRG,Bw6,HLAtools_protein_alignment,IPD-IMGT/HLA 3.63.0,2026-02-19 18:49:27.959055
B*55:99,B*55:99,B,Bw6,Bw6,classified,N,SLRNLRG,Bw6,HLAtools_protein_alignment,IPD-IMGT/HLA 3.63.0,2026-02-19 18:49:27.959055
B*56:01,B*56:01,B,Bw6,Bw6,classified,N,SLRNLRG,Bw6,HLAtools_protein_alignment,IPD-IMGT/HLA 3.63.0,2026-02-19 18:49:27.959055
B*56:01S,B*56:01S,B,Bw6,Bw6,classified,N,SLRNLRG,NA,HLAtools_protein_alignment,IPD-IMGT/HLA 3.63.0,2026-02-19 18:49:27.959055
B*56:02,B*56:02,B,Bw6,Bw6,classified,N,SLRNLRG,Bw6,HLAtools_protein_alignment,IPD-IMGT/HLA 3.63.0,2026-02-19 18:49:27.959055
B*56:03,B*56:03,B,Bw6,Bw6,classified,N,SLRNLRG,Bw6,HLAtools_protein_alignment,IPD-IMGT/HLA 3.63.0,2026-02-19 18:49:27.959055
B*56:04,B*56:04,B,Bw6,Bw6,classified,N,SLRNLRG,Bw6,HLAtools_protein_alignment,IPD-IMGT/HLA 3.63.0,2026-02-19 18:49:27.959055
B*56:05,B*56:05,B,Bw6,Bw6,classified,N,SLRNLRG,Bw6,HLAtools_protein_alignment,IPD-IMGT/HLA 3.63.0,2026-02-19 18:49:27.959055
B*56:06,B*56:06,B,Bw6,Bw6,classified,N,SLRNLRG,Bw6,HLAtools_protein_alignment,IPD-IMGT/HLA 3.63.0,2026-02-19 18:49:27.959055
B*56:07,B*56:07,B,Bw4 - 80T,Bw4_80T,classified,T,NLRTALR,Bw4 - 80T,HLAtools_protein_alignment,IPD-IMGT/HLA 3.63.0,2026-02-19 18:49:27.959055
B*56:08,B*56:08,B,Bw6,Bw6,classified,N,SLRNLRG,Bw6,HLAtools_protein_alignment,IPD-IMGT/HLA 3.63.0,2026-02-19 18:49:27.959055
B*56:09,B*56:09,B,Bw6,Bw6,classified,N,SLRNLRG,Bw6,HLAtools_protein_alignment,IPD-IMGT/HLA 3.63.0,2026-02-19 18:49:27.959055
B*56:10,B*56:10,B,Bw6,Bw6,classified,N,SLRNLRG,Bw6,HLAtools_protein_alignment,IPD-IMGT/HLA 3.63.0,2026-02-19 18:49:27.959055
B*56:100,B*56:100,B,Bw6,Bw6,classified,N,SLRNLRG,Bw6,HLAtools_protein_alignment,IPD-IMGT/HLA 3.63.0,2026-02-19 18:49:27.959055
B*56:101,B*56:101,B,Bw6,Bw6,classified,N,SLRNLRG,Bw6,HLAtools_protein_alignment,IPD-IMGT/HLA 3.63.0,2026-02-19 18:49:27.959055
B*56:102,B*56:102,B,Bw6,Bw6,classified,N,SLRNLRG,Bw6,HLAtools_protein_alignment,IPD-IMGT/HLA 3.63.0,2026-02-19 18:49:27.959055
B*56:103,B*56:103,B,Bw6,Bw6,classified,N,SLRNLRG,Bw6,HLAtools_protein_alignment,IPD-IMGT/HLA 3.63.0,2026-02-19 18:49:27.959055
B*56:104,B*56:104,B,Bw6,Bw6,classified,N,SLRNLRG,Bw6,HLAtools_protein_alignment,IPD-IMGT/HLA 3.63.0,2026-02-19 18:49:27.959055
B*56:11,B*56:11,B,Bw6,Bw6,classified,N,SLRNLRG,Bw6,HLAtools_protein_alignment,IPD-IMGT/HLA 3.63.0,2026-02-19 18:49:27.959055
B*56:12,B*56:12,B,Bw6,Bw6,classified,N,SLRNLRG,Bw6,HLAtools_protein_alignment,IPD-IMGT/HLA 3.63.0,2026-02-19 18:49:27.959055
B*56:13,B*56:13,B,Bw6,Bw6,classified,N,SLRNLRG,Bw6,HLAtools_protein_alignment,IPD-IMGT/HLA 3.63.0,2026-02-19 18:49:27.959055
B*56:14,B*56:14,B,Bw6,Bw6,classified,N,SLRNLRG,Bw6,HLAtools_protein_alignment,IPD-IMGT/HLA 3.63.0,2026-02-19 18:49:27.959055
B*56:15,B*56:15,B,Bw6,Bw6,classified,N,SLRNLRG,Bw6,HLAtools_protein_alignment,IPD-IMGT/HLA 3.63.0,2026-02-19 18:49:27.959055
B*56:16,B*56:16,B,Bw6,Bw6,classified,N,SLRNLRG,Bw6,HLAtools_protein_alignment,IPD-IMGT/HLA 3.63.0,2026-02-19 18:49:27.959055
B*56:17,B*56:17,B,Bw6,Bw6,classified,N,SLRNLRG,Bw6,HLAtools_protein_alignment,IPD-IMGT/HLA 3.63.0,2026-02-19 18:49:27.959055
B*56:18,B*56:18,B,Bw6,Bw6,classified,N,SLRNLRG,Bw6,HLAtools_protein_alignment,IPD-IMGT/HLA 3.63.0,2026-02-19 18:49:27.959055
B*56:20,B*56:20,B,Bw6,Bw6,classified,N,SLRNLRG,Bw6,HLAtools_protein_alignment,IPD-IMGT/HLA 3.63.0,2026-02-19 18:49:27.959055
B*56:21,B*56:21,B,Bw4 - 80I,Bw4_80I,classified,I,NLRIALR,Bw4 - 80I,HLAtools_protein_alignment,IPD-IMGT/HLA 3.63.0,2026-02-19 18:49:27.959055
B*56:22,B*56:22,B,Bw6,Bw6,classified,N,SLRNLRG,Bw6,HLAtools_protein_alignment,IPD-IMGT/HLA 3.63.0,2026-02-19 18:49:27.959055
B*56:23,B*56:23,B,Bw6,Bw6,classified,N,SLRNLRG,Bw6,HLAtools_protein_alignment,IPD-IMGT/HLA 3.63.0,2026-02-19 18:49:27.959055
B*56:24,B*56:24,B,Bw6,Bw6,classified,N,SLRNLRG,Bw6,HLAtools_protein_alignment,IPD-IMGT/HLA 3.63.0,2026-02-19 18:49:27.959055
B*56:25,B*56:25,B,Bw6,Bw6,classified,N,SLRNLRG,Bw6,HLAtools_protein_alignment,IPD-IMGT/HLA 3.63.0,2026-02-19 18:49:27.959055
B*56:26,B*56:26,B,Bw6,Bw6,classified,N,SLRNLRG,Bw6,HLAtools_protein_alignment,IPD-IMGT/HLA 3.63.0,2026-02-19 18:49:27.959055
B*56:27,B*56:27,B,Bw6,Bw6,classified,N,SLRNLRG,Bw6,HLAtools_protein_alignment,IPD-IMGT/HLA 3.63.0,2026-02-19 18:49:27.959055
B*56:29,B*56:29,B,Bw6,Bw6,classified,N,SLRNLRG,Bw6,HLAtools_protein_alignment,IPD-IMGT/HLA 3.63.0,2026-02-19 18:49:27.959055
B*56:30,B*56:30,B,Bw6,Bw6,classified,N,SLRNLRG,Bw6,HLAtools_protein_alignment,IPD-IMGT/HLA 3.63.0,2026-02-19 18:49:27.959055
B*56:31,B*56:31,B,Bw6,Bw6,classified,N,SLRNLRG,Bw6,HLAtools_protein_alignment,IPD-IMGT/HLA 3.63.0,2026-02-19 18:49:27.959055
B*56:32,B*56:32,B,Bw6,Bw6,classified,N,SLRNLRG,Bw6,HLAtools_protein_alignment,IPD-IMGT/HLA 3.63.0,2026-02-19 18:49:27.959055
B*56:33,B*56:33,B,Bw6,Bw6,classified,N,SLRNLRG,Bw6,HLAtools_protein_alignment,IPD-IMGT/HLA 3.63.0,2026-02-19 18:49:27.959055
B*56:34,B*56:34,B,Bw6,Bw6,classified,N,SLRNLRG,Bw6,HLAtools_protein_alignment,IPD-IMGT/HLA 3.63.0,2026-02-19 18:49:27.959055
B*56:35,B*56:35,B,Bw6,Bw6,classified,N,SLRNLRG,Bw6,HLAtools_protein_alignment,IPD-IMGT/HLA 3.63.0,2026-02-19 18:49:27.959055
B*56:36,B*56:36,B,Bw6,Bw6,classified,N,SLRNLRG,Bw6,HLAtools_protein_alignment,IPD-IMGT/HLA 3.63.0,2026-02-19 18:49:27.959055
B*56:37,B*56:37,B,Bw6,Bw6,classified,N,SLRNLRG,Bw6,HLAtools_protein_alignment,IPD-IMGT/HLA 3.63.0,2026-02-19 18:49:27.959055
B*56:39,B*56:39,B,Bw6,Bw6,classified,N,SLRNLRG,Bw6,HLAtools_protein_alignment,IPD-IMGT/HLA 3.63.0,2026-02-19 18:49:27.959055
B*56:40,B*56:40,B,Bw6,Bw6,classified,N,SLRNLRG,Bw6,HLAtools_protein_alignment,IPD-IMGT/HLA 3.63.0,2026-02-19 18:49:27.959055
B*56:41,B*56:41,B,Bw6,Bw6,classified,N,NLRNLRG,NA,HLAtools_protein_alignment,IPD-IMGT/HLA 3.63.0,2026-02-19 18:49:27.959055
B*56:42,B*56:42,B,Bw6,Bw6,classified,N,SLRNLRG,Bw6,HLAtools_protein_alignment,IPD-IMGT/HLA 3.63.0,2026-02-19 18:49:27.959055
B*56:43,B*56:43,B,Bw6,Bw6,classified,N,SLRNLRG,Bw6,HLAtools_protein_alignment,IPD-IMGT/HLA 3.63.0,2026-02-19 18:49:27.959055
B*56:44,B*56:44,B,Bw6,Bw6,classified,N,SLRNLRG,Bw6,HLAtools_protein_alignment,IPD-IMGT/HLA 3.63.0,2026-02-19 18:49:27.959055
B*56:45,B*56:45,B,Bw6,Bw6,classified,N,SLRNLRG,Bw6,HLAtools_protein_alignment,IPD-IMGT/HLA 3.63.0,2026-02-19 18:49:27.959055
B*56:46,B*56:46,B,Bw4 - 80T,Bw4_80T,classified,T,SLRTLLR,Bw4 - 80T,HLAtools_protein_alignment,IPD-IMGT/HLA 3.63.0,2026-02-19 18:49:27.959055
B*56:47,B*56:47,B,Bw6,Bw6,classified,N,SLRNLRG,Bw6,HLAtools_protein_alignment,IPD-IMGT/HLA 3.63.0,2026-02-19 18:49:27.959055
B*56:48,B*56:48,B,Bw6,Bw6,classified,N,SLRNLRG,Bw6,HLAtools_protein_alignment,IPD-IMGT/HLA 3.63.0,2026-02-19 18:49:27.959055
B*56:49,B*56:49,B,Bw6,Bw6,classified,N,SLRNLRG,Bw6,HLAtools_protein_alignment,IPD-IMGT/HLA 3.63.0,2026-02-19 18:49:27.959055
B*56:50,B*56:50,B,Bw6,Bw6,classified,N,SLRNLRG,Bw6,HLAtools_protein_alignment,IPD-IMGT/HLA 3.63.0,2026-02-19 18:49:27.959055
B*56:51,B*56:51,B,Bw6,Bw6,classified,N,SLRNLRG,Bw6,HLAtools_protein_alignment,IPD-IMGT/HLA 3.63.0,2026-02-19 18:49:27.959055
B*56:52,B*56:52,B,Bw6,Bw6,classified,N,SLRNLRG,Bw6,HLAtools_protein_alignment,IPD-IMGT/HLA 3.63.0,2026-02-19 18:49:27.959055
B*56:53,B*56:53,B,Bw6,Bw6,classified,N,SLRNLRG,Bw6,HLAtools_protein_alignment,IPD-IMGT/HLA 3.63.0,2026-02-19 18:49:27.959055
B*56:54,B*56:54,B,Bw6,Bw6,classified,N,SLRNLRG,Bw6,HLAtools_protein_alignment,IPD-IMGT/HLA 3.63.0,2026-02-19 18:49:27.959055
B*56:55,B*56:55,B,Bw6,Bw6,classified,N,SLRNLRG,Bw6,HLAtools_protein_alignment,IPD-IMGT/HLA 3.63.0,2026-02-19 18:49:27.959055
B*56:56,B*56:56,B,Bw6,Bw6,classified,N,SLRNLRG,Bw6,HLAtools_protein_alignment,IPD-IMGT/HLA 3.63.0,2026-02-19 18:49:27.959055
B*56:57,B*56:57,B,Bw6,Bw6,classified,N,SLRNLRG,Bw6,HLAtools_protein_alignment,IPD-IMGT/HLA 3.63.0,2026-02-19 18:49:27.959055
B*56:58,B*56:58,B,Bw6,Bw6,classified,N,SLRNLRG,Bw6,HLAtools_protein_alignment,IPD-IMGT/HLA 3.63.0,2026-02-19 18:49:27.959055
B*56:59,B*56:59,B,Bw6,Bw6,classified,N,SLRNLRG,Bw6,HLAtools_protein_alignment,IPD-IMGT/HLA 3.63.0,2026-02-19 18:49:27.959055
B*56:60,B*56:60,B,Bw6,Bw6,classified,N,SLRNLRG,Bw6,HLAtools_protein_alignment,IPD-IMGT/HLA 3.63.0,2026-02-19 18:49:27.959055
B*56:61,B*56:61,B,Bw6,Bw6,classified,N,SLRNLRG,Bw6,HLAtools_protein_alignment,IPD-IMGT/HLA 3.63.0,2026-02-19 18:49:27.959055
B*56:62,B*56:62,B,Bw6,Bw6,classified,N,SLRNLRG,Bw6,HLAtools_protein_alignment,IPD-IMGT/HLA 3.63.0,2026-02-19 18:49:27.959055
B*56:63,B*56:63,B,Bw6,Bw6,classified,N,SLRNLRG,Bw6,HLAtools_protein_alignment,IPD-IMGT/HLA 3.63.0,2026-02-19 18:49:27.959055
B*56:64,B*56:64,B,Bw6,Bw6,classified,N,SLRNLRG,Bw6,HLAtools_protein_alignment,IPD-IMGT/HLA 3.63.0,2026-02-19 18:49:27.959055
B*56:65,B*56:65,B,Bw4 - 80I,Bw4_80I,classified,I,NLRIALR,Bw4 - 80I,HLAtools_protein_alignment,IPD-IMGT/HLA 3.63.0,2026-02-19 18:49:27.959055
B*56:66,B*56:66,B,Bw6,Bw6,classified,N,SLRNLRG,Bw6,HLAtools_protein_alignment,IPD-IMGT/HLA 3.63.0,2026-02-19 18:49:27.959055
B*56:67,B*56:67,B,Bw6,Bw6,classified,N,SLRNLRG,Bw6,HLAtools_protein_alignment,IPD-IMGT/HLA 3.63.0,2026-02-19 18:49:27.959055
B*56:68,B*56:68,B,Bw6,Bw6,classified,N,SLRNLRG,Bw6,HLAtools_protein_alignment,IPD-IMGT/HLA 3.63.0,2026-02-19 18:49:27.959055
B*56:69,B*56:69,B,Bw6,Bw6,classified,N,SLRNLRG,Bw6,HLAtools_protein_alignment,IPD-IMGT/HLA 3.63.0,2026-02-19 18:49:27.959055
B*56:70,B*56:70,B,Bw6,Bw6,classified,N,SLRNLRG,Bw6,HLAtools_protein_alignment,IPD-IMGT/HLA 3.63.0,2026-02-19 18:49:27.959055
B*56:71,B*56:71,B,Bw6,Bw6,classified,N,SLRNLRG,Bw6,HLAtools_protein_alignment,IPD-IMGT/HLA 3.63.0,2026-02-19 18:49:27.959055
B*56:72,B*56:72,B,Bw6,Bw6,classified,N,SLRNLRG,Bw6,HLAtools_protein_alignment,IPD-IMGT/HLA 3.63.0,2026-02-19 18:49:27.959055
B*56:73,B*56:73,B,Bw6,Bw6,classified,N,SLRNLRG,Bw6,HLAtools_protein_alignment,IPD-IMGT/HLA 3.63.0,2026-02-19 18:49:27.959055
B*56:74,B*56:74,B,Bw6,Bw6,classified,N,SLRNLRG,Bw6,HLAtools_protein_alignment,IPD-IMGT/HLA 3.63.0,2026-02-19 18:49:27.959055
B*56:75,B*56:75,B,Bw6,Bw6,classified,N,SLRNLRG,Bw6,HLAtools_protein_alignment,IPD-IMGT/HLA 3.63.0,2026-02-19 18:49:27.959055
B*56:76,B*56:76,B,Bw6,Bw6,classified,N,SLRNLRG,Bw6,HLAtools_protein_alignment,IPD-IMGT/HLA 3.63.0,2026-02-19 18:49:27.959055
B*56:78,B*56:78,B,Bw6,Bw6,classified,N,SLRNLRG,Bw6,HLAtools_protein_alignment,IPD-IMGT/HLA 3.63.0,2026-02-19 18:49:27.959055
B*56:79,B*56:79,B,Bw6,Bw6,classified,N,SLRNLRG,Bw6,HLAtools_protein_alignment,IPD-IMGT/HLA 3.63.0,2026-02-19 18:49:27.959055
B*56:80,B*56:80,B,Bw6,Bw6,classified,N,SLRNLRG,Bw6,HLAtools_protein_alignment,IPD-IMGT/HLA 3.63.0,2026-02-19 18:49:27.959055
B*56:81,B*56:81,B,Bw6,Bw6,classified,N,SLRNLRG,Bw6,HLAtools_protein_alignment,IPD-IMGT/HLA 3.63.0,2026-02-19 18:49:27.959055
B*56:82,B*56:82,B,Bw6,Bw6,classified,N,SLRNLRG,Bw6,HLAtools_protein_alignment,IPD-IMGT/HLA 3.63.0,2026-02-19 18:49:27.959055
B*56:83,B*56:83,B,Bw6,Bw6,classified,N,SLRNLRG,Bw6,HLAtools_protein_alignment,IPD-IMGT/HLA 3.63.0,2026-02-19 18:49:27.959055
B*56:84,B*56:84,B,Bw6,Bw6,classified,N,SLRNLRG,Bw6,HLAtools_protein_alignment,IPD-IMGT/HLA 3.63.0,2026-02-19 18:49:27.959055
B*56:85,B*56:85,B,Bw6,Bw6,classified,N,SLRNLRG,Bw6,HLAtools_protein_alignment,IPD-IMGT/HLA 3.63.0,2026-02-19 18:49:27.959055
B*56:86,B*56:86,B,Bw6,Bw6,classified,N,SLRNLRG,Bw6,HLAtools_protein_alignment,IPD-IMGT/HLA 3.63.0,2026-02-19 18:49:27.959055
B*56:87,B*56:87,B,Bw6,Bw6,classified,N,SLRNLRG,Bw6,HLAtools_protein_alignment,IPD-IMGT/HLA 3.63.0,2026-02-19 18:49:27.959055
B*56:88,B*56:88,B,Bw6,Bw6,classified,N,SLRNLRG,Bw6,HLAtools_protein_alignment,IPD-IMGT/HLA 3.63.0,2026-02-19 18:49:27.959055
B*56:89,B*56:89,B,Bw6,Bw6,classified,N,SLRNLRG,Bw6,HLAtools_protein_alignment,IPD-IMGT/HLA 3.63.0,2026-02-19 18:49:27.959055
B*56:90,B*56:90,B,Bw6,Bw6,classified,N,SLRNLRG,Bw6,HLAtools_protein_alignment,IPD-IMGT/HLA 3.63.0,2026-02-19 18:49:27.959055
B*56:91,B*56:91,B,Bw6,Bw6,classified,N,SLRNLRG,Bw6,HLAtools_protein_alignment,IPD-IMGT/HLA 3.63.0,2026-02-19 18:49:27.959055
B*56:92,B*56:92,B,Bw6,Bw6,classified,N,SLRNLRG,Bw6,HLAtools_protein_alignment,IPD-IMGT/HLA 3.63.0,2026-02-19 18:49:27.959055
B*56:93,B*56:93,B,Bw6,Bw6,classified,N,SLRNLRG,Bw6,HLAtools_protein_alignment,IPD-IMGT/HLA 3.63.0,2026-02-19 18:49:27.959055
B*56:94,B*56:94,B,Bw6,Bw6,classified,N,SLRNLRG,Bw6,HLAtools_protein_alignment,IPD-IMGT/HLA 3.63.0,2026-02-19 18:49:27.959055
B*56:95,B*56:95,B,Bw6,Bw6,classified,N,SLRNLRG,Bw6,HLAtools_protein_alignment,IPD-IMGT/HLA 3.63.0,2026-02-19 18:49:27.959055
B*56:96,B*56:96,B,Bw6,Bw6,classified,N,SLRNLRG,Bw6,HLAtools_protein_alignment,IPD-IMGT/HLA 3.63.0,2026-02-19 18:49:27.959055
B*56:97,B*56:97,B,Bw6,Bw6,classified,N,SLRNLRG,Bw6,HLAtools_protein_alignment,IPD-IMGT/HLA 3.63.0,2026-02-19 18:49:27.959055
B*56:98,B*56:98,B,Bw6,Bw6,classified,N,SLRNLRG,Bw6,HLAtools_protein_alignment,IPD-IMGT/HLA 3.63.0,2026-02-19 18:49:27.959055
B*56:99,B*56:99,B,Bw6,Bw6,classified,N,SLRNLRG,Bw6,HLAtools_protein_alignment,IPD-IMGT/HLA 3.63.0,2026-02-19 18:49:27.959055
B*57:01,B*57:01,B,Bw4 - 80I,Bw4_80I,classified,I,NLRIALR,Bw4 - 80I,HLAtools_protein_alignment,IPD-IMGT/HLA 3.63.0,2026-02-19 18:49:27.959055
B*57:02,B*57:02,B,Bw4 - 80I,Bw4_80I,classified,I,NLRIALR,Bw4 - 80I,HLAtools_protein_alignment,IPD-IMGT/HLA 3.63.0,2026-02-19 18:49:27.959055
B*57:03,B*57:03,B,Bw4 - 80I,Bw4_80I,classified,I,NLRIALR,Bw4 - 80I,HLAtools_protein_alignment,IPD-IMGT/HLA 3.63.0,2026-02-19 18:49:27.959055
B*57:04,B*57:04,B,Bw4 - 80I,Bw4_80I,classified,I,NLRIALR,Bw4 - 80I,HLAtools_protein_alignment,IPD-IMGT/HLA 3.63.0,2026-02-19 18:49:27.959055
B*57:05,B*57:05,B,Bw4 - 80I,Bw4_80I,classified,I,NLRIALR,Bw4 - 80I,HLAtools_protein_alignment,IPD-IMGT/HLA 3.63.0,2026-02-19 18:49:27.959055
B*57:06,B*57:06,B,Bw4 - 80I,Bw4_80I,classified,I,NLRIALR,Bw4 - 80I,HLAtools_protein_alignment,IPD-IMGT/HLA 3.63.0,2026-02-19 18:49:27.959055
B*57:07,B*57:07,B,Bw4 - 80I,Bw4_80I,classified,I,NLRIALR,Bw4 - 80I,HLAtools_protein_alignment,IPD-IMGT/HLA 3.63.0,2026-02-19 18:49:27.959055
B*57:08,B*57:08,B,Non-canonical,NonCanonical,non_canonical_83,I,NLRIALP,Bw4 - 80I,HLAtools_protein_alignment,IPD-IMGT/HLA 3.63.0,2026-02-19 18:49:27.959055
B*57:09,B*57:09,B,Bw4 - 80I,Bw4_80I,classified,I,NLRIALR,Bw4 - 80I,HLAtools_protein_alignment,IPD-IMGT/HLA 3.63.0,2026-02-19 18:49:27.959055
B*57:10,B*57:10,B,Bw4 - 80I,Bw4_80I,classified,I,NLRIALR,Bw4 - 80I,HLAtools_protein_alignment,IPD-IMGT/HLA 3.63.0,2026-02-19 18:49:27.959055
B*57:100,B*57:100,B,Bw4 - 80I,Bw4_80I,classified,I,NLRIALR,Bw4 - 80I,HLAtools_protein_alignment,IPD-IMGT/HLA 3.63.0,2026-02-19 18:49:27.959055
B*57:101,B*57:101,B,Bw4 - 80I,Bw4_80I,classified,I,NLRIALR,Bw4 - 80I,HLAtools_protein_alignment,IPD-IMGT/HLA 3.63.0,2026-02-19 18:49:27.959055
B*57:102,B*57:102,B,Bw4 - 80I,Bw4_80I,classified,I,NLRIALR,Bw4 - 80I,HLAtools_protein_alignment,IPD-IMGT/HLA 3.63.0,2026-02-19 18:49:27.959055
B*57:103,B*57:103,B,Bw4 - 80I,Bw4_80I,classified,I,NLRIALR,Bw4 - 80I,HLAtools_protein_alignment,IPD-IMGT/HLA 3.63.0,2026-02-19 18:49:27.959055
B*57:104,B*57:104,B,Bw4 - 80I,Bw4_80I,classified,I,NLRIALR,Bw4 - 80I,HLAtools_protein_alignment,IPD-IMGT/HLA 3.63.0,2026-02-19 18:49:27.959055
B*57:105,B*57:105,B,Bw4 - 80I,Bw4_80I,classified,I,NLRIALR,Bw4 - 80I,HLAtools_protein_alignment,IPD-IMGT/HLA 3.63.0,2026-02-19 18:49:27.959055
B*57:106,B*57:106,B,Bw4 - 80I,Bw4_80I,classified,I,NLRIALR,Bw4 - 80I,HLAtools_protein_alignment,IPD-IMGT/HLA 3.63.0,2026-02-19 18:49:27.959055
B*57:107,B*57:107,B,Bw4 - 80I,Bw4_80I,classified,I,NLRIALR,Bw4 - 80I,HLAtools_protein_alignment,IPD-IMGT/HLA 3.63.0,2026-02-19 18:49:27.959055
B*57:108,B*57:108,B,Bw4 - 80I,Bw4_80I,classified,I,NLRIALR,Bw4 - 80I,HLAtools_protein_alignment,IPD-IMGT/HLA 3.63.0,2026-02-19 18:49:27.959055
B*57:109,B*57:109,B,Bw4 - 80I,Bw4_80I,classified,I,NLRIALR,Bw4 - 80I,HLAtools_protein_alignment,IPD-IMGT/HLA 3.63.0,2026-02-19 18:49:27.959055
B*57:11,B*57:11,B,Bw4 - 80I,Bw4_80I,classified,I,NLRIALR,Bw4 - 80I,HLAtools_protein_alignment,IPD-IMGT/HLA 3.63.0,2026-02-19 18:49:27.959055
B*57:110,B*57:110,B,Bw4 - 80I,Bw4_80I,classified,I,NLRIALR,Bw4 - 80I,HLAtools_protein_alignment,IPD-IMGT/HLA 3.63.0,2026-02-19 18:49:27.959055
B*57:111,B*57:111,B,Bw4 - 80I,Bw4_80I,classified,I,NLRIALR,Bw4 - 80I,HLAtools_protein_alignment,IPD-IMGT/HLA 3.63.0,2026-02-19 18:49:27.959055
B*57:112,B*57:112,B,Bw4 - 80I,Bw4_80I,classified,I,NLRIALR,Bw4 - 80I,HLAtools_protein_alignment,IPD-IMGT/HLA 3.63.0,2026-02-19 18:49:27.959055
B*57:113,B*57:113,B,Bw4 - 80I,Bw4_80I,classified,I,NLRIALR,Bw4 - 80I,HLAtools_protein_alignment,IPD-IMGT/HLA 3.63.0,2026-02-19 18:49:27.959055
B*57:114,B*57:114,B,Bw4 - 80I,Bw4_80I,classified,I,NLRIALR,Bw4 - 80I,HLAtools_protein_alignment,IPD-IMGT/HLA 3.63.0,2026-02-19 18:49:27.959055
B*57:115,B*57:115,B,Bw4 - 80I,Bw4_80I,classified,I,NLRIALR,Bw4 - 80I,HLAtools_protein_alignment,IPD-IMGT/HLA 3.63.0,2026-02-19 18:49:27.959055
B*57:116,B*57:116,B,Bw4 - 80I,Bw4_80I,classified,I,NLRIALR,Bw4 - 80I,HLAtools_protein_alignment,IPD-IMGT/HLA 3.63.0,2026-02-19 18:49:27.959055
B*57:117,B*57:117,B,Bw4 - 80I,Bw4_80I,classified,I,NLRIALR,Bw4 - 80I,HLAtools_protein_alignment,IPD-IMGT/HLA 3.63.0,2026-02-19 18:49:27.959055
B*57:118,B*57:118,B,Bw4 - 80I,Bw4_80I,classified,I,NLRIALR,Bw4 - 80I,HLAtools_protein_alignment,IPD-IMGT/HLA 3.63.0,2026-02-19 18:49:27.959055
B*57:119,B*57:119,B,Bw4 - 80I,Bw4_80I,classified,I,NLRIALR,Bw4 - 80I,HLAtools_protein_alignment,IPD-IMGT/HLA 3.63.0,2026-02-19 18:49:27.959055
B*57:12,B*57:12,B,Bw6,Bw6,classified,N,SLRNLRG,Bw6,HLAtools_protein_alignment,IPD-IMGT/HLA 3.63.0,2026-02-19 18:49:27.959055
B*57:120,B*57:120,B,Bw4 - 80I,Bw4_80I,classified,I,NLRIALR,Bw4 - 80I,HLAtools_protein_alignment,IPD-IMGT/HLA 3.63.0,2026-02-19 18:49:27.959055
B*57:121,B*57:121,B,Bw4 - 80I,Bw4_80I,classified,I,NLRIALR,Bw4 - 80I,HLAtools_protein_alignment,IPD-IMGT/HLA 3.63.0,2026-02-19 18:49:27.959055
B*57:123,B*57:123,B,Bw4 - 80I,Bw4_80I,classified,I,NLRIALR,Bw4 - 80I,HLAtools_protein_alignment,IPD-IMGT/HLA 3.63.0,2026-02-19 18:49:27.959055
B*57:124,B*57:124,B,Bw4 - 80I,Bw4_80I,classified,I,NLRIALR,Bw4 - 80I,HLAtools_protein_alignment,IPD-IMGT/HLA 3.63.0,2026-02-19 18:49:27.959055
B*57:125,B*57:125,B,Bw4 - 80I,Bw4_80I,classified,I,NLRIALR,Bw4 - 80I,HLAtools_protein_alignment,IPD-IMGT/HLA 3.63.0,2026-02-19 18:49:27.959055
B*57:126,B*57:126,B,Bw4 - 80I,Bw4_80I,classified,I,NLRIALR,Bw4 - 80I,HLAtools_protein_alignment,IPD-IMGT/HLA 3.63.0,2026-02-19 18:49:27.959055
B*57:127,B*57:127,B,Bw4 - 80I,Bw4_80I,classified,I,NLRIALR,Bw4 - 80I,HLAtools_protein_alignment,IPD-IMGT/HLA 3.63.0,2026-02-19 18:49:27.959055
B*57:128,B*57:128,B,Bw4 - 80I,Bw4_80I,classified,I,NLRIALR,Bw4 - 80I,HLAtools_protein_alignment,IPD-IMGT/HLA 3.63.0,2026-02-19 18:49:27.959055
B*57:129,B*57:129,B,Bw4 - 80I,Bw4_80I,classified,I,NLRIALR,Bw4 - 80I,HLAtools_protein_alignment,IPD-IMGT/HLA 3.63.0,2026-02-19 18:49:27.959055
B*57:13,B*57:13,B,Bw4 - 80I,Bw4_80I,classified,I,NLRIALR,Bw4 - 80I,HLAtools_protein_alignment,IPD-IMGT/HLA 3.63.0,2026-02-19 18:49:27.959055
B*57:131,B*57:131,B,Bw4 - 80I,Bw4_80I,classified,I,NLRIALR,Bw4 - 80I,HLAtools_protein_alignment,IPD-IMGT/HLA 3.63.0,2026-02-19 18:49:27.959055
B*57:132,B*57:132,B,Bw4 - 80I,Bw4_80I,classified,I,NLRIALR,Bw4 - 80I,HLAtools_protein_alignment,IPD-IMGT/HLA 3.63.0,2026-02-19 18:49:27.959055
B*57:133,B*57:133,B,Bw4 - 80I,Bw4_80I,classified,I,NLRIALR,Bw4 - 80I,HLAtools_protein_alignment,IPD-IMGT/HLA 3.63.0,2026-02-19 18:49:27.959055
B*57:134,B*57:134,B,Bw4 - 80I,Bw4_80I,classified,I,NLRIALR,Bw4 - 80I,HLAtools_protein_alignment,IPD-IMGT/HLA 3.63.0,2026-02-19 18:49:27.959055
B*57:135,B*57:135,B,Bw4 - 80I,Bw4_80I,classified,I,NLRIALR,Bw4 - 80I,HLAtools_protein_alignment,IPD-IMGT/HLA 3.63.0,2026-02-19 18:49:27.959055
B*57:136,B*57:136,B,Bw4 - 80I,Bw4_80I,classified,I,NLRIALR,Bw4 - 80I,HLAtools_protein_alignment,IPD-IMGT/HLA 3.63.0,2026-02-19 18:49:27.959055
B*57:137,B*57:137,B,Bw4 - 80I,Bw4_80I,classified,I,NLRIALR,Bw4 - 80I,HLAtools_protein_alignment,IPD-IMGT/HLA 3.63.0,2026-02-19 18:49:27.959055
B*57:138,B*57:138,B,Bw4 - 80I,Bw4_80I,classified,I,NLRIALR,Bw4 - 80I,HLAtools_protein_alignment,IPD-IMGT/HLA 3.63.0,2026-02-19 18:49:27.959055
B*57:14,B*57:14,B,Bw4 - 80I,Bw4_80I,classified,I,NLRIALR,Bw4 - 80I,HLAtools_protein_alignment,IPD-IMGT/HLA 3.63.0,2026-02-19 18:49:27.959055
B*57:140,B*57:140,B,Bw4 - 80I,Bw4_80I,classified,I,NLRIALR,Bw4 - 80I,HLAtools_protein_alignment,IPD-IMGT/HLA 3.63.0,2026-02-19 18:49:27.959055
B*57:141,B*57:141,B,Bw4 - 80I,Bw4_80I,classified,I,NLRIALR,Bw4 - 80I,HLAtools_protein_alignment,IPD-IMGT/HLA 3.63.0,2026-02-19 18:49:27.959055
B*57:144,B*57:144,B,Bw4 - 80I,Bw4_80I,classified,I,NLRIALR,Bw4 - 80I,HLAtools_protein_alignment,IPD-IMGT/HLA 3.63.0,2026-02-19 18:49:27.959055
B*57:145,B*57:145,B,Bw4 - 80I,Bw4_80I,classified,I,NLRIALR,Bw4 - 80I,HLAtools_protein_alignment,IPD-IMGT/HLA 3.63.0,2026-02-19 18:49:27.959055
B*57:146,B*57:146,B,Bw4 - 80I,Bw4_80I,classified,I,NLRIALR,Bw4 - 80I,HLAtools_protein_alignment,IPD-IMGT/HLA 3.63.0,2026-02-19 18:49:27.959055
B*57:147,B*57:147,B,Bw4 - 80I,Bw4_80I,classified,I,NLRIALR,Bw4 - 80I,HLAtools_protein_alignment,IPD-IMGT/HLA 3.63.0,2026-02-19 18:49:27.959055
B*57:148,B*57:148,B,Bw4 - 80I,Bw4_80I,classified,I,NLRIALR,Bw4 - 80I,HLAtools_protein_alignment,IPD-IMGT/HLA 3.63.0,2026-02-19 18:49:27.959055
B*57:149,B*57:149,B,Bw4 - 80I,Bw4_80I,classified,I,NLRIALR,Bw4 - 80I,HLAtools_protein_alignment,IPD-IMGT/HLA 3.63.0,2026-02-19 18:49:27.959055
B*57:15,B*57:15,B,Bw4 - 80I,Bw4_80I,classified,I,NLRIALR,Bw4 - 80I,HLAtools_protein_alignment,IPD-IMGT/HLA 3.63.0,2026-02-19 18:49:27.959055
B*57:150,B*57:150,B,Bw4 - 80I,Bw4_80I,classified,I,NLRIALR,Bw4 - 80I,HLAtools_protein_alignment,IPD-IMGT/HLA 3.63.0,2026-02-19 18:49:27.959055
B*57:151,B*57:151,B,Bw4 - 80I,Bw4_80I,classified,I,NLRIALR,Bw4 - 80I,HLAtools_protein_alignment,IPD-IMGT/HLA 3.63.0,2026-02-19 18:49:27.959055
B*57:152,B*57:152,B,Bw4 - 80I,Bw4_80I,classified,I,NLRIALR,Bw4 - 80I,HLAtools_protein_alignment,IPD-IMGT/HLA 3.63.0,2026-02-19 18:49:27.959055
B*57:153,B*57:153,B,Bw4 - 80I,Bw4_80I,classified,I,NLRIALR,Bw4 - 80I,HLAtools_protein_alignment,IPD-IMGT/HLA 3.63.0,2026-02-19 18:49:27.959055
B*57:154,B*57:154,B,Bw4 - 80I,Bw4_80I,classified,I,NLRIALR,Bw4 - 80I,HLAtools_protein_alignment,IPD-IMGT/HLA 3.63.0,2026-02-19 18:49:27.959055
B*57:155,B*57:155,B,Bw4 - 80I,Bw4_80I,classified,I,NLRIALR,Bw4 - 80I,HLAtools_protein_alignment,IPD-IMGT/HLA 3.63.0,2026-02-19 18:49:27.959055
B*57:156,B*57:156,B,Bw4 - 80I,Bw4_80I,classified,I,NLRIALR,Bw4 - 80I,HLAtools_protein_alignment,IPD-IMGT/HLA 3.63.0,2026-02-19 18:49:27.959055
B*57:157,B*57:157,B,Bw4 - 80I,Bw4_80I,classified,I,NLRIALR,Bw4 - 80I,HLAtools_protein_alignment,IPD-IMGT/HLA 3.63.0,2026-02-19 18:49:27.959055
B*57:158,B*57:158,B,Bw4 - 80I,Bw4_80I,classified,I,NLRIALR,Bw4 - 80I,HLAtools_protein_alignment,IPD-IMGT/HLA 3.63.0,2026-02-19 18:49:27.959055
B*57:159,B*57:159,B,Bw4 - 80I,Bw4_80I,classified,I,NLRIALR,Bw4 - 80I,HLAtools_protein_alignment,IPD-IMGT/HLA 3.63.0,2026-02-19 18:49:27.959055
B*57:16,B*57:16,B,Bw4 - 80I,Bw4_80I,classified,I,NLRIALR,Bw4 - 80I,HLAtools_protein_alignment,IPD-IMGT/HLA 3.63.0,2026-02-19 18:49:27.959055
B*57:160,B*57:160,B,Bw4 - 80I,Bw4_80I,classified,I,NLRIALR,Bw4 - 80I,HLAtools_protein_alignment,IPD-IMGT/HLA 3.63.0,2026-02-19 18:49:27.959055
B*57:161,B*57:161,B,Bw4 - 80I,Bw4_80I,classified,I,NLRIALR,Bw4 - 80I,HLAtools_protein_alignment,IPD-IMGT/HLA 3.63.0,2026-02-19 18:49:27.959055
B*57:163,B*57:163,B,Bw4 - 80I,Bw4_80I,classified,I,NLRIALR,Bw4 - 80I,HLAtools_protein_alignment,IPD-IMGT/HLA 3.63.0,2026-02-19 18:49:27.959055
B*57:164,B*57:164,B,Bw4 - 80I,Bw4_80I,classified,I,NLRIALR,Bw4 - 80I,HLAtools_protein_alignment,IPD-IMGT/HLA 3.63.0,2026-02-19 18:49:27.959055
B*57:165,B*57:165,B,Bw4 - 80I,Bw4_80I,classified,I,NLRIALR,Bw4 - 80I,HLAtools_protein_alignment,IPD-IMGT/HLA 3.63.0,2026-02-19 18:49:27.959055
B*57:166,B*57:166,B,Bw4 - 80I,Bw4_80I,classified,I,NLRIALR,Bw4 - 80I,HLAtools_protein_alignment,IPD-IMGT/HLA 3.63.0,2026-02-19 18:49:27.959055
B*57:167,B*57:167,B,Bw4 - 80I,Bw4_80I,classified,I,NLRIALR,Bw4 - 80I,HLAtools_protein_alignment,IPD-IMGT/HLA 3.63.0,2026-02-19 18:49:27.959055
B*57:168,B*57:168,B,Bw4 - 80I,Bw4_80I,classified,I,NLRIALR,Bw4 - 80I,HLAtools_protein_alignment,IPD-IMGT/HLA 3.63.0,2026-02-19 18:49:27.959055
B*57:169,B*57:169,B,Bw4 - 80I,Bw4_80I,classified,I,NLRIALR,Bw4 - 80I,HLAtools_protein_alignment,IPD-IMGT/HLA 3.63.0,2026-02-19 18:49:27.959055
B*57:17,B*57:17,B,Bw4 - 80I,Bw4_80I,classified,I,NLRIALR,Bw4 - 80I,HLAtools_protein_alignment,IPD-IMGT/HLA 3.63.0,2026-02-19 18:49:27.959055
B*57:170,B*57:170,B,Bw4 - 80I,Bw4_80I,classified,I,NLRIALR,Bw4 - 80I,HLAtools_protein_alignment,IPD-IMGT/HLA 3.63.0,2026-02-19 18:49:27.959055
B*57:171,B*57:171,B,Bw4 - 80I,Bw4_80I,classified,I,NLRIALR,Bw4 - 80I,HLAtools_protein_alignment,IPD-IMGT/HLA 3.63.0,2026-02-19 18:49:27.959055
B*57:172,B*57:172,B,Bw4 - 80I,Bw4_80I,classified,I,NLRIALR,Bw4 - 80I,HLAtools_protein_alignment,IPD-IMGT/HLA 3.63.0,2026-02-19 18:49:27.959055
B*57:173,B*57:173,B,Bw4 - 80I,Bw4_80I,classified,I,NLRIALR,Bw4 - 80I,HLAtools_protein_alignment,IPD-IMGT/HLA 3.63.0,2026-02-19 18:49:27.959055
B*57:174,B*57:174,B,Bw4 - 80I,Bw4_80I,classified,I,NLRIALR,Bw4 - 80I,HLAtools_protein_alignment,IPD-IMGT/HLA 3.63.0,2026-02-19 18:49:27.959055
B*57:175,B*57:175,B,Bw4 - 80I,Bw4_80I,classified,I,NLRIALR,Bw4 - 80I,HLAtools_protein_alignment,IPD-IMGT/HLA 3.63.0,2026-02-19 18:49:27.959055
B*57:176,B*57:176,B,Bw4 - 80I,Bw4_80I,classified,I,NLRIALR,Bw4 - 80I,HLAtools_protein_alignment,IPD-IMGT/HLA 3.63.0,2026-02-19 18:49:27.959055
B*57:177,B*57:177,B,Bw4 - 80I,Bw4_80I,classified,I,NLRIALR,Bw4 - 80I,HLAtools_protein_alignment,IPD-IMGT/HLA 3.63.0,2026-02-19 18:49:27.959055
B*57:178,B*57:178,B,Bw4 - 80I,Bw4_80I,classified,I,NLRIALR,Bw4 - 80I,HLAtools_protein_alignment,IPD-IMGT/HLA 3.63.0,2026-02-19 18:49:27.959055
B*57:179,B*57:179,B,Bw4 - 80I,Bw4_80I,classified,I,NLRIALR,Bw4 - 80I,HLAtools_protein_alignment,IPD-IMGT/HLA 3.63.0,2026-02-19 18:49:27.959055
B*57:18,B*57:18,B,Bw4 - 80I,Bw4_80I,classified,I,NLRIALR,Bw4 - 80I,HLAtools_protein_alignment,IPD-IMGT/HLA 3.63.0,2026-02-19 18:49:27.959055
B*57:180,B*57:180,B,Bw4 - 80I,Bw4_80I,classified,I,NLRIALR,Bw4 - 80I,HLAtools_protein_alignment,IPD-IMGT/HLA 3.63.0,2026-02-19 18:49:27.959055
B*57:182,B*57:182,B,Bw4 - 80I,Bw4_80I,classified,I,NLRIALR,Bw4 - 80I,HLAtools_protein_alignment,IPD-IMGT/HLA 3.63.0,2026-02-19 18:49:27.959055
B*57:183,B*57:183,B,Bw4 - 80I,Bw4_80I,classified,I,NLRIALR,Bw4 - 80I,HLAtools_protein_alignment,IPD-IMGT/HLA 3.63.0,2026-02-19 18:49:27.959055
B*57:184,B*57:184,B,Bw4 - 80I,Bw4_80I,classified,I,NLRIALR,Bw4 - 80I,HLAtools_protein_alignment,IPD-IMGT/HLA 3.63.0,2026-02-19 18:49:27.959055
B*57:185Q,B*57:185Q,B,Bw4 - 80I,Bw4_80I,classified,I,NLRIALR,NA,HLAtools_protein_alignment,IPD-IMGT/HLA 3.63.0,2026-02-19 18:49:27.959055
B*57:186,B*57:186,B,Bw4 - 80I,Bw4_80I,classified,I,NLRIALR,Bw4 - 80I,HLAtools_protein_alignment,IPD-IMGT/HLA 3.63.0,2026-02-19 18:49:27.959055
B*57:187,B*57:187,B,Bw4 - 80I,Bw4_80I,classified,I,NLRIALR,Bw4 - 80I,HLAtools_protein_alignment,IPD-IMGT/HLA 3.63.0,2026-02-19 18:49:27.959055
B*57:188,B*57:188,B,Bw4 - 80I,Bw4_80I,classified,I,NLRIALR,Bw4 - 80I,HLAtools_protein_alignment,IPD-IMGT/HLA 3.63.0,2026-02-19 18:49:27.959055
B*57:189,B*57:189,B,Bw4 - 80I,Bw4_80I,classified,I,NLRIALR,Bw4 - 80I,HLAtools_protein_alignment,IPD-IMGT/HLA 3.63.0,2026-02-19 18:49:27.959055
B*57:19,B*57:19,B,Bw4 - 80I,Bw4_80I,classified,I,NLRIALR,Bw4 - 80I,HLAtools_protein_alignment,IPD-IMGT/HLA 3.63.0,2026-02-19 18:49:27.959055
B*57:190,B*57:190,B,Bw4 - 80I,Bw4_80I,classified,I,NLRIALR,Bw4 - 80I,HLAtools_protein_alignment,IPD-IMGT/HLA 3.63.0,2026-02-19 18:49:27.959055
B*57:191,B*57:191,B,Bw4 - 80I,Bw4_80I,classified,I,NLRIALR,Bw4 - 80I,HLAtools_protein_alignment,IPD-IMGT/HLA 3.63.0,2026-02-19 18:49:27.959055
B*57:192,B*57:192,B,Bw4 - 80I,Bw4_80I,classified,I,NLRIALR,Bw4 - 80I,HLAtools_protein_alignment,IPD-IMGT/HLA 3.63.0,2026-02-19 18:49:27.959055
B*57:193,B*57:193,B,Bw4 - 80I,Bw4_80I,classified,I,NLRIALR,Bw4 - 80I,HLAtools_protein_alignment,IPD-IMGT/HLA 3.63.0,2026-02-19 18:49:27.959055
B*57:194,B*57:194,B,Bw4 - 80I,Bw4_80I,classified,I,NLRIALR,Bw4 - 80I,HLAtools_protein_alignment,IPD-IMGT/HLA 3.63.0,2026-02-19 18:49:27.959055
B*57:195,B*57:195,B,Bw4 - 80I,Bw4_80I,classified,I,NLRIALR,Bw4 - 80I,HLAtools_protein_alignment,IPD-IMGT/HLA 3.63.0,2026-02-19 18:49:27.959055
B*57:196,B*57:196,B,Bw4 - 80I,Bw4_80I,classified,I,NLRIALR,Bw4 - 80I,HLAtools_protein_alignment,IPD-IMGT/HLA 3.63.0,2026-02-19 18:49:27.959055
B*57:197,B*57:197,B,Bw4 - 80I,Bw4_80I,classified,I,NLRIALR,Bw4 - 80I,HLAtools_protein_alignment,IPD-IMGT/HLA 3.63.0,2026-02-19 18:49:27.959055
B*57:198,B*57:198,B,Bw4 - 80I,Bw4_80I,classified,I,NLRIALR,Bw4 - 80I,HLAtools_protein_alignment,IPD-IMGT/HLA 3.63.0,2026-02-19 18:49:27.959055
B*57:199,B*57:199,B,Bw4 - 80I,Bw4_80I,classified,I,NLRIALR,Bw4 - 80I,HLAtools_protein_alignment,IPD-IMGT/HLA 3.63.0,2026-02-19 18:49:27.959055
B*57:20,B*57:20,B,Bw4 - 80I,Bw4_80I,classified,I,NLRIALR,Bw4 - 80I,HLAtools_protein_alignment,IPD-IMGT/HLA 3.63.0,2026-02-19 18:49:27.959055
B*57:200,B*57:200,B,Bw4 - 80I,Bw4_80I,classified,I,NLRIALR,Bw4 - 80I,HLAtools_protein_alignment,IPD-IMGT/HLA 3.63.0,2026-02-19 18:49:27.959055
B*57:201,B*57:201,B,Bw4 - 80I,Bw4_80I,classified,I,NLRIALR,Bw4 - 80I,HLAtools_protein_alignment,IPD-IMGT/HLA 3.63.0,2026-02-19 18:49:27.959055
B*57:202,B*57:202,B,Bw4 - 80I,Bw4_80I,classified,I,NLRIALR,Bw4 - 80I,HLAtools_protein_alignment,IPD-IMGT/HLA 3.63.0,2026-02-19 18:49:27.959055
B*57:203,B*57:203,B,Bw4 - 80I,Bw4_80I,classified,I,NLRIALR,Bw4 - 80I,HLAtools_protein_alignment,IPD-IMGT/HLA 3.63.0,2026-02-19 18:49:27.959055
B*57:204,B*57:204,B,Bw4 - 80I,Bw4_80I,classified,I,NLRIALR,Bw4 - 80I,HLAtools_protein_alignment,IPD-IMGT/HLA 3.63.0,2026-02-19 18:49:27.959055
B*57:205,B*57:205,B,Bw4 - 80I,Bw4_80I,classified,I,NLRIALR,Bw4 - 80I,HLAtools_protein_alignment,IPD-IMGT/HLA 3.63.0,2026-02-19 18:49:27.959055
B*57:21,B*57:21,B,Bw4 - 80I,Bw4_80I,classified,I,NLRIALR,Bw4 - 80I,HLAtools_protein_alignment,IPD-IMGT/HLA 3.63.0,2026-02-19 18:49:27.959055
B*57:22,B*57:22,B,Bw4 - 80I,Bw4_80I,classified,I,NLRIALR,Bw4 - 80I,HLAtools_protein_alignment,IPD-IMGT/HLA 3.63.0,2026-02-19 18:49:27.959055
B*57:23,B*57:23,B,Bw4 - 80I,Bw4_80I,classified,I,NLRIALR,Bw4 - 80I,HLAtools_protein_alignment,IPD-IMGT/HLA 3.63.0,2026-02-19 18:49:27.959055
B*57:24,B*57:24,B,Bw4 - 80I,Bw4_80I,classified,I,NLRIALR,Bw4 - 80I,HLAtools_protein_alignment,IPD-IMGT/HLA 3.63.0,2026-02-19 18:49:27.959055
B*57:25,B*57:25,B,Bw4 - 80I,Bw4_80I,classified,I,NLRIALR,Bw4 - 80I,HLAtools_protein_alignment,IPD-IMGT/HLA 3.63.0,2026-02-19 18:49:27.959055
B*57:26,B*57:26,B,Bw4 - 80I,Bw4_80I,classified,I,NLRIALR,Bw4 - 80I,HLAtools_protein_alignment,IPD-IMGT/HLA 3.63.0,2026-02-19 18:49:27.959055
B*57:27,B*57:27,B,Bw4 - 80I,Bw4_80I,classified,I,NLRIALR,Bw4 - 80I,HLAtools_protein_alignment,IPD-IMGT/HLA 3.63.0,2026-02-19 18:49:27.959055
B*57:29,B*57:29,B,Bw4 - 80I,Bw4_80I,classified,I,NLRIALR,Bw4 - 80I,HLAtools_protein_alignment,IPD-IMGT/HLA 3.63.0,2026-02-19 18:49:27.959055
B*57:30,B*57:30,B,Bw4 - 80I,Bw4_80I,classified,I,NLRIALR,Bw4 - 80I,HLAtools_protein_alignment,IPD-IMGT/HLA 3.63.0,2026-02-19 18:49:27.959055
B*57:31,B*57:31,B,Bw4 - 80I,Bw4_80I,classified,I,NLRIALR,Bw4 - 80I,HLAtools_protein_alignment,IPD-IMGT/HLA 3.63.0,2026-02-19 18:49:27.959055
B*57:32,B*57:32,B,Bw4 - 80I,Bw4_80I,classified,I,NLRIALR,Bw4 - 80I,HLAtools_protein_alignment,IPD-IMGT/HLA 3.63.0,2026-02-19 18:49:27.959055
B*57:33,B*57:33,B,Bw4 - 80I,Bw4_80I,classified,I,NLRIALR,Bw4 - 80I,HLAtools_protein_alignment,IPD-IMGT/HLA 3.63.0,2026-02-19 18:49:27.959055
B*57:34,B*57:34,B,Bw4 - 80I,Bw4_80I,classified,I,NLRIALR,Bw4 - 80I,HLAtools_protein_alignment,IPD-IMGT/HLA 3.63.0,2026-02-19 18:49:27.959055
B*57:35,B*57:35,B,Bw4 - 80I,Bw4_80I,classified,I,NLRIALR,Bw4 - 80I,HLAtools_protein_alignment,IPD-IMGT/HLA 3.63.0,2026-02-19 18:49:27.959055
B*57:36,B*57:36,B,Bw4 - 80I,Bw4_80I,classified,I,NLRIALR,Bw4 - 80I,HLAtools_protein_alignment,IPD-IMGT/HLA 3.63.0,2026-02-19 18:49:27.959055
B*57:37,B*57:37,B,Bw4 - 80I,Bw4_80I,classified,I,NLRIALR,Bw4 - 80I,HLAtools_protein_alignment,IPD-IMGT/HLA 3.63.0,2026-02-19 18:49:27.959055
B*57:38,B*57:38,B,Bw4 - 80I,Bw4_80I,classified,I,TLRIALR,NA,HLAtools_protein_alignment,IPD-IMGT/HLA 3.63.0,2026-02-19 18:49:27.959055
B*57:39,B*57:39,B,Bw4 - 80I,Bw4_80I,classified,I,NLRIALR,Bw4 - 80I,HLAtools_protein_alignment,IPD-IMGT/HLA 3.63.0,2026-02-19 18:49:27.959055
B*57:40,B*57:40,B,Bw4 - 80I,Bw4_80I,classified,I,NLRIALR,Bw4 - 80I,HLAtools_protein_alignment,IPD-IMGT/HLA 3.63.0,2026-02-19 18:49:27.959055
B*57:41,B*57:41,B,Bw4 - 80I,Bw4_80I,classified,I,NLRIALR,Bw4 - 80I,HLAtools_protein_alignment,IPD-IMGT/HLA 3.63.0,2026-02-19 18:49:27.959055
B*57:42,B*57:42,B,Bw4 - 80I,Bw4_80I,classified,I,NLRIALR,Bw4 - 80I,HLAtools_protein_alignment,IPD-IMGT/HLA 3.63.0,2026-02-19 18:49:27.959055
B*57:43,B*57:43,B,Bw4 - 80I,Bw4_80I,classified,I,NLRIALR,Bw4 - 80I,HLAtools_protein_alignment,IPD-IMGT/HLA 3.63.0,2026-02-19 18:49:27.959055
B*57:44,B*57:44,B,Bw4 - 80I,Bw4_80I,classified,I,NLRIALR,Bw4 - 80I,HLAtools_protein_alignment,IPD-IMGT/HLA 3.63.0,2026-02-19 18:49:27.959055
B*57:45,B*57:45,B,Bw4 - 80I,Bw4_80I,classified,I,NLRIALR,Bw4 - 80I,HLAtools_protein_alignment,IPD-IMGT/HLA 3.63.0,2026-02-19 18:49:27.959055
B*57:46,B*57:46,B,Bw4 - 80I,Bw4_80I,classified,I,NLRIALR,Bw4 - 80I,HLAtools_protein_alignment,IPD-IMGT/HLA 3.63.0,2026-02-19 18:49:27.959055
B*57:47,B*57:47,B,Bw4 - 80I,Bw4_80I,classified,I,NLRIALR,Bw4 - 80I,HLAtools_protein_alignment,IPD-IMGT/HLA 3.63.0,2026-02-19 18:49:27.959055
B*57:48,B*57:48,B,Bw4 - 80I,Bw4_80I,classified,I,NLRIALR,Bw4 - 80I,HLAtools_protein_alignment,IPD-IMGT/HLA 3.63.0,2026-02-19 18:49:27.959055
B*57:49,B*57:49,B,Bw4 - 80I,Bw4_80I,classified,I,NLRIALR,Bw4 - 80I,HLAtools_protein_alignment,IPD-IMGT/HLA 3.63.0,2026-02-19 18:49:27.959055
B*57:50,B*57:50,B,Bw4 - 80I,Bw4_80I,classified,I,NLRIALR,Bw4 - 80I,HLAtools_protein_alignment,IPD-IMGT/HLA 3.63.0,2026-02-19 18:49:27.959055
B*57:51,B*57:51,B,Bw4 - 80I,Bw4_80I,classified,I,NLRIALR,Bw4 - 80I,HLAtools_protein_alignment,IPD-IMGT/HLA 3.63.0,2026-02-19 18:49:27.959055
B*57:52,B*57:52,B,Bw4 - 80I,Bw4_80I,classified,I,NLRIALR,Bw4 - 80I,HLAtools_protein_alignment,IPD-IMGT/HLA 3.63.0,2026-02-19 18:49:27.959055
B*57:53,B*57:53,B,Bw4 - 80I,Bw4_80I,classified,I,NLRIALR,Bw4 - 80I,HLAtools_protein_alignment,IPD-IMGT/HLA 3.63.0,2026-02-19 18:49:27.959055
B*57:54,B*57:54,B,Bw4 - 80I,Bw4_80I,classified,I,NLRIALR,Bw4 - 80I,HLAtools_protein_alignment,IPD-IMGT/HLA 3.63.0,2026-02-19 18:49:27.959055
B*57:55,B*57:55,B,Bw4 - 80I,Bw4_80I,classified,I,NLRIALR,Bw4 - 80I,HLAtools_protein_alignment,IPD-IMGT/HLA 3.63.0,2026-02-19 18:49:27.959055
B*57:56,B*57:56,B,Bw4 - 80I,Bw4_80I,classified,I,NLRIALR,Bw4 - 80I,HLAtools_protein_alignment,IPD-IMGT/HLA 3.63.0,2026-02-19 18:49:27.959055
B*57:57,B*57:57,B,Bw4 - 80I,Bw4_80I,classified,I,NLRIALR,Bw4 - 80I,HLAtools_protein_alignment,IPD-IMGT/HLA 3.63.0,2026-02-19 18:49:27.959055
B*57:58,B*57:58,B,Bw4 - 80I,Bw4_80I,classified,I,NLRIALR,Bw4 - 80I,HLAtools_protein_alignment,IPD-IMGT/HLA 3.63.0,2026-02-19 18:49:27.959055
B*57:59,B*57:59,B,Bw4 - 80I,Bw4_80I,classified,I,NLRIALR,Bw4 - 80I,HLAtools_protein_alignment,IPD-IMGT/HLA 3.63.0,2026-02-19 18:49:27.959055
B*57:60,B*57:60,B,Bw4 - 80I,Bw4_80I,classified,I,SLRIALR,NA,HLAtools_protein_alignment,IPD-IMGT/HLA 3.63.0,2026-02-19 18:49:27.959055
B*57:61,B*57:61,B,Bw4 - 80I,Bw4_80I,classified,I,NLRIALR,Bw4 - 80I,HLAtools_protein_alignment,IPD-IMGT/HLA 3.63.0,2026-02-19 18:49:27.959055
B*57:62,B*57:62,B,Bw4 - 80I,Bw4_80I,classified,I,NLRIALR,Bw4 - 80I,HLAtools_protein_alignment,IPD-IMGT/HLA 3.63.0,2026-02-19 18:49:27.959055
B*57:63,B*57:63,B,Bw4 - 80I,Bw4_80I,classified,I,NLRIALR,Bw4 - 80I,HLAtools_protein_alignment,IPD-IMGT/HLA 3.63.0,2026-02-19 18:49:27.959055
B*57:64,B*57:64,B,Bw4 - 80I,Bw4_80I,classified,I,NLRIALR,Bw4 - 80I,HLAtools_protein_alignment,IPD-IMGT/HLA 3.63.0,2026-02-19 18:49:27.959055
B*57:65,B*57:65,B,Bw4 - 80I,Bw4_80I,classified,I,NLRIALR,Bw4 - 80I,HLAtools_protein_alignment,IPD-IMGT/HLA 3.63.0,2026-02-19 18:49:27.959055
B*57:66,B*57:66,B,Bw4 - 80I,Bw4_80I,classified,I,NLRIALR,Bw4 - 80I,HLAtools_protein_alignment,IPD-IMGT/HLA 3.63.0,2026-02-19 18:49:27.959055
B*57:67,B*57:67,B,Bw4 - 80I,Bw4_80I,classified,I,NLRIALR,Bw4 - 80I,HLAtools_protein_alignment,IPD-IMGT/HLA 3.63.0,2026-02-19 18:49:27.959055
B*57:68,B*57:68,B,Bw4 - 80I,Bw4_80I,classified,I,NLRIALR,Bw4 - 80I,HLAtools_protein_alignment,IPD-IMGT/HLA 3.63.0,2026-02-19 18:49:27.959055
B*57:69,B*57:69,B,Bw4 - 80I,Bw4_80I,classified,I,NLRIALR,Bw4 - 80I,HLAtools_protein_alignment,IPD-IMGT/HLA 3.63.0,2026-02-19 18:49:27.959055
B*57:70,B*57:70,B,Bw4 - 80I,Bw4_80I,classified,I,NLRIALR,Bw4 - 80I,HLAtools_protein_alignment,IPD-IMGT/HLA 3.63.0,2026-02-19 18:49:27.959055
B*57:71,B*57:71,B,Bw4 - 80I,Bw4_80I,classified,I,NLRIALR,Bw4 - 80I,HLAtools_protein_alignment,IPD-IMGT/HLA 3.63.0,2026-02-19 18:49:27.959055
B*57:72,B*57:72,B,Bw4 - 80I,Bw4_80I,classified,I,NLRIALR,Bw4 - 80I,HLAtools_protein_alignment,IPD-IMGT/HLA 3.63.0,2026-02-19 18:49:27.959055
B*57:73,B*57:73,B,Bw4 - 80I,Bw4_80I,classified,I,NLRIALR,Bw4 - 80I,HLAtools_protein_alignment,IPD-IMGT/HLA 3.63.0,2026-02-19 18:49:27.959055
B*57:74,B*57:74,B,Bw4 - 80I,Bw4_80I,classified,I,NLRIALR,Bw4 - 80I,HLAtools_protein_alignment,IPD-IMGT/HLA 3.63.0,2026-02-19 18:49:27.959055
B*57:75,B*57:75,B,Bw4 - 80I,Bw4_80I,classified,I,NLRIALR,Bw4 - 80I,HLAtools_protein_alignment,IPD-IMGT/HLA 3.63.0,2026-02-19 18:49:27.959055
B*57:76,B*57:76,B,Bw4 - 80I,Bw4_80I,classified,I,NLRIALR,Bw4 - 80I,HLAtools_protein_alignment,IPD-IMGT/HLA 3.63.0,2026-02-19 18:49:27.959055
B*57:77,B*57:77,B,Bw4 - 80I,Bw4_80I,classified,I,NLRIALR,Bw4 - 80I,HLAtools_protein_alignment,IPD-IMGT/HLA 3.63.0,2026-02-19 18:49:27.959055
B*57:78,B*57:78,B,Bw4 - 80I,Bw4_80I,classified,I,NLRIALR,Bw4 - 80I,HLAtools_protein_alignment,IPD-IMGT/HLA 3.63.0,2026-02-19 18:49:27.959055
B*57:80,B*57:80,B,Bw4 - 80I,Bw4_80I,classified,I,NLRIALR,Bw4 - 80I,HLAtools_protein_alignment,IPD-IMGT/HLA 3.63.0,2026-02-19 18:49:27.959055
B*57:81,B*57:81,B,Bw4 - 80I,Bw4_80I,classified,I,NLRIALR,Bw4 - 80I,HLAtools_protein_alignment,IPD-IMGT/HLA 3.63.0,2026-02-19 18:49:27.959055
B*57:82,B*57:82,B,Bw4 - 80I,Bw4_80I,classified,I,NLRIALR,Bw4 - 80I,HLAtools_protein_alignment,IPD-IMGT/HLA 3.63.0,2026-02-19 18:49:27.959055
B*57:83,B*57:83,B,Bw4 - 80I,Bw4_80I,classified,I,NLRIALR,Bw4 - 80I,HLAtools_protein_alignment,IPD-IMGT/HLA 3.63.0,2026-02-19 18:49:27.959055
B*57:84,B*57:84,B,Bw4 - 80I,Bw4_80I,classified,I,NLRIALR,Bw4 - 80I,HLAtools_protein_alignment,IPD-IMGT/HLA 3.63.0,2026-02-19 18:49:27.959055
B*57:85,B*57:85,B,Bw4 - 80I,Bw4_80I,classified,I,NLRIALR,Bw4 - 80I,HLAtools_protein_alignment,IPD-IMGT/HLA 3.63.0,2026-02-19 18:49:27.959055
B*57:86,B*57:86,B,Bw4 - 80I,Bw4_80I,classified,I,NLRIALR,Bw4 - 80I,HLAtools_protein_alignment,IPD-IMGT/HLA 3.63.0,2026-02-19 18:49:27.959055
B*57:87,B*57:87,B,Bw4 - 80I,Bw4_80I,classified,I,NLRIALR,Bw4 - 80I,HLAtools_protein_alignment,IPD-IMGT/HLA 3.63.0,2026-02-19 18:49:27.959055
B*57:88,B*57:88,B,Bw4 - 80I,Bw4_80I,classified,I,NLRIALR,Bw4 - 80I,HLAtools_protein_alignment,IPD-IMGT/HLA 3.63.0,2026-02-19 18:49:27.959055
B*57:89,B*57:89,B,Bw4 - 80I,Bw4_80I,classified,I,NLRIALR,Bw4 - 80I,HLAtools_protein_alignment,IPD-IMGT/HLA 3.63.0,2026-02-19 18:49:27.959055
B*57:90,B*57:90,B,Bw4 - 80I,Bw4_80I,classified,I,NLRIALR,Bw4 - 80I,HLAtools_protein_alignment,IPD-IMGT/HLA 3.63.0,2026-02-19 18:49:27.959055
B*57:91,B*57:91,B,Bw4 - 80I,Bw4_80I,classified,I,NLRIALR,Bw4 - 80I,HLAtools_protein_alignment,IPD-IMGT/HLA 3.63.0,2026-02-19 18:49:27.959055
B*57:92,B*57:92,B,Bw4 - 80I,Bw4_80I,classified,I,NLRIALR,Bw4 - 80I,HLAtools_protein_alignment,IPD-IMGT/HLA 3.63.0,2026-02-19 18:49:27.959055
B*57:93,B*57:93,B,Bw4 - 80I,Bw4_80I,classified,I,NLRIALR,Bw4 - 80I,HLAtools_protein_alignment,IPD-IMGT/HLA 3.63.0,2026-02-19 18:49:27.959055
B*57:94,B*57:94,B,Bw4 - 80I,Bw4_80I,classified,I,NLRIALR,Bw4 - 80I,HLAtools_protein_alignment,IPD-IMGT/HLA 3.63.0,2026-02-19 18:49:27.959055
B*57:95,B*57:95,B,Bw4 - 80I,Bw4_80I,classified,I,NLRIALR,Bw4 - 80I,HLAtools_protein_alignment,IPD-IMGT/HLA 3.63.0,2026-02-19 18:49:27.959055
B*57:96,B*57:96,B,Bw4 - 80I,Bw4_80I,classified,I,NLRIALR,Bw4 - 80I,HLAtools_protein_alignment,IPD-IMGT/HLA 3.63.0,2026-02-19 18:49:27.959055
B*57:97,B*57:97,B,Bw4 - 80I,Bw4_80I,classified,I,NLRIALR,Bw4 - 80I,HLAtools_protein_alignment,IPD-IMGT/HLA 3.63.0,2026-02-19 18:49:27.959055
B*57:98Q,B*57:98Q,B,Bw4 - 80I,Bw4_80I,classified,I,NLRIALR,NA,HLAtools_protein_alignment,IPD-IMGT/HLA 3.63.0,2026-02-19 18:49:27.959055
B*57:99,B*57:99,B,Bw4 - 80I,Bw4_80I,classified,I,NLRIALR,Bw4 - 80I,HLAtools_protein_alignment,IPD-IMGT/HLA 3.63.0,2026-02-19 18:49:27.959055
B*58:01,B*58:01,B,Bw4 - 80I,Bw4_80I,classified,I,NLRIALR,Bw4 - 80I,HLAtools_protein_alignment,IPD-IMGT/HLA 3.63.0,2026-02-19 18:49:27.959055
B*58:02,B*58:02,B,Bw4 - 80I,Bw4_80I,classified,I,NLRIALR,Bw4 - 80I,HLAtools_protein_alignment,IPD-IMGT/HLA 3.63.0,2026-02-19 18:49:27.959055
B*58:04,B*58:04,B,Bw4 - 80I,Bw4_80I,classified,I,NLRIALR,Bw4 - 80I,HLAtools_protein_alignment,IPD-IMGT/HLA 3.63.0,2026-02-19 18:49:27.959055
B*58:05,B*58:05,B,Bw4 - 80I,Bw4_80I,classified,I,NLRIALR,Bw4 - 80I,HLAtools_protein_alignment,IPD-IMGT/HLA 3.63.0,2026-02-19 18:49:27.959055
B*58:06,B*58:06,B,Bw4 - 80I,Bw4_80I,classified,I,NLRIALR,Bw4 - 80I,HLAtools_protein_alignment,IPD-IMGT/HLA 3.63.0,2026-02-19 18:49:27.959055
B*58:07,B*58:07,B,Bw4 - 80I,Bw4_80I,classified,I,NLRIALR,Bw4 - 80I,HLAtools_protein_alignment,IPD-IMGT/HLA 3.63.0,2026-02-19 18:49:27.959055
B*58:08,B*58:08,B,Bw4 - 80I,Bw4_80I,classified,I,NLRIALR,Bw4 - 80I,HLAtools_protein_alignment,IPD-IMGT/HLA 3.63.0,2026-02-19 18:49:27.959055
B*58:09,B*58:09,B,Bw4 - 80I,Bw4_80I,classified,I,NLRIALR,Bw4 - 80I,HLAtools_protein_alignment,IPD-IMGT/HLA 3.63.0,2026-02-19 18:49:27.959055
B*58:100,B*58:100,B,Bw4 - 80I,Bw4_80I,classified,I,NLRIALR,Bw4 - 80I,HLAtools_protein_alignment,IPD-IMGT/HLA 3.63.0,2026-02-19 18:49:27.959055
B*58:101,B*58:101,B,Bw4 - 80I,Bw4_80I,classified,I,NLRIALR,Bw4 - 80I,HLAtools_protein_alignment,IPD-IMGT/HLA 3.63.0,2026-02-19 18:49:27.959055
B*58:102,B*58:102,B,Bw4 - 80I,Bw4_80I,classified,I,NLRIALR,Bw4 - 80I,HLAtools_protein_alignment,IPD-IMGT/HLA 3.63.0,2026-02-19 18:49:27.959055
B*58:103,B*58:103,B,Bw4 - 80I,Bw4_80I,classified,I,NLRIALR,Bw4 - 80I,HLAtools_protein_alignment,IPD-IMGT/HLA 3.63.0,2026-02-19 18:49:27.959055
B*58:104,B*58:104,B,Bw4 - 80I,Bw4_80I,classified,I,NLRIALR,Bw4 - 80I,HLAtools_protein_alignment,IPD-IMGT/HLA 3.63.0,2026-02-19 18:49:27.959055
B*58:105,B*58:105,B,Bw4 - 80I,Bw4_80I,classified,I,NLRIALR,Bw4 - 80I,HLAtools_protein_alignment,IPD-IMGT/HLA 3.63.0,2026-02-19 18:49:27.959055
B*58:106,B*58:106,B,Bw4 - 80I,Bw4_80I,classified,I,NLRIALR,Bw4 - 80I,HLAtools_protein_alignment,IPD-IMGT/HLA 3.63.0,2026-02-19 18:49:27.959055
B*58:107,B*58:107,B,Bw4 - 80I,Bw4_80I,classified,I,NLRIALR,Bw4 - 80I,HLAtools_protein_alignment,IPD-IMGT/HLA 3.63.0,2026-02-19 18:49:27.959055
B*58:108,B*58:108,B,Bw4 - 80I,Bw4_80I,classified,I,NLRIALR,Bw4 - 80I,HLAtools_protein_alignment,IPD-IMGT/HLA 3.63.0,2026-02-19 18:49:27.959055
B*58:109,B*58:109,B,Bw4 - 80I,Bw4_80I,classified,I,NLRIALR,Bw4 - 80I,HLAtools_protein_alignment,IPD-IMGT/HLA 3.63.0,2026-02-19 18:49:27.959055
B*58:11,B*58:11,B,Bw4 - 80I,Bw4_80I,classified,I,NLRIALR,Bw4 - 80I,HLAtools_protein_alignment,IPD-IMGT/HLA 3.63.0,2026-02-19 18:49:27.959055
B*58:110,B*58:110,B,Bw4 - 80I,Bw4_80I,classified,I,NLRIALR,Bw4 - 80I,HLAtools_protein_alignment,IPD-IMGT/HLA 3.63.0,2026-02-19 18:49:27.959055
B*58:111,B*58:111,B,Bw4 - 80I,Bw4_80I,classified,I,NLRIALR,Bw4 - 80I,HLAtools_protein_alignment,IPD-IMGT/HLA 3.63.0,2026-02-19 18:49:27.959055
B*58:112,B*58:112,B,Bw4 - 80I,Bw4_80I,classified,I,NLRIALR,Bw4 - 80I,HLAtools_protein_alignment,IPD-IMGT/HLA 3.63.0,2026-02-19 18:49:27.959055
B*58:113,B*58:113,B,Bw4 - 80I,Bw4_80I,classified,I,NLRIALR,Bw4 - 80I,HLAtools_protein_alignment,IPD-IMGT/HLA 3.63.0,2026-02-19 18:49:27.959055
B*58:114,B*58:114,B,Bw4 - 80I,Bw4_80I,classified,I,NLRIALR,Bw4 - 80I,HLAtools_protein_alignment,IPD-IMGT/HLA 3.63.0,2026-02-19 18:49:27.959055
B*58:115,B*58:115,B,Bw4 - 80I,Bw4_80I,classified,I,NLRIALR,Bw4 - 80I,HLAtools_protein_alignment,IPD-IMGT/HLA 3.63.0,2026-02-19 18:49:27.959055
B*58:116,B*58:116,B,Bw4 - 80I,Bw4_80I,classified,I,NLRIALR,Bw4 - 80I,HLAtools_protein_alignment,IPD-IMGT/HLA 3.63.0,2026-02-19 18:49:27.959055
B*58:117,B*58:117,B,Bw4 - 80I,Bw4_80I,classified,I,NLRIALR,Bw4 - 80I,HLAtools_protein_alignment,IPD-IMGT/HLA 3.63.0,2026-02-19 18:49:27.959055
B*58:118,B*58:118,B,Bw4 - 80I,Bw4_80I,classified,I,NLRIALR,Bw4 - 80I,HLAtools_protein_alignment,IPD-IMGT/HLA 3.63.0,2026-02-19 18:49:27.959055
B*58:119,B*58:119,B,Bw4 - 80I,Bw4_80I,classified,I,NLRIALR,Bw4 - 80I,HLAtools_protein_alignment,IPD-IMGT/HLA 3.63.0,2026-02-19 18:49:27.959055
B*58:12,B*58:12,B,Bw4 - 80I,Bw4_80I,classified,I,NLRIALR,Bw4 - 80I,HLAtools_protein_alignment,IPD-IMGT/HLA 3.63.0,2026-02-19 18:49:27.959055
B*58:120,B*58:120,B,Bw4 - 80I,Bw4_80I,classified,I,NLRIALR,Bw4 - 80I,HLAtools_protein_alignment,IPD-IMGT/HLA 3.63.0,2026-02-19 18:49:27.959055
B*58:121,B*58:121,B,Bw4 - 80I,Bw4_80I,classified,I,NLRIALR,Bw4 - 80I,HLAtools_protein_alignment,IPD-IMGT/HLA 3.63.0,2026-02-19 18:49:27.959055
B*58:122,B*58:122,B,Bw4 - 80I,Bw4_80I,classified,I,NLRIALR,Bw4 - 80I,HLAtools_protein_alignment,IPD-IMGT/HLA 3.63.0,2026-02-19 18:49:27.959055
B*58:123,B*58:123,B,Bw4 - 80I,Bw4_80I,classified,I,NLRIALR,Bw4 - 80I,HLAtools_protein_alignment,IPD-IMGT/HLA 3.63.0,2026-02-19 18:49:27.959055
B*58:124,B*58:124,B,Bw4 - 80I,Bw4_80I,classified,I,NLRIALR,Bw4 - 80I,HLAtools_protein_alignment,IPD-IMGT/HLA 3.63.0,2026-02-19 18:49:27.959055
B*58:125,B*58:125,B,Bw4 - 80I,Bw4_80I,classified,I,NLRIALR,Bw4 - 80I,HLAtools_protein_alignment,IPD-IMGT/HLA 3.63.0,2026-02-19 18:49:27.959055
B*58:126,B*58:126,B,Bw4 - 80I,Bw4_80I,classified,I,NLRIALR,Bw4 - 80I,HLAtools_protein_alignment,IPD-IMGT/HLA 3.63.0,2026-02-19 18:49:27.959055
B*58:127,B*58:127,B,Bw4 - 80I,Bw4_80I,classified,I,NLRIALR,Bw4 - 80I,HLAtools_protein_alignment,IPD-IMGT/HLA 3.63.0,2026-02-19 18:49:27.959055
B*58:129,B*58:129,B,Bw4 - 80I,Bw4_80I,classified,I,NLRIALR,Bw4 - 80I,HLAtools_protein_alignment,IPD-IMGT/HLA 3.63.0,2026-02-19 18:49:27.959055
B*58:13,B*58:13,B,Bw4 - 80I,Bw4_80I,classified,I,NLRIALR,Bw4 - 80I,HLAtools_protein_alignment,IPD-IMGT/HLA 3.63.0,2026-02-19 18:49:27.959055
B*58:131,B*58:131,B,Bw4 - 80I,Bw4_80I,classified,I,NLRIALR,Bw4 - 80I,HLAtools_protein_alignment,IPD-IMGT/HLA 3.63.0,2026-02-19 18:49:27.959055
B*58:132,B*58:132,B,Bw4 - 80I,Bw4_80I,classified,I,NLRIALR,Bw4 - 80I,HLAtools_protein_alignment,IPD-IMGT/HLA 3.63.0,2026-02-19 18:49:27.959055
B*58:134,B*58:134,B,Bw4 - 80I,Bw4_80I,classified,I,NLRIALR,Bw4 - 80I,HLAtools_protein_alignment,IPD-IMGT/HLA 3.63.0,2026-02-19 18:49:27.959055
B*58:135,B*58:135,B,Bw4 - 80I,Bw4_80I,classified,I,NLRIALR,Bw4 - 80I,HLAtools_protein_alignment,IPD-IMGT/HLA 3.63.0,2026-02-19 18:49:27.959055
B*58:136,B*58:136,B,Bw4 - 80I,Bw4_80I,classified,I,NLRIALR,Bw4 - 80I,HLAtools_protein_alignment,IPD-IMGT/HLA 3.63.0,2026-02-19 18:49:27.959055
B*58:137,B*58:137,B,Bw4 - 80T,Bw4_80T,classified,T,NLRTALR,Bw4 - 80T,HLAtools_protein_alignment,IPD-IMGT/HLA 3.63.0,2026-02-19 18:49:27.959055
B*58:138,B*58:138,B,Bw4 - 80I,Bw4_80I,classified,I,NLRIALR,Bw4 - 80I,HLAtools_protein_alignment,IPD-IMGT/HLA 3.63.0,2026-02-19 18:49:27.959055
B*58:139,B*58:139,B,Bw4 - 80I,Bw4_80I,classified,I,NLRIALR,Bw4 - 80I,HLAtools_protein_alignment,IPD-IMGT/HLA 3.63.0,2026-02-19 18:49:27.959055
B*58:14,B*58:14,B,Bw4 - 80I,Bw4_80I,classified,I,NLRIALR,Bw4 - 80I,HLAtools_protein_alignment,IPD-IMGT/HLA 3.63.0,2026-02-19 18:49:27.959055
B*58:140,B*58:140,B,Bw4 - 80I,Bw4_80I,classified,I,NLRIALR,Bw4 - 80I,HLAtools_protein_alignment,IPD-IMGT/HLA 3.63.0,2026-02-19 18:49:27.959055
B*58:141,B*58:141,B,Bw4 - 80I,Bw4_80I,classified,I,NLRIALR,Bw4 - 80I,HLAtools_protein_alignment,IPD-IMGT/HLA 3.63.0,2026-02-19 18:49:27.959055
B*58:142,B*58:142,B,Bw4 - 80I,Bw4_80I,classified,I,NLRIALR,Bw4 - 80I,HLAtools_protein_alignment,IPD-IMGT/HLA 3.63.0,2026-02-19 18:49:27.959055
B*58:143,B*58:143,B,Bw4 - 80I,Bw4_80I,classified,I,NLRIALR,Bw4 - 80I,HLAtools_protein_alignment,IPD-IMGT/HLA 3.63.0,2026-02-19 18:49:27.959055
B*58:145,B*58:145,B,Bw4 - 80I,Bw4_80I,classified,I,NLRIALR,Bw4 - 80I,HLAtools_protein_alignment,IPD-IMGT/HLA 3.63.0,2026-02-19 18:49:27.959055
B*58:146,B*58:146,B,Bw4 - 80I,Bw4_80I,classified,I,NLRIALR,Bw4 - 80I,HLAtools_protein_alignment,IPD-IMGT/HLA 3.63.0,2026-02-19 18:49:27.959055
B*58:147,B*58:147,B,Bw4 - 80I,Bw4_80I,classified,I,NLRIALR,Bw4 - 80I,HLAtools_protein_alignment,IPD-IMGT/HLA 3.63.0,2026-02-19 18:49:27.959055
B*58:148,B*58:148,B,Bw4 - 80I,Bw4_80I,classified,I,NLRIALR,Bw4 - 80I,HLAtools_protein_alignment,IPD-IMGT/HLA 3.63.0,2026-02-19 18:49:27.959055
B*58:149,B*58:149,B,Bw4 - 80I,Bw4_80I,classified,I,NLRIALR,Bw4 - 80I,HLAtools_protein_alignment,IPD-IMGT/HLA 3.63.0,2026-02-19 18:49:27.959055
B*58:15,B*58:15,B,Bw4 - 80I,Bw4_80I,classified,I,NLRIALR,Bw4 - 80I,HLAtools_protein_alignment,IPD-IMGT/HLA 3.63.0,2026-02-19 18:49:27.959055
B*58:150,B*58:150,B,Bw4 - 80T,Bw4_80T,classified,T,NLRTLLR,Bw4 - 80T,HLAtools_protein_alignment,IPD-IMGT/HLA 3.63.0,2026-02-19 18:49:27.959055
B*58:151,B*58:151,B,Bw4 - 80I,Bw4_80I,classified,I,NLRIALR,Bw4 - 80I,HLAtools_protein_alignment,IPD-IMGT/HLA 3.63.0,2026-02-19 18:49:27.959055
B*58:152,B*58:152,B,Bw4 - 80I,Bw4_80I,classified,I,NLRIALR,Bw4 - 80I,HLAtools_protein_alignment,IPD-IMGT/HLA 3.63.0,2026-02-19 18:49:27.959055
B*58:153,B*58:153,B,Bw4 - 80I,Bw4_80I,classified,I,NLRIALR,Bw4 - 80I,HLAtools_protein_alignment,IPD-IMGT/HLA 3.63.0,2026-02-19 18:49:27.959055
B*58:154,B*58:154,B,Bw4 - 80I,Bw4_80I,classified,I,NLRIALR,Bw4 - 80I,HLAtools_protein_alignment,IPD-IMGT/HLA 3.63.0,2026-02-19 18:49:27.959055
B*58:155Q,B*58:155Q,B,Bw4 - 80I,Bw4_80I,classified,I,NLRIALR,NA,HLAtools_protein_alignment,IPD-IMGT/HLA 3.63.0,2026-02-19 18:49:27.959055
B*58:156,B*58:156,B,Bw4 - 80I,Bw4_80I,classified,I,NLRIALR,Bw4 - 80I,HLAtools_protein_alignment,IPD-IMGT/HLA 3.63.0,2026-02-19 18:49:27.959055
B*58:157,B*58:157,B,Bw4 - 80I,Bw4_80I,classified,I,NLRIALR,Bw4 - 80I,HLAtools_protein_alignment,IPD-IMGT/HLA 3.63.0,2026-02-19 18:49:27.959055
B*58:158,B*58:158,B,Bw4 - 80I,Bw4_80I,classified,I,NLRIALR,Bw4 - 80I,HLAtools_protein_alignment,IPD-IMGT/HLA 3.63.0,2026-02-19 18:49:27.959055
B*58:159,B*58:159,B,Bw4 - 80I,Bw4_80I,classified,I,NLRIALR,Bw4 - 80I,HLAtools_protein_alignment,IPD-IMGT/HLA 3.63.0,2026-02-19 18:49:27.959055
B*58:16,B*58:16,B,Bw4 - 80I,Bw4_80I,classified,I,NLRIALR,Bw4 - 80I,HLAtools_protein_alignment,IPD-IMGT/HLA 3.63.0,2026-02-19 18:49:27.959055
B*58:160,B*58:160,B,Bw4 - 80I,Bw4_80I,classified,I,NLRIALR,Bw4 - 80I,HLAtools_protein_alignment,IPD-IMGT/HLA 3.63.0,2026-02-19 18:49:27.959055
B*58:161,B*58:161,B,Bw4 - 80I,Bw4_80I,classified,I,NLRIALR,Bw4 - 80I,HLAtools_protein_alignment,IPD-IMGT/HLA 3.63.0,2026-02-19 18:49:27.959055
B*58:162,B*58:162,B,Bw4 - 80I,Bw4_80I,classified,I,NLRIALR,Bw4 - 80I,HLAtools_protein_alignment,IPD-IMGT/HLA 3.63.0,2026-02-19 18:49:27.959055
B*58:163,B*58:163,B,Bw4 - 80I,Bw4_80I,classified,I,NLRIALR,Bw4 - 80I,HLAtools_protein_alignment,IPD-IMGT/HLA 3.63.0,2026-02-19 18:49:27.959055
B*58:164,B*58:164,B,Bw4 - 80I,Bw4_80I,classified,I,NLRIALR,Bw4 - 80I,HLAtools_protein_alignment,IPD-IMGT/HLA 3.63.0,2026-02-19 18:49:27.959055
B*58:165,B*58:165,B,Bw4 - 80I,Bw4_80I,classified,I,NLRIALR,Bw4 - 80I,HLAtools_protein_alignment,IPD-IMGT/HLA 3.63.0,2026-02-19 18:49:27.959055
B*58:166,B*58:166,B,Bw4 - 80I,Bw4_80I,classified,I,NLRIALR,Bw4 - 80I,HLAtools_protein_alignment,IPD-IMGT/HLA 3.63.0,2026-02-19 18:49:27.959055
B*58:167,B*58:167,B,Bw4 - 80I,Bw4_80I,classified,I,NLRIALR,Bw4 - 80I,HLAtools_protein_alignment,IPD-IMGT/HLA 3.63.0,2026-02-19 18:49:27.959055
B*58:168,B*58:168,B,Bw4 - 80I,Bw4_80I,classified,I,NLRIALR,Bw4 - 80I,HLAtools_protein_alignment,IPD-IMGT/HLA 3.63.0,2026-02-19 18:49:27.959055
B*58:169,B*58:169,B,Bw4 - 80I,Bw4_80I,classified,I,NLRIALR,Bw4 - 80I,HLAtools_protein_alignment,IPD-IMGT/HLA 3.63.0,2026-02-19 18:49:27.959055
B*58:18,B*58:18,B,Bw4 - 80I,Bw4_80I,classified,I,NLRIALR,Bw4 - 80I,HLAtools_protein_alignment,IPD-IMGT/HLA 3.63.0,2026-02-19 18:49:27.959055
B*58:19,B*58:19,B,Bw4 - 80I,Bw4_80I,classified,I,NLRIALR,Bw4 - 80I,HLAtools_protein_alignment,IPD-IMGT/HLA 3.63.0,2026-02-19 18:49:27.959055
B*58:20,B*58:20,B,Bw4 - 80I,Bw4_80I,classified,I,NLRIALR,Bw4 - 80I,HLAtools_protein_alignment,IPD-IMGT/HLA 3.63.0,2026-02-19 18:49:27.959055
B*58:21,B*58:21,B,Bw4 - 80I,Bw4_80I,classified,I,NLRIALR,Bw4 - 80I,HLAtools_protein_alignment,IPD-IMGT/HLA 3.63.0,2026-02-19 18:49:27.959055
B*58:22,B*58:22,B,Bw4 - 80I,Bw4_80I,classified,I,NLRIALR,Bw4 - 80I,HLAtools_protein_alignment,IPD-IMGT/HLA 3.63.0,2026-02-19 18:49:27.959055
B*58:23,B*58:23,B,Bw4 - 80I,Bw4_80I,classified,I,NLRIALR,Bw4 - 80I,HLAtools_protein_alignment,IPD-IMGT/HLA 3.63.0,2026-02-19 18:49:27.959055
B*58:24,B*58:24,B,Bw4 - 80I,Bw4_80I,classified,I,NLRIALR,Bw4 - 80I,HLAtools_protein_alignment,IPD-IMGT/HLA 3.63.0,2026-02-19 18:49:27.959055
B*58:25,B*58:25,B,Bw4 - 80I,Bw4_80I,classified,I,NLRIALR,Bw4 - 80I,HLAtools_protein_alignment,IPD-IMGT/HLA 3.63.0,2026-02-19 18:49:27.959055
B*58:26,B*58:26,B,Bw4 - 80I,Bw4_80I,classified,I,NLRIALR,Bw4 - 80I,HLAtools_protein_alignment,IPD-IMGT/HLA 3.63.0,2026-02-19 18:49:27.959055
B*58:27,B*58:27,B,Bw4 - 80I,Bw4_80I,classified,I,NLRIALR,Bw4 - 80I,HLAtools_protein_alignment,IPD-IMGT/HLA 3.63.0,2026-02-19 18:49:27.959055
B*58:28,B*58:28,B,Bw4 - 80I,Bw4_80I,classified,I,NLRIALR,Bw4 - 80I,HLAtools_protein_alignment,IPD-IMGT/HLA 3.63.0,2026-02-19 18:49:27.959055
B*58:29,B*58:29,B,Bw4 - 80I,Bw4_80I,classified,I,NLRIALR,Bw4 - 80I,HLAtools_protein_alignment,IPD-IMGT/HLA 3.63.0,2026-02-19 18:49:27.959055
B*58:32,B*58:32,B,Bw4 - 80I,Bw4_80I,classified,I,NLRIALR,Bw4 - 80I,HLAtools_protein_alignment,IPD-IMGT/HLA 3.63.0,2026-02-19 18:49:27.959055
B*58:33,B*58:33,B,Bw4 - 80I,Bw4_80I,classified,I,NLRIALR,Bw4 - 80I,HLAtools_protein_alignment,IPD-IMGT/HLA 3.63.0,2026-02-19 18:49:27.959055
B*58:34,B*58:34,B,Bw4 - 80I,Bw4_80I,classified,I,NLRIALR,Bw4 - 80I,HLAtools_protein_alignment,IPD-IMGT/HLA 3.63.0,2026-02-19 18:49:27.959055
B*58:35,B*58:35,B,Bw4 - 80I,Bw4_80I,classified,I,NLRIALR,Bw4 - 80I,HLAtools_protein_alignment,IPD-IMGT/HLA 3.63.0,2026-02-19 18:49:27.959055
B*58:36,B*58:36,B,Bw4 - 80I,Bw4_80I,classified,I,NLRIALR,Bw4 - 80I,HLAtools_protein_alignment,IPD-IMGT/HLA 3.63.0,2026-02-19 18:49:27.959055
B*58:37,B*58:37,B,Bw4 - 80I,Bw4_80I,classified,I,NLRIALR,Bw4 - 80I,HLAtools_protein_alignment,IPD-IMGT/HLA 3.63.0,2026-02-19 18:49:27.959055
B*58:38,B*58:38,B,Bw4 - 80I,Bw4_80I,classified,I,NLRIALR,Bw4 - 80I,HLAtools_protein_alignment,IPD-IMGT/HLA 3.63.0,2026-02-19 18:49:27.959055
B*58:40,B*58:40,B,Bw4 - 80I,Bw4_80I,classified,I,NLRIALR,Bw4 - 80I,HLAtools_protein_alignment,IPD-IMGT/HLA 3.63.0,2026-02-19 18:49:27.959055
B*58:41,B*58:41,B,Bw4 - 80I,Bw4_80I,classified,I,NLRIALR,Bw4 - 80I,HLAtools_protein_alignment,IPD-IMGT/HLA 3.63.0,2026-02-19 18:49:27.959055
B*58:42,B*58:42,B,Bw4 - 80I,Bw4_80I,classified,I,NLRIALR,Bw4 - 80I,HLAtools_protein_alignment,IPD-IMGT/HLA 3.63.0,2026-02-19 18:49:27.959055
B*58:43,B*58:43,B,Bw4 - 80I,Bw4_80I,classified,I,NLRIALR,Bw4 - 80I,HLAtools_protein_alignment,IPD-IMGT/HLA 3.63.0,2026-02-19 18:49:27.959055
B*58:44,B*58:44,B,Bw4 - 80I,Bw4_80I,classified,I,NLRIALR,Bw4 - 80I,HLAtools_protein_alignment,IPD-IMGT/HLA 3.63.0,2026-02-19 18:49:27.959055
B*58:45,B*58:45,B,Bw4 - 80I,Bw4_80I,classified,I,NLRIALR,Bw4 - 80I,HLAtools_protein_alignment,IPD-IMGT/HLA 3.63.0,2026-02-19 18:49:27.959055
B*58:46,B*58:46,B,Bw4 - 80I,Bw4_80I,classified,I,NLRIALR,Bw4 - 80I,HLAtools_protein_alignment,IPD-IMGT/HLA 3.63.0,2026-02-19 18:49:27.959055
B*58:47,B*58:47,B,Bw4 - 80I,Bw4_80I,classified,I,NLRIALR,Bw4 - 80I,HLAtools_protein_alignment,IPD-IMGT/HLA 3.63.0,2026-02-19 18:49:27.959055
B*58:48,B*58:48,B,Bw4 - 80I,Bw4_80I,classified,I,NLRIALR,Bw4 - 80I,HLAtools_protein_alignment,IPD-IMGT/HLA 3.63.0,2026-02-19 18:49:27.959055
B*58:49,B*58:49,B,Bw4 - 80I,Bw4_80I,classified,I,NLRIALR,Bw4 - 80I,HLAtools_protein_alignment,IPD-IMGT/HLA 3.63.0,2026-02-19 18:49:27.959055
B*58:50,B*58:50,B,Bw4 - 80I,Bw4_80I,classified,I,NLRIALR,Bw4 - 80I,HLAtools_protein_alignment,IPD-IMGT/HLA 3.63.0,2026-02-19 18:49:27.959055
B*58:51,B*58:51,B,Bw4 - 80I,Bw4_80I,classified,I,NLRIALR,Bw4 - 80I,HLAtools_protein_alignment,IPD-IMGT/HLA 3.63.0,2026-02-19 18:49:27.959055
B*58:52,B*58:52,B,Bw4 - 80I,Bw4_80I,classified,I,NLRIALR,Bw4 - 80I,HLAtools_protein_alignment,IPD-IMGT/HLA 3.63.0,2026-02-19 18:49:27.959055
B*58:53,B*58:53,B,Bw4 - 80I,Bw4_80I,classified,I,NLRIALR,Bw4 - 80I,HLAtools_protein_alignment,IPD-IMGT/HLA 3.63.0,2026-02-19 18:49:27.959055
B*58:54,B*58:54,B,Bw4 - 80I,Bw4_80I,classified,I,NLRIALR,Bw4 - 80I,HLAtools_protein_alignment,IPD-IMGT/HLA 3.63.0,2026-02-19 18:49:27.959055
B*58:55,B*58:55,B,Bw4 - 80I,Bw4_80I,classified,I,NLRIALR,Bw4 - 80I,HLAtools_protein_alignment,IPD-IMGT/HLA 3.63.0,2026-02-19 18:49:27.959055
B*58:56,B*58:56,B,Bw4 - 80I,Bw4_80I,classified,I,NLRIALR,Bw4 - 80I,HLAtools_protein_alignment,IPD-IMGT/HLA 3.63.0,2026-02-19 18:49:27.959055
B*58:57,B*58:57,B,Bw4 - 80I,Bw4_80I,classified,I,NLRIALR,Bw4 - 80I,HLAtools_protein_alignment,IPD-IMGT/HLA 3.63.0,2026-02-19 18:49:27.959055
B*58:58,B*58:58,B,Bw4 - 80I,Bw4_80I,classified,I,NLRIALR,Bw4 - 80I,HLAtools_protein_alignment,IPD-IMGT/HLA 3.63.0,2026-02-19 18:49:27.959055
B*58:59,B*58:59,B,Bw4 - 80I,Bw4_80I,classified,I,NLRIALR,Bw4 - 80I,HLAtools_protein_alignment,IPD-IMGT/HLA 3.63.0,2026-02-19 18:49:27.959055
B*58:60,B*58:60,B,Bw4 - 80I,Bw4_80I,classified,I,NLRIALR,Bw4 - 80I,HLAtools_protein_alignment,IPD-IMGT/HLA 3.63.0,2026-02-19 18:49:27.959055
B*58:61,B*58:61,B,Bw4 - 80I,Bw4_80I,classified,I,NLRIALR,Bw4 - 80I,HLAtools_protein_alignment,IPD-IMGT/HLA 3.63.0,2026-02-19 18:49:27.959055
B*58:62,B*58:62,B,Bw4 - 80I,Bw4_80I,classified,I,NLRIALR,Bw4 - 80I,HLAtools_protein_alignment,IPD-IMGT/HLA 3.63.0,2026-02-19 18:49:27.959055
B*58:63,B*58:63,B,Bw4 - 80I,Bw4_80I,classified,I,NLRIALR,Bw4 - 80I,HLAtools_protein_alignment,IPD-IMGT/HLA 3.63.0,2026-02-19 18:49:27.959055
B*58:64,B*58:64,B,Bw6,Bw6,classified,N,SLRNLRG,Bw6,HLAtools_protein_alignment,IPD-IMGT/HLA 3.63.0,2026-02-19 18:49:27.959055
B*58:65,B*58:65,B,Bw4 - 80I,Bw4_80I,classified,I,NLRIALR,Bw4 - 80I,HLAtools_protein_alignment,IPD-IMGT/HLA 3.63.0,2026-02-19 18:49:27.959055
B*58:66,B*58:66,B,Bw4 - 80I,Bw4_80I,classified,I,NLRIALR,Bw4 - 80I,HLAtools_protein_alignment,IPD-IMGT/HLA 3.63.0,2026-02-19 18:49:27.959055
B*58:67,B*58:67,B,Bw4 - 80I,Bw4_80I,classified,I,NLRIALR,Bw4 - 80I,HLAtools_protein_alignment,IPD-IMGT/HLA 3.63.0,2026-02-19 18:49:27.959055
B*58:68,B*58:68,B,Bw4 - 80I,Bw4_80I,classified,I,NLRIALR,Bw4 - 80I,HLAtools_protein_alignment,IPD-IMGT/HLA 3.63.0,2026-02-19 18:49:27.959055
B*58:69,B*58:69,B,Bw4 - 80I,Bw4_80I,classified,I,NLRIALR,Bw4 - 80I,HLAtools_protein_alignment,IPD-IMGT/HLA 3.63.0,2026-02-19 18:49:27.959055
B*58:70,B*58:70,B,Bw4 - 80I,Bw4_80I,classified,I,NLRIALR,Bw4 - 80I,HLAtools_protein_alignment,IPD-IMGT/HLA 3.63.0,2026-02-19 18:49:27.959055
B*58:71,B*58:71,B,Bw4 - 80I,Bw4_80I,classified,I,NLRIALR,Bw4 - 80I,HLAtools_protein_alignment,IPD-IMGT/HLA 3.63.0,2026-02-19 18:49:27.959055
B*58:73,B*58:73,B,Bw4 - 80I,Bw4_80I,classified,I,NLRIALR,Bw4 - 80I,HLAtools_protein_alignment,IPD-IMGT/HLA 3.63.0,2026-02-19 18:49:27.959055
B*58:74,B*58:74,B,Bw4 - 80I,Bw4_80I,classified,I,NLRIALR,Bw4 - 80I,HLAtools_protein_alignment,IPD-IMGT/HLA 3.63.0,2026-02-19 18:49:27.959055
B*58:75,B*58:75,B,Bw4 - 80I,Bw4_80I,classified,I,KLRIALR,NA,HLAtools_protein_alignment,IPD-IMGT/HLA 3.63.0,2026-02-19 18:49:27.959055
B*58:76,B*58:76,B,Bw4 - 80I,Bw4_80I,classified,I,NLRIALR,Bw4 - 80I,HLAtools_protein_alignment,IPD-IMGT/HLA 3.63.0,2026-02-19 18:49:27.959055
B*58:77,B*58:77,B,Bw4 - 80I,Bw4_80I,classified,I,NLRIALR,Bw4 - 80I,HLAtools_protein_alignment,IPD-IMGT/HLA 3.63.0,2026-02-19 18:49:27.959055
B*58:78,B*58:78,B,Bw4 - 80I,Bw4_80I,classified,I,NLRIALR,Bw4 - 80I,HLAtools_protein_alignment,IPD-IMGT/HLA 3.63.0,2026-02-19 18:49:27.959055
B*58:79,B*58:79,B,Bw4 - 80I,Bw4_80I,classified,I,NLRIALR,Bw4 - 80I,HLAtools_protein_alignment,IPD-IMGT/HLA 3.63.0,2026-02-19 18:49:27.959055
B*58:80,B*58:80,B,Bw4 - 80I,Bw4_80I,classified,I,NLRIALR,Bw4 - 80I,HLAtools_protein_alignment,IPD-IMGT/HLA 3.63.0,2026-02-19 18:49:27.959055
B*58:81,B*58:81,B,Bw4 - 80I,Bw4_80I,classified,I,NLRIALR,Bw4 - 80I,HLAtools_protein_alignment,IPD-IMGT/HLA 3.63.0,2026-02-19 18:49:27.959055
B*58:82,B*58:82,B,Bw4 - 80I,Bw4_80I,classified,I,NLRIALR,Bw4 - 80I,HLAtools_protein_alignment,IPD-IMGT/HLA 3.63.0,2026-02-19 18:49:27.959055
B*58:83,B*58:83,B,Bw4 - 80I,Bw4_80I,classified,I,NLRIALR,Bw4 - 80I,HLAtools_protein_alignment,IPD-IMGT/HLA 3.63.0,2026-02-19 18:49:27.959055
B*58:84,B*58:84,B,Bw4 - 80I,Bw4_80I,classified,I,NLRIALR,Bw4 - 80I,HLAtools_protein_alignment,IPD-IMGT/HLA 3.63.0,2026-02-19 18:49:27.959055
B*58:85,B*58:85,B,Bw4 - 80I,Bw4_80I,classified,I,NLRIALR,Bw4 - 80I,HLAtools_protein_alignment,IPD-IMGT/HLA 3.63.0,2026-02-19 18:49:27.959055
B*58:86,B*58:86,B,Bw4 - 80I,Bw4_80I,classified,I,NLRIALR,Bw4 - 80I,HLAtools_protein_alignment,IPD-IMGT/HLA 3.63.0,2026-02-19 18:49:27.959055
B*58:87,B*58:87,B,Bw4 - 80I,Bw4_80I,classified,I,NLRIALR,Bw4 - 80I,HLAtools_protein_alignment,IPD-IMGT/HLA 3.63.0,2026-02-19 18:49:27.959055
B*58:88,B*58:88,B,Bw4 - 80I,Bw4_80I,classified,I,NLRIALR,Bw4 - 80I,HLAtools_protein_alignment,IPD-IMGT/HLA 3.63.0,2026-02-19 18:49:27.959055
B*58:89,B*58:89,B,Bw4 - 80I,Bw4_80I,classified,I,NLRIALR,Bw4 - 80I,HLAtools_protein_alignment,IPD-IMGT/HLA 3.63.0,2026-02-19 18:49:27.959055
B*58:90,B*58:90,B,Bw4 - 80I,Bw4_80I,classified,I,NLRIALR,Bw4 - 80I,HLAtools_protein_alignment,IPD-IMGT/HLA 3.63.0,2026-02-19 18:49:27.959055
B*58:91,B*58:91,B,Bw4 - 80I,Bw4_80I,classified,I,NLRIALR,Bw4 - 80I,HLAtools_protein_alignment,IPD-IMGT/HLA 3.63.0,2026-02-19 18:49:27.959055
B*58:92,B*58:92,B,Bw4 - 80I,Bw4_80I,classified,I,NLRIALR,Bw4 - 80I,HLAtools_protein_alignment,IPD-IMGT/HLA 3.63.0,2026-02-19 18:49:27.959055
B*58:95,B*58:95,B,Bw4 - 80I,Bw4_80I,classified,I,NLRIALR,Bw4 - 80I,HLAtools_protein_alignment,IPD-IMGT/HLA 3.63.0,2026-02-19 18:49:27.959055
B*58:96,B*58:96,B,Bw4 - 80I,Bw4_80I,classified,I,NLRIALR,Bw4 - 80I,HLAtools_protein_alignment,IPD-IMGT/HLA 3.63.0,2026-02-19 18:49:27.959055
B*58:97,B*58:97,B,Bw4 - 80I,Bw4_80I,classified,I,NLRIALR,Bw4 - 80I,HLAtools_protein_alignment,IPD-IMGT/HLA 3.63.0,2026-02-19 18:49:27.959055
B*58:98,B*58:98,B,Bw4 - 80I,Bw4_80I,classified,I,NLRIALR,Bw4 - 80I,HLAtools_protein_alignment,IPD-IMGT/HLA 3.63.0,2026-02-19 18:49:27.959055
B*58:99,B*58:99,B,Bw4 - 80I,Bw4_80I,classified,I,NLRIALR,Bw4 - 80I,HLAtools_protein_alignment,IPD-IMGT/HLA 3.63.0,2026-02-19 18:49:27.959055
B*59:01,B*59:01,B,Bw4 - 80I,Bw4_80I,classified,I,NLRIALR,Bw4 - 80I,HLAtools_protein_alignment,IPD-IMGT/HLA 3.63.0,2026-02-19 18:49:27.959055
B*59:02,B*59:02,B,Bw4 - 80I,Bw4_80I,classified,I,NLRIALR,Bw4 - 80I,HLAtools_protein_alignment,IPD-IMGT/HLA 3.63.0,2026-02-19 18:49:27.959055
B*59:03,B*59:03,B,Bw4 - 80I,Bw4_80I,classified,I,NLRIALR,Bw4 - 80I,HLAtools_protein_alignment,IPD-IMGT/HLA 3.63.0,2026-02-19 18:49:27.959055
B*59:04,B*59:04,B,Bw4 - 80I,Bw4_80I,classified,I,NLRIALR,Bw4 - 80I,HLAtools_protein_alignment,IPD-IMGT/HLA 3.63.0,2026-02-19 18:49:27.959055
B*59:05,B*59:05,B,Bw4 - 80I,Bw4_80I,classified,I,NLRIALR,Bw4 - 80I,HLAtools_protein_alignment,IPD-IMGT/HLA 3.63.0,2026-02-19 18:49:27.959055
B*59:06,B*59:06,B,Bw4 - 80I,Bw4_80I,classified,I,NLRIALR,Bw4 - 80I,HLAtools_protein_alignment,IPD-IMGT/HLA 3.63.0,2026-02-19 18:49:27.959055
B*59:07,B*59:07,B,Bw4 - 80I,Bw4_80I,classified,I,NLRIALR,Bw4 - 80I,HLAtools_protein_alignment,IPD-IMGT/HLA 3.63.0,2026-02-19 18:49:27.959055
B*59:08,B*59:08,B,Bw4 - 80T,Bw4_80T,classified,T,NLRTALR,Bw4 - 80T,HLAtools_protein_alignment,IPD-IMGT/HLA 3.63.0,2026-02-19 18:49:27.959055
B*59:09,B*59:09,B,Bw4 - 80I,Bw4_80I,classified,I,NLRIALR,Bw4 - 80I,HLAtools_protein_alignment,IPD-IMGT/HLA 3.63.0,2026-02-19 18:49:27.959055
B*59:11,B*59:11,B,Bw4 - 80I,Bw4_80I,classified,I,NLRIALR,Bw4 - 80I,HLAtools_protein_alignment,IPD-IMGT/HLA 3.63.0,2026-02-19 18:49:27.959055
B*59:12,B*59:12,B,Bw4 - 80I,Bw4_80I,classified,I,NLRIALR,Bw4 - 80I,HLAtools_protein_alignment,IPD-IMGT/HLA 3.63.0,2026-02-19 18:49:27.959055
B*67:01,B*67:01,B,Bw6,Bw6,classified,N,SLRNLRG,Bw6,HLAtools_protein_alignment,IPD-IMGT/HLA 3.63.0,2026-02-19 18:49:27.959055
B*67:02,B*67:02,B,Bw6,Bw6,classified,N,SLRNLRG,Bw6,HLAtools_protein_alignment,IPD-IMGT/HLA 3.63.0,2026-02-19 18:49:27.959055
B*67:03,B*67:03,B,Bw6,Bw6,classified,N,SLRNLRG,Bw6,HLAtools_protein_alignment,IPD-IMGT/HLA 3.63.0,2026-02-19 18:49:27.959055
B*67:04,B*67:04,B,Bw6,Bw6,classified,N,SLRNLRG,Bw6,HLAtools_protein_alignment,IPD-IMGT/HLA 3.63.0,2026-02-19 18:49:27.959055
B*67:05,B*67:05,B,Bw6,Bw6,classified,N,SLRNLRG,Bw6,HLAtools_protein_alignment,IPD-IMGT/HLA 3.63.0,2026-02-19 18:49:27.959055
B*67:06,B*67:06,B,Bw6,Bw6,classified,N,SLRNLRG,Bw6,HLAtools_protein_alignment,IPD-IMGT/HLA 3.63.0,2026-02-19 18:49:27.959055
B*67:07,B*67:07,B,Bw6,Bw6,classified,N,SLRNLRG,Bw6,HLAtools_protein_alignment,IPD-IMGT/HLA 3.63.0,2026-02-19 18:49:27.959055
B*73:01,B*73:01,B,Bw6,Bw6,classified,N,GLRNLRG,Bw6,HLAtools_protein_alignment,IPD-IMGT/HLA 3.63.0,2026-02-19 18:49:27.959055
B*73:02,B*73:02,B,Bw6,Bw6,classified,N,GLRNLRG,Bw6,HLAtools_protein_alignment,IPD-IMGT/HLA 3.63.0,2026-02-19 18:49:27.959055
B*73:03,B*73:03,B,Bw6,Bw6,classified,N,GLRNLRG,Bw6,HLAtools_protein_alignment,IPD-IMGT/HLA 3.63.0,2026-02-19 18:49:27.959055
B*73:04,B*73:04,B,Bw6,Bw6,classified,N,GLRNLRG,Bw6,HLAtools_protein_alignment,IPD-IMGT/HLA 3.63.0,2026-02-19 18:49:27.959055
B*73:05,B*73:05,B,Bw6,Bw6,classified,N,GLRNLRG,Bw6,HLAtools_protein_alignment,IPD-IMGT/HLA 3.63.0,2026-02-19 18:49:27.959055
B*73:06,B*73:06,B,Bw6,Bw6,classified,N,GLRNLRG,Bw6,HLAtools_protein_alignment,IPD-IMGT/HLA 3.63.0,2026-02-19 18:49:27.959055
B*78:01,B*78:01,B,Bw6,Bw6,classified,N,SLRNLRG,Bw6,HLAtools_protein_alignment,IPD-IMGT/HLA 3.63.0,2026-02-19 18:49:27.959055
B*78:02,B*78:02,B,Bw6,Bw6,classified,N,SLRNLRG,Bw6,HLAtools_protein_alignment,IPD-IMGT/HLA 3.63.0,2026-02-19 18:49:27.959055
B*78:03,B*78:03,B,Bw6,Bw6,classified,N,SLRNLRG,Bw6,HLAtools_protein_alignment,IPD-IMGT/HLA 3.63.0,2026-02-19 18:49:27.959055
B*78:04,B*78:04,B,Bw6,Bw6,classified,N,SLRNLRG,Bw6,HLAtools_protein_alignment,IPD-IMGT/HLA 3.63.0,2026-02-19 18:49:27.959055
B*78:05,B*78:05,B,Bw6,Bw6,classified,N,SLRNLRG,Bw6,HLAtools_protein_alignment,IPD-IMGT/HLA 3.63.0,2026-02-19 18:49:27.959055
B*78:06,B*78:06,B,Bw6,Bw6,classified,N,NLRNLRG,NA,HLAtools_protein_alignment,IPD-IMGT/HLA 3.63.0,2026-02-19 18:49:27.959055
B*78:07,B*78:07,B,Bw6,Bw6,classified,N,SLRNLRG,Bw6,HLAtools_protein_alignment,IPD-IMGT/HLA 3.63.0,2026-02-19 18:49:27.959055
B*78:08,B*78:08,B,Bw6,Bw6,classified,N,SLRNLRG,Bw6,HLAtools_protein_alignment,IPD-IMGT/HLA 3.63.0,2026-02-19 18:49:27.959055
B*78:09,B*78:09,B,Bw6,Bw6,classified,N,NLRNLRG,NA,HLAtools_protein_alignment,IPD-IMGT/HLA 3.63.0,2026-02-19 18:49:27.959055
B*78:10,B*78:10,B,Bw6,Bw6,classified,N,NLRNLRG,NA,HLAtools_protein_alignment,IPD-IMGT/HLA 3.63.0,2026-02-19 18:49:27.959055
B*81:01,B*81:01,B,Bw6,Bw6,classified,N,SLRNLRG,Bw6,HLAtools_protein_alignment,IPD-IMGT/HLA 3.63.0,2026-02-19 18:49:27.959055
B*81:02,B*81:02,B,Bw6,Bw6,classified,N,SLRNLRG,Bw6,HLAtools_protein_alignment,IPD-IMGT/HLA 3.63.0,2026-02-19 18:49:27.959055
B*81:03,B*81:03,B,Bw6,Bw6,classified,N,SLRNLRG,Bw6,HLAtools_protein_alignment,IPD-IMGT/HLA 3.63.0,2026-02-19 18:49:27.959055
B*81:05,B*81:05,B,Bw6,Bw6,classified,N,SLRNLRG,Bw6,HLAtools_protein_alignment,IPD-IMGT/HLA 3.63.0,2026-02-19 18:49:27.959055
B*81:06,B*81:06,B,Bw6,Bw6,classified,N,SLRNLRG,Bw6,HLAtools_protein_alignment,IPD-IMGT/HLA 3.63.0,2026-02-19 18:49:27.959055
B*81:07,B*81:07,B,Bw6,Bw6,classified,N,SLRNLRG,Bw6,HLAtools_protein_alignment,IPD-IMGT/HLA 3.63.0,2026-02-19 18:49:27.959055
B*81:08,B*81:08,B,Bw6,Bw6,classified,N,SLRNLRG,Bw6,HLAtools_protein_alignment,IPD-IMGT/HLA 3.63.0,2026-02-19 18:49:27.959055
B*81:09,B*81:09,B,Bw6,Bw6,classified,N,SLRNLRG,Bw6,HLAtools_protein_alignment,IPD-IMGT/HLA 3.63.0,2026-02-19 18:49:27.959055
B*81:10,B*81:10,B,Bw6,Bw6,classified,N,SLRNLRG,Bw6,HLAtools_protein_alignment,IPD-IMGT/HLA 3.63.0,2026-02-19 18:49:27.959055
B*81:11,B*81:11,B,Bw6,Bw6,classified,N,SLRNLRG,Bw6,HLAtools_protein_alignment,IPD-IMGT/HLA 3.63.0,2026-02-19 18:49:27.959055
B*81:12,B*81:12,B,Bw6,Bw6,classified,N,SLRNLRG,Bw6,HLAtools_protein_alignment,IPD-IMGT/HLA 3.63.0,2026-02-19 18:49:27.959055
B*81:13,B*81:13,B,Bw6,Bw6,classified,N,SLRNLRG,Bw6,HLAtools_protein_alignment,IPD-IMGT/HLA 3.63.0,2026-02-19 18:49:27.959055
B*81:14,B*81:14,B,Bw6,Bw6,classified,N,SLRNLRG,Bw6,HLAtools_protein_alignment,IPD-IMGT/HLA 3.63.0,2026-02-19 18:49:27.959055
B*81:15,B*81:15,B,Bw6,Bw6,classified,N,SLRNLRG,Bw6,HLAtools_protein_alignment,IPD-IMGT/HLA 3.63.0,2026-02-19 18:49:27.959055
B*81:16,B*81:16,B,Bw6,Bw6,classified,N,SLRNLRG,Bw6,HLAtools_protein_alignment,IPD-IMGT/HLA 3.63.0,2026-02-19 18:49:27.959055
B*82:01,B*82:01,B,Bw6,Bw6,classified,N,SLRNLRG,Bw6,HLAtools_protein_alignment,IPD-IMGT/HLA 3.63.0,2026-02-19 18:49:27.959055
B*82:02,B*82:02,B,Bw6,Bw6,classified,N,SLRNLRG,Bw6,HLAtools_protein_alignment,IPD-IMGT/HLA 3.63.0,2026-02-19 18:49:27.959055
B*82:03,B*82:03,B,Bw6,Bw6,classified,N,SLRNLRG,Bw6,HLAtools_protein_alignment,IPD-IMGT/HLA 3.63.0,2026-02-19 18:49:27.959055
B*82:04,B*82:04,B,Bw6,Bw6,classified,N,SLRNLRG,Bw6,HLAtools_protein_alignment,IPD-IMGT/HLA 3.63.0,2026-02-19 18:49:27.959055
B*83:01,B*83:01,B,Bw6,Bw6,classified,N,SLRNLRG,Bw6,HLAtools_protein_alignment,IPD-IMGT/HLA 3.63.0,2026-02-19 18:49:27.959055
