allele_2field,kir_ligand,n_alleles_collapsed,source,fetch_date
C*01:02,C1,180,IPD_API,2026-02-19 18:48:42.089785
C*01:03,C1,3,IPD_API,2026-02-19 18:48:42.089785
C*01:04,C1,1,IPD_API,2026-02-19 18:48:42.089785
C*01:05,C1,1,IPD_API,2026-02-19 18:48:42.089785
C*01:06,C1,1,IPD_API,2026-02-19 18:48:42.089785
C*01:07,C1,2,IPD_API,2026-02-19 18:48:42.089785
C*01:08,C1,1,IPD_API,2026-02-19 18:48:42.089785
C*01:09,C1,2,IPD_API,2026-02-19 18:48:42.089785
C*01:10,C1,1,IPD_API,2026-02-19 18:48:42.089785
C*01:100,C1,1,IPD_API,2026-02-19 18:48:42.089785
C*01:101,C1,1,IPD_API,2026-02-19 18:48:42.089785
C*01:102,C1,1,IPD_API,2026-02-19 18:48:42.089785
C*01:103,C1,1,IPD_API,2026-02-19 18:48:42.089785
C*01:104,C1,1,IPD_API,2026-02-19 18:48:42.089785
C*01:105,C1,1,IPD_API,2026-02-19 18:48:42.089785
C*01:106,C1,1,IPD_API,2026-02-19 18:48:42.089785
C*01:107,C1,1,IPD_API,2026-02-19 18:48:42.089785
C*01:108,C1,1,IPD_API,2026-02-19 18:48:42.089785
C*01:11,C1,1,IPD_API,2026-02-19 18:48:42.089785
C*01:110,C1,1,IPD_API,2026-02-19 18:48:42.089785
C*01:112,C1,1,IPD_API,2026-02-19 18:48:42.089785
C*01:113,C1,1,IPD_API,2026-02-19 18:48:42.089785
C*01:114,C1,2,IPD_API,2026-02-19 18:48:42.089785
C*01:115,C1,1,IPD_API,2026-02-19 18:48:42.089785
C*01:116,C1,1,IPD_API,2026-02-19 18:48:42.089785
C*01:118,C1,1,IPD_API,2026-02-19 18:48:42.089785
C*01:119,C1,1,IPD_API,2026-02-19 18:48:42.089785
C*01:12,C1,2,IPD_API,2026-02-19 18:48:42.089785
C*01:120,C1,1,IPD_API,2026-02-19 18:48:42.089785
C*01:121,C1,1,IPD_API,2026-02-19 18:48:42.089785
C*01:122,C1,1,IPD_API,2026-02-19 18:48:42.089785
C*01:123,C1,1,IPD_API,2026-02-19 18:48:42.089785
C*01:124,C1,1,IPD_API,2026-02-19 18:48:42.089785
C*01:125,C1,1,IPD_API,2026-02-19 18:48:42.089785
C*01:126,C1,1,IPD_API,2026-02-19 18:48:42.089785
C*01:127,C1,2,IPD_API,2026-02-19 18:48:42.089785
C*01:128,C1,1,IPD_API,2026-02-19 18:48:42.089785
C*01:129,C1,1,IPD_API,2026-02-19 18:48:42.089785
C*01:13,C1,1,IPD_API,2026-02-19 18:48:42.089785
C*01:130,C1,1,IPD_API,2026-02-19 18:48:42.089785
C*01:131,C1,1,IPD_API,2026-02-19 18:48:42.089785
C*01:132,C1,1,IPD_API,2026-02-19 18:48:42.089785
C*01:133,C1,1,IPD_API,2026-02-19 18:48:42.089785
C*01:134,C1,1,IPD_API,2026-02-19 18:48:42.089785
C*01:135,C1,1,IPD_API,2026-02-19 18:48:42.089785
C*01:136,C1,1,IPD_API,2026-02-19 18:48:42.089785
C*01:138,C1,1,IPD_API,2026-02-19 18:48:42.089785
C*01:139,C1,1,IPD_API,2026-02-19 18:48:42.089785
C*01:14,C2,1,IPD_API,2026-02-19 18:48:42.089785
C*01:140,C1,1,IPD_API,2026-02-19 18:48:42.089785
C*01:141,C1,1,IPD_API,2026-02-19 18:48:42.089785
C*01:142,C1,1,IPD_API,2026-02-19 18:48:42.089785
C*01:144,C1,1,IPD_API,2026-02-19 18:48:42.089785
C*01:146,C1,2,IPD_API,2026-02-19 18:48:42.089785
C*01:147,C1,2,IPD_API,2026-02-19 18:48:42.089785
C*01:148,C1,1,IPD_API,2026-02-19 18:48:42.089785
C*01:149,C1,1,IPD_API,2026-02-19 18:48:42.089785
C*01:15,C1,2,IPD_API,2026-02-19 18:48:42.089785
C*01:150,C1,1,IPD_API,2026-02-19 18:48:42.089785
C*01:151,C1,1,IPD_API,2026-02-19 18:48:42.089785
C*01:152,C1,1,IPD_API,2026-02-19 18:48:42.089785
C*01:153,C1,1,IPD_API,2026-02-19 18:48:42.089785
C*01:154,C2,1,IPD_API,2026-02-19 18:48:42.089785
C*01:155,C1,1,IPD_API,2026-02-19 18:48:42.089785
C*01:156,C1,1,IPD_API,2026-02-19 18:48:42.089785
C*01:157,C1,1,IPD_API,2026-02-19 18:48:42.089785
C*01:158,C1,1,IPD_API,2026-02-19 18:48:42.089785
C*01:159,C1,1,IPD_API,2026-02-19 18:48:42.089785
C*01:16,C1,1,IPD_API,2026-02-19 18:48:42.089785
C*01:160,C1,1,IPD_API,2026-02-19 18:48:42.089785
C*01:161,C1,1,IPD_API,2026-02-19 18:48:42.089785
C*01:162,C1,1,IPD_API,2026-02-19 18:48:42.089785
C*01:163,C1,1,IPD_API,2026-02-19 18:48:42.089785
C*01:164,C1,1,IPD_API,2026-02-19 18:48:42.089785
C*01:165,C1,1,IPD_API,2026-02-19 18:48:42.089785
C*01:166,C1,1,IPD_API,2026-02-19 18:48:42.089785
C*01:167,C1,1,IPD_API,2026-02-19 18:48:42.089785
C*01:168,C1,1,IPD_API,2026-02-19 18:48:42.089785
C*01:169,C1,2,IPD_API,2026-02-19 18:48:42.089785
C*01:17,C1,1,IPD_API,2026-02-19 18:48:42.089785
C*01:170,C1,1,IPD_API,2026-02-19 18:48:42.089785
C*01:172,C1,1,IPD_API,2026-02-19 18:48:42.089785
C*01:173,C1,1,IPD_API,2026-02-19 18:48:42.089785
C*01:174,C1,1,IPD_API,2026-02-19 18:48:42.089785
C*01:175,C1,1,IPD_API,2026-02-19 18:48:42.089785
C*01:176,C1,1,IPD_API,2026-02-19 18:48:42.089785
C*01:177,C1,1,IPD_API,2026-02-19 18:48:42.089785
C*01:178,C1,1,IPD_API,2026-02-19 18:48:42.089785
C*01:179,C1,1,IPD_API,2026-02-19 18:48:42.089785
C*01:18,C1,1,IPD_API,2026-02-19 18:48:42.089785
C*01:180,C1,1,IPD_API,2026-02-19 18:48:42.089785
C*01:182,C1,1,IPD_API,2026-02-19 18:48:42.089785
C*01:183,C1,1,IPD_API,2026-02-19 18:48:42.089785
C*01:184,C1,1,IPD_API,2026-02-19 18:48:42.089785
C*01:185,C1,1,IPD_API,2026-02-19 18:48:42.089785
C*01:186,C1,1,IPD_API,2026-02-19 18:48:42.089785
C*01:187,C1,1,IPD_API,2026-02-19 18:48:42.089785
C*01:188,C1,1,IPD_API,2026-02-19 18:48:42.089785
C*01:189,C1,1,IPD_API,2026-02-19 18:48:42.089785
C*01:19,C1,1,IPD_API,2026-02-19 18:48:42.089785
C*01:190,C1,1,IPD_API,2026-02-19 18:48:42.089785
C*01:191,C1,1,IPD_API,2026-02-19 18:48:42.089785
C*01:192,C1,1,IPD_API,2026-02-19 18:48:42.089785
C*01:193,C1,1,IPD_API,2026-02-19 18:48:42.089785
C*01:194,C1,1,IPD_API,2026-02-19 18:48:42.089785
C*01:195,C1,1,IPD_API,2026-02-19 18:48:42.089785
C*01:196,C1,1,IPD_API,2026-02-19 18:48:42.089785
C*01:197,C1,1,IPD_API,2026-02-19 18:48:42.089785
C*01:198,C1,1,IPD_API,2026-02-19 18:48:42.089785
C*01:199,C1,1,IPD_API,2026-02-19 18:48:42.089785
C*01:20,C1,1,IPD_API,2026-02-19 18:48:42.089785
C*01:200,C1,1,IPD_API,2026-02-19 18:48:42.089785
C*01:201,C1,1,IPD_API,2026-02-19 18:48:42.089785
C*01:202,C1,1,IPD_API,2026-02-19 18:48:42.089785
C*01:203,C1,1,IPD_API,2026-02-19 18:48:42.089785
C*01:204,C1,1,IPD_API,2026-02-19 18:48:42.089785
C*01:205,C1,1,IPD_API,2026-02-19 18:48:42.089785
C*01:206,C1,1,IPD_API,2026-02-19 18:48:42.089785
C*01:207,C1,1,IPD_API,2026-02-19 18:48:42.089785
C*01:208,C1,1,IPD_API,2026-02-19 18:48:42.089785
C*01:209,C1,1,IPD_API,2026-02-19 18:48:42.089785
C*01:21,C1,1,IPD_API,2026-02-19 18:48:42.089785
C*01:210,C1,1,IPD_API,2026-02-19 18:48:42.089785
C*01:212,C1,1,IPD_API,2026-02-19 18:48:42.089785
C*01:213,C1,1,IPD_API,2026-02-19 18:48:42.089785
C*01:214,C1,1,IPD_API,2026-02-19 18:48:42.089785
C*01:215,C1,1,IPD_API,2026-02-19 18:48:42.089785
C*01:216,C1,1,IPD_API,2026-02-19 18:48:42.089785
C*01:217,C1,2,IPD_API,2026-02-19 18:48:42.089785
C*01:218,C1,1,IPD_API,2026-02-19 18:48:42.089785
C*01:219,C1,1,IPD_API,2026-02-19 18:48:42.089785
C*01:22,C1,1,IPD_API,2026-02-19 18:48:42.089785
C*01:220,C1,1,IPD_API,2026-02-19 18:48:42.089785
C*01:221,C1,1,IPD_API,2026-02-19 18:48:42.089785
C*01:223,C1,1,IPD_API,2026-02-19 18:48:42.089785
C*01:225,C1,1,IPD_API,2026-02-19 18:48:42.089785
C*01:226,C1,1,IPD_API,2026-02-19 18:48:42.089785
C*01:227,C1,1,IPD_API,2026-02-19 18:48:42.089785
C*01:23,C1,1,IPD_API,2026-02-19 18:48:42.089785
C*01:230,C1,1,IPD_API,2026-02-19 18:48:42.089785
C*01:232,C1,1,IPD_API,2026-02-19 18:48:42.089785
C*01:233,C1,1,IPD_API,2026-02-19 18:48:42.089785
C*01:234,C1,1,IPD_API,2026-02-19 18:48:42.089785
C*01:235,C1,1,IPD_API,2026-02-19 18:48:42.089785
C*01:236,C1,1,IPD_API,2026-02-19 18:48:42.089785
C*01:237,C1,1,IPD_API,2026-02-19 18:48:42.089785
C*01:238,C1,1,IPD_API,2026-02-19 18:48:42.089785
C*01:239,C1,1,IPD_API,2026-02-19 18:48:42.089785
C*01:24,C1,1,IPD_API,2026-02-19 18:48:42.089785
C*01:240,C1,1,IPD_API,2026-02-19 18:48:42.089785
C*01:241,C1,1,IPD_API,2026-02-19 18:48:42.089785
C*01:242,C1,1,IPD_API,2026-02-19 18:48:42.089785
C*01:243,C1,1,IPD_API,2026-02-19 18:48:42.089785
C*01:244,C1,1,IPD_API,2026-02-19 18:48:42.089785
C*01:245,C1,1,IPD_API,2026-02-19 18:48:42.089785
C*01:246,C1,1,IPD_API,2026-02-19 18:48:42.089785
C*01:247,C1,1,IPD_API,2026-02-19 18:48:42.089785
C*01:248,C1,1,IPD_API,2026-02-19 18:48:42.089785
C*01:249,C1,1,IPD_API,2026-02-19 18:48:42.089785
C*01:25,C1,1,IPD_API,2026-02-19 18:48:42.089785
C*01:250,C1,1,IPD_API,2026-02-19 18:48:42.089785
C*01:251,C1,1,IPD_API,2026-02-19 18:48:42.089785
C*01:252,C1,1,IPD_API,2026-02-19 18:48:42.089785
C*01:253,C1,1,IPD_API,2026-02-19 18:48:42.089785
C*01:254,C1,1,IPD_API,2026-02-19 18:48:42.089785
C*01:255,C1,1,IPD_API,2026-02-19 18:48:42.089785
C*01:256,C1,1,IPD_API,2026-02-19 18:48:42.089785
C*01:258,C1,1,IPD_API,2026-02-19 18:48:42.089785
C*01:259,C1,1,IPD_API,2026-02-19 18:48:42.089785
C*01:26,C1,1,IPD_API,2026-02-19 18:48:42.089785
C*01:260,C1,1,IPD_API,2026-02-19 18:48:42.089785
C*01:261,C1,1,IPD_API,2026-02-19 18:48:42.089785
C*01:262,C1,1,IPD_API,2026-02-19 18:48:42.089785
C*01:263,C1,1,IPD_API,2026-02-19 18:48:42.089785
C*01:264,C1,1,IPD_API,2026-02-19 18:48:42.089785
C*01:267,C1,1,IPD_API,2026-02-19 18:48:42.089785
C*01:268,C1,1,IPD_API,2026-02-19 18:48:42.089785
C*01:269,C1,1,IPD_API,2026-02-19 18:48:42.089785
C*01:27,C1,1,IPD_API,2026-02-19 18:48:42.089785
C*01:270,C1,1,IPD_API,2026-02-19 18:48:42.089785
C*01:271,C1,1,IPD_API,2026-02-19 18:48:42.089785
C*01:272,C1,1,IPD_API,2026-02-19 18:48:42.089785
C*01:273,C1,1,IPD_API,2026-02-19 18:48:42.089785
C*01:274,C1,1,IPD_API,2026-02-19 18:48:42.089785
C*01:276,C1,1,IPD_API,2026-02-19 18:48:42.089785
C*01:277,C1,1,IPD_API,2026-02-19 18:48:42.089785
C*01:278,C1,1,IPD_API,2026-02-19 18:48:42.089785
C*01:28,C1,1,IPD_API,2026-02-19 18:48:42.089785
C*01:280,C1,1,IPD_API,2026-02-19 18:48:42.089785
C*01:281,C1,1,IPD_API,2026-02-19 18:48:42.089785
C*01:282,C1,1,IPD_API,2026-02-19 18:48:42.089785
C*01:283,C1,1,IPD_API,2026-02-19 18:48:42.089785
C*01:284,C1,1,IPD_API,2026-02-19 18:48:42.089785
C*01:285,C1,1,IPD_API,2026-02-19 18:48:42.089785
C*01:287,C1,1,IPD_API,2026-02-19 18:48:42.089785
C*01:288,C1,1,IPD_API,2026-02-19 18:48:42.089785
C*01:289,C1,1,IPD_API,2026-02-19 18:48:42.089785
C*01:29,C1,1,IPD_API,2026-02-19 18:48:42.089785
C*01:290,C1,1,IPD_API,2026-02-19 18:48:42.089785
C*01:291,C1,1,IPD_API,2026-02-19 18:48:42.089785
C*01:292,C1,1,IPD_API,2026-02-19 18:48:42.089785
C*01:293,C1,1,IPD_API,2026-02-19 18:48:42.089785
C*01:294,C1,1,IPD_API,2026-02-19 18:48:42.089785
C*01:30,C1,1,IPD_API,2026-02-19 18:48:42.089785
C*01:31,C1,1,IPD_API,2026-02-19 18:48:42.089785
C*01:32,C1,2,IPD_API,2026-02-19 18:48:42.089785
C*01:33,C1,1,IPD_API,2026-02-19 18:48:42.089785
C*01:34,C1,1,IPD_API,2026-02-19 18:48:42.089785
C*01:35,C1,1,IPD_API,2026-02-19 18:48:42.089785
C*01:36,C1,2,IPD_API,2026-02-19 18:48:42.089785
C*01:38,C1,1,IPD_API,2026-02-19 18:48:42.089785
C*01:39,C1,1,IPD_API,2026-02-19 18:48:42.089785
C*01:40,C1,1,IPD_API,2026-02-19 18:48:42.089785
C*01:41,C1,1,IPD_API,2026-02-19 18:48:42.089785
C*01:42,C1,1,IPD_API,2026-02-19 18:48:42.089785
C*01:43,C1,1,IPD_API,2026-02-19 18:48:42.089785
C*01:44,C1,1,IPD_API,2026-02-19 18:48:42.089785
C*01:45,C1,1,IPD_API,2026-02-19 18:48:42.089785
C*01:46,C1,1,IPD_API,2026-02-19 18:48:42.089785
C*01:47,C1,1,IPD_API,2026-02-19 18:48:42.089785
C*01:48,C1,1,IPD_API,2026-02-19 18:48:42.089785
C*01:49,C1,2,IPD_API,2026-02-19 18:48:42.089785
C*01:50,C1,1,IPD_API,2026-02-19 18:48:42.089785
C*01:51,C1,1,IPD_API,2026-02-19 18:48:42.089785
C*01:52,C1,1,IPD_API,2026-02-19 18:48:42.089785
C*01:53,C1,1,IPD_API,2026-02-19 18:48:42.089785
C*01:54,C1,1,IPD_API,2026-02-19 18:48:42.089785
C*01:55,C1,1,IPD_API,2026-02-19 18:48:42.089785
C*01:57,C1,1,IPD_API,2026-02-19 18:48:42.089785
C*01:58,C1,1,IPD_API,2026-02-19 18:48:42.089785
C*01:59,C1,1,IPD_API,2026-02-19 18:48:42.089785
C*01:60,C1,1,IPD_API,2026-02-19 18:48:42.089785
C*01:61,C1,1,IPD_API,2026-02-19 18:48:42.089785
C*01:62,C1,1,IPD_API,2026-02-19 18:48:42.089785
C*01:63,C1,1,IPD_API,2026-02-19 18:48:42.089785
C*01:64,C1,1,IPD_API,2026-02-19 18:48:42.089785
C*01:65,C1,2,IPD_API,2026-02-19 18:48:42.089785
C*01:66,C1,1,IPD_API,2026-02-19 18:48:42.089785
C*01:67,C1,1,IPD_API,2026-02-19 18:48:42.089785
C*01:68,C1,1,IPD_API,2026-02-19 18:48:42.089785
C*01:70,C1,1,IPD_API,2026-02-19 18:48:42.089785
C*01:71,C1,1,IPD_API,2026-02-19 18:48:42.089785
C*01:72,C1,1,IPD_API,2026-02-19 18:48:42.089785
C*01:73,C1,1,IPD_API,2026-02-19 18:48:42.089785
C*01:74,C1,1,IPD_API,2026-02-19 18:48:42.089785
C*01:75,C1,1,IPD_API,2026-02-19 18:48:42.089785
C*01:76,C1,1,IPD_API,2026-02-19 18:48:42.089785
C*01:77,C1,1,IPD_API,2026-02-19 18:48:42.089785
C*01:78,C1,1,IPD_API,2026-02-19 18:48:42.089785
C*01:79,C1,2,IPD_API,2026-02-19 18:48:42.089785
C*01:80,C1,1,IPD_API,2026-02-19 18:48:42.089785
C*01:81,C1,1,IPD_API,2026-02-19 18:48:42.089785
C*01:82,C1,1,IPD_API,2026-02-19 18:48:42.089785
C*01:83,C1,1,IPD_API,2026-02-19 18:48:42.089785
C*01:84,C1,1,IPD_API,2026-02-19 18:48:42.089785
C*01:85,C1,1,IPD_API,2026-02-19 18:48:42.089785
C*01:87,C1,1,IPD_API,2026-02-19 18:48:42.089785
C*01:88,C1,2,IPD_API,2026-02-19 18:48:42.089785
C*01:90,C1,1,IPD_API,2026-02-19 18:48:42.089785
C*01:91,C1,1,IPD_API,2026-02-19 18:48:42.089785
C*01:92,C1,1,IPD_API,2026-02-19 18:48:42.089785
C*01:93,C1,1,IPD_API,2026-02-19 18:48:42.089785
C*01:94,C1,1,IPD_API,2026-02-19 18:48:42.089785
C*01:95,C1,1,IPD_API,2026-02-19 18:48:42.089785
C*01:96,C1,1,IPD_API,2026-02-19 18:48:42.089785
C*01:97,C1,1,IPD_API,2026-02-19 18:48:42.089785
C*01:99,C1,1,IPD_API,2026-02-19 18:48:42.089785
C*02:02,C2,166,IPD_API,2026-02-19 18:48:42.089785
C*02:03,C2,1,IPD_API,2026-02-19 18:48:42.089785
C*02:04,C2,1,IPD_API,2026-02-19 18:48:42.089785
C*02:05,C2,3,IPD_API,2026-02-19 18:48:42.089785
C*02:06,C2,2,IPD_API,2026-02-19 18:48:42.089785
C*02:07,C2,1,IPD_API,2026-02-19 18:48:42.089785
C*02:08,C2,2,IPD_API,2026-02-19 18:48:42.089785
C*02:09,C2,1,IPD_API,2026-02-19 18:48:42.089785
C*02:10,C2,30,IPD_API,2026-02-19 18:48:42.089785
C*02:100,C2,1,IPD_API,2026-02-19 18:48:42.089785
C*02:101,C2,1,IPD_API,2026-02-19 18:48:42.089785
C*02:102,C2,1,IPD_API,2026-02-19 18:48:42.089785
C*02:103,C2,1,IPD_API,2026-02-19 18:48:42.089785
C*02:104,C2,1,IPD_API,2026-02-19 18:48:42.089785
C*02:106,C2,1,IPD_API,2026-02-19 18:48:42.089785
C*02:107,C2,1,IPD_API,2026-02-19 18:48:42.089785
C*02:108,C2,1,IPD_API,2026-02-19 18:48:42.089785
C*02:109,C2,1,IPD_API,2026-02-19 18:48:42.089785
C*02:11,C2,1,IPD_API,2026-02-19 18:48:42.089785
C*02:110,C2,1,IPD_API,2026-02-19 18:48:42.089785
C*02:111,C2,1,IPD_API,2026-02-19 18:48:42.089785
C*02:112,C2,1,IPD_API,2026-02-19 18:48:42.089785
C*02:113,C2,1,IPD_API,2026-02-19 18:48:42.089785
C*02:114,C2,1,IPD_API,2026-02-19 18:48:42.089785
C*02:115,C1,1,IPD_API,2026-02-19 18:48:42.089785
C*02:116,C2,1,IPD_API,2026-02-19 18:48:42.089785
C*02:117,C2,1,IPD_API,2026-02-19 18:48:42.089785
C*02:118,C2,1,IPD_API,2026-02-19 18:48:42.089785
C*02:119,C2,1,IPD_API,2026-02-19 18:48:42.089785
C*02:12,C2,1,IPD_API,2026-02-19 18:48:42.089785
C*02:120,C2,1,IPD_API,2026-02-19 18:48:42.089785
C*02:122,C2,1,IPD_API,2026-02-19 18:48:42.089785
C*02:123,C2,1,IPD_API,2026-02-19 18:48:42.089785
C*02:124,C2,1,IPD_API,2026-02-19 18:48:42.089785
C*02:125,C2,1,IPD_API,2026-02-19 18:48:42.089785
C*02:126,C2,1,IPD_API,2026-02-19 18:48:42.089785
C*02:127,C2,1,IPD_API,2026-02-19 18:48:42.089785
C*02:128,C2,1,IPD_API,2026-02-19 18:48:42.089785
C*02:129,C2,1,IPD_API,2026-02-19 18:48:42.089785
C*02:13,C2,1,IPD_API,2026-02-19 18:48:42.089785
C*02:130,C2,1,IPD_API,2026-02-19 18:48:42.089785
C*02:131,C1,1,IPD_API,2026-02-19 18:48:42.089785
C*02:132,C2,1,IPD_API,2026-02-19 18:48:42.089785
C*02:133,C2,1,IPD_API,2026-02-19 18:48:42.089785
C*02:134,C2,1,IPD_API,2026-02-19 18:48:42.089785
C*02:136,C2,1,IPD_API,2026-02-19 18:48:42.089785
C*02:137,C2,1,IPD_API,2026-02-19 18:48:42.089785
C*02:138,C2,1,IPD_API,2026-02-19 18:48:42.089785
C*02:139,C2,1,IPD_API,2026-02-19 18:48:42.089785
C*02:14,C2,2,IPD_API,2026-02-19 18:48:42.089785
C*02:140,C2,1,IPD_API,2026-02-19 18:48:42.089785
C*02:141,C2,1,IPD_API,2026-02-19 18:48:42.089785
C*02:142,C2,1,IPD_API,2026-02-19 18:48:42.089785
C*02:143,C2,1,IPD_API,2026-02-19 18:48:42.089785
C*02:144,C2,1,IPD_API,2026-02-19 18:48:42.089785
C*02:145,C2,1,IPD_API,2026-02-19 18:48:42.089785
C*02:146,C2,1,IPD_API,2026-02-19 18:48:42.089785
C*02:147,C2,1,IPD_API,2026-02-19 18:48:42.089785
C*02:148,C2,1,IPD_API,2026-02-19 18:48:42.089785
C*02:149,C2,1,IPD_API,2026-02-19 18:48:42.089785
C*02:15,C2,1,IPD_API,2026-02-19 18:48:42.089785
C*02:151,C2,1,IPD_API,2026-02-19 18:48:42.089785
C*02:152,C2,1,IPD_API,2026-02-19 18:48:42.089785
C*02:153,C2,1,IPD_API,2026-02-19 18:48:42.089785
C*02:154,C2,1,IPD_API,2026-02-19 18:48:42.089785
C*02:155,C2,1,IPD_API,2026-02-19 18:48:42.089785
C*02:156,C2,1,IPD_API,2026-02-19 18:48:42.089785
C*02:157,C2,1,IPD_API,2026-02-19 18:48:42.089785
C*02:158,C2,1,IPD_API,2026-02-19 18:48:42.089785
C*02:159,C2,1,IPD_API,2026-02-19 18:48:42.089785
C*02:16,C2,2,IPD_API,2026-02-19 18:48:42.089785
C*02:160,C2,1,IPD_API,2026-02-19 18:48:42.089785
C*02:161,C2,1,IPD_API,2026-02-19 18:48:42.089785
C*02:162,C2,1,IPD_API,2026-02-19 18:48:42.089785
C*02:163,C2,1,IPD_API,2026-02-19 18:48:42.089785
C*02:164,C2,1,IPD_API,2026-02-19 18:48:42.089785
C*02:166,C2,1,IPD_API,2026-02-19 18:48:42.089785
C*02:167,C2,1,IPD_API,2026-02-19 18:48:42.089785
C*02:168,C2,1,IPD_API,2026-02-19 18:48:42.089785
C*02:17,C2,1,IPD_API,2026-02-19 18:48:42.089785
C*02:170,C2,1,IPD_API,2026-02-19 18:48:42.089785
C*02:171,C2,1,IPD_API,2026-02-19 18:48:42.089785
C*02:172,C2,1,IPD_API,2026-02-19 18:48:42.089785
C*02:173,C2,1,IPD_API,2026-02-19 18:48:42.089785
C*02:174,C2,1,IPD_API,2026-02-19 18:48:42.089785
C*02:175,C2,1,IPD_API,2026-02-19 18:48:42.089785
C*02:176,C2,1,IPD_API,2026-02-19 18:48:42.089785
C*02:177,C2,1,IPD_API,2026-02-19 18:48:42.089785
C*02:178,C2,1,IPD_API,2026-02-19 18:48:42.089785
C*02:179,C2,1,IPD_API,2026-02-19 18:48:42.089785
C*02:18,C2,1,IPD_API,2026-02-19 18:48:42.089785
C*02:180,C2,1,IPD_API,2026-02-19 18:48:42.089785
C*02:181,C2,1,IPD_API,2026-02-19 18:48:42.089785
C*02:182,C2,1,IPD_API,2026-02-19 18:48:42.089785
C*02:183,C2,1,IPD_API,2026-02-19 18:48:42.089785
C*02:184,C2,1,IPD_API,2026-02-19 18:48:42.089785
C*02:185,C2,1,IPD_API,2026-02-19 18:48:42.089785
C*02:186,C2,1,IPD_API,2026-02-19 18:48:42.089785
C*02:187,C2,1,IPD_API,2026-02-19 18:48:42.089785
C*02:188,C2,1,IPD_API,2026-02-19 18:48:42.089785
C*02:189,C2,1,IPD_API,2026-02-19 18:48:42.089785
C*02:19,C2,1,IPD_API,2026-02-19 18:48:42.089785
C*02:190,C2,1,IPD_API,2026-02-19 18:48:42.089785
C*02:191,C2,1,IPD_API,2026-02-19 18:48:42.089785
C*02:194,C2,1,IPD_API,2026-02-19 18:48:42.089785
C*02:195,C2,1,IPD_API,2026-02-19 18:48:42.089785
C*02:196,C2,1,IPD_API,2026-02-19 18:48:42.089785
C*02:197,C2,1,IPD_API,2026-02-19 18:48:42.089785
C*02:198,C2,1,IPD_API,2026-02-19 18:48:42.089785
C*02:199,C2,1,IPD_API,2026-02-19 18:48:42.089785
C*02:20,C2,1,IPD_API,2026-02-19 18:48:42.089785
C*02:200,C2,1,IPD_API,2026-02-19 18:48:42.089785
C*02:201,C2,1,IPD_API,2026-02-19 18:48:42.089785
C*02:202,C2,1,IPD_API,2026-02-19 18:48:42.089785
C*02:203,C2,1,IPD_API,2026-02-19 18:48:42.089785
C*02:204,C2,1,IPD_API,2026-02-19 18:48:42.089785
C*02:205,C2,1,IPD_API,2026-02-19 18:48:42.089785
C*02:206,C2,1,IPD_API,2026-02-19 18:48:42.089785
C*02:207,C2,1,IPD_API,2026-02-19 18:48:42.089785
C*02:208,C2,1,IPD_API,2026-02-19 18:48:42.089785
C*02:209,C2,1,IPD_API,2026-02-19 18:48:42.089785
C*02:21,C2,1,IPD_API,2026-02-19 18:48:42.089785
C*02:210,C2,1,IPD_API,2026-02-19 18:48:42.089785
C*02:211,C2,1,IPD_API,2026-02-19 18:48:42.089785
C*02:212,C2,1,IPD_API,2026-02-19 18:48:42.089785
C*02:213,C2,1,IPD_API,2026-02-19 18:48:42.089785
C*02:214,C2,1,IPD_API,2026-02-19 18:48:42.089785
C*02:215,C2,1,IPD_API,2026-02-19 18:48:42.089785
C*02:217,C2,1,IPD_API,2026-02-19 18:48:42.089785
C*02:219,C2,1,IPD_API,2026-02-19 18:48:42.089785
C*02:22,C2,1,IPD_API,2026-02-19 18:48:42.089785
C*02:220,C2,1,IPD_API,2026-02-19 18:48:42.089785
C*02:221,C2,1,IPD_API,2026-02-19 18:48:42.089785
C*02:222,C2,1,IPD_API,2026-02-19 18:48:42.089785
C*02:224,C2,1,IPD_API,2026-02-19 18:48:42.089785
C*02:225,C2,1,IPD_API,2026-02-19 18:48:42.089785
C*02:226,C2,1,IPD_API,2026-02-19 18:48:42.089785
C*02:228,C2,1,IPD_API,2026-02-19 18:48:42.089785
C*02:229,C2,1,IPD_API,2026-02-19 18:48:42.089785
C*02:23,C2,1,IPD_API,2026-02-19 18:48:42.089785
C*02:230,C2,1,IPD_API,2026-02-19 18:48:42.089785
C*02:231,C2,1,IPD_API,2026-02-19 18:48:42.089785
C*02:232,C2,1,IPD_API,2026-02-19 18:48:42.089785
C*02:233,C2,1,IPD_API,2026-02-19 18:48:42.089785
C*02:234,C2,1,IPD_API,2026-02-19 18:48:42.089785
C*02:235,C2,1,IPD_API,2026-02-19 18:48:42.089785
C*02:236,C2,1,IPD_API,2026-02-19 18:48:42.089785
C*02:237,C2,1,IPD_API,2026-02-19 18:48:42.089785
C*02:238,C2,1,IPD_API,2026-02-19 18:48:42.089785
C*02:239,C2,1,IPD_API,2026-02-19 18:48:42.089785
C*02:24,C2,1,IPD_API,2026-02-19 18:48:42.089785
C*02:240,C2,1,IPD_API,2026-02-19 18:48:42.089785
C*02:241,C2,1,IPD_API,2026-02-19 18:48:42.089785
C*02:242,C2,1,IPD_API,2026-02-19 18:48:42.089785
C*02:243,C2,1,IPD_API,2026-02-19 18:48:42.089785
C*02:244,C2,1,IPD_API,2026-02-19 18:48:42.089785
C*02:245,C2,1,IPD_API,2026-02-19 18:48:42.089785
C*02:246,C2,1,IPD_API,2026-02-19 18:48:42.089785
C*02:247,C2,1,IPD_API,2026-02-19 18:48:42.089785
C*02:248,C2,1,IPD_API,2026-02-19 18:48:42.089785
C*02:249,C2,1,IPD_API,2026-02-19 18:48:42.089785
C*02:25,C2,1,IPD_API,2026-02-19 18:48:42.089785
C*02:250,C2,1,IPD_API,2026-02-19 18:48:42.089785
C*02:251,C2,1,IPD_API,2026-02-19 18:48:42.089785
C*02:252,C2,1,IPD_API,2026-02-19 18:48:42.089785
C*02:255,C2,1,IPD_API,2026-02-19 18:48:42.089785
C*02:256,C2,1,IPD_API,2026-02-19 18:48:42.089785
C*02:257,C2,1,IPD_API,2026-02-19 18:48:42.089785
C*02:258,C2,1,IPD_API,2026-02-19 18:48:42.089785
C*02:259,C2,1,IPD_API,2026-02-19 18:48:42.089785
C*02:26,C2,3,IPD_API,2026-02-19 18:48:42.089785
C*02:260,C2,1,IPD_API,2026-02-19 18:48:42.089785
C*02:27,C1,2,IPD_API,2026-02-19 18:48:42.089785
C*02:28,C2,1,IPD_API,2026-02-19 18:48:42.089785
C*02:29,C2,1,IPD_API,2026-02-19 18:48:42.089785
C*02:30,C2,1,IPD_API,2026-02-19 18:48:42.089785
C*02:31,C2,2,IPD_API,2026-02-19 18:48:42.089785
C*02:32,C2,1,IPD_API,2026-02-19 18:48:42.089785
C*02:33,C2,1,IPD_API,2026-02-19 18:48:42.089785
C*02:34,C2,1,IPD_API,2026-02-19 18:48:42.089785
C*02:35,C2,1,IPD_API,2026-02-19 18:48:42.089785
C*02:36,C2,2,IPD_API,2026-02-19 18:48:42.089785
C*02:37,C2,2,IPD_API,2026-02-19 18:48:42.089785
C*02:39,C2,1,IPD_API,2026-02-19 18:48:42.089785
C*02:40,C2,2,IPD_API,2026-02-19 18:48:42.089785
C*02:42,C2,1,IPD_API,2026-02-19 18:48:42.089785
C*02:43,C2,2,IPD_API,2026-02-19 18:48:42.089785
C*02:44,C2,1,IPD_API,2026-02-19 18:48:42.089785
C*02:45,C2,1,IPD_API,2026-02-19 18:48:42.089785
C*02:46,C2,1,IPD_API,2026-02-19 18:48:42.089785
C*02:47,C2,1,IPD_API,2026-02-19 18:48:42.089785
C*02:48,C2,1,IPD_API,2026-02-19 18:48:42.089785
C*02:49,C2,1,IPD_API,2026-02-19 18:48:42.089785
C*02:50,C2,1,IPD_API,2026-02-19 18:48:42.089785
C*02:51,C2,1,IPD_API,2026-02-19 18:48:42.089785
C*02:53,C2,2,IPD_API,2026-02-19 18:48:42.089785
C*02:54,C2,1,IPD_API,2026-02-19 18:48:42.089785
C*02:55,C2,2,IPD_API,2026-02-19 18:48:42.089785
C*02:56,C2,1,IPD_API,2026-02-19 18:48:42.089785
C*02:57,C2,1,IPD_API,2026-02-19 18:48:42.089785
C*02:58,C2,1,IPD_API,2026-02-19 18:48:42.089785
C*02:59,C2,1,IPD_API,2026-02-19 18:48:42.089785
C*02:60,C2,1,IPD_API,2026-02-19 18:48:42.089785
C*02:61,C2,2,IPD_API,2026-02-19 18:48:42.089785
C*02:62,C2,1,IPD_API,2026-02-19 18:48:42.089785
C*02:63,C2,1,IPD_API,2026-02-19 18:48:42.089785
C*02:64,C2,1,IPD_API,2026-02-19 18:48:42.089785
C*02:65,C1,1,IPD_API,2026-02-19 18:48:42.089785
C*02:66,C2,1,IPD_API,2026-02-19 18:48:42.089785
C*02:67,C2,1,IPD_API,2026-02-19 18:48:42.089785
C*02:68,C2,1,IPD_API,2026-02-19 18:48:42.089785
C*02:69,C2,1,IPD_API,2026-02-19 18:48:42.089785
C*02:70,C2,1,IPD_API,2026-02-19 18:48:42.089785
C*02:71,C2,1,IPD_API,2026-02-19 18:48:42.089785
C*02:72,C2,1,IPD_API,2026-02-19 18:48:42.089785
C*02:73,C2,1,IPD_API,2026-02-19 18:48:42.089785
C*02:74,C2,1,IPD_API,2026-02-19 18:48:42.089785
C*02:75,C2,1,IPD_API,2026-02-19 18:48:42.089785
C*02:76,C2,1,IPD_API,2026-02-19 18:48:42.089785
C*02:77,C2,1,IPD_API,2026-02-19 18:48:42.089785
C*02:78,C2,1,IPD_API,2026-02-19 18:48:42.089785
C*02:79,C2,1,IPD_API,2026-02-19 18:48:42.089785
C*02:80,C2,1,IPD_API,2026-02-19 18:48:42.089785
C*02:81,C2,1,IPD_API,2026-02-19 18:48:42.089785
C*02:82,C2,1,IPD_API,2026-02-19 18:48:42.089785
C*02:83,C2,1,IPD_API,2026-02-19 18:48:42.089785
C*02:84,C2,1,IPD_API,2026-02-19 18:48:42.089785
C*02:85,C2,1,IPD_API,2026-02-19 18:48:42.089785
C*02:86,C2,1,IPD_API,2026-02-19 18:48:42.089785
C*02:87,C1,1,IPD_API,2026-02-19 18:48:42.089785
C*02:88,C2,1,IPD_API,2026-02-19 18:48:42.089785
C*02:89,C2,1,IPD_API,2026-02-19 18:48:42.089785
C*02:90,C2,1,IPD_API,2026-02-19 18:48:42.089785
C*02:91,C2,1,IPD_API,2026-02-19 18:48:42.089785
C*02:93,C2,1,IPD_API,2026-02-19 18:48:42.089785
C*02:94,C2,1,IPD_API,2026-02-19 18:48:42.089785
C*02:95,C2,1,IPD_API,2026-02-19 18:48:42.089785
C*02:96,C2,1,IPD_API,2026-02-19 18:48:42.089785
C*02:97,C2,1,IPD_API,2026-02-19 18:48:42.089785
C*02:98,C2,1,IPD_API,2026-02-19 18:48:42.089785
C*02:99,C2,1,IPD_API,2026-02-19 18:48:42.089785
C*03:02,C1,55,IPD_API,2026-02-19 18:48:42.089785
C*03:03,C1,145,IPD_API,2026-02-19 18:48:42.089785
C*03:04,C1,216,IPD_API,2026-02-19 18:48:42.089785
C*03:05,C1,3,IPD_API,2026-02-19 18:48:42.089785
C*03:06,C1,4,IPD_API,2026-02-19 18:48:42.089785
C*03:07,C2,6,IPD_API,2026-02-19 18:48:42.089785
C*03:08,C1,1,IPD_API,2026-02-19 18:48:42.089785
C*03:09,C1,3,IPD_API,2026-02-19 18:48:42.089785
C*03:10,C2,2,IPD_API,2026-02-19 18:48:42.089785
C*03:100,C1,1,IPD_API,2026-02-19 18:48:42.089785
C*03:101,C1,1,IPD_API,2026-02-19 18:48:42.089785
C*03:102,C1,1,IPD_API,2026-02-19 18:48:42.089785
C*03:103,C1,1,IPD_API,2026-02-19 18:48:42.089785
C*03:104,C1,1,IPD_API,2026-02-19 18:48:42.089785
C*03:105,C1,1,IPD_API,2026-02-19 18:48:42.089785
C*03:106,C1,1,IPD_API,2026-02-19 18:48:42.089785
C*03:107,C1,1,IPD_API,2026-02-19 18:48:42.089785
C*03:108,C1,1,IPD_API,2026-02-19 18:48:42.089785
C*03:109,C1,1,IPD_API,2026-02-19 18:48:42.089785
C*03:11,C1,2,IPD_API,2026-02-19 18:48:42.089785
C*03:110,C1,1,IPD_API,2026-02-19 18:48:42.089785
C*03:111,C1,1,IPD_API,2026-02-19 18:48:42.089785
C*03:112,C1,1,IPD_API,2026-02-19 18:48:42.089785
C*03:113,C1,2,IPD_API,2026-02-19 18:48:42.089785
C*03:114,C1,1,IPD_API,2026-02-19 18:48:42.089785
C*03:115,C1,2,IPD_API,2026-02-19 18:48:42.089785
C*03:116,C1,2,IPD_API,2026-02-19 18:48:42.089785
C*03:117,C1,1,IPD_API,2026-02-19 18:48:42.089785
C*03:118,C1,1,IPD_API,2026-02-19 18:48:42.089785
C*03:119,C1,2,IPD_API,2026-02-19 18:48:42.089785
C*03:120,C1,1,IPD_API,2026-02-19 18:48:42.089785
C*03:122,C1,1,IPD_API,2026-02-19 18:48:42.089785
C*03:123,C1,1,IPD_API,2026-02-19 18:48:42.089785
C*03:124,C1,1,IPD_API,2026-02-19 18:48:42.089785
C*03:125,C1,2,IPD_API,2026-02-19 18:48:42.089785
C*03:126,C1,1,IPD_API,2026-02-19 18:48:42.089785
C*03:127,C1,1,IPD_API,2026-02-19 18:48:42.089785
C*03:128,C1,1,IPD_API,2026-02-19 18:48:42.089785
C*03:129,C1,1,IPD_API,2026-02-19 18:48:42.089785
C*03:13,C1,3,IPD_API,2026-02-19 18:48:42.089785
C*03:130,C1,1,IPD_API,2026-02-19 18:48:42.089785
C*03:131,C1,1,IPD_API,2026-02-19 18:48:42.089785
C*03:132,C1,2,IPD_API,2026-02-19 18:48:42.089785
C*03:133,C1,1,IPD_API,2026-02-19 18:48:42.089785
C*03:134,C1,1,IPD_API,2026-02-19 18:48:42.089785
C*03:135,C1,1,IPD_API,2026-02-19 18:48:42.089785
C*03:136,C1,1,IPD_API,2026-02-19 18:48:42.089785
C*03:137,C1,1,IPD_API,2026-02-19 18:48:42.089785
C*03:138,C1,1,IPD_API,2026-02-19 18:48:42.089785
C*03:139,C1,2,IPD_API,2026-02-19 18:48:42.089785
C*03:14,C1,1,IPD_API,2026-02-19 18:48:42.089785
C*03:140,C1,2,IPD_API,2026-02-19 18:48:42.089785
C*03:141,C1,1,IPD_API,2026-02-19 18:48:42.089785
C*03:142,C1,1,IPD_API,2026-02-19 18:48:42.089785
C*03:143,C1,1,IPD_API,2026-02-19 18:48:42.089785
C*03:144,C1,1,IPD_API,2026-02-19 18:48:42.089785
C*03:145,C1,1,IPD_API,2026-02-19 18:48:42.089785
C*03:146,C1,1,IPD_API,2026-02-19 18:48:42.089785
C*03:147,C1,1,IPD_API,2026-02-19 18:48:42.089785
C*03:148,C1,1,IPD_API,2026-02-19 18:48:42.089785
C*03:149,C1,1,IPD_API,2026-02-19 18:48:42.089785
C*03:15,C2,1,IPD_API,2026-02-19 18:48:42.089785
C*03:150,C1,1,IPD_API,2026-02-19 18:48:42.089785
C*03:151,C1,2,IPD_API,2026-02-19 18:48:42.089785
C*03:152,C1,1,IPD_API,2026-02-19 18:48:42.089785
C*03:153,C1,1,IPD_API,2026-02-19 18:48:42.089785
C*03:154,C1,1,IPD_API,2026-02-19 18:48:42.089785
C*03:155,C1,1,IPD_API,2026-02-19 18:48:42.089785
C*03:156,C1,1,IPD_API,2026-02-19 18:48:42.089785
C*03:157,C1,1,IPD_API,2026-02-19 18:48:42.089785
C*03:158,C1,1,IPD_API,2026-02-19 18:48:42.089785
C*03:159,C1,1,IPD_API,2026-02-19 18:48:42.089785
C*03:16,C1,1,IPD_API,2026-02-19 18:48:42.089785
C*03:160,C1,1,IPD_API,2026-02-19 18:48:42.089785
C*03:161,C1,1,IPD_API,2026-02-19 18:48:42.089785
C*03:162,C1,1,IPD_API,2026-02-19 18:48:42.089785
C*03:163,C2,1,IPD_API,2026-02-19 18:48:42.089785
C*03:164,C1,1,IPD_API,2026-02-19 18:48:42.089785
C*03:165,C1,2,IPD_API,2026-02-19 18:48:42.089785
C*03:166,C1,1,IPD_API,2026-02-19 18:48:42.089785
C*03:167,C1,1,IPD_API,2026-02-19 18:48:42.089785
C*03:168,C1,1,IPD_API,2026-02-19 18:48:42.089785
C*03:169,C1,1,IPD_API,2026-02-19 18:48:42.089785
C*03:17,C1,2,IPD_API,2026-02-19 18:48:42.089785
C*03:170,C1,1,IPD_API,2026-02-19 18:48:42.089785
C*03:171,C1,1,IPD_API,2026-02-19 18:48:42.089785
C*03:172,C1,1,IPD_API,2026-02-19 18:48:42.089785
C*03:173,C1,1,IPD_API,2026-02-19 18:48:42.089785
C*03:174,C1,1,IPD_API,2026-02-19 18:48:42.089785
C*03:175,C1,1,IPD_API,2026-02-19 18:48:42.089785
C*03:176,C1,1,IPD_API,2026-02-19 18:48:42.089785
C*03:177,C1,1,IPD_API,2026-02-19 18:48:42.089785
C*03:178,C1,1,IPD_API,2026-02-19 18:48:42.089785
C*03:179,C1,1,IPD_API,2026-02-19 18:48:42.089785
C*03:18,C1,3,IPD_API,2026-02-19 18:48:42.089785
C*03:180,C1,2,IPD_API,2026-02-19 18:48:42.089785
C*03:181,C1,1,IPD_API,2026-02-19 18:48:42.089785
C*03:182,C1,1,IPD_API,2026-02-19 18:48:42.089785
C*03:183,C1,1,IPD_API,2026-02-19 18:48:42.089785
C*03:184,C1,2,IPD_API,2026-02-19 18:48:42.089785
C*03:185,C1,1,IPD_API,2026-02-19 18:48:42.089785
C*03:186,C1,2,IPD_API,2026-02-19 18:48:42.089785
C*03:187,C1,1,IPD_API,2026-02-19 18:48:42.089785
C*03:188,C1,1,IPD_API,2026-02-19 18:48:42.089785
C*03:19,C1,1,IPD_API,2026-02-19 18:48:42.089785
C*03:190,C1,1,IPD_API,2026-02-19 18:48:42.089785
C*03:191,C1,1,IPD_API,2026-02-19 18:48:42.089785
C*03:192,C1,1,IPD_API,2026-02-19 18:48:42.089785
C*03:193,C1,1,IPD_API,2026-02-19 18:48:42.089785
C*03:194,C1,1,IPD_API,2026-02-19 18:48:42.089785
C*03:195,C1,1,IPD_API,2026-02-19 18:48:42.089785
C*03:196,C1,1,IPD_API,2026-02-19 18:48:42.089785
C*03:197,C1,1,IPD_API,2026-02-19 18:48:42.089785
C*03:198,C1,1,IPD_API,2026-02-19 18:48:42.089785
C*03:199,C1,1,IPD_API,2026-02-19 18:48:42.089785
C*03:200,C1,1,IPD_API,2026-02-19 18:48:42.089785
C*03:202,C1,1,IPD_API,2026-02-19 18:48:42.089785
C*03:203,C1,1,IPD_API,2026-02-19 18:48:42.089785
C*03:204,C1,1,IPD_API,2026-02-19 18:48:42.089785
C*03:205,C1,1,IPD_API,2026-02-19 18:48:42.089785
C*03:206,C1,1,IPD_API,2026-02-19 18:48:42.089785
C*03:207,C1,1,IPD_API,2026-02-19 18:48:42.089785
C*03:209,C1,1,IPD_API,2026-02-19 18:48:42.089785
C*03:21,C1,1,IPD_API,2026-02-19 18:48:42.089785
C*03:210,C1,1,IPD_API,2026-02-19 18:48:42.089785
C*03:211,C1,2,IPD_API,2026-02-19 18:48:42.089785
C*03:212,C1,1,IPD_API,2026-02-19 18:48:42.089785
C*03:213,C1,1,IPD_API,2026-02-19 18:48:42.089785
C*03:214,C1,1,IPD_API,2026-02-19 18:48:42.089785
C*03:215,C1,1,IPD_API,2026-02-19 18:48:42.089785
C*03:216,C1,1,IPD_API,2026-02-19 18:48:42.089785
C*03:217,C1,1,IPD_API,2026-02-19 18:48:42.089785
C*03:218,C1,1,IPD_API,2026-02-19 18:48:42.089785
C*03:219,C1,1,IPD_API,2026-02-19 18:48:42.089785
C*03:22,C1,1,IPD_API,2026-02-19 18:48:42.089785
C*03:220,C1,1,IPD_API,2026-02-19 18:48:42.089785
C*03:221,C1,1,IPD_API,2026-02-19 18:48:42.089785
C*03:222,C1,1,IPD_API,2026-02-19 18:48:42.089785
C*03:223,C1,1,IPD_API,2026-02-19 18:48:42.089785
C*03:225,C1,1,IPD_API,2026-02-19 18:48:42.089785
C*03:226,C1,1,IPD_API,2026-02-19 18:48:42.089785
C*03:227,C1,1,IPD_API,2026-02-19 18:48:42.089785
C*03:228,C1,1,IPD_API,2026-02-19 18:48:42.089785
C*03:230,C1,1,IPD_API,2026-02-19 18:48:42.089785
C*03:231,C1,1,IPD_API,2026-02-19 18:48:42.089785
C*03:232,C1,1,IPD_API,2026-02-19 18:48:42.089785
C*03:233,C1,1,IPD_API,2026-02-19 18:48:42.089785
C*03:234,C1,1,IPD_API,2026-02-19 18:48:42.089785
C*03:235,C1,1,IPD_API,2026-02-19 18:48:42.089785
C*03:236,C1,1,IPD_API,2026-02-19 18:48:42.089785
C*03:237,C1,1,IPD_API,2026-02-19 18:48:42.089785
C*03:238,C1,1,IPD_API,2026-02-19 18:48:42.089785
C*03:239,C1,1,IPD_API,2026-02-19 18:48:42.089785
C*03:24,C1,1,IPD_API,2026-02-19 18:48:42.089785
C*03:240,C1,1,IPD_API,2026-02-19 18:48:42.089785
C*03:241,C1,1,IPD_API,2026-02-19 18:48:42.089785
C*03:242,C1,1,IPD_API,2026-02-19 18:48:42.089785
C*03:243,C1,1,IPD_API,2026-02-19 18:48:42.089785
C*03:244,C1,1,IPD_API,2026-02-19 18:48:42.089785
C*03:245,C1,1,IPD_API,2026-02-19 18:48:42.089785
C*03:246,C1,1,IPD_API,2026-02-19 18:48:42.089785
C*03:247,C1,1,IPD_API,2026-02-19 18:48:42.089785
C*03:248,C1,1,IPD_API,2026-02-19 18:48:42.089785
C*03:249,C1,1,IPD_API,2026-02-19 18:48:42.089785
C*03:25,C1,1,IPD_API,2026-02-19 18:48:42.089785
C*03:250,C1,1,IPD_API,2026-02-19 18:48:42.089785
C*03:251,C1,1,IPD_API,2026-02-19 18:48:42.089785
C*03:252,C1,1,IPD_API,2026-02-19 18:48:42.089785
C*03:253,C1,1,IPD_API,2026-02-19 18:48:42.089785
C*03:254,C1,1,IPD_API,2026-02-19 18:48:42.089785
C*03:255,C1,1,IPD_API,2026-02-19 18:48:42.089785
C*03:256,C1,1,IPD_API,2026-02-19 18:48:42.089785
C*03:257,C1,1,IPD_API,2026-02-19 18:48:42.089785
C*03:258,C1,1,IPD_API,2026-02-19 18:48:42.089785
C*03:259,C1,1,IPD_API,2026-02-19 18:48:42.089785
C*03:26,C1,2,IPD_API,2026-02-19 18:48:42.089785
C*03:260,C1,1,IPD_API,2026-02-19 18:48:42.089785
C*03:261,C1,1,IPD_API,2026-02-19 18:48:42.089785
C*03:262,C1,1,IPD_API,2026-02-19 18:48:42.089785
C*03:263,C1,3,IPD_API,2026-02-19 18:48:42.089785
C*03:264,C1,1,IPD_API,2026-02-19 18:48:42.089785
C*03:266,C1,1,IPD_API,2026-02-19 18:48:42.089785
C*03:267,C1,1,IPD_API,2026-02-19 18:48:42.089785
C*03:268,C2,1,IPD_API,2026-02-19 18:48:42.089785
C*03:269,C1,1,IPD_API,2026-02-19 18:48:42.089785
C*03:27,C1,1,IPD_API,2026-02-19 18:48:42.089785
C*03:270,C1,1,IPD_API,2026-02-19 18:48:42.089785
C*03:271,C1,1,IPD_API,2026-02-19 18:48:42.089785
C*03:272,C1,1,IPD_API,2026-02-19 18:48:42.089785
C*03:273,C1,1,IPD_API,2026-02-19 18:48:42.089785
C*03:274,C1,1,IPD_API,2026-02-19 18:48:42.089785
C*03:275,C1,1,IPD_API,2026-02-19 18:48:42.089785
C*03:276,C1,1,IPD_API,2026-02-19 18:48:42.089785
C*03:278,C1,1,IPD_API,2026-02-19 18:48:42.089785
C*03:279,C1,1,IPD_API,2026-02-19 18:48:42.089785
C*03:28,C1,1,IPD_API,2026-02-19 18:48:42.089785
C*03:280,C1,1,IPD_API,2026-02-19 18:48:42.089785
C*03:281,C1,1,IPD_API,2026-02-19 18:48:42.089785
C*03:282,C1,1,IPD_API,2026-02-19 18:48:42.089785
C*03:283,C1,1,IPD_API,2026-02-19 18:48:42.089785
C*03:284,C1,1,IPD_API,2026-02-19 18:48:42.089785
C*03:285,C1,1,IPD_API,2026-02-19 18:48:42.089785
C*03:286,C1,1,IPD_API,2026-02-19 18:48:42.089785
C*03:287,C1,2,IPD_API,2026-02-19 18:48:42.089785
C*03:288,C1,1,IPD_API,2026-02-19 18:48:42.089785
C*03:289,C1,1,IPD_API,2026-02-19 18:48:42.089785
C*03:29,C2,1,IPD_API,2026-02-19 18:48:42.089785
C*03:290,C1,1,IPD_API,2026-02-19 18:48:42.089785
C*03:291,C1,1,IPD_API,2026-02-19 18:48:42.089785
C*03:292,C1,1,IPD_API,2026-02-19 18:48:42.089785
C*03:293,C1,1,IPD_API,2026-02-19 18:48:42.089785
C*03:294,C1,1,IPD_API,2026-02-19 18:48:42.089785
C*03:295,C1,1,IPD_API,2026-02-19 18:48:42.089785
C*03:296,C1,2,IPD_API,2026-02-19 18:48:42.089785
C*03:297,C2,1,IPD_API,2026-02-19 18:48:42.089785
C*03:298,C1,1,IPD_API,2026-02-19 18:48:42.089785
C*03:299,C1,1,IPD_API,2026-02-19 18:48:42.089785
C*03:30,C1,1,IPD_API,2026-02-19 18:48:42.089785
C*03:300,C1,1,IPD_API,2026-02-19 18:48:42.089785
C*03:301,C1,1,IPD_API,2026-02-19 18:48:42.089785
C*03:302,C1,1,IPD_API,2026-02-19 18:48:42.089785
C*03:303,C1,1,IPD_API,2026-02-19 18:48:42.089785
C*03:304,C1,1,IPD_API,2026-02-19 18:48:42.089785
C*03:305,C1,1,IPD_API,2026-02-19 18:48:42.089785
C*03:306,C1,1,IPD_API,2026-02-19 18:48:42.089785
C*03:307,C1,1,IPD_API,2026-02-19 18:48:42.089785
C*03:308,C1,1,IPD_API,2026-02-19 18:48:42.089785
C*03:309,C1,2,IPD_API,2026-02-19 18:48:42.089785
C*03:31,C1,1,IPD_API,2026-02-19 18:48:42.089785
C*03:310,C1,1,IPD_API,2026-02-19 18:48:42.089785
C*03:311,C1,1,IPD_API,2026-02-19 18:48:42.089785
C*03:312,C1,1,IPD_API,2026-02-19 18:48:42.089785
C*03:313,C1,1,IPD_API,2026-02-19 18:48:42.089785
C*03:314,C1,1,IPD_API,2026-02-19 18:48:42.089785
C*03:315,C1,1,IPD_API,2026-02-19 18:48:42.089785
C*03:317,C1,1,IPD_API,2026-02-19 18:48:42.089785
C*03:319,C1,1,IPD_API,2026-02-19 18:48:42.089785
C*03:32,C1,2,IPD_API,2026-02-19 18:48:42.089785
C*03:320,C1,1,IPD_API,2026-02-19 18:48:42.089785
C*03:321,C1,1,IPD_API,2026-02-19 18:48:42.089785
C*03:322,C1,1,IPD_API,2026-02-19 18:48:42.089785
C*03:324,C1,1,IPD_API,2026-02-19 18:48:42.089785
C*03:325,C1,1,IPD_API,2026-02-19 18:48:42.089785
C*03:326,C1,1,IPD_API,2026-02-19 18:48:42.089785
C*03:327,C1,1,IPD_API,2026-02-19 18:48:42.089785
C*03:328,C1,1,IPD_API,2026-02-19 18:48:42.089785
C*03:329,C1,1,IPD_API,2026-02-19 18:48:42.089785
C*03:33,C1,1,IPD_API,2026-02-19 18:48:42.089785
C*03:330,C1,1,IPD_API,2026-02-19 18:48:42.089785
C*03:331,C1,1,IPD_API,2026-02-19 18:48:42.089785
C*03:332,C1,1,IPD_API,2026-02-19 18:48:42.089785
C*03:333,C1,1,IPD_API,2026-02-19 18:48:42.089785
C*03:334,C1,1,IPD_API,2026-02-19 18:48:42.089785
C*03:335,C1,1,IPD_API,2026-02-19 18:48:42.089785
C*03:336,C1,1,IPD_API,2026-02-19 18:48:42.089785
C*03:337,C1,1,IPD_API,2026-02-19 18:48:42.089785
C*03:338,C1,1,IPD_API,2026-02-19 18:48:42.089785
C*03:339,C1,1,IPD_API,2026-02-19 18:48:42.089785
C*03:34,C1,1,IPD_API,2026-02-19 18:48:42.089785
C*03:340,C1,1,IPD_API,2026-02-19 18:48:42.089785
C*03:341,C1,1,IPD_API,2026-02-19 18:48:42.089785
C*03:342,C1,1,IPD_API,2026-02-19 18:48:42.089785
C*03:343,C1,1,IPD_API,2026-02-19 18:48:42.089785
C*03:344,C1,2,IPD_API,2026-02-19 18:48:42.089785
C*03:345,C1,1,IPD_API,2026-02-19 18:48:42.089785
C*03:346,C1,1,IPD_API,2026-02-19 18:48:42.089785
C*03:347,C1,1,IPD_API,2026-02-19 18:48:42.089785
C*03:348,C1,1,IPD_API,2026-02-19 18:48:42.089785
C*03:349,C1,1,IPD_API,2026-02-19 18:48:42.089785
C*03:35,C1,3,IPD_API,2026-02-19 18:48:42.089785
C*03:350,C1,1,IPD_API,2026-02-19 18:48:42.089785
C*03:351,C1,1,IPD_API,2026-02-19 18:48:42.089785
C*03:352,C1,1,IPD_API,2026-02-19 18:48:42.089785
C*03:353,C1,1,IPD_API,2026-02-19 18:48:42.089785
C*03:354,C1,1,IPD_API,2026-02-19 18:48:42.089785
C*03:355,C1,1,IPD_API,2026-02-19 18:48:42.089785
C*03:356,C1,1,IPD_API,2026-02-19 18:48:42.089785
C*03:357,C1,1,IPD_API,2026-02-19 18:48:42.089785
C*03:358,C1,1,IPD_API,2026-02-19 18:48:42.089785
C*03:359,C1,1,IPD_API,2026-02-19 18:48:42.089785
C*03:36,C1,1,IPD_API,2026-02-19 18:48:42.089785
C*03:360,C1,1,IPD_API,2026-02-19 18:48:42.089785
C*03:361,C1,1,IPD_API,2026-02-19 18:48:42.089785
C*03:362,C1,1,IPD_API,2026-02-19 18:48:42.089785
C*03:364,C1,1,IPD_API,2026-02-19 18:48:42.089785
C*03:365,C1,1,IPD_API,2026-02-19 18:48:42.089785
C*03:367,C1,1,IPD_API,2026-02-19 18:48:42.089785
C*03:368,C1,1,IPD_API,2026-02-19 18:48:42.089785
C*03:369,C1,1,IPD_API,2026-02-19 18:48:42.089785
C*03:37,C1,2,IPD_API,2026-02-19 18:48:42.089785
C*03:370,C1,1,IPD_API,2026-02-19 18:48:42.089785
C*03:371,C1,1,IPD_API,2026-02-19 18:48:42.089785
C*03:372,C1,2,IPD_API,2026-02-19 18:48:42.089785
C*03:373,C1,1,IPD_API,2026-02-19 18:48:42.089785
C*03:374,C1,1,IPD_API,2026-02-19 18:48:42.089785
C*03:375,C1,1,IPD_API,2026-02-19 18:48:42.089785
C*03:376,C1,1,IPD_API,2026-02-19 18:48:42.089785
C*03:378,C1,1,IPD_API,2026-02-19 18:48:42.089785
C*03:379,C1,1,IPD_API,2026-02-19 18:48:42.089785
C*03:38,C1,2,IPD_API,2026-02-19 18:48:42.089785
C*03:381,C1,1,IPD_API,2026-02-19 18:48:42.089785
C*03:382,C1,1,IPD_API,2026-02-19 18:48:42.089785
C*03:383,C1,1,IPD_API,2026-02-19 18:48:42.089785
C*03:384,C1,1,IPD_API,2026-02-19 18:48:42.089785
C*03:385,C1,1,IPD_API,2026-02-19 18:48:42.089785
C*03:386,C1,1,IPD_API,2026-02-19 18:48:42.089785
C*03:387,C1,1,IPD_API,2026-02-19 18:48:42.089785
C*03:388,C1,1,IPD_API,2026-02-19 18:48:42.089785
C*03:389,C1,1,IPD_API,2026-02-19 18:48:42.089785
C*03:39,C1,1,IPD_API,2026-02-19 18:48:42.089785
C*03:390,C1,1,IPD_API,2026-02-19 18:48:42.089785
C*03:393,C1,1,IPD_API,2026-02-19 18:48:42.089785
C*03:394,C1,1,IPD_API,2026-02-19 18:48:42.089785
C*03:395,C1,1,IPD_API,2026-02-19 18:48:42.089785
C*03:397,C1,1,IPD_API,2026-02-19 18:48:42.089785
C*03:398,C1,1,IPD_API,2026-02-19 18:48:42.089785
C*03:399,C1,1,IPD_API,2026-02-19 18:48:42.089785
C*03:40,C1,4,IPD_API,2026-02-19 18:48:42.089785
C*03:400,C1,1,IPD_API,2026-02-19 18:48:42.089785
C*03:401,C1,1,IPD_API,2026-02-19 18:48:42.089785
C*03:402,C1,1,IPD_API,2026-02-19 18:48:42.089785
C*03:403,C1,1,IPD_API,2026-02-19 18:48:42.089785
C*03:404,C1,2,IPD_API,2026-02-19 18:48:42.089785
C*03:405,C1,1,IPD_API,2026-02-19 18:48:42.089785
C*03:406,C1,1,IPD_API,2026-02-19 18:48:42.089785
C*03:407,C1,1,IPD_API,2026-02-19 18:48:42.089785
C*03:408,C1,1,IPD_API,2026-02-19 18:48:42.089785
C*03:409,C1,1,IPD_API,2026-02-19 18:48:42.089785
C*03:41,C1,2,IPD_API,2026-02-19 18:48:42.089785
C*03:410,C1,1,IPD_API,2026-02-19 18:48:42.089785
C*03:411,C1,1,IPD_API,2026-02-19 18:48:42.089785
C*03:412,C1,1,IPD_API,2026-02-19 18:48:42.089785
C*03:413,C1,1,IPD_API,2026-02-19 18:48:42.089785
C*03:414,C1,1,IPD_API,2026-02-19 18:48:42.089785
C*03:415,C1,1,IPD_API,2026-02-19 18:48:42.089785
C*03:416,C1,1,IPD_API,2026-02-19 18:48:42.089785
C*03:417,C1,1,IPD_API,2026-02-19 18:48:42.089785
C*03:418,C1,1,IPD_API,2026-02-19 18:48:42.089785
C*03:419,C1,1,IPD_API,2026-02-19 18:48:42.089785
C*03:42,C1,2,IPD_API,2026-02-19 18:48:42.089785
C*03:420,C1,1,IPD_API,2026-02-19 18:48:42.089785
C*03:422,C1,1,IPD_API,2026-02-19 18:48:42.089785
C*03:423,C1,1,IPD_API,2026-02-19 18:48:42.089785
C*03:425,C1,1,IPD_API,2026-02-19 18:48:42.089785
C*03:426,C1,1,IPD_API,2026-02-19 18:48:42.089785
C*03:427,C1,1,IPD_API,2026-02-19 18:48:42.089785
C*03:428,C1,1,IPD_API,2026-02-19 18:48:42.089785
C*03:429,C1,1,IPD_API,2026-02-19 18:48:42.089785
C*03:43,C1,2,IPD_API,2026-02-19 18:48:42.089785
C*03:430,C1,1,IPD_API,2026-02-19 18:48:42.089785
C*03:431,C1,1,IPD_API,2026-02-19 18:48:42.089785
C*03:433,C1,1,IPD_API,2026-02-19 18:48:42.089785
C*03:434,C1,1,IPD_API,2026-02-19 18:48:42.089785
C*03:435,C1,1,IPD_API,2026-02-19 18:48:42.089785
C*03:436,C1,1,IPD_API,2026-02-19 18:48:42.089785
C*03:437,C1,1,IPD_API,2026-02-19 18:48:42.089785
C*03:438,C1,1,IPD_API,2026-02-19 18:48:42.089785
C*03:439,C1,1,IPD_API,2026-02-19 18:48:42.089785
C*03:44,C1,1,IPD_API,2026-02-19 18:48:42.089785
C*03:440,C1,1,IPD_API,2026-02-19 18:48:42.089785
C*03:441,C1,1,IPD_API,2026-02-19 18:48:42.089785
C*03:442,C1,1,IPD_API,2026-02-19 18:48:42.089785
C*03:443,C1,1,IPD_API,2026-02-19 18:48:42.089785
C*03:448,C1,1,IPD_API,2026-02-19 18:48:42.089785
C*03:45,C2,1,IPD_API,2026-02-19 18:48:42.089785
C*03:450,C2,1,IPD_API,2026-02-19 18:48:42.089785
C*03:451,C1,1,IPD_API,2026-02-19 18:48:42.089785
C*03:452,C1,1,IPD_API,2026-02-19 18:48:42.089785
C*03:453,C1,1,IPD_API,2026-02-19 18:48:42.089785
C*03:454,C1,1,IPD_API,2026-02-19 18:48:42.089785
C*03:455,C1,1,IPD_API,2026-02-19 18:48:42.089785
C*03:456,C1,1,IPD_API,2026-02-19 18:48:42.089785
C*03:457,C1,1,IPD_API,2026-02-19 18:48:42.089785
C*03:458,C1,1,IPD_API,2026-02-19 18:48:42.089785
C*03:459,C1,1,IPD_API,2026-02-19 18:48:42.089785
C*03:46,C1,1,IPD_API,2026-02-19 18:48:42.089785
C*03:460,C1,1,IPD_API,2026-02-19 18:48:42.089785
C*03:461,C2,1,IPD_API,2026-02-19 18:48:42.089785
C*03:464,C1,1,IPD_API,2026-02-19 18:48:42.089785
C*03:465,C1,1,IPD_API,2026-02-19 18:48:42.089785
C*03:466,C1,1,IPD_API,2026-02-19 18:48:42.089785
C*03:467,C1,1,IPD_API,2026-02-19 18:48:42.089785
C*03:468,C1,1,IPD_API,2026-02-19 18:48:42.089785
C*03:469,C1,1,IPD_API,2026-02-19 18:48:42.089785
C*03:47,C1,1,IPD_API,2026-02-19 18:48:42.089785
C*03:471,C1,1,IPD_API,2026-02-19 18:48:42.089785
C*03:472,C1,1,IPD_API,2026-02-19 18:48:42.089785
C*03:473,C1,1,IPD_API,2026-02-19 18:48:42.089785
C*03:474,C1,1,IPD_API,2026-02-19 18:48:42.089785
C*03:475,C1,1,IPD_API,2026-02-19 18:48:42.089785
C*03:476,C1,1,IPD_API,2026-02-19 18:48:42.089785
C*03:477,C1,1,IPD_API,2026-02-19 18:48:42.089785
C*03:478,C1,1,IPD_API,2026-02-19 18:48:42.089785
C*03:479,C1,1,IPD_API,2026-02-19 18:48:42.089785
C*03:48,C1,1,IPD_API,2026-02-19 18:48:42.089785
C*03:480,C1,2,IPD_API,2026-02-19 18:48:42.089785
C*03:481,C1,1,IPD_API,2026-02-19 18:48:42.089785
C*03:482,C1,1,IPD_API,2026-02-19 18:48:42.089785
C*03:483,C1,2,IPD_API,2026-02-19 18:48:42.089785
C*03:484,C1,1,IPD_API,2026-02-19 18:48:42.089785
C*03:485,C1,1,IPD_API,2026-02-19 18:48:42.089785
C*03:486,C1,1,IPD_API,2026-02-19 18:48:42.089785
C*03:487,C1,1,IPD_API,2026-02-19 18:48:42.089785
C*03:488,C1,1,IPD_API,2026-02-19 18:48:42.089785
C*03:489,C1,1,IPD_API,2026-02-19 18:48:42.089785
C*03:49,C1,1,IPD_API,2026-02-19 18:48:42.089785
C*03:490,C1,1,IPD_API,2026-02-19 18:48:42.089785
C*03:491,C1,2,IPD_API,2026-02-19 18:48:42.089785
C*03:492,C1,1,IPD_API,2026-02-19 18:48:42.089785
C*03:493,C1,1,IPD_API,2026-02-19 18:48:42.089785
C*03:494,C1,1,IPD_API,2026-02-19 18:48:42.089785
C*03:495,C1,2,IPD_API,2026-02-19 18:48:42.089785
C*03:496,C1,1,IPD_API,2026-02-19 18:48:42.089785
C*03:497,C1,1,IPD_API,2026-02-19 18:48:42.089785
C*03:498,C1,1,IPD_API,2026-02-19 18:48:42.089785
C*03:499,C1,1,IPD_API,2026-02-19 18:48:42.089785
C*03:50,C1,1,IPD_API,2026-02-19 18:48:42.089785
C*03:500,C1,1,IPD_API,2026-02-19 18:48:42.089785
C*03:501,C1,1,IPD_API,2026-02-19 18:48:42.089785
C*03:502,C1,1,IPD_API,2026-02-19 18:48:42.089785
C*03:503,C1,1,IPD_API,2026-02-19 18:48:42.089785
C*03:504,C1,1,IPD_API,2026-02-19 18:48:42.089785
C*03:505,C1,1,IPD_API,2026-02-19 18:48:42.089785
C*03:506,C1,1,IPD_API,2026-02-19 18:48:42.089785
C*03:507,C1,1,IPD_API,2026-02-19 18:48:42.089785
C*03:51,C1,1,IPD_API,2026-02-19 18:48:42.089785
C*03:512,C1,1,IPD_API,2026-02-19 18:48:42.089785
C*03:513,C1,1,IPD_API,2026-02-19 18:48:42.089785
C*03:514,C1,1,IPD_API,2026-02-19 18:48:42.089785
C*03:515,C1,1,IPD_API,2026-02-19 18:48:42.089785
C*03:516,C1,1,IPD_API,2026-02-19 18:48:42.089785
C*03:517,C1,1,IPD_API,2026-02-19 18:48:42.089785
C*03:518,C1,1,IPD_API,2026-02-19 18:48:42.089785
C*03:519,C1,1,IPD_API,2026-02-19 18:48:42.089785
C*03:52,C1,1,IPD_API,2026-02-19 18:48:42.089785
C*03:520,C1,1,IPD_API,2026-02-19 18:48:42.089785
C*03:521,C1,1,IPD_API,2026-02-19 18:48:42.089785
C*03:522,C1,1,IPD_API,2026-02-19 18:48:42.089785
C*03:523,C1,1,IPD_API,2026-02-19 18:48:42.089785
C*03:524,C1,1,IPD_API,2026-02-19 18:48:42.089785
C*03:525,C1,1,IPD_API,2026-02-19 18:48:42.089785
C*03:526,C1,1,IPD_API,2026-02-19 18:48:42.089785
C*03:527,C1,1,IPD_API,2026-02-19 18:48:42.089785
C*03:528,C1,1,IPD_API,2026-02-19 18:48:42.089785
C*03:529,C1,1,IPD_API,2026-02-19 18:48:42.089785
C*03:53,C1,1,IPD_API,2026-02-19 18:48:42.089785
C*03:530,C1,1,IPD_API,2026-02-19 18:48:42.089785
C*03:532,C1,1,IPD_API,2026-02-19 18:48:42.089785
C*03:533,C1,1,IPD_API,2026-02-19 18:48:42.089785
C*03:534,C1,1,IPD_API,2026-02-19 18:48:42.089785
C*03:535,C1,2,IPD_API,2026-02-19 18:48:42.089785
C*03:536,C1,2,IPD_API,2026-02-19 18:48:42.089785
C*03:537,C1,1,IPD_API,2026-02-19 18:48:42.089785
C*03:538,C1,1,IPD_API,2026-02-19 18:48:42.089785
C*03:539,C1,1,IPD_API,2026-02-19 18:48:42.089785
C*03:54,C1,1,IPD_API,2026-02-19 18:48:42.089785
C*03:540,C1,1,IPD_API,2026-02-19 18:48:42.089785
C*03:541,C1,1,IPD_API,2026-02-19 18:48:42.089785
C*03:542,C1,1,IPD_API,2026-02-19 18:48:42.089785
C*03:543,C1,1,IPD_API,2026-02-19 18:48:42.089785
C*03:544,C1,1,IPD_API,2026-02-19 18:48:42.089785
C*03:545,C1,1,IPD_API,2026-02-19 18:48:42.089785
C*03:546,C1,1,IPD_API,2026-02-19 18:48:42.089785
C*03:547,C1,1,IPD_API,2026-02-19 18:48:42.089785
C*03:548,C1,1,IPD_API,2026-02-19 18:48:42.089785
C*03:549,C1,1,IPD_API,2026-02-19 18:48:42.089785
C*03:55,C1,1,IPD_API,2026-02-19 18:48:42.089785
C*03:550,C1,1,IPD_API,2026-02-19 18:48:42.089785
C*03:551,C1,1,IPD_API,2026-02-19 18:48:42.089785
C*03:552,C1,2,IPD_API,2026-02-19 18:48:42.089785
C*03:553,C1,1,IPD_API,2026-02-19 18:48:42.089785
C*03:554,C1,1,IPD_API,2026-02-19 18:48:42.089785
C*03:555,C1,1,IPD_API,2026-02-19 18:48:42.089785
C*03:556,C1,1,IPD_API,2026-02-19 18:48:42.089785
C*03:557,C1,1,IPD_API,2026-02-19 18:48:42.089785
C*03:558,C1,1,IPD_API,2026-02-19 18:48:42.089785
C*03:559,C1,1,IPD_API,2026-02-19 18:48:42.089785
C*03:56,C1,1,IPD_API,2026-02-19 18:48:42.089785
C*03:561,C1,1,IPD_API,2026-02-19 18:48:42.089785
C*03:562,C1,1,IPD_API,2026-02-19 18:48:42.089785
C*03:563,C1,1,IPD_API,2026-02-19 18:48:42.089785
C*03:564,C1,1,IPD_API,2026-02-19 18:48:42.089785
C*03:565,C1,1,IPD_API,2026-02-19 18:48:42.089785
C*03:566,C1,1,IPD_API,2026-02-19 18:48:42.089785
C*03:567,C1,1,IPD_API,2026-02-19 18:48:42.089785
C*03:568,C1,1,IPD_API,2026-02-19 18:48:42.089785
C*03:569,C1,1,IPD_API,2026-02-19 18:48:42.089785
C*03:57,C1,2,IPD_API,2026-02-19 18:48:42.089785
C*03:570,C1,1,IPD_API,2026-02-19 18:48:42.089785
C*03:572,C1,1,IPD_API,2026-02-19 18:48:42.089785
C*03:573,C1,1,IPD_API,2026-02-19 18:48:42.089785
C*03:574,C1,1,IPD_API,2026-02-19 18:48:42.089785
C*03:575,C1,1,IPD_API,2026-02-19 18:48:42.089785
C*03:576,C1,1,IPD_API,2026-02-19 18:48:42.089785
C*03:577,C1,1,IPD_API,2026-02-19 18:48:42.089785
C*03:578,C1,1,IPD_API,2026-02-19 18:48:42.089785
C*03:579,C1,1,IPD_API,2026-02-19 18:48:42.089785
C*03:58,C1,1,IPD_API,2026-02-19 18:48:42.089785
C*03:580,C1,1,IPD_API,2026-02-19 18:48:42.089785
C*03:581,C1,1,IPD_API,2026-02-19 18:48:42.089785
C*03:582,C1,1,IPD_API,2026-02-19 18:48:42.089785
C*03:583,C1,1,IPD_API,2026-02-19 18:48:42.089785
C*03:584,C1,1,IPD_API,2026-02-19 18:48:42.089785
C*03:585,C1,1,IPD_API,2026-02-19 18:48:42.089785
C*03:586,C1,1,IPD_API,2026-02-19 18:48:42.089785
C*03:587,C1,1,IPD_API,2026-02-19 18:48:42.089785
C*03:588,C1,1,IPD_API,2026-02-19 18:48:42.089785
C*03:589,C1,1,IPD_API,2026-02-19 18:48:42.089785
C*03:59,C1,1,IPD_API,2026-02-19 18:48:42.089785
C*03:590,C1,1,IPD_API,2026-02-19 18:48:42.089785
C*03:591,C1,1,IPD_API,2026-02-19 18:48:42.089785
C*03:592,C1,1,IPD_API,2026-02-19 18:48:42.089785
C*03:593,C1,1,IPD_API,2026-02-19 18:48:42.089785
C*03:594,C1,1,IPD_API,2026-02-19 18:48:42.089785
C*03:595,C1,1,IPD_API,2026-02-19 18:48:42.089785
C*03:596,C1,1,IPD_API,2026-02-19 18:48:42.089785
C*03:597,C1,1,IPD_API,2026-02-19 18:48:42.089785
C*03:598,C1,1,IPD_API,2026-02-19 18:48:42.089785
C*03:599,C1,1,IPD_API,2026-02-19 18:48:42.089785
C*03:60,C1,1,IPD_API,2026-02-19 18:48:42.089785
C*03:600,C1,1,IPD_API,2026-02-19 18:48:42.089785
C*03:601,C1,1,IPD_API,2026-02-19 18:48:42.089785
C*03:602,C1,1,IPD_API,2026-02-19 18:48:42.089785
C*03:603,C1,1,IPD_API,2026-02-19 18:48:42.089785
C*03:604,C1,1,IPD_API,2026-02-19 18:48:42.089785
C*03:605,C1,1,IPD_API,2026-02-19 18:48:42.089785
C*03:606,C1,1,IPD_API,2026-02-19 18:48:42.089785
C*03:607,C1,1,IPD_API,2026-02-19 18:48:42.089785
C*03:608,C1,1,IPD_API,2026-02-19 18:48:42.089785
C*03:609,C1,1,IPD_API,2026-02-19 18:48:42.089785
C*03:61,C1,1,IPD_API,2026-02-19 18:48:42.089785
C*03:610,C1,1,IPD_API,2026-02-19 18:48:42.089785
C*03:611,C1,1,IPD_API,2026-02-19 18:48:42.089785
C*03:612,C1,1,IPD_API,2026-02-19 18:48:42.089785
C*03:613,C1,1,IPD_API,2026-02-19 18:48:42.089785
C*03:614,C1,1,IPD_API,2026-02-19 18:48:42.089785
C*03:615,C1,1,IPD_API,2026-02-19 18:48:42.089785
C*03:616,C1,1,IPD_API,2026-02-19 18:48:42.089785
C*03:617,C1,1,IPD_API,2026-02-19 18:48:42.089785
C*03:62,C1,1,IPD_API,2026-02-19 18:48:42.089785
C*03:620,C1,1,IPD_API,2026-02-19 18:48:42.089785
C*03:621,C1,1,IPD_API,2026-02-19 18:48:42.089785
C*03:622,C1,1,IPD_API,2026-02-19 18:48:42.089785
C*03:623,C1,1,IPD_API,2026-02-19 18:48:42.089785
C*03:624,C1,1,IPD_API,2026-02-19 18:48:42.089785
C*03:626,C1,1,IPD_API,2026-02-19 18:48:42.089785
C*03:627,C1,1,IPD_API,2026-02-19 18:48:42.089785
C*03:629,C1,1,IPD_API,2026-02-19 18:48:42.089785
C*03:63,C1,1,IPD_API,2026-02-19 18:48:42.089785
C*03:630,C1,1,IPD_API,2026-02-19 18:48:42.089785
C*03:631,C1,1,IPD_API,2026-02-19 18:48:42.089785
C*03:632,C1,1,IPD_API,2026-02-19 18:48:42.089785
C*03:633,C1,1,IPD_API,2026-02-19 18:48:42.089785
C*03:634,C1,1,IPD_API,2026-02-19 18:48:42.089785
C*03:637,C1,2,IPD_API,2026-02-19 18:48:42.089785
C*03:638,C1,1,IPD_API,2026-02-19 18:48:42.089785
C*03:639,C1,1,IPD_API,2026-02-19 18:48:42.089785
C*03:64,C1,2,IPD_API,2026-02-19 18:48:42.089785
C*03:640,C1,1,IPD_API,2026-02-19 18:48:42.089785
C*03:641,C1,1,IPD_API,2026-02-19 18:48:42.089785
C*03:642,C1,2,IPD_API,2026-02-19 18:48:42.089785
C*03:644,C1,1,IPD_API,2026-02-19 18:48:42.089785
C*03:645,C1,1,IPD_API,2026-02-19 18:48:42.089785
C*03:646,C2,1,IPD_API,2026-02-19 18:48:42.089785
C*03:647,C1,1,IPD_API,2026-02-19 18:48:42.089785
C*03:648,C1,1,IPD_API,2026-02-19 18:48:42.089785
C*03:649,C1,1,IPD_API,2026-02-19 18:48:42.089785
C*03:65,C1,1,IPD_API,2026-02-19 18:48:42.089785
C*03:650,C1,1,IPD_API,2026-02-19 18:48:42.089785
C*03:651,C1,1,IPD_API,2026-02-19 18:48:42.089785
C*03:652,C1,1,IPD_API,2026-02-19 18:48:42.089785
C*03:654,C1,1,IPD_API,2026-02-19 18:48:42.089785
C*03:655,C1,1,IPD_API,2026-02-19 18:48:42.089785
C*03:656,C1,1,IPD_API,2026-02-19 18:48:42.089785
C*03:657,C1,1,IPD_API,2026-02-19 18:48:42.089785
C*03:658,C1,1,IPD_API,2026-02-19 18:48:42.089785
C*03:66,C1,1,IPD_API,2026-02-19 18:48:42.089785
C*03:660,C1,1,IPD_API,2026-02-19 18:48:42.089785
C*03:661,C1,1,IPD_API,2026-02-19 18:48:42.089785
C*03:663,C1,1,IPD_API,2026-02-19 18:48:42.089785
C*03:664,C1,1,IPD_API,2026-02-19 18:48:42.089785
C*03:665,C1,1,IPD_API,2026-02-19 18:48:42.089785
C*03:666,C1,1,IPD_API,2026-02-19 18:48:42.089785
C*03:667,C1,1,IPD_API,2026-02-19 18:48:42.089785
C*03:668,C1,1,IPD_API,2026-02-19 18:48:42.089785
C*03:669,C1,1,IPD_API,2026-02-19 18:48:42.089785
C*03:67,C1,1,IPD_API,2026-02-19 18:48:42.089785
C*03:670,C1,1,IPD_API,2026-02-19 18:48:42.089785
C*03:671,C1,1,IPD_API,2026-02-19 18:48:42.089785
C*03:672,C1,1,IPD_API,2026-02-19 18:48:42.089785
C*03:673,C1,1,IPD_API,2026-02-19 18:48:42.089785
C*03:674,C1,1,IPD_API,2026-02-19 18:48:42.089785
C*03:675,C1,1,IPD_API,2026-02-19 18:48:42.089785
C*03:676,C1,1,IPD_API,2026-02-19 18:48:42.089785
C*03:677,C1,1,IPD_API,2026-02-19 18:48:42.089785
C*03:678,C1,1,IPD_API,2026-02-19 18:48:42.089785
C*03:679,C1,1,IPD_API,2026-02-19 18:48:42.089785
C*03:68,C1,1,IPD_API,2026-02-19 18:48:42.089785
C*03:681,C1,1,IPD_API,2026-02-19 18:48:42.089785
C*03:682,C1,1,IPD_API,2026-02-19 18:48:42.089785
C*03:683,C1,1,IPD_API,2026-02-19 18:48:42.089785
C*03:684,C1,1,IPD_API,2026-02-19 18:48:42.089785
C*03:685,C1,1,IPD_API,2026-02-19 18:48:42.089785
C*03:686,C1,1,IPD_API,2026-02-19 18:48:42.089785
C*03:687,C1,1,IPD_API,2026-02-19 18:48:42.089785
C*03:688,C1,1,IPD_API,2026-02-19 18:48:42.089785
C*03:689,C1,1,IPD_API,2026-02-19 18:48:42.089785
C*03:69,C1,1,IPD_API,2026-02-19 18:48:42.089785
C*03:690,C1,1,IPD_API,2026-02-19 18:48:42.089785
C*03:691,C1,1,IPD_API,2026-02-19 18:48:42.089785
C*03:692,C1,1,IPD_API,2026-02-19 18:48:42.089785
C*03:693,C1,1,IPD_API,2026-02-19 18:48:42.089785
C*03:694,C1,1,IPD_API,2026-02-19 18:48:42.089785
C*03:695,C1,1,IPD_API,2026-02-19 18:48:42.089785
C*03:696,C1,1,IPD_API,2026-02-19 18:48:42.089785
C*03:698,C1,1,IPD_API,2026-02-19 18:48:42.089785
C*03:699,C1,1,IPD_API,2026-02-19 18:48:42.089785
C*03:70,C1,1,IPD_API,2026-02-19 18:48:42.089785
C*03:700,C1,1,IPD_API,2026-02-19 18:48:42.089785
C*03:701,C1,1,IPD_API,2026-02-19 18:48:42.089785
C*03:702,C1,1,IPD_API,2026-02-19 18:48:42.089785
C*03:703,C1,1,IPD_API,2026-02-19 18:48:42.089785
C*03:704,C1,1,IPD_API,2026-02-19 18:48:42.089785
C*03:705,C1,1,IPD_API,2026-02-19 18:48:42.089785
C*03:707,C1,1,IPD_API,2026-02-19 18:48:42.089785
C*03:708,C1,1,IPD_API,2026-02-19 18:48:42.089785
C*03:71,C1,1,IPD_API,2026-02-19 18:48:42.089785
C*03:710,C1,1,IPD_API,2026-02-19 18:48:42.089785
C*03:711,C1,1,IPD_API,2026-02-19 18:48:42.089785
C*03:712,C1,1,IPD_API,2026-02-19 18:48:42.089785
C*03:713,C1,1,IPD_API,2026-02-19 18:48:42.089785
C*03:714,C1,1,IPD_API,2026-02-19 18:48:42.089785
C*03:715,C1,1,IPD_API,2026-02-19 18:48:42.089785
C*03:716,C1,1,IPD_API,2026-02-19 18:48:42.089785
C*03:717,C1,1,IPD_API,2026-02-19 18:48:42.089785
C*03:718,C1,1,IPD_API,2026-02-19 18:48:42.089785
C*03:719,C1,1,IPD_API,2026-02-19 18:48:42.089785
C*03:72,C1,1,IPD_API,2026-02-19 18:48:42.089785
C*03:720,C1,1,IPD_API,2026-02-19 18:48:42.089785
C*03:722,C1,1,IPD_API,2026-02-19 18:48:42.089785
C*03:723,C1,1,IPD_API,2026-02-19 18:48:42.089785
C*03:724,C1,1,IPD_API,2026-02-19 18:48:42.089785
C*03:725,C1,1,IPD_API,2026-02-19 18:48:42.089785
C*03:726,C1,1,IPD_API,2026-02-19 18:48:42.089785
C*03:728,C1,1,IPD_API,2026-02-19 18:48:42.089785
C*03:729,C1,1,IPD_API,2026-02-19 18:48:42.089785
C*03:73,C1,1,IPD_API,2026-02-19 18:48:42.089785
C*03:731,C1,1,IPD_API,2026-02-19 18:48:42.089785
C*03:732,C1,1,IPD_API,2026-02-19 18:48:42.089785
C*03:733,C1,1,IPD_API,2026-02-19 18:48:42.089785
C*03:734,C1,1,IPD_API,2026-02-19 18:48:42.089785
C*03:735,C1,1,IPD_API,2026-02-19 18:48:42.089785
C*03:736,C1,1,IPD_API,2026-02-19 18:48:42.089785
C*03:737,C1,1,IPD_API,2026-02-19 18:48:42.089785
C*03:738,C1,1,IPD_API,2026-02-19 18:48:42.089785
C*03:74,C1,1,IPD_API,2026-02-19 18:48:42.089785
C*03:75,C1,1,IPD_API,2026-02-19 18:48:42.089785
C*03:76,C1,1,IPD_API,2026-02-19 18:48:42.089785
C*03:77,C1,1,IPD_API,2026-02-19 18:48:42.089785
C*03:78,C1,1,IPD_API,2026-02-19 18:48:42.089785
C*03:79,C1,1,IPD_API,2026-02-19 18:48:42.089785
C*03:80,C1,2,IPD_API,2026-02-19 18:48:42.089785
C*03:81,C1,1,IPD_API,2026-02-19 18:48:42.089785
C*03:82,C1,1,IPD_API,2026-02-19 18:48:42.089785
C*03:83,C1,1,IPD_API,2026-02-19 18:48:42.089785
C*03:84,C1,1,IPD_API,2026-02-19 18:48:42.089785
C*03:85,C1,1,IPD_API,2026-02-19 18:48:42.089785
C*03:86,C1,1,IPD_API,2026-02-19 18:48:42.089785
C*03:87,C1,2,IPD_API,2026-02-19 18:48:42.089785
C*03:88,C1,1,IPD_API,2026-02-19 18:48:42.089785
C*03:89,C1,1,IPD_API,2026-02-19 18:48:42.089785
C*03:90,C1,1,IPD_API,2026-02-19 18:48:42.089785
C*03:91,C1,2,IPD_API,2026-02-19 18:48:42.089785
C*03:92,C1,1,IPD_API,2026-02-19 18:48:42.089785
C*03:93,C1,1,IPD_API,2026-02-19 18:48:42.089785
C*03:94,C1,2,IPD_API,2026-02-19 18:48:42.089785
C*03:95,C1,1,IPD_API,2026-02-19 18:48:42.089785
C*03:96,C1,2,IPD_API,2026-02-19 18:48:42.089785
C*03:97,C1,1,IPD_API,2026-02-19 18:48:42.089785
C*03:98,C1,1,IPD_API,2026-02-19 18:48:42.089785
C*04:01,C2,375,IPD_API,2026-02-19 18:48:42.089785
C*04:03,C2,17,IPD_API,2026-02-19 18:48:42.089785
C*04:04,C2,3,IPD_API,2026-02-19 18:48:42.089785
C*04:05,C2,1,IPD_API,2026-02-19 18:48:42.089785
C*04:06,C2,3,IPD_API,2026-02-19 18:48:42.089785
C*04:07,C2,2,IPD_API,2026-02-19 18:48:42.089785
C*04:08,C2,1,IPD_API,2026-02-19 18:48:42.089785
C*04:09,C2,1,IPD_API,2026-02-19 18:48:42.089785
C*04:10,C2,1,IPD_API,2026-02-19 18:48:42.089785
C*04:100,C2,1,IPD_API,2026-02-19 18:48:42.089785
C*04:101,C2,1,IPD_API,2026-02-19 18:48:42.089785
C*04:102,C2,1,IPD_API,2026-02-19 18:48:42.089785
C*04:103,C2,2,IPD_API,2026-02-19 18:48:42.089785
C*04:104,C2,1,IPD_API,2026-02-19 18:48:42.089785
C*04:106,C2,1,IPD_API,2026-02-19 18:48:42.089785
C*04:107,C2,1,IPD_API,2026-02-19 18:48:42.089785
C*04:108,C2,1,IPD_API,2026-02-19 18:48:42.089785
C*04:109,C2,1,IPD_API,2026-02-19 18:48:42.089785
C*04:11,C1,1,IPD_API,2026-02-19 18:48:42.089785
C*04:110,C2,1,IPD_API,2026-02-19 18:48:42.089785
C*04:111,C2,1,IPD_API,2026-02-19 18:48:42.089785
C*04:112,C2,1,IPD_API,2026-02-19 18:48:42.089785
C*04:113,C2,1,IPD_API,2026-02-19 18:48:42.089785
C*04:114,C1,1,IPD_API,2026-02-19 18:48:42.089785
C*04:116,C2,1,IPD_API,2026-02-19 18:48:42.089785
C*04:117,C2,1,IPD_API,2026-02-19 18:48:42.089785
C*04:118,C2,1,IPD_API,2026-02-19 18:48:42.089785
C*04:119,C2,1,IPD_API,2026-02-19 18:48:42.089785
C*04:12,C2,1,IPD_API,2026-02-19 18:48:42.089785
C*04:120,C2,1,IPD_API,2026-02-19 18:48:42.089785
C*04:121,C2,1,IPD_API,2026-02-19 18:48:42.089785
C*04:122,C2,1,IPD_API,2026-02-19 18:48:42.089785
C*04:124,C2,1,IPD_API,2026-02-19 18:48:42.089785
C*04:125,C2,1,IPD_API,2026-02-19 18:48:42.089785
C*04:126,C2,1,IPD_API,2026-02-19 18:48:42.089785
C*04:127,C2,1,IPD_API,2026-02-19 18:48:42.089785
C*04:128,C2,1,IPD_API,2026-02-19 18:48:42.089785
C*04:129,C2,1,IPD_API,2026-02-19 18:48:42.089785
C*04:13,C2,2,IPD_API,2026-02-19 18:48:42.089785
C*04:130,C2,1,IPD_API,2026-02-19 18:48:42.089785
C*04:131,C2,1,IPD_API,2026-02-19 18:48:42.089785
C*04:132,C2,1,IPD_API,2026-02-19 18:48:42.089785
C*04:133,C2,1,IPD_API,2026-02-19 18:48:42.089785
C*04:134,C2,1,IPD_API,2026-02-19 18:48:42.089785
C*04:135,C2,1,IPD_API,2026-02-19 18:48:42.089785
C*04:136,C2,1,IPD_API,2026-02-19 18:48:42.089785
C*04:137,C2,1,IPD_API,2026-02-19 18:48:42.089785
C*04:138,C2,1,IPD_API,2026-02-19 18:48:42.089785
C*04:139,C2,1,IPD_API,2026-02-19 18:48:42.089785
C*04:14,C2,1,IPD_API,2026-02-19 18:48:42.089785
C*04:140,C2,1,IPD_API,2026-02-19 18:48:42.089785
C*04:141,C2,1,IPD_API,2026-02-19 18:48:42.089785
C*04:142,C2,1,IPD_API,2026-02-19 18:48:42.089785
C*04:143,C2,1,IPD_API,2026-02-19 18:48:42.089785
C*04:144,C2,1,IPD_API,2026-02-19 18:48:42.089785
C*04:145,C2,1,IPD_API,2026-02-19 18:48:42.089785
C*04:146,C2,1,IPD_API,2026-02-19 18:48:42.089785
C*04:147,C2,1,IPD_API,2026-02-19 18:48:42.089785
C*04:148,C2,1,IPD_API,2026-02-19 18:48:42.089785
C*04:149,C2,1,IPD_API,2026-02-19 18:48:42.089785
C*04:15,C2,3,IPD_API,2026-02-19 18:48:42.089785
C*04:150,C2,1,IPD_API,2026-02-19 18:48:42.089785
C*04:151,C2,1,IPD_API,2026-02-19 18:48:42.089785
C*04:152,C2,1,IPD_API,2026-02-19 18:48:42.089785
C*04:153,C2,1,IPD_API,2026-02-19 18:48:42.089785
C*04:154,C2,1,IPD_API,2026-02-19 18:48:42.089785
C*04:155,C2,1,IPD_API,2026-02-19 18:48:42.089785
C*04:156,C2,1,IPD_API,2026-02-19 18:48:42.089785
C*04:157,C2,1,IPD_API,2026-02-19 18:48:42.089785
C*04:158,C2,1,IPD_API,2026-02-19 18:48:42.089785
C*04:159,C2,1,IPD_API,2026-02-19 18:48:42.089785
C*04:16,C2,1,IPD_API,2026-02-19 18:48:42.089785
C*04:160,C2,2,IPD_API,2026-02-19 18:48:42.089785
C*04:161,C2,1,IPD_API,2026-02-19 18:48:42.089785
C*04:162,C2,1,IPD_API,2026-02-19 18:48:42.089785
C*04:163,C2,1,IPD_API,2026-02-19 18:48:42.089785
C*04:164,C2,2,IPD_API,2026-02-19 18:48:42.089785
C*04:165,C2,1,IPD_API,2026-02-19 18:48:42.089785
C*04:166,C2,3,IPD_API,2026-02-19 18:48:42.089785
C*04:167,C2,1,IPD_API,2026-02-19 18:48:42.089785
C*04:168,C2,1,IPD_API,2026-02-19 18:48:42.089785
C*04:169,C2,1,IPD_API,2026-02-19 18:48:42.089785
C*04:17,C2,1,IPD_API,2026-02-19 18:48:42.089785
C*04:171,C2,1,IPD_API,2026-02-19 18:48:42.089785
C*04:172,C1,1,IPD_API,2026-02-19 18:48:42.089785
C*04:174,C2,1,IPD_API,2026-02-19 18:48:42.089785
C*04:175,C2,1,IPD_API,2026-02-19 18:48:42.089785
C*04:176,C2,1,IPD_API,2026-02-19 18:48:42.089785
C*04:177,C2,1,IPD_API,2026-02-19 18:48:42.089785
C*04:178,C2,1,IPD_API,2026-02-19 18:48:42.089785
C*04:179,C2,1,IPD_API,2026-02-19 18:48:42.089785
C*04:18,C2,1,IPD_API,2026-02-19 18:48:42.089785
C*04:180,C2,3,IPD_API,2026-02-19 18:48:42.089785
C*04:181,C2,1,IPD_API,2026-02-19 18:48:42.089785
C*04:182,C2,1,IPD_API,2026-02-19 18:48:42.089785
C*04:183,C2,1,IPD_API,2026-02-19 18:48:42.089785
C*04:184,C2,1,IPD_API,2026-02-19 18:48:42.089785
C*04:185,C2,1,IPD_API,2026-02-19 18:48:42.089785
C*04:186,C2,1,IPD_API,2026-02-19 18:48:42.089785
C*04:187,C2,1,IPD_API,2026-02-19 18:48:42.089785
C*04:188,C2,1,IPD_API,2026-02-19 18:48:42.089785
C*04:189,C2,1,IPD_API,2026-02-19 18:48:42.089785
C*04:19,C2,1,IPD_API,2026-02-19 18:48:42.089785
C*04:190,C2,1,IPD_API,2026-02-19 18:48:42.089785
C*04:192,C2,1,IPD_API,2026-02-19 18:48:42.089785
C*04:193,C2,1,IPD_API,2026-02-19 18:48:42.089785
C*04:194,C2,1,IPD_API,2026-02-19 18:48:42.089785
C*04:195,C2,1,IPD_API,2026-02-19 18:48:42.089785
C*04:196,C2,1,IPD_API,2026-02-19 18:48:42.089785
C*04:197,C2,1,IPD_API,2026-02-19 18:48:42.089785
C*04:198,C2,1,IPD_API,2026-02-19 18:48:42.089785
C*04:199,C2,1,IPD_API,2026-02-19 18:48:42.089785
C*04:20,C2,1,IPD_API,2026-02-19 18:48:42.089785
C*04:200,C2,1,IPD_API,2026-02-19 18:48:42.089785
C*04:201,C2,2,IPD_API,2026-02-19 18:48:42.089785
C*04:202,C2,2,IPD_API,2026-02-19 18:48:42.089785
C*04:204,C2,1,IPD_API,2026-02-19 18:48:42.089785
C*04:206,C2,1,IPD_API,2026-02-19 18:48:42.089785
C*04:207,C2,1,IPD_API,2026-02-19 18:48:42.089785
C*04:208,C2,1,IPD_API,2026-02-19 18:48:42.089785
C*04:209,C2,1,IPD_API,2026-02-19 18:48:42.089785
C*04:210,C2,1,IPD_API,2026-02-19 18:48:42.089785
C*04:211,C2,1,IPD_API,2026-02-19 18:48:42.089785
C*04:212,C2,1,IPD_API,2026-02-19 18:48:42.089785
C*04:213,C2,1,IPD_API,2026-02-19 18:48:42.089785
C*04:214,C2,1,IPD_API,2026-02-19 18:48:42.089785
C*04:216,C2,1,IPD_API,2026-02-19 18:48:42.089785
C*04:218,C2,1,IPD_API,2026-02-19 18:48:42.089785
C*04:219,C2,1,IPD_API,2026-02-19 18:48:42.089785
C*04:220,C2,1,IPD_API,2026-02-19 18:48:42.089785
C*04:221,C2,1,IPD_API,2026-02-19 18:48:42.089785
C*04:222,C2,1,IPD_API,2026-02-19 18:48:42.089785
C*04:223,C2,2,IPD_API,2026-02-19 18:48:42.089785
C*04:224,C2,1,IPD_API,2026-02-19 18:48:42.089785
C*04:226,C2,1,IPD_API,2026-02-19 18:48:42.089785
C*04:227,C2,1,IPD_API,2026-02-19 18:48:42.089785
C*04:228,C2,1,IPD_API,2026-02-19 18:48:42.089785
C*04:229,C2,2,IPD_API,2026-02-19 18:48:42.089785
C*04:23,C2,1,IPD_API,2026-02-19 18:48:42.089785
C*04:230,C2,1,IPD_API,2026-02-19 18:48:42.089785
C*04:231,C2,1,IPD_API,2026-02-19 18:48:42.089785
C*04:232,C2,1,IPD_API,2026-02-19 18:48:42.089785
C*04:235,C2,1,IPD_API,2026-02-19 18:48:42.089785
C*04:237,C2,1,IPD_API,2026-02-19 18:48:42.089785
C*04:238,C2,1,IPD_API,2026-02-19 18:48:42.089785
C*04:239,C2,1,IPD_API,2026-02-19 18:48:42.089785
C*04:24,C2,1,IPD_API,2026-02-19 18:48:42.089785
C*04:240,C2,1,IPD_API,2026-02-19 18:48:42.089785
C*04:241,C2,1,IPD_API,2026-02-19 18:48:42.089785
C*04:242,C2,1,IPD_API,2026-02-19 18:48:42.089785
C*04:243,C2,1,IPD_API,2026-02-19 18:48:42.089785
C*04:244,C2,1,IPD_API,2026-02-19 18:48:42.089785
C*04:245,C2,1,IPD_API,2026-02-19 18:48:42.089785
C*04:246,C2,1,IPD_API,2026-02-19 18:48:42.089785
C*04:247,C2,1,IPD_API,2026-02-19 18:48:42.089785
C*04:248,C2,1,IPD_API,2026-02-19 18:48:42.089785
C*04:249,C2,1,IPD_API,2026-02-19 18:48:42.089785
C*04:25,C2,1,IPD_API,2026-02-19 18:48:42.089785
C*04:250,C2,1,IPD_API,2026-02-19 18:48:42.089785
C*04:251,C2,1,IPD_API,2026-02-19 18:48:42.089785
C*04:252,C2,1,IPD_API,2026-02-19 18:48:42.089785
C*04:254,C2,1,IPD_API,2026-02-19 18:48:42.089785
C*04:256,C2,1,IPD_API,2026-02-19 18:48:42.089785
C*04:257,C2,1,IPD_API,2026-02-19 18:48:42.089785
C*04:258,C2,1,IPD_API,2026-02-19 18:48:42.089785
C*04:259,C2,1,IPD_API,2026-02-19 18:48:42.089785
C*04:26,C2,1,IPD_API,2026-02-19 18:48:42.089785
C*04:260,C2,1,IPD_API,2026-02-19 18:48:42.089785
C*04:261,C2,1,IPD_API,2026-02-19 18:48:42.089785
C*04:262,C2,1,IPD_API,2026-02-19 18:48:42.089785
C*04:263,C2,1,IPD_API,2026-02-19 18:48:42.089785
C*04:264,C2,1,IPD_API,2026-02-19 18:48:42.089785
C*04:265,C2,1,IPD_API,2026-02-19 18:48:42.089785
C*04:266,C2,1,IPD_API,2026-02-19 18:48:42.089785
C*04:267,C2,1,IPD_API,2026-02-19 18:48:42.089785
C*04:268,C2,1,IPD_API,2026-02-19 18:48:42.089785
C*04:269,C2,1,IPD_API,2026-02-19 18:48:42.089785
C*04:27,C2,1,IPD_API,2026-02-19 18:48:42.089785
C*04:270,C2,1,IPD_API,2026-02-19 18:48:42.089785
C*04:271,C2,1,IPD_API,2026-02-19 18:48:42.089785
C*04:272,C2,1,IPD_API,2026-02-19 18:48:42.089785
C*04:273,C2,1,IPD_API,2026-02-19 18:48:42.089785
C*04:274,C2,1,IPD_API,2026-02-19 18:48:42.089785
C*04:275,C2,2,IPD_API,2026-02-19 18:48:42.089785
C*04:276,C2,1,IPD_API,2026-02-19 18:48:42.089785
C*04:277,C2,1,IPD_API,2026-02-19 18:48:42.089785
C*04:278,C2,1,IPD_API,2026-02-19 18:48:42.089785
C*04:28,C2,1,IPD_API,2026-02-19 18:48:42.089785
C*04:280,C2,1,IPD_API,2026-02-19 18:48:42.089785
C*04:281,C2,1,IPD_API,2026-02-19 18:48:42.089785
C*04:282,C2,1,IPD_API,2026-02-19 18:48:42.089785
C*04:283,C2,1,IPD_API,2026-02-19 18:48:42.089785
C*04:284,C2,1,IPD_API,2026-02-19 18:48:42.089785
C*04:285,C2,1,IPD_API,2026-02-19 18:48:42.089785
C*04:286,C2,1,IPD_API,2026-02-19 18:48:42.089785
C*04:287,C2,1,IPD_API,2026-02-19 18:48:42.089785
C*04:288,C2,1,IPD_API,2026-02-19 18:48:42.089785
C*04:289,C2,1,IPD_API,2026-02-19 18:48:42.089785
C*04:29,C1,1,IPD_API,2026-02-19 18:48:42.089785
C*04:290,C2,1,IPD_API,2026-02-19 18:48:42.089785
C*04:291,C2,1,IPD_API,2026-02-19 18:48:42.089785
C*04:292,C2,1,IPD_API,2026-02-19 18:48:42.089785
C*04:293,C2,1,IPD_API,2026-02-19 18:48:42.089785
C*04:294,C2,1,IPD_API,2026-02-19 18:48:42.089785
C*04:295,C2,1,IPD_API,2026-02-19 18:48:42.089785
C*04:296,C2,1,IPD_API,2026-02-19 18:48:42.089785
C*04:297,C2,1,IPD_API,2026-02-19 18:48:42.089785
C*04:298,C2,1,IPD_API,2026-02-19 18:48:42.089785
C*04:299,C2,1,IPD_API,2026-02-19 18:48:42.089785
C*04:30,C2,1,IPD_API,2026-02-19 18:48:42.089785
C*04:301,C2,1,IPD_API,2026-02-19 18:48:42.089785
C*04:302,C2,1,IPD_API,2026-02-19 18:48:42.089785
C*04:303,C2,1,IPD_API,2026-02-19 18:48:42.089785
C*04:304,C2,3,IPD_API,2026-02-19 18:48:42.089785
C*04:306,C2,1,IPD_API,2026-02-19 18:48:42.089785
C*04:307,C2,1,IPD_API,2026-02-19 18:48:42.089785
C*04:308,C2,1,IPD_API,2026-02-19 18:48:42.089785
C*04:31,C2,1,IPD_API,2026-02-19 18:48:42.089785
C*04:310,C2,1,IPD_API,2026-02-19 18:48:42.089785
C*04:311,C2,1,IPD_API,2026-02-19 18:48:42.089785
C*04:312,C2,1,IPD_API,2026-02-19 18:48:42.089785
C*04:313,C2,2,IPD_API,2026-02-19 18:48:42.089785
C*04:314,C2,1,IPD_API,2026-02-19 18:48:42.089785
C*04:315,C2,1,IPD_API,2026-02-19 18:48:42.089785
C*04:316,C2,1,IPD_API,2026-02-19 18:48:42.089785
C*04:317,C2,1,IPD_API,2026-02-19 18:48:42.089785
C*04:318,C2,1,IPD_API,2026-02-19 18:48:42.089785
C*04:319,C2,1,IPD_API,2026-02-19 18:48:42.089785
C*04:32,C2,2,IPD_API,2026-02-19 18:48:42.089785
C*04:320,C2,1,IPD_API,2026-02-19 18:48:42.089785
C*04:321,C2,1,IPD_API,2026-02-19 18:48:42.089785
C*04:322,C2,1,IPD_API,2026-02-19 18:48:42.089785
C*04:323,C2,1,IPD_API,2026-02-19 18:48:42.089785
C*04:324,C2,1,IPD_API,2026-02-19 18:48:42.089785
C*04:325,C2,1,IPD_API,2026-02-19 18:48:42.089785
C*04:326,C2,1,IPD_API,2026-02-19 18:48:42.089785
C*04:327,C2,1,IPD_API,2026-02-19 18:48:42.089785
C*04:328,C2,2,IPD_API,2026-02-19 18:48:42.089785
C*04:329,C2,1,IPD_API,2026-02-19 18:48:42.089785
C*04:33,C2,1,IPD_API,2026-02-19 18:48:42.089785
C*04:330,C2,1,IPD_API,2026-02-19 18:48:42.089785
C*04:331,C2,1,IPD_API,2026-02-19 18:48:42.089785
C*04:332,C2,1,IPD_API,2026-02-19 18:48:42.089785
C*04:333,C2,1,IPD_API,2026-02-19 18:48:42.089785
C*04:334,C2,1,IPD_API,2026-02-19 18:48:42.089785
C*04:335,C2,1,IPD_API,2026-02-19 18:48:42.089785
C*04:336,C2,1,IPD_API,2026-02-19 18:48:42.089785
C*04:337,C2,1,IPD_API,2026-02-19 18:48:42.089785
C*04:338,C2,1,IPD_API,2026-02-19 18:48:42.089785
C*04:339,C2,2,IPD_API,2026-02-19 18:48:42.089785
C*04:34,C2,1,IPD_API,2026-02-19 18:48:42.089785
C*04:340,C2,1,IPD_API,2026-02-19 18:48:42.089785
C*04:341,C2,1,IPD_API,2026-02-19 18:48:42.089785
C*04:342,C2,1,IPD_API,2026-02-19 18:48:42.089785
C*04:343,C2,1,IPD_API,2026-02-19 18:48:42.089785
C*04:344,C2,1,IPD_API,2026-02-19 18:48:42.089785
C*04:345,C2,1,IPD_API,2026-02-19 18:48:42.089785
C*04:346,C2,1,IPD_API,2026-02-19 18:48:42.089785
C*04:347,C2,1,IPD_API,2026-02-19 18:48:42.089785
C*04:348,C2,1,IPD_API,2026-02-19 18:48:42.089785
C*04:35,C2,2,IPD_API,2026-02-19 18:48:42.089785
C*04:351,C2,2,IPD_API,2026-02-19 18:48:42.089785
C*04:352,C2,1,IPD_API,2026-02-19 18:48:42.089785
C*04:353,C2,1,IPD_API,2026-02-19 18:48:42.089785
C*04:354,C2,1,IPD_API,2026-02-19 18:48:42.089785
C*04:355,C2,1,IPD_API,2026-02-19 18:48:42.089785
C*04:356,C2,1,IPD_API,2026-02-19 18:48:42.089785
C*04:357,C2,1,IPD_API,2026-02-19 18:48:42.089785
C*04:358,C2,1,IPD_API,2026-02-19 18:48:42.089785
C*04:359,C2,1,IPD_API,2026-02-19 18:48:42.089785
C*04:36,C1,1,IPD_API,2026-02-19 18:48:42.089785
C*04:360,C2,1,IPD_API,2026-02-19 18:48:42.089785
C*04:361,C2,1,IPD_API,2026-02-19 18:48:42.089785
C*04:363,C2,1,IPD_API,2026-02-19 18:48:42.089785
C*04:366,C2,1,IPD_API,2026-02-19 18:48:42.089785
C*04:367,C2,1,IPD_API,2026-02-19 18:48:42.089785
C*04:368,C2,1,IPD_API,2026-02-19 18:48:42.089785
C*04:37,C2,1,IPD_API,2026-02-19 18:48:42.089785
C*04:370,C2,1,IPD_API,2026-02-19 18:48:42.089785
C*04:372,C2,1,IPD_API,2026-02-19 18:48:42.089785
C*04:373,C2,1,IPD_API,2026-02-19 18:48:42.089785
C*04:375,C2,1,IPD_API,2026-02-19 18:48:42.089785
C*04:376,C2,1,IPD_API,2026-02-19 18:48:42.089785
C*04:378,C2,1,IPD_API,2026-02-19 18:48:42.089785
C*04:379,C2,1,IPD_API,2026-02-19 18:48:42.089785
C*04:38,C2,1,IPD_API,2026-02-19 18:48:42.089785
C*04:380,C2,1,IPD_API,2026-02-19 18:48:42.089785
C*04:381,C2,1,IPD_API,2026-02-19 18:48:42.089785
C*04:382,C2,1,IPD_API,2026-02-19 18:48:42.089785
C*04:383,C1,1,IPD_API,2026-02-19 18:48:42.089785
C*04:384,C2,1,IPD_API,2026-02-19 18:48:42.089785
C*04:386,C2,1,IPD_API,2026-02-19 18:48:42.089785
C*04:387,C2,1,IPD_API,2026-02-19 18:48:42.089785
C*04:388,C2,1,IPD_API,2026-02-19 18:48:42.089785
C*04:389,C2,1,IPD_API,2026-02-19 18:48:42.089785
C*04:39,C2,1,IPD_API,2026-02-19 18:48:42.089785
C*04:390,C2,1,IPD_API,2026-02-19 18:48:42.089785
C*04:391,C2,1,IPD_API,2026-02-19 18:48:42.089785
C*04:392,C2,1,IPD_API,2026-02-19 18:48:42.089785
C*04:393,C2,1,IPD_API,2026-02-19 18:48:42.089785
C*04:394,C2,1,IPD_API,2026-02-19 18:48:42.089785
C*04:395,C2,1,IPD_API,2026-02-19 18:48:42.089785
C*04:397,C2,1,IPD_API,2026-02-19 18:48:42.089785
C*04:398,C2,1,IPD_API,2026-02-19 18:48:42.089785
C*04:399,C2,1,IPD_API,2026-02-19 18:48:42.089785
C*04:40,C2,1,IPD_API,2026-02-19 18:48:42.089785
C*04:400,C2,1,IPD_API,2026-02-19 18:48:42.089785
C*04:401,C2,1,IPD_API,2026-02-19 18:48:42.089785
C*04:402,C2,1,IPD_API,2026-02-19 18:48:42.089785
C*04:403,C2,1,IPD_API,2026-02-19 18:48:42.089785
C*04:404,C2,1,IPD_API,2026-02-19 18:48:42.089785
C*04:405,C2,1,IPD_API,2026-02-19 18:48:42.089785
C*04:406,C2,1,IPD_API,2026-02-19 18:48:42.089785
C*04:407,C2,1,IPD_API,2026-02-19 18:48:42.089785
C*04:408,C2,1,IPD_API,2026-02-19 18:48:42.089785
C*04:409,C2,1,IPD_API,2026-02-19 18:48:42.089785
C*04:41,C2,1,IPD_API,2026-02-19 18:48:42.089785
C*04:412,C2,1,IPD_API,2026-02-19 18:48:42.089785
C*04:413,C2,1,IPD_API,2026-02-19 18:48:42.089785
C*04:414,C2,1,IPD_API,2026-02-19 18:48:42.089785
C*04:415,C2,1,IPD_API,2026-02-19 18:48:42.089785
C*04:416,C2,1,IPD_API,2026-02-19 18:48:42.089785
C*04:418,C2,1,IPD_API,2026-02-19 18:48:42.089785
C*04:419,C2,1,IPD_API,2026-02-19 18:48:42.089785
C*04:42,C2,2,IPD_API,2026-02-19 18:48:42.089785
C*04:420,C2,1,IPD_API,2026-02-19 18:48:42.089785
C*04:421,C2,1,IPD_API,2026-02-19 18:48:42.089785
C*04:422,C2,1,IPD_API,2026-02-19 18:48:42.089785
C*04:423,C2,1,IPD_API,2026-02-19 18:48:42.089785
C*04:424,C2,1,IPD_API,2026-02-19 18:48:42.089785
C*04:425,C2,1,IPD_API,2026-02-19 18:48:42.089785
C*04:426,C2,1,IPD_API,2026-02-19 18:48:42.089785
C*04:427,C2,1,IPD_API,2026-02-19 18:48:42.089785
C*04:428,C2,1,IPD_API,2026-02-19 18:48:42.089785
C*04:429,C2,1,IPD_API,2026-02-19 18:48:42.089785
C*04:43,C2,1,IPD_API,2026-02-19 18:48:42.089785
C*04:430,C2,1,IPD_API,2026-02-19 18:48:42.089785
C*04:431,C2,1,IPD_API,2026-02-19 18:48:42.089785
C*04:432,C2,1,IPD_API,2026-02-19 18:48:42.089785
C*04:433,C2,1,IPD_API,2026-02-19 18:48:42.089785
C*04:434,C2,1,IPD_API,2026-02-19 18:48:42.089785
C*04:435,C2,1,IPD_API,2026-02-19 18:48:42.089785
C*04:437,C2,1,IPD_API,2026-02-19 18:48:42.089785
C*04:438,C2,1,IPD_API,2026-02-19 18:48:42.089785
C*04:439,C2,1,IPD_API,2026-02-19 18:48:42.089785
C*04:44,C2,1,IPD_API,2026-02-19 18:48:42.089785
C*04:440,C2,1,IPD_API,2026-02-19 18:48:42.089785
C*04:441,C2,2,IPD_API,2026-02-19 18:48:42.089785
C*04:442,C2,1,IPD_API,2026-02-19 18:48:42.089785
C*04:443,C2,1,IPD_API,2026-02-19 18:48:42.089785
C*04:444,C2,1,IPD_API,2026-02-19 18:48:42.089785
C*04:445,C2,1,IPD_API,2026-02-19 18:48:42.089785
C*04:446,C2,1,IPD_API,2026-02-19 18:48:42.089785
C*04:447,C2,1,IPD_API,2026-02-19 18:48:42.089785
C*04:448,C2,1,IPD_API,2026-02-19 18:48:42.089785
C*04:449,C2,1,IPD_API,2026-02-19 18:48:42.089785
C*04:45,C2,1,IPD_API,2026-02-19 18:48:42.089785
C*04:450,C2,1,IPD_API,2026-02-19 18:48:42.089785
C*04:451,C2,1,IPD_API,2026-02-19 18:48:42.089785
C*04:453,C2,1,IPD_API,2026-02-19 18:48:42.089785
C*04:454,C2,1,IPD_API,2026-02-19 18:48:42.089785
C*04:455,C2,1,IPD_API,2026-02-19 18:48:42.089785
C*04:456,C2,1,IPD_API,2026-02-19 18:48:42.089785
C*04:457,C2,1,IPD_API,2026-02-19 18:48:42.089785
C*04:458,C2,1,IPD_API,2026-02-19 18:48:42.089785
C*04:459,C2,1,IPD_API,2026-02-19 18:48:42.089785
C*04:46,C2,1,IPD_API,2026-02-19 18:48:42.089785
C*04:460,C2,1,IPD_API,2026-02-19 18:48:42.089785
C*04:461,C2,1,IPD_API,2026-02-19 18:48:42.089785
C*04:462,C2,1,IPD_API,2026-02-19 18:48:42.089785
C*04:463,C2,1,IPD_API,2026-02-19 18:48:42.089785
C*04:464,C2,1,IPD_API,2026-02-19 18:48:42.089785
C*04:465,C2,1,IPD_API,2026-02-19 18:48:42.089785
C*04:466,C2,1,IPD_API,2026-02-19 18:48:42.089785
C*04:467,C2,1,IPD_API,2026-02-19 18:48:42.089785
C*04:468,C2,1,IPD_API,2026-02-19 18:48:42.089785
C*04:469,C2,1,IPD_API,2026-02-19 18:48:42.089785
C*04:47,C2,1,IPD_API,2026-02-19 18:48:42.089785
C*04:470,C2,1,IPD_API,2026-02-19 18:48:42.089785
C*04:471,C2,1,IPD_API,2026-02-19 18:48:42.089785
C*04:472,C2,1,IPD_API,2026-02-19 18:48:42.089785
C*04:473,C1,1,IPD_API,2026-02-19 18:48:42.089785
C*04:474,C2,1,IPD_API,2026-02-19 18:48:42.089785
C*04:475,C2,1,IPD_API,2026-02-19 18:48:42.089785
C*04:476,C2,1,IPD_API,2026-02-19 18:48:42.089785
C*04:477,C2,1,IPD_API,2026-02-19 18:48:42.089785
C*04:478,C2,1,IPD_API,2026-02-19 18:48:42.089785
C*04:479,C2,1,IPD_API,2026-02-19 18:48:42.089785
C*04:48,C2,1,IPD_API,2026-02-19 18:48:42.089785
C*04:480,C2,1,IPD_API,2026-02-19 18:48:42.089785
C*04:481,C2,1,IPD_API,2026-02-19 18:48:42.089785
C*04:482,C2,1,IPD_API,2026-02-19 18:48:42.089785
C*04:483,C2,1,IPD_API,2026-02-19 18:48:42.089785
C*04:484,C2,1,IPD_API,2026-02-19 18:48:42.089785
C*04:485,C2,1,IPD_API,2026-02-19 18:48:42.089785
C*04:487,C2,1,IPD_API,2026-02-19 18:48:42.089785
C*04:488,C2,1,IPD_API,2026-02-19 18:48:42.089785
C*04:489,C2,1,IPD_API,2026-02-19 18:48:42.089785
C*04:49,C2,1,IPD_API,2026-02-19 18:48:42.089785
C*04:490,C2,1,IPD_API,2026-02-19 18:48:42.089785
C*04:491,C2,1,IPD_API,2026-02-19 18:48:42.089785
C*04:492,C2,1,IPD_API,2026-02-19 18:48:42.089785
C*04:493,C2,1,IPD_API,2026-02-19 18:48:42.089785
C*04:494,C2,1,IPD_API,2026-02-19 18:48:42.089785
C*04:495,C2,1,IPD_API,2026-02-19 18:48:42.089785
C*04:496,C2,1,IPD_API,2026-02-19 18:48:42.089785
C*04:497,C2,1,IPD_API,2026-02-19 18:48:42.089785
C*04:499,C2,1,IPD_API,2026-02-19 18:48:42.089785
C*04:50,C2,1,IPD_API,2026-02-19 18:48:42.089785
C*04:500,C2,2,IPD_API,2026-02-19 18:48:42.089785
C*04:501,C2,2,IPD_API,2026-02-19 18:48:42.089785
C*04:502,C2,1,IPD_API,2026-02-19 18:48:42.089785
C*04:503,C2,1,IPD_API,2026-02-19 18:48:42.089785
C*04:504,C2,1,IPD_API,2026-02-19 18:48:42.089785
C*04:505,C2,1,IPD_API,2026-02-19 18:48:42.089785
C*04:506,C2,1,IPD_API,2026-02-19 18:48:42.089785
C*04:507,C2,1,IPD_API,2026-02-19 18:48:42.089785
C*04:508,C2,1,IPD_API,2026-02-19 18:48:42.089785
C*04:51,C2,1,IPD_API,2026-02-19 18:48:42.089785
C*04:510,C2,1,IPD_API,2026-02-19 18:48:42.089785
C*04:511,C2,1,IPD_API,2026-02-19 18:48:42.089785
C*04:512,C2,1,IPD_API,2026-02-19 18:48:42.089785
C*04:513,C2,1,IPD_API,2026-02-19 18:48:42.089785
C*04:514,C2,1,IPD_API,2026-02-19 18:48:42.089785
C*04:516,C2,1,IPD_API,2026-02-19 18:48:42.089785
C*04:517,C2,1,IPD_API,2026-02-19 18:48:42.089785
C*04:518,C2,1,IPD_API,2026-02-19 18:48:42.089785
C*04:519,C2,1,IPD_API,2026-02-19 18:48:42.089785
C*04:52,C2,1,IPD_API,2026-02-19 18:48:42.089785
C*04:520,C2,1,IPD_API,2026-02-19 18:48:42.089785
C*04:521,C2,1,IPD_API,2026-02-19 18:48:42.089785
C*04:522,C2,1,IPD_API,2026-02-19 18:48:42.089785
C*04:523,C2,1,IPD_API,2026-02-19 18:48:42.089785
C*04:524,C2,1,IPD_API,2026-02-19 18:48:42.089785
C*04:525,C2,1,IPD_API,2026-02-19 18:48:42.089785
C*04:526,C2,1,IPD_API,2026-02-19 18:48:42.089785
C*04:527,C2,1,IPD_API,2026-02-19 18:48:42.089785
C*04:528,C2,1,IPD_API,2026-02-19 18:48:42.089785
C*04:529,C2,1,IPD_API,2026-02-19 18:48:42.089785
C*04:53,C2,1,IPD_API,2026-02-19 18:48:42.089785
C*04:530,C2,1,IPD_API,2026-02-19 18:48:42.089785
C*04:531,C2,1,IPD_API,2026-02-19 18:48:42.089785
C*04:532,C2,1,IPD_API,2026-02-19 18:48:42.089785
C*04:533,C2,1,IPD_API,2026-02-19 18:48:42.089785
C*04:534,C2,1,IPD_API,2026-02-19 18:48:42.089785
C*04:535,C2,1,IPD_API,2026-02-19 18:48:42.089785
C*04:536,C2,1,IPD_API,2026-02-19 18:48:42.089785
C*04:537,C2,1,IPD_API,2026-02-19 18:48:42.089785
C*04:538,C2,1,IPD_API,2026-02-19 18:48:42.089785
C*04:539,C2,1,IPD_API,2026-02-19 18:48:42.089785
C*04:54,C2,2,IPD_API,2026-02-19 18:48:42.089785
C*04:540,C2,1,IPD_API,2026-02-19 18:48:42.089785
C*04:541,C2,1,IPD_API,2026-02-19 18:48:42.089785
C*04:543,C2,1,IPD_API,2026-02-19 18:48:42.089785
C*04:544,C2,1,IPD_API,2026-02-19 18:48:42.089785
C*04:545,C2,1,IPD_API,2026-02-19 18:48:42.089785
C*04:546,C2,1,IPD_API,2026-02-19 18:48:42.089785
C*04:547,C2,1,IPD_API,2026-02-19 18:48:42.089785
C*04:548,C2,1,IPD_API,2026-02-19 18:48:42.089785
C*04:549,C2,1,IPD_API,2026-02-19 18:48:42.089785
C*04:55,C1,1,IPD_API,2026-02-19 18:48:42.089785
C*04:550,C2,1,IPD_API,2026-02-19 18:48:42.089785
C*04:551,C2,1,IPD_API,2026-02-19 18:48:42.089785
C*04:552,C2,1,IPD_API,2026-02-19 18:48:42.089785
C*04:553,C2,1,IPD_API,2026-02-19 18:48:42.089785
C*04:554,C2,1,IPD_API,2026-02-19 18:48:42.089785
C*04:556,C2,1,IPD_API,2026-02-19 18:48:42.089785
C*04:557,C2,1,IPD_API,2026-02-19 18:48:42.089785
C*04:558,C2,1,IPD_API,2026-02-19 18:48:42.089785
C*04:559,C2,1,IPD_API,2026-02-19 18:48:42.089785
C*04:56,C2,1,IPD_API,2026-02-19 18:48:42.089785
C*04:560,C2,1,IPD_API,2026-02-19 18:48:42.089785
C*04:561,C2,1,IPD_API,2026-02-19 18:48:42.089785
C*04:562,C2,1,IPD_API,2026-02-19 18:48:42.089785
C*04:563,C2,1,IPD_API,2026-02-19 18:48:42.089785
C*04:564,C2,1,IPD_API,2026-02-19 18:48:42.089785
C*04:565,C2,1,IPD_API,2026-02-19 18:48:42.089785
C*04:57,C2,1,IPD_API,2026-02-19 18:48:42.089785
C*04:58,C2,1,IPD_API,2026-02-19 18:48:42.089785
C*04:59,C2,1,IPD_API,2026-02-19 18:48:42.089785
C*04:60,C2,1,IPD_API,2026-02-19 18:48:42.089785
C*04:62,C2,1,IPD_API,2026-02-19 18:48:42.089785
C*04:63,C2,1,IPD_API,2026-02-19 18:48:42.089785
C*04:64,C2,2,IPD_API,2026-02-19 18:48:42.089785
C*04:65,C2,2,IPD_API,2026-02-19 18:48:42.089785
C*04:66,C2,1,IPD_API,2026-02-19 18:48:42.089785
C*04:67,C2,1,IPD_API,2026-02-19 18:48:42.089785
C*04:68,C2,1,IPD_API,2026-02-19 18:48:42.089785
C*04:69,C2,1,IPD_API,2026-02-19 18:48:42.089785
C*04:70,C2,1,IPD_API,2026-02-19 18:48:42.089785
C*04:71,C2,1,IPD_API,2026-02-19 18:48:42.089785
C*04:72,C2,1,IPD_API,2026-02-19 18:48:42.089785
C*04:73,C2,1,IPD_API,2026-02-19 18:48:42.089785
C*04:74,C2,1,IPD_API,2026-02-19 18:48:42.089785
C*04:75,C2,1,IPD_API,2026-02-19 18:48:42.089785
C*04:76,C2,1,IPD_API,2026-02-19 18:48:42.089785
C*04:77,C2,1,IPD_API,2026-02-19 18:48:42.089785
C*04:78,C2,1,IPD_API,2026-02-19 18:48:42.089785
C*04:79,C2,1,IPD_API,2026-02-19 18:48:42.089785
C*04:80,C2,1,IPD_API,2026-02-19 18:48:42.089785
C*04:81,C2,1,IPD_API,2026-02-19 18:48:42.089785
C*04:82,C2,2,IPD_API,2026-02-19 18:48:42.089785
C*04:83,C2,1,IPD_API,2026-02-19 18:48:42.089785
C*04:84,C2,1,IPD_API,2026-02-19 18:48:42.089785
C*04:85,C2,1,IPD_API,2026-02-19 18:48:42.089785
C*04:86,C2,1,IPD_API,2026-02-19 18:48:42.089785
C*04:87,C2,1,IPD_API,2026-02-19 18:48:42.089785
C*04:89,C2,1,IPD_API,2026-02-19 18:48:42.089785
C*04:90,C2,1,IPD_API,2026-02-19 18:48:42.089785
C*04:91,C2,1,IPD_API,2026-02-19 18:48:42.089785
C*04:92,C2,1,IPD_API,2026-02-19 18:48:42.089785
C*04:94,C2,2,IPD_API,2026-02-19 18:48:42.089785
C*04:96,C2,1,IPD_API,2026-02-19 18:48:42.089785
C*04:97,C2,1,IPD_API,2026-02-19 18:48:42.089785
C*04:98,C2,2,IPD_API,2026-02-19 18:48:42.089785
C*04:99,C2,1,IPD_API,2026-02-19 18:48:42.089785
C*05:01,C2,184,IPD_API,2026-02-19 18:48:42.089785
C*05:03,C2,1,IPD_API,2026-02-19 18:48:42.089785
C*05:04,C2,2,IPD_API,2026-02-19 18:48:42.089785
C*05:05,C2,2,IPD_API,2026-02-19 18:48:42.089785
C*05:06,C2,1,IPD_API,2026-02-19 18:48:42.089785
C*05:08,C2,1,IPD_API,2026-02-19 18:48:42.089785
C*05:09,C2,3,IPD_API,2026-02-19 18:48:42.089785
C*05:10,C2,1,IPD_API,2026-02-19 18:48:42.089785
C*05:100,C2,1,IPD_API,2026-02-19 18:48:42.089785
C*05:101,C2,1,IPD_API,2026-02-19 18:48:42.089785
C*05:102,C2,1,IPD_API,2026-02-19 18:48:42.089785
C*05:103,C2,2,IPD_API,2026-02-19 18:48:42.089785
C*05:104,C2,1,IPD_API,2026-02-19 18:48:42.089785
C*05:105,C2,1,IPD_API,2026-02-19 18:48:42.089785
C*05:106,C2,3,IPD_API,2026-02-19 18:48:42.089785
C*05:107,C2,1,IPD_API,2026-02-19 18:48:42.089785
C*05:108,C2,1,IPD_API,2026-02-19 18:48:42.089785
C*05:109,C2,1,IPD_API,2026-02-19 18:48:42.089785
C*05:11,C2,1,IPD_API,2026-02-19 18:48:42.089785
C*05:110,C2,1,IPD_API,2026-02-19 18:48:42.089785
C*05:111,C2,1,IPD_API,2026-02-19 18:48:42.089785
C*05:112,C2,1,IPD_API,2026-02-19 18:48:42.089785
C*05:114,C2,1,IPD_API,2026-02-19 18:48:42.089785
C*05:115,C2,1,IPD_API,2026-02-19 18:48:42.089785
C*05:116,C2,1,IPD_API,2026-02-19 18:48:42.089785
C*05:117,C2,1,IPD_API,2026-02-19 18:48:42.089785
C*05:118,C2,1,IPD_API,2026-02-19 18:48:42.089785
C*05:119,C2,1,IPD_API,2026-02-19 18:48:42.089785
C*05:12,C2,1,IPD_API,2026-02-19 18:48:42.089785
C*05:120,C2,1,IPD_API,2026-02-19 18:48:42.089785
C*05:121,C2,1,IPD_API,2026-02-19 18:48:42.089785
C*05:122,C2,1,IPD_API,2026-02-19 18:48:42.089785
C*05:123,C2,1,IPD_API,2026-02-19 18:48:42.089785
C*05:124,C2,1,IPD_API,2026-02-19 18:48:42.089785
C*05:125,C2,1,IPD_API,2026-02-19 18:48:42.089785
C*05:126,C2,1,IPD_API,2026-02-19 18:48:42.089785
C*05:127,C2,1,IPD_API,2026-02-19 18:48:42.089785
C*05:129,C2,1,IPD_API,2026-02-19 18:48:42.089785
C*05:13,C2,1,IPD_API,2026-02-19 18:48:42.089785
C*05:130,C2,1,IPD_API,2026-02-19 18:48:42.089785
C*05:131,C2,1,IPD_API,2026-02-19 18:48:42.089785
C*05:132,C2,1,IPD_API,2026-02-19 18:48:42.089785
C*05:133,C2,1,IPD_API,2026-02-19 18:48:42.089785
C*05:134,C2,1,IPD_API,2026-02-19 18:48:42.089785
C*05:135,C2,1,IPD_API,2026-02-19 18:48:42.089785
C*05:136,C2,1,IPD_API,2026-02-19 18:48:42.089785
C*05:137,C2,1,IPD_API,2026-02-19 18:48:42.089785
C*05:138,C2,1,IPD_API,2026-02-19 18:48:42.089785
C*05:139,C2,1,IPD_API,2026-02-19 18:48:42.089785
C*05:14,C2,1,IPD_API,2026-02-19 18:48:42.089785
C*05:140,C2,1,IPD_API,2026-02-19 18:48:42.089785
C*05:141,C2,1,IPD_API,2026-02-19 18:48:42.089785
C*05:142,C2,1,IPD_API,2026-02-19 18:48:42.089785
C*05:143,C2,1,IPD_API,2026-02-19 18:48:42.089785
C*05:144,C2,1,IPD_API,2026-02-19 18:48:42.089785
C*05:145,C2,1,IPD_API,2026-02-19 18:48:42.089785
C*05:146,C2,1,IPD_API,2026-02-19 18:48:42.089785
C*05:147,C2,1,IPD_API,2026-02-19 18:48:42.089785
C*05:148,C2,1,IPD_API,2026-02-19 18:48:42.089785
C*05:149,C2,1,IPD_API,2026-02-19 18:48:42.089785
C*05:15,C2,1,IPD_API,2026-02-19 18:48:42.089785
C*05:150,C2,1,IPD_API,2026-02-19 18:48:42.089785
C*05:151,C2,1,IPD_API,2026-02-19 18:48:42.089785
C*05:152,C2,1,IPD_API,2026-02-19 18:48:42.089785
C*05:155,C2,1,IPD_API,2026-02-19 18:48:42.089785
C*05:156,C2,1,IPD_API,2026-02-19 18:48:42.089785
C*05:157,C2,1,IPD_API,2026-02-19 18:48:42.089785
C*05:158,C2,1,IPD_API,2026-02-19 18:48:42.089785
C*05:159,C2,1,IPD_API,2026-02-19 18:48:42.089785
C*05:16,C2,1,IPD_API,2026-02-19 18:48:42.089785
C*05:160,C2,1,IPD_API,2026-02-19 18:48:42.089785
C*05:161,C2,1,IPD_API,2026-02-19 18:48:42.089785
C*05:162,C2,1,IPD_API,2026-02-19 18:48:42.089785
C*05:163,C2,1,IPD_API,2026-02-19 18:48:42.089785
C*05:164,C2,1,IPD_API,2026-02-19 18:48:42.089785
C*05:165,C2,1,IPD_API,2026-02-19 18:48:42.089785
C*05:166,C2,1,IPD_API,2026-02-19 18:48:42.089785
C*05:167,C2,1,IPD_API,2026-02-19 18:48:42.089785
C*05:168,C2,1,IPD_API,2026-02-19 18:48:42.089785
C*05:17,C2,1,IPD_API,2026-02-19 18:48:42.089785
C*05:170,C2,1,IPD_API,2026-02-19 18:48:42.089785
C*05:171,C2,2,IPD_API,2026-02-19 18:48:42.089785
C*05:172,C2,1,IPD_API,2026-02-19 18:48:42.089785
C*05:173,C2,1,IPD_API,2026-02-19 18:48:42.089785
C*05:174,C2,1,IPD_API,2026-02-19 18:48:42.089785
C*05:176,C2,1,IPD_API,2026-02-19 18:48:42.089785
C*05:177,C2,1,IPD_API,2026-02-19 18:48:42.089785
C*05:178,C2,2,IPD_API,2026-02-19 18:48:42.089785
C*05:179,C2,1,IPD_API,2026-02-19 18:48:42.089785
C*05:18,C2,6,IPD_API,2026-02-19 18:48:42.089785
C*05:181,C2,1,IPD_API,2026-02-19 18:48:42.089785
C*05:182,C2,1,IPD_API,2026-02-19 18:48:42.089785
C*05:183,C2,1,IPD_API,2026-02-19 18:48:42.089785
C*05:184,C2,1,IPD_API,2026-02-19 18:48:42.089785
C*05:185,C2,1,IPD_API,2026-02-19 18:48:42.089785
C*05:186,C2,1,IPD_API,2026-02-19 18:48:42.089785
C*05:187,C2,1,IPD_API,2026-02-19 18:48:42.089785
C*05:188,C2,1,IPD_API,2026-02-19 18:48:42.089785
C*05:189,C2,1,IPD_API,2026-02-19 18:48:42.089785
C*05:19,C2,1,IPD_API,2026-02-19 18:48:42.089785
C*05:190,C2,1,IPD_API,2026-02-19 18:48:42.089785
C*05:191,C2,1,IPD_API,2026-02-19 18:48:42.089785
C*05:192,C2,1,IPD_API,2026-02-19 18:48:42.089785
C*05:193,C2,1,IPD_API,2026-02-19 18:48:42.089785
C*05:194,C2,1,IPD_API,2026-02-19 18:48:42.089785
C*05:195,C2,1,IPD_API,2026-02-19 18:48:42.089785
C*05:196,C2,1,IPD_API,2026-02-19 18:48:42.089785
C*05:197,C2,1,IPD_API,2026-02-19 18:48:42.089785
C*05:198,C2,1,IPD_API,2026-02-19 18:48:42.089785
C*05:199,C2,1,IPD_API,2026-02-19 18:48:42.089785
C*05:20,C1,1,IPD_API,2026-02-19 18:48:42.089785
C*05:200,C2,1,IPD_API,2026-02-19 18:48:42.089785
C*05:201,C2,1,IPD_API,2026-02-19 18:48:42.089785
C*05:202,C2,1,IPD_API,2026-02-19 18:48:42.089785
C*05:203,C2,1,IPD_API,2026-02-19 18:48:42.089785
C*05:204,C2,1,IPD_API,2026-02-19 18:48:42.089785
C*05:205,C2,1,IPD_API,2026-02-19 18:48:42.089785
C*05:206,C2,1,IPD_API,2026-02-19 18:48:42.089785
C*05:207,C2,1,IPD_API,2026-02-19 18:48:42.089785
C*05:209,C2,1,IPD_API,2026-02-19 18:48:42.089785
C*05:21,C2,1,IPD_API,2026-02-19 18:48:42.089785
C*05:210,C2,1,IPD_API,2026-02-19 18:48:42.089785
C*05:211,C2,1,IPD_API,2026-02-19 18:48:42.089785
C*05:212,C2,1,IPD_API,2026-02-19 18:48:42.089785
C*05:214,C2,1,IPD_API,2026-02-19 18:48:42.089785
C*05:215,C2,1,IPD_API,2026-02-19 18:48:42.089785
C*05:216,C2,2,IPD_API,2026-02-19 18:48:42.089785
C*05:217,C2,1,IPD_API,2026-02-19 18:48:42.089785
C*05:218,C2,1,IPD_API,2026-02-19 18:48:42.089785
C*05:219,C2,1,IPD_API,2026-02-19 18:48:42.089785
C*05:22,C2,2,IPD_API,2026-02-19 18:48:42.089785
C*05:220,C2,1,IPD_API,2026-02-19 18:48:42.089785
C*05:221,C2,1,IPD_API,2026-02-19 18:48:42.089785
C*05:222,C2,1,IPD_API,2026-02-19 18:48:42.089785
C*05:223,C2,1,IPD_API,2026-02-19 18:48:42.089785
C*05:224,C2,1,IPD_API,2026-02-19 18:48:42.089785
C*05:225,C2,1,IPD_API,2026-02-19 18:48:42.089785
C*05:226,C2,1,IPD_API,2026-02-19 18:48:42.089785
C*05:227,C2,1,IPD_API,2026-02-19 18:48:42.089785
C*05:228,C2,1,IPD_API,2026-02-19 18:48:42.089785
C*05:229,C2,1,IPD_API,2026-02-19 18:48:42.089785
C*05:23,C2,1,IPD_API,2026-02-19 18:48:42.089785
C*05:230,C2,1,IPD_API,2026-02-19 18:48:42.089785
C*05:231,C2,1,IPD_API,2026-02-19 18:48:42.089785
C*05:232,C2,1,IPD_API,2026-02-19 18:48:42.089785
C*05:233,C2,1,IPD_API,2026-02-19 18:48:42.089785
C*05:234,C2,1,IPD_API,2026-02-19 18:48:42.089785
C*05:235,C2,1,IPD_API,2026-02-19 18:48:42.089785
C*05:236,C2,1,IPD_API,2026-02-19 18:48:42.089785
C*05:237,C2,1,IPD_API,2026-02-19 18:48:42.089785
C*05:238,C2,1,IPD_API,2026-02-19 18:48:42.089785
C*05:24,C2,1,IPD_API,2026-02-19 18:48:42.089785
C*05:240,C2,1,IPD_API,2026-02-19 18:48:42.089785
C*05:241,C2,1,IPD_API,2026-02-19 18:48:42.089785
C*05:242,C2,1,IPD_API,2026-02-19 18:48:42.089785
C*05:243,C2,1,IPD_API,2026-02-19 18:48:42.089785
C*05:246,C2,1,IPD_API,2026-02-19 18:48:42.089785
C*05:247,C2,1,IPD_API,2026-02-19 18:48:42.089785
C*05:248,C2,2,IPD_API,2026-02-19 18:48:42.089785
C*05:249,C2,1,IPD_API,2026-02-19 18:48:42.089785
C*05:25,C2,1,IPD_API,2026-02-19 18:48:42.089785
C*05:250,C2,1,IPD_API,2026-02-19 18:48:42.089785
C*05:252,C2,1,IPD_API,2026-02-19 18:48:42.089785
C*05:254,C2,1,IPD_API,2026-02-19 18:48:42.089785
C*05:255,C2,1,IPD_API,2026-02-19 18:48:42.089785
C*05:256,C2,1,IPD_API,2026-02-19 18:48:42.089785
C*05:258,C2,1,IPD_API,2026-02-19 18:48:42.089785
C*05:26,C2,1,IPD_API,2026-02-19 18:48:42.089785
C*05:261,C2,1,IPD_API,2026-02-19 18:48:42.089785
C*05:262,C2,1,IPD_API,2026-02-19 18:48:42.089785
C*05:265,C2,1,IPD_API,2026-02-19 18:48:42.089785
C*05:266,C2,1,IPD_API,2026-02-19 18:48:42.089785
C*05:267,C2,1,IPD_API,2026-02-19 18:48:42.089785
C*05:268,C2,1,IPD_API,2026-02-19 18:48:42.089785
C*05:269,C2,1,IPD_API,2026-02-19 18:48:42.089785
C*05:27,C2,1,IPD_API,2026-02-19 18:48:42.089785
C*05:272,C2,1,IPD_API,2026-02-19 18:48:42.089785
C*05:273,C2,1,IPD_API,2026-02-19 18:48:42.089785
C*05:274,C2,1,IPD_API,2026-02-19 18:48:42.089785
C*05:275,C2,1,IPD_API,2026-02-19 18:48:42.089785
C*05:276,C2,1,IPD_API,2026-02-19 18:48:42.089785
C*05:277,C2,1,IPD_API,2026-02-19 18:48:42.089785
C*05:279,C2,1,IPD_API,2026-02-19 18:48:42.089785
C*05:28,C2,1,IPD_API,2026-02-19 18:48:42.089785
C*05:280,C2,1,IPD_API,2026-02-19 18:48:42.089785
C*05:281,C2,1,IPD_API,2026-02-19 18:48:42.089785
C*05:282,C2,1,IPD_API,2026-02-19 18:48:42.089785
C*05:283,C2,1,IPD_API,2026-02-19 18:48:42.089785
C*05:284,C2,1,IPD_API,2026-02-19 18:48:42.089785
C*05:285,C2,1,IPD_API,2026-02-19 18:48:42.089785
C*05:286,C2,1,IPD_API,2026-02-19 18:48:42.089785
C*05:287,C2,1,IPD_API,2026-02-19 18:48:42.089785
C*05:288,C2,1,IPD_API,2026-02-19 18:48:42.089785
C*05:289,C2,1,IPD_API,2026-02-19 18:48:42.089785
C*05:29,C2,2,IPD_API,2026-02-19 18:48:42.089785
C*05:290,C2,1,IPD_API,2026-02-19 18:48:42.089785
C*05:293,C2,1,IPD_API,2026-02-19 18:48:42.089785
C*05:294,C2,1,IPD_API,2026-02-19 18:48:42.089785
C*05:295,C2,1,IPD_API,2026-02-19 18:48:42.089785
C*05:298,C2,1,IPD_API,2026-02-19 18:48:42.089785
C*05:299,C2,1,IPD_API,2026-02-19 18:48:42.089785
C*05:30,C2,1,IPD_API,2026-02-19 18:48:42.089785
C*05:300,C2,1,IPD_API,2026-02-19 18:48:42.089785
C*05:301,C2,1,IPD_API,2026-02-19 18:48:42.089785
C*05:302,C2,1,IPD_API,2026-02-19 18:48:42.089785
C*05:304,C2,1,IPD_API,2026-02-19 18:48:42.089785
C*05:305,C2,1,IPD_API,2026-02-19 18:48:42.089785
C*05:306,C2,1,IPD_API,2026-02-19 18:48:42.089785
C*05:307,C2,1,IPD_API,2026-02-19 18:48:42.089785
C*05:308,C2,1,IPD_API,2026-02-19 18:48:42.089785
C*05:309,C2,1,IPD_API,2026-02-19 18:48:42.089785
C*05:31,C2,1,IPD_API,2026-02-19 18:48:42.089785
C*05:310,C2,1,IPD_API,2026-02-19 18:48:42.089785
C*05:311,C2,1,IPD_API,2026-02-19 18:48:42.089785
C*05:312,C2,1,IPD_API,2026-02-19 18:48:42.089785
C*05:313,C2,1,IPD_API,2026-02-19 18:48:42.089785
C*05:315,C2,1,IPD_API,2026-02-19 18:48:42.089785
C*05:316,C2,1,IPD_API,2026-02-19 18:48:42.089785
C*05:318,C2,1,IPD_API,2026-02-19 18:48:42.089785
C*05:33,C2,1,IPD_API,2026-02-19 18:48:42.089785
C*05:34,C2,1,IPD_API,2026-02-19 18:48:42.089785
C*05:35,C2,1,IPD_API,2026-02-19 18:48:42.089785
C*05:36,C2,1,IPD_API,2026-02-19 18:48:42.089785
C*05:37,C2,1,IPD_API,2026-02-19 18:48:42.089785
C*05:38,C2,1,IPD_API,2026-02-19 18:48:42.089785
C*05:39,C2,1,IPD_API,2026-02-19 18:48:42.089785
C*05:40,C2,1,IPD_API,2026-02-19 18:48:42.089785
C*05:41,C2,1,IPD_API,2026-02-19 18:48:42.089785
C*05:42,C2,1,IPD_API,2026-02-19 18:48:42.089785
C*05:43,C2,1,IPD_API,2026-02-19 18:48:42.089785
C*05:44,C2,2,IPD_API,2026-02-19 18:48:42.089785
C*05:45,C2,1,IPD_API,2026-02-19 18:48:42.089785
C*05:46,C2,2,IPD_API,2026-02-19 18:48:42.089785
C*05:47,C2,1,IPD_API,2026-02-19 18:48:42.089785
C*05:49,C2,1,IPD_API,2026-02-19 18:48:42.089785
C*05:50,C2,1,IPD_API,2026-02-19 18:48:42.089785
C*05:51,C2,1,IPD_API,2026-02-19 18:48:42.089785
C*05:52,C2,1,IPD_API,2026-02-19 18:48:42.089785
C*05:53,C2,1,IPD_API,2026-02-19 18:48:42.089785
C*05:54,C2,1,IPD_API,2026-02-19 18:48:42.089785
C*05:55,C2,1,IPD_API,2026-02-19 18:48:42.089785
C*05:56,C2,1,IPD_API,2026-02-19 18:48:42.089785
C*05:57,C2,1,IPD_API,2026-02-19 18:48:42.089785
C*05:58,C2,4,IPD_API,2026-02-19 18:48:42.089785
C*05:59,C2,1,IPD_API,2026-02-19 18:48:42.089785
C*05:60,C2,1,IPD_API,2026-02-19 18:48:42.089785
C*05:61,C2,1,IPD_API,2026-02-19 18:48:42.089785
C*05:62,C2,1,IPD_API,2026-02-19 18:48:42.089785
C*05:63,C2,1,IPD_API,2026-02-19 18:48:42.089785
C*05:64,C2,2,IPD_API,2026-02-19 18:48:42.089785
C*05:65,C2,1,IPD_API,2026-02-19 18:48:42.089785
C*05:66,C2,1,IPD_API,2026-02-19 18:48:42.089785
C*05:67,C2,1,IPD_API,2026-02-19 18:48:42.089785
C*05:68,C2,1,IPD_API,2026-02-19 18:48:42.089785
C*05:69,C2,1,IPD_API,2026-02-19 18:48:42.089785
C*05:70,C2,1,IPD_API,2026-02-19 18:48:42.089785
C*05:71,C2,1,IPD_API,2026-02-19 18:48:42.089785
C*05:72,C2,1,IPD_API,2026-02-19 18:48:42.089785
C*05:73,C2,1,IPD_API,2026-02-19 18:48:42.089785
C*05:74,C2,1,IPD_API,2026-02-19 18:48:42.089785
C*05:75,C2,1,IPD_API,2026-02-19 18:48:42.089785
C*05:76,C2,1,IPD_API,2026-02-19 18:48:42.089785
C*05:77,C2,1,IPD_API,2026-02-19 18:48:42.089785
C*05:78,C2,2,IPD_API,2026-02-19 18:48:42.089785
C*05:79,C2,1,IPD_API,2026-02-19 18:48:42.089785
C*05:80,C2,1,IPD_API,2026-02-19 18:48:42.089785
C*05:81,C2,1,IPD_API,2026-02-19 18:48:42.089785
C*05:82,C2,1,IPD_API,2026-02-19 18:48:42.089785
C*05:83,C2,1,IPD_API,2026-02-19 18:48:42.089785
C*05:84,C2,1,IPD_API,2026-02-19 18:48:42.089785
C*05:85,C2,1,IPD_API,2026-02-19 18:48:42.089785
C*05:86,C2,1,IPD_API,2026-02-19 18:48:42.089785
C*05:87,C2,1,IPD_API,2026-02-19 18:48:42.089785
C*05:88,C2,1,IPD_API,2026-02-19 18:48:42.089785
C*05:89,C2,1,IPD_API,2026-02-19 18:48:42.089785
C*05:90,C2,1,IPD_API,2026-02-19 18:48:42.089785
C*05:93,C2,1,IPD_API,2026-02-19 18:48:42.089785
C*05:94,C2,1,IPD_API,2026-02-19 18:48:42.089785
C*05:95,C2,1,IPD_API,2026-02-19 18:48:42.089785
C*05:96,C2,1,IPD_API,2026-02-19 18:48:42.089785
C*05:97,C2,1,IPD_API,2026-02-19 18:48:42.089785
C*05:98,C2,1,IPD_API,2026-02-19 18:48:42.089785
C*06:02,C2,234,IPD_API,2026-02-19 18:48:42.089785
C*06:03,C2,2,IPD_API,2026-02-19 18:48:42.089785
C*06:04,C2,3,IPD_API,2026-02-19 18:48:42.089785
C*06:05,C2,1,IPD_API,2026-02-19 18:48:42.089785
C*06:06,C2,2,IPD_API,2026-02-19 18:48:42.089785
C*06:07,C2,1,IPD_API,2026-02-19 18:48:42.089785
C*06:08,C2,1,IPD_API,2026-02-19 18:48:42.089785
C*06:09,C2,2,IPD_API,2026-02-19 18:48:42.089785
C*06:10,C2,1,IPD_API,2026-02-19 18:48:42.089785
C*06:100,C2,1,IPD_API,2026-02-19 18:48:42.089785
C*06:101,C2,1,IPD_API,2026-02-19 18:48:42.089785
C*06:102,C2,2,IPD_API,2026-02-19 18:48:42.089785
C*06:103,C2,1,IPD_API,2026-02-19 18:48:42.089785
C*06:104,C2,1,IPD_API,2026-02-19 18:48:42.089785
C*06:105,C2,1,IPD_API,2026-02-19 18:48:42.089785
C*06:106,C2,2,IPD_API,2026-02-19 18:48:42.089785
C*06:107,C2,1,IPD_API,2026-02-19 18:48:42.089785
C*06:108,C2,1,IPD_API,2026-02-19 18:48:42.089785
C*06:109,C2,1,IPD_API,2026-02-19 18:48:42.089785
C*06:11,C1,1,IPD_API,2026-02-19 18:48:42.089785
C*06:110,C2,1,IPD_API,2026-02-19 18:48:42.089785
C*06:111,C2,1,IPD_API,2026-02-19 18:48:42.089785
C*06:112,C2,1,IPD_API,2026-02-19 18:48:42.089785
C*06:113,C2,1,IPD_API,2026-02-19 18:48:42.089785
C*06:114,C2,1,IPD_API,2026-02-19 18:48:42.089785
C*06:115,C2,1,IPD_API,2026-02-19 18:48:42.089785
C*06:117,C2,1,IPD_API,2026-02-19 18:48:42.089785
C*06:118,C2,1,IPD_API,2026-02-19 18:48:42.089785
C*06:119,C2,1,IPD_API,2026-02-19 18:48:42.089785
C*06:12,C2,1,IPD_API,2026-02-19 18:48:42.089785
C*06:120,C2,1,IPD_API,2026-02-19 18:48:42.089785
C*06:121,C2,1,IPD_API,2026-02-19 18:48:42.089785
C*06:122,C2,1,IPD_API,2026-02-19 18:48:42.089785
C*06:123,C2,1,IPD_API,2026-02-19 18:48:42.089785
C*06:124,C2,1,IPD_API,2026-02-19 18:48:42.089785
C*06:125,C2,1,IPD_API,2026-02-19 18:48:42.089785
C*06:126,C2,1,IPD_API,2026-02-19 18:48:42.089785
C*06:127,C2,3,IPD_API,2026-02-19 18:48:42.089785
C*06:129,C2,1,IPD_API,2026-02-19 18:48:42.089785
C*06:13,C2,1,IPD_API,2026-02-19 18:48:42.089785
C*06:130,C2,1,IPD_API,2026-02-19 18:48:42.089785
C*06:131,C2,1,IPD_API,2026-02-19 18:48:42.089785
C*06:132,C2,2,IPD_API,2026-02-19 18:48:42.089785
C*06:133,C2,1,IPD_API,2026-02-19 18:48:42.089785
C*06:135,C2,1,IPD_API,2026-02-19 18:48:42.089785
C*06:136,C2,1,IPD_API,2026-02-19 18:48:42.089785
C*06:137,C2,1,IPD_API,2026-02-19 18:48:42.089785
C*06:138,C2,1,IPD_API,2026-02-19 18:48:42.089785
C*06:139,C2,1,IPD_API,2026-02-19 18:48:42.089785
C*06:14,C2,1,IPD_API,2026-02-19 18:48:42.089785
C*06:140,C2,1,IPD_API,2026-02-19 18:48:42.089785
C*06:141,C2,1,IPD_API,2026-02-19 18:48:42.089785
C*06:142,C2,1,IPD_API,2026-02-19 18:48:42.089785
C*06:143,C2,1,IPD_API,2026-02-19 18:48:42.089785
C*06:144,C2,1,IPD_API,2026-02-19 18:48:42.089785
C*06:145,C2,1,IPD_API,2026-02-19 18:48:42.089785
C*06:146,C2,1,IPD_API,2026-02-19 18:48:42.089785
C*06:147,C1,1,IPD_API,2026-02-19 18:48:42.089785
C*06:148,C2,1,IPD_API,2026-02-19 18:48:42.089785
C*06:149,C2,1,IPD_API,2026-02-19 18:48:42.089785
C*06:15,C2,1,IPD_API,2026-02-19 18:48:42.089785
C*06:150,C2,1,IPD_API,2026-02-19 18:48:42.089785
C*06:151,C2,1,IPD_API,2026-02-19 18:48:42.089785
C*06:153,C2,2,IPD_API,2026-02-19 18:48:42.089785
C*06:154,C2,1,IPD_API,2026-02-19 18:48:42.089785
C*06:155,C2,2,IPD_API,2026-02-19 18:48:42.089785
C*06:156,C2,1,IPD_API,2026-02-19 18:48:42.089785
C*06:157,C2,1,IPD_API,2026-02-19 18:48:42.089785
C*06:158,C2,1,IPD_API,2026-02-19 18:48:42.089785
C*06:159,C2,1,IPD_API,2026-02-19 18:48:42.089785
C*06:161,C2,1,IPD_API,2026-02-19 18:48:42.089785
C*06:162,C2,1,IPD_API,2026-02-19 18:48:42.089785
C*06:163,C2,1,IPD_API,2026-02-19 18:48:42.089785
C*06:164,C2,1,IPD_API,2026-02-19 18:48:42.089785
C*06:165,C2,1,IPD_API,2026-02-19 18:48:42.089785
C*06:166,C2,1,IPD_API,2026-02-19 18:48:42.089785
C*06:167,C2,1,IPD_API,2026-02-19 18:48:42.089785
C*06:168,C2,1,IPD_API,2026-02-19 18:48:42.089785
C*06:169,C2,1,IPD_API,2026-02-19 18:48:42.089785
C*06:17,C2,1,IPD_API,2026-02-19 18:48:42.089785
C*06:170,C2,1,IPD_API,2026-02-19 18:48:42.089785
C*06:172,C2,1,IPD_API,2026-02-19 18:48:42.089785
C*06:173,C2,1,IPD_API,2026-02-19 18:48:42.089785
C*06:174,C2,1,IPD_API,2026-02-19 18:48:42.089785
C*06:176,C2,2,IPD_API,2026-02-19 18:48:42.089785
C*06:177,C2,1,IPD_API,2026-02-19 18:48:42.089785
C*06:178,C2,1,IPD_API,2026-02-19 18:48:42.089785
C*06:179,C2,1,IPD_API,2026-02-19 18:48:42.089785
C*06:18,C2,1,IPD_API,2026-02-19 18:48:42.089785
C*06:180,C2,1,IPD_API,2026-02-19 18:48:42.089785
C*06:181,C2,1,IPD_API,2026-02-19 18:48:42.089785
C*06:182,C2,1,IPD_API,2026-02-19 18:48:42.089785
C*06:183,C2,1,IPD_API,2026-02-19 18:48:42.089785
C*06:185,C2,1,IPD_API,2026-02-19 18:48:42.089785
C*06:186,C2,1,IPD_API,2026-02-19 18:48:42.089785
C*06:187,C2,1,IPD_API,2026-02-19 18:48:42.089785
C*06:188,C2,1,IPD_API,2026-02-19 18:48:42.089785
C*06:189,C2,1,IPD_API,2026-02-19 18:48:42.089785
C*06:19,C2,1,IPD_API,2026-02-19 18:48:42.089785
C*06:190,C2,1,IPD_API,2026-02-19 18:48:42.089785
C*06:191,C2,1,IPD_API,2026-02-19 18:48:42.089785
C*06:192,C2,1,IPD_API,2026-02-19 18:48:42.089785
C*06:193,C2,1,IPD_API,2026-02-19 18:48:42.089785
C*06:194,C2,1,IPD_API,2026-02-19 18:48:42.089785
C*06:195,C2,1,IPD_API,2026-02-19 18:48:42.089785
C*06:196,C2,1,IPD_API,2026-02-19 18:48:42.089785
C*06:197,C2,1,IPD_API,2026-02-19 18:48:42.089785
C*06:198,C2,1,IPD_API,2026-02-19 18:48:42.089785
C*06:199,C2,1,IPD_API,2026-02-19 18:48:42.089785
C*06:20,C2,1,IPD_API,2026-02-19 18:48:42.089785
C*06:200,C2,1,IPD_API,2026-02-19 18:48:42.089785
C*06:201,C2,1,IPD_API,2026-02-19 18:48:42.089785
C*06:202,C2,1,IPD_API,2026-02-19 18:48:42.089785
C*06:203,C2,1,IPD_API,2026-02-19 18:48:42.089785
C*06:204,C2,1,IPD_API,2026-02-19 18:48:42.089785
C*06:205,C2,1,IPD_API,2026-02-19 18:48:42.089785
C*06:206,C2,1,IPD_API,2026-02-19 18:48:42.089785
C*06:207,C2,1,IPD_API,2026-02-19 18:48:42.089785
C*06:209,C2,2,IPD_API,2026-02-19 18:48:42.089785
C*06:21,C2,1,IPD_API,2026-02-19 18:48:42.089785
C*06:210,C1,1,IPD_API,2026-02-19 18:48:42.089785
C*06:212,C2,1,IPD_API,2026-02-19 18:48:42.089785
C*06:213,C2,1,IPD_API,2026-02-19 18:48:42.089785
C*06:214,C2,1,IPD_API,2026-02-19 18:48:42.089785
C*06:216,C2,1,IPD_API,2026-02-19 18:48:42.089785
C*06:217,C1,1,IPD_API,2026-02-19 18:48:42.089785
C*06:218,C2,1,IPD_API,2026-02-19 18:48:42.089785
C*06:219,C2,1,IPD_API,2026-02-19 18:48:42.089785
C*06:22,C2,1,IPD_API,2026-02-19 18:48:42.089785
C*06:221,C2,1,IPD_API,2026-02-19 18:48:42.089785
C*06:222,C2,1,IPD_API,2026-02-19 18:48:42.089785
C*06:223,C2,1,IPD_API,2026-02-19 18:48:42.089785
C*06:224,C2,1,IPD_API,2026-02-19 18:48:42.089785
C*06:225,C2,1,IPD_API,2026-02-19 18:48:42.089785
C*06:226,C2,1,IPD_API,2026-02-19 18:48:42.089785
C*06:227,C2,1,IPD_API,2026-02-19 18:48:42.089785
C*06:228,C2,1,IPD_API,2026-02-19 18:48:42.089785
C*06:229,C2,1,IPD_API,2026-02-19 18:48:42.089785
C*06:23,C2,1,IPD_API,2026-02-19 18:48:42.089785
C*06:230,C2,1,IPD_API,2026-02-19 18:48:42.089785
C*06:231,C2,1,IPD_API,2026-02-19 18:48:42.089785
C*06:232,C2,1,IPD_API,2026-02-19 18:48:42.089785
C*06:233,C2,1,IPD_API,2026-02-19 18:48:42.089785
C*06:234,C2,1,IPD_API,2026-02-19 18:48:42.089785
C*06:235,C2,1,IPD_API,2026-02-19 18:48:42.089785
C*06:236,C2,1,IPD_API,2026-02-19 18:48:42.089785
C*06:237,C2,1,IPD_API,2026-02-19 18:48:42.089785
C*06:238,C2,1,IPD_API,2026-02-19 18:48:42.089785
C*06:239,C2,1,IPD_API,2026-02-19 18:48:42.089785
C*06:24,C2,1,IPD_API,2026-02-19 18:48:42.089785
C*06:240,C2,1,IPD_API,2026-02-19 18:48:42.089785
C*06:241,C2,1,IPD_API,2026-02-19 18:48:42.089785
C*06:242,C2,1,IPD_API,2026-02-19 18:48:42.089785
C*06:243,C2,1,IPD_API,2026-02-19 18:48:42.089785
C*06:244,C2,1,IPD_API,2026-02-19 18:48:42.089785
C*06:245,C2,1,IPD_API,2026-02-19 18:48:42.089785
C*06:246,C2,1,IPD_API,2026-02-19 18:48:42.089785
C*06:247,C2,1,IPD_API,2026-02-19 18:48:42.089785
C*06:248,C1,1,IPD_API,2026-02-19 18:48:42.089785
C*06:249,C2,1,IPD_API,2026-02-19 18:48:42.089785
C*06:25,C2,1,IPD_API,2026-02-19 18:48:42.089785
C*06:250,C2,1,IPD_API,2026-02-19 18:48:42.089785
C*06:251,C2,1,IPD_API,2026-02-19 18:48:42.089785
C*06:252,C1,1,IPD_API,2026-02-19 18:48:42.089785
C*06:253,C2,1,IPD_API,2026-02-19 18:48:42.089785
C*06:254,C2,1,IPD_API,2026-02-19 18:48:42.089785
C*06:255,C2,1,IPD_API,2026-02-19 18:48:42.089785
C*06:256,C2,1,IPD_API,2026-02-19 18:48:42.089785
C*06:258,C2,1,IPD_API,2026-02-19 18:48:42.089785
C*06:26,C2,1,IPD_API,2026-02-19 18:48:42.089785
C*06:260,C2,1,IPD_API,2026-02-19 18:48:42.089785
C*06:261,C2,1,IPD_API,2026-02-19 18:48:42.089785
C*06:262,C2,1,IPD_API,2026-02-19 18:48:42.089785
C*06:264,C2,1,IPD_API,2026-02-19 18:48:42.089785
C*06:265,C2,1,IPD_API,2026-02-19 18:48:42.089785
C*06:266,C2,1,IPD_API,2026-02-19 18:48:42.089785
C*06:268,C2,1,IPD_API,2026-02-19 18:48:42.089785
C*06:269,C2,1,IPD_API,2026-02-19 18:48:42.089785
C*06:27,C2,1,IPD_API,2026-02-19 18:48:42.089785
C*06:270,C2,1,IPD_API,2026-02-19 18:48:42.089785
C*06:271,C2,1,IPD_API,2026-02-19 18:48:42.089785
C*06:272,C2,1,IPD_API,2026-02-19 18:48:42.089785
C*06:273,C2,1,IPD_API,2026-02-19 18:48:42.089785
C*06:274,C2,1,IPD_API,2026-02-19 18:48:42.089785
C*06:275,C2,1,IPD_API,2026-02-19 18:48:42.089785
C*06:276,C2,1,IPD_API,2026-02-19 18:48:42.089785
C*06:277,C2,2,IPD_API,2026-02-19 18:48:42.089785
C*06:278,C2,1,IPD_API,2026-02-19 18:48:42.089785
C*06:279,C2,1,IPD_API,2026-02-19 18:48:42.089785
C*06:28,C2,1,IPD_API,2026-02-19 18:48:42.089785
C*06:280,C2,1,IPD_API,2026-02-19 18:48:42.089785
C*06:282,C2,1,IPD_API,2026-02-19 18:48:42.089785
C*06:283,C2,1,IPD_API,2026-02-19 18:48:42.089785
C*06:284,C2,1,IPD_API,2026-02-19 18:48:42.089785
C*06:285,C2,1,IPD_API,2026-02-19 18:48:42.089785
C*06:286,C2,1,IPD_API,2026-02-19 18:48:42.089785
C*06:287,C2,1,IPD_API,2026-02-19 18:48:42.089785
C*06:288,C2,1,IPD_API,2026-02-19 18:48:42.089785
C*06:289,C2,1,IPD_API,2026-02-19 18:48:42.089785
C*06:29,C2,1,IPD_API,2026-02-19 18:48:42.089785
C*06:290,C2,1,IPD_API,2026-02-19 18:48:42.089785
C*06:291,C2,1,IPD_API,2026-02-19 18:48:42.089785
C*06:292,C2,1,IPD_API,2026-02-19 18:48:42.089785
C*06:293,C2,1,IPD_API,2026-02-19 18:48:42.089785
C*06:294,C2,1,IPD_API,2026-02-19 18:48:42.089785
C*06:295,C2,1,IPD_API,2026-02-19 18:48:42.089785
C*06:296,C2,1,IPD_API,2026-02-19 18:48:42.089785
C*06:297,C2,1,IPD_API,2026-02-19 18:48:42.089785
C*06:298,C2,1,IPD_API,2026-02-19 18:48:42.089785
C*06:299,C2,1,IPD_API,2026-02-19 18:48:42.089785
C*06:30,C2,2,IPD_API,2026-02-19 18:48:42.089785
C*06:300,C2,1,IPD_API,2026-02-19 18:48:42.089785
C*06:302,C2,1,IPD_API,2026-02-19 18:48:42.089785
C*06:303,C2,1,IPD_API,2026-02-19 18:48:42.089785
C*06:304,C2,1,IPD_API,2026-02-19 18:48:42.089785
C*06:305,C2,1,IPD_API,2026-02-19 18:48:42.089785
C*06:306,C2,1,IPD_API,2026-02-19 18:48:42.089785
C*06:307,C2,1,IPD_API,2026-02-19 18:48:42.089785
C*06:308,C2,1,IPD_API,2026-02-19 18:48:42.089785
C*06:31,C2,1,IPD_API,2026-02-19 18:48:42.089785
C*06:310,C2,1,IPD_API,2026-02-19 18:48:42.089785
C*06:311,C2,1,IPD_API,2026-02-19 18:48:42.089785
C*06:312,C2,1,IPD_API,2026-02-19 18:48:42.089785
C*06:313,C2,1,IPD_API,2026-02-19 18:48:42.089785
C*06:314,C2,1,IPD_API,2026-02-19 18:48:42.089785
C*06:315,C2,1,IPD_API,2026-02-19 18:48:42.089785
C*06:317,C2,1,IPD_API,2026-02-19 18:48:42.089785
C*06:318,C2,1,IPD_API,2026-02-19 18:48:42.089785
C*06:319,C2,1,IPD_API,2026-02-19 18:48:42.089785
C*06:32,C2,1,IPD_API,2026-02-19 18:48:42.089785
C*06:320,C2,1,IPD_API,2026-02-19 18:48:42.089785
C*06:321,C2,1,IPD_API,2026-02-19 18:48:42.089785
C*06:322,C2,2,IPD_API,2026-02-19 18:48:42.089785
C*06:324,C2,1,IPD_API,2026-02-19 18:48:42.089785
C*06:325,C2,1,IPD_API,2026-02-19 18:48:42.089785
C*06:326,C2,1,IPD_API,2026-02-19 18:48:42.089785
C*06:327,C2,1,IPD_API,2026-02-19 18:48:42.089785
C*06:328,C2,1,IPD_API,2026-02-19 18:48:42.089785
C*06:329,C2,2,IPD_API,2026-02-19 18:48:42.089785
C*06:33,C2,1,IPD_API,2026-02-19 18:48:42.089785
C*06:330,C2,1,IPD_API,2026-02-19 18:48:42.089785
C*06:331,C2,1,IPD_API,2026-02-19 18:48:42.089785
C*06:332,C2,1,IPD_API,2026-02-19 18:48:42.089785
C*06:333,C2,1,IPD_API,2026-02-19 18:48:42.089785
C*06:334,C2,1,IPD_API,2026-02-19 18:48:42.089785
C*06:335,C2,1,IPD_API,2026-02-19 18:48:42.089785
C*06:336,C2,1,IPD_API,2026-02-19 18:48:42.089785
C*06:337,C2,1,IPD_API,2026-02-19 18:48:42.089785
C*06:339,C2,1,IPD_API,2026-02-19 18:48:42.089785
C*06:34,C2,2,IPD_API,2026-02-19 18:48:42.089785
C*06:340,C2,1,IPD_API,2026-02-19 18:48:42.089785
C*06:341,C2,1,IPD_API,2026-02-19 18:48:42.089785
C*06:342,C2,1,IPD_API,2026-02-19 18:48:42.089785
C*06:343,C2,1,IPD_API,2026-02-19 18:48:42.089785
C*06:344,C2,1,IPD_API,2026-02-19 18:48:42.089785
C*06:345,C2,1,IPD_API,2026-02-19 18:48:42.089785
C*06:346,C2,1,IPD_API,2026-02-19 18:48:42.089785
C*06:348,C2,1,IPD_API,2026-02-19 18:48:42.089785
C*06:349,C2,1,IPD_API,2026-02-19 18:48:42.089785
C*06:35,C2,1,IPD_API,2026-02-19 18:48:42.089785
C*06:351,C2,2,IPD_API,2026-02-19 18:48:42.089785
C*06:352,C2,1,IPD_API,2026-02-19 18:48:42.089785
C*06:354,C2,1,IPD_API,2026-02-19 18:48:42.089785
C*06:355,C2,1,IPD_API,2026-02-19 18:48:42.089785
C*06:356,C2,1,IPD_API,2026-02-19 18:48:42.089785
C*06:358,C2,1,IPD_API,2026-02-19 18:48:42.089785
C*06:36,C2,1,IPD_API,2026-02-19 18:48:42.089785
C*06:360,C2,1,IPD_API,2026-02-19 18:48:42.089785
C*06:361,C2,1,IPD_API,2026-02-19 18:48:42.089785
C*06:363,C2,1,IPD_API,2026-02-19 18:48:42.089785
C*06:364,C2,1,IPD_API,2026-02-19 18:48:42.089785
C*06:365,C2,1,IPD_API,2026-02-19 18:48:42.089785
C*06:366,C2,1,IPD_API,2026-02-19 18:48:42.089785
C*06:367,C2,1,IPD_API,2026-02-19 18:48:42.089785
C*06:368,C2,1,IPD_API,2026-02-19 18:48:42.089785
C*06:369,C2,1,IPD_API,2026-02-19 18:48:42.089785
C*06:37,C2,1,IPD_API,2026-02-19 18:48:42.089785
C*06:370,C2,1,IPD_API,2026-02-19 18:48:42.089785
C*06:371,C2,1,IPD_API,2026-02-19 18:48:42.089785
C*06:372,C2,1,IPD_API,2026-02-19 18:48:42.089785
C*06:374,C2,1,IPD_API,2026-02-19 18:48:42.089785
C*06:375,C2,1,IPD_API,2026-02-19 18:48:42.089785
C*06:377,C2,1,IPD_API,2026-02-19 18:48:42.089785
C*06:378,C2,1,IPD_API,2026-02-19 18:48:42.089785
C*06:379,C2,1,IPD_API,2026-02-19 18:48:42.089785
C*06:38,C2,1,IPD_API,2026-02-19 18:48:42.089785
C*06:380,C2,1,IPD_API,2026-02-19 18:48:42.089785
C*06:381,C2,1,IPD_API,2026-02-19 18:48:42.089785
C*06:382,C2,1,IPD_API,2026-02-19 18:48:42.089785
C*06:384,C2,1,IPD_API,2026-02-19 18:48:42.089785
C*06:385,C2,1,IPD_API,2026-02-19 18:48:42.089785
C*06:386,C2,1,IPD_API,2026-02-19 18:48:42.089785
C*06:387,C2,1,IPD_API,2026-02-19 18:48:42.089785
C*06:388,C2,1,IPD_API,2026-02-19 18:48:42.089785
C*06:389,C2,1,IPD_API,2026-02-19 18:48:42.089785
C*06:39,C2,1,IPD_API,2026-02-19 18:48:42.089785
C*06:390,C2,1,IPD_API,2026-02-19 18:48:42.089785
C*06:391,C2,1,IPD_API,2026-02-19 18:48:42.089785
C*06:392,C2,1,IPD_API,2026-02-19 18:48:42.089785
C*06:393,C2,1,IPD_API,2026-02-19 18:48:42.089785
C*06:394,C2,1,IPD_API,2026-02-19 18:48:42.089785
C*06:395,C2,1,IPD_API,2026-02-19 18:48:42.089785
C*06:396,C2,1,IPD_API,2026-02-19 18:48:42.089785
C*06:397,C2,1,IPD_API,2026-02-19 18:48:42.089785
C*06:398,C2,1,IPD_API,2026-02-19 18:48:42.089785
C*06:399,C2,1,IPD_API,2026-02-19 18:48:42.089785
C*06:40,C2,1,IPD_API,2026-02-19 18:48:42.089785
C*06:400,C2,1,IPD_API,2026-02-19 18:48:42.089785
C*06:401,C2,1,IPD_API,2026-02-19 18:48:42.089785
C*06:402,C2,1,IPD_API,2026-02-19 18:48:42.089785
C*06:403,C2,1,IPD_API,2026-02-19 18:48:42.089785
C*06:406,C2,1,IPD_API,2026-02-19 18:48:42.089785
C*06:407,C2,1,IPD_API,2026-02-19 18:48:42.089785
C*06:408,C2,1,IPD_API,2026-02-19 18:48:42.089785
C*06:409,C2,1,IPD_API,2026-02-19 18:48:42.089785
C*06:41,C2,1,IPD_API,2026-02-19 18:48:42.089785
C*06:410,C2,1,IPD_API,2026-02-19 18:48:42.089785
C*06:412,C2,1,IPD_API,2026-02-19 18:48:42.089785
C*06:413,C2,1,IPD_API,2026-02-19 18:48:42.089785
C*06:42,C2,2,IPD_API,2026-02-19 18:48:42.089785
C*06:43,C2,2,IPD_API,2026-02-19 18:48:42.089785
C*06:44,C2,2,IPD_API,2026-02-19 18:48:42.089785
C*06:45,C2,1,IPD_API,2026-02-19 18:48:42.089785
C*06:47,C2,1,IPD_API,2026-02-19 18:48:42.089785
C*06:48,C2,1,IPD_API,2026-02-19 18:48:42.089785
C*06:50,C2,1,IPD_API,2026-02-19 18:48:42.089785
C*06:51,C2,1,IPD_API,2026-02-19 18:48:42.089785
C*06:52,C2,1,IPD_API,2026-02-19 18:48:42.089785
C*06:53,C2,2,IPD_API,2026-02-19 18:48:42.089785
C*06:54,C2,1,IPD_API,2026-02-19 18:48:42.089785
C*06:55,C2,1,IPD_API,2026-02-19 18:48:42.089785
C*06:56,C2,1,IPD_API,2026-02-19 18:48:42.089785
C*06:57,C2,1,IPD_API,2026-02-19 18:48:42.089785
C*06:58,C2,1,IPD_API,2026-02-19 18:48:42.089785
C*06:59,C2,1,IPD_API,2026-02-19 18:48:42.089785
C*06:60,C2,1,IPD_API,2026-02-19 18:48:42.089785
C*06:61,C2,1,IPD_API,2026-02-19 18:48:42.089785
C*06:62,C2,1,IPD_API,2026-02-19 18:48:42.089785
C*06:63,C2,1,IPD_API,2026-02-19 18:48:42.089785
C*06:64,C2,1,IPD_API,2026-02-19 18:48:42.089785
C*06:65,C2,1,IPD_API,2026-02-19 18:48:42.089785
C*06:66,C2,1,IPD_API,2026-02-19 18:48:42.089785
C*06:67,C2,1,IPD_API,2026-02-19 18:48:42.089785
C*06:68,C2,1,IPD_API,2026-02-19 18:48:42.089785
C*06:69,C2,1,IPD_API,2026-02-19 18:48:42.089785
C*06:70,C2,2,IPD_API,2026-02-19 18:48:42.089785
C*06:71,C2,1,IPD_API,2026-02-19 18:48:42.089785
C*06:72,C2,1,IPD_API,2026-02-19 18:48:42.089785
C*06:73,C2,1,IPD_API,2026-02-19 18:48:42.089785
C*06:74,C2,1,IPD_API,2026-02-19 18:48:42.089785
C*06:75,C2,1,IPD_API,2026-02-19 18:48:42.089785
C*06:76,C2,2,IPD_API,2026-02-19 18:48:42.089785
C*06:77,C2,1,IPD_API,2026-02-19 18:48:42.089785
C*06:78,C2,1,IPD_API,2026-02-19 18:48:42.089785
C*06:80,C2,1,IPD_API,2026-02-19 18:48:42.089785
C*06:81,C2,1,IPD_API,2026-02-19 18:48:42.089785
C*06:82,C1,1,IPD_API,2026-02-19 18:48:42.089785
C*06:83,C2,1,IPD_API,2026-02-19 18:48:42.089785
C*06:84,C2,1,IPD_API,2026-02-19 18:48:42.089785
C*06:85,C2,1,IPD_API,2026-02-19 18:48:42.089785
C*06:86,C2,1,IPD_API,2026-02-19 18:48:42.089785
C*06:87,C2,1,IPD_API,2026-02-19 18:48:42.089785
C*06:88,C2,1,IPD_API,2026-02-19 18:48:42.089785
C*06:89,C2,1,IPD_API,2026-02-19 18:48:42.089785
C*06:90,C2,1,IPD_API,2026-02-19 18:48:42.089785
C*06:91,C2,1,IPD_API,2026-02-19 18:48:42.089785
C*06:92,C2,1,IPD_API,2026-02-19 18:48:42.089785
C*06:93,C2,1,IPD_API,2026-02-19 18:48:42.089785
C*06:94,C2,1,IPD_API,2026-02-19 18:48:42.089785
C*06:95,C2,1,IPD_API,2026-02-19 18:48:42.089785
C*06:96,C2,1,IPD_API,2026-02-19 18:48:42.089785
C*06:97,C2,1,IPD_API,2026-02-19 18:48:42.089785
C*06:98,C2,1,IPD_API,2026-02-19 18:48:42.089785
C*06:99,C2,1,IPD_API,2026-02-19 18:48:42.089785
C*07:01,C1,298,IPD_API,2026-02-19 18:48:42.089785
C*07:02,C1,378,IPD_API,2026-02-19 18:48:42.089785
C*07:03,C1,1,IPD_API,2026-02-19 18:48:42.089785
C*07:04,C1,53,IPD_API,2026-02-19 18:48:42.089785
C*07:05,C1,1,IPD_API,2026-02-19 18:48:42.089785
C*07:06,C1,17,IPD_API,2026-02-19 18:48:42.089785
C*07:07,C2,1,IPD_API,2026-02-19 18:48:42.089785
C*07:08,C1,1,IPD_API,2026-02-19 18:48:42.089785
C*07:09,C2,1,IPD_API,2026-02-19 18:48:42.089785
C*07:10,C1,1,IPD_API,2026-02-19 18:48:42.089785
C*07:100,C1,1,IPD_API,2026-02-19 18:48:42.089785
C*07:1000,C1,1,IPD_API,2026-02-19 18:48:42.089785
C*07:1002,C1,1,IPD_API,2026-02-19 18:48:42.089785
C*07:1003,C1,1,IPD_API,2026-02-19 18:48:42.089785
C*07:1004,C1,1,IPD_API,2026-02-19 18:48:42.089785
C*07:1006,C1,1,IPD_API,2026-02-19 18:48:42.089785
C*07:1007,C1,1,IPD_API,2026-02-19 18:48:42.089785
C*07:1008,C1,1,IPD_API,2026-02-19 18:48:42.089785
C*07:1009,C1,1,IPD_API,2026-02-19 18:48:42.089785
C*07:101,C1,1,IPD_API,2026-02-19 18:48:42.089785
C*07:1010,C1,1,IPD_API,2026-02-19 18:48:42.089785
C*07:1011,C1,1,IPD_API,2026-02-19 18:48:42.089785
C*07:1012,C1,1,IPD_API,2026-02-19 18:48:42.089785
C*07:1013,C1,1,IPD_API,2026-02-19 18:48:42.089785
C*07:1014,C1,1,IPD_API,2026-02-19 18:48:42.089785
C*07:1015,C1,1,IPD_API,2026-02-19 18:48:42.089785
C*07:1016,C1,1,IPD_API,2026-02-19 18:48:42.089785
C*07:1017,C1,1,IPD_API,2026-02-19 18:48:42.089785
C*07:1018,C1,1,IPD_API,2026-02-19 18:48:42.089785
C*07:1019,C1,1,IPD_API,2026-02-19 18:48:42.089785
C*07:102,C1,1,IPD_API,2026-02-19 18:48:42.089785
C*07:1020,C1,1,IPD_API,2026-02-19 18:48:42.089785
C*07:1021,C1,1,IPD_API,2026-02-19 18:48:42.089785
C*07:1022,C1,1,IPD_API,2026-02-19 18:48:42.089785
C*07:1023,C1,1,IPD_API,2026-02-19 18:48:42.089785
C*07:1024,C1,1,IPD_API,2026-02-19 18:48:42.089785
C*07:1025,C1,1,IPD_API,2026-02-19 18:48:42.089785
C*07:1026,C1,1,IPD_API,2026-02-19 18:48:42.089785
C*07:1027,C1,1,IPD_API,2026-02-19 18:48:42.089785
C*07:1028,C1,2,IPD_API,2026-02-19 18:48:42.089785
C*07:1029,C1,1,IPD_API,2026-02-19 18:48:42.089785
C*07:103,C1,1,IPD_API,2026-02-19 18:48:42.089785
C*07:1030,C1,1,IPD_API,2026-02-19 18:48:42.089785
C*07:1031,C1,1,IPD_API,2026-02-19 18:48:42.089785
C*07:1032,C1,1,IPD_API,2026-02-19 18:48:42.089785
C*07:1033,C1,1,IPD_API,2026-02-19 18:48:42.089785
C*07:1034,C1,1,IPD_API,2026-02-19 18:48:42.089785
C*07:1035,C1,1,IPD_API,2026-02-19 18:48:42.089785
C*07:1036,C1,1,IPD_API,2026-02-19 18:48:42.089785
C*07:1038,C1,1,IPD_API,2026-02-19 18:48:42.089785
C*07:1041,C1,1,IPD_API,2026-02-19 18:48:42.089785
C*07:1043,C1,1,IPD_API,2026-02-19 18:48:42.089785
C*07:1045,C1,1,IPD_API,2026-02-19 18:48:42.089785
C*07:1046,C1,1,IPD_API,2026-02-19 18:48:42.089785
C*07:1047,C1,1,IPD_API,2026-02-19 18:48:42.089785
C*07:1048,C1,1,IPD_API,2026-02-19 18:48:42.089785
C*07:1049,C1,1,IPD_API,2026-02-19 18:48:42.089785
C*07:105,C1,1,IPD_API,2026-02-19 18:48:42.089785
C*07:1050,C1,1,IPD_API,2026-02-19 18:48:42.089785
C*07:1051,C1,1,IPD_API,2026-02-19 18:48:42.089785
C*07:1052,C1,1,IPD_API,2026-02-19 18:48:42.089785
C*07:1053,C1,1,IPD_API,2026-02-19 18:48:42.089785
C*07:1055,C1,1,IPD_API,2026-02-19 18:48:42.089785
C*07:1056,C1,1,IPD_API,2026-02-19 18:48:42.089785
C*07:1057,C1,1,IPD_API,2026-02-19 18:48:42.089785
C*07:1058,C1,1,IPD_API,2026-02-19 18:48:42.089785
C*07:1059,C1,1,IPD_API,2026-02-19 18:48:42.089785
C*07:106,C1,1,IPD_API,2026-02-19 18:48:42.089785
C*07:1060,C1,1,IPD_API,2026-02-19 18:48:42.089785
C*07:1061,C1,1,IPD_API,2026-02-19 18:48:42.089785
C*07:1064,C1,1,IPD_API,2026-02-19 18:48:42.089785
C*07:1065,C1,1,IPD_API,2026-02-19 18:48:42.089785
C*07:1068,C1,1,IPD_API,2026-02-19 18:48:42.089785
C*07:1069,C1,1,IPD_API,2026-02-19 18:48:42.089785
C*07:107,C1,1,IPD_API,2026-02-19 18:48:42.089785
C*07:1070,C1,1,IPD_API,2026-02-19 18:48:42.089785
C*07:1071,C1,1,IPD_API,2026-02-19 18:48:42.089785
C*07:1072,C1,1,IPD_API,2026-02-19 18:48:42.089785
C*07:1073,C1,1,IPD_API,2026-02-19 18:48:42.089785
C*07:1075,C1,2,IPD_API,2026-02-19 18:48:42.089785
C*07:1076,C1,1,IPD_API,2026-02-19 18:48:42.089785
C*07:1077,C1,1,IPD_API,2026-02-19 18:48:42.089785
C*07:1078,C1,1,IPD_API,2026-02-19 18:48:42.089785
C*07:1079,C1,1,IPD_API,2026-02-19 18:48:42.089785
C*07:108,C1,2,IPD_API,2026-02-19 18:48:42.089785
C*07:1080,C1,1,IPD_API,2026-02-19 18:48:42.089785
C*07:1081,C1,1,IPD_API,2026-02-19 18:48:42.089785
C*07:1082,C1,1,IPD_API,2026-02-19 18:48:42.089785
C*07:1083,C1,1,IPD_API,2026-02-19 18:48:42.089785
C*07:1084,C1,1,IPD_API,2026-02-19 18:48:42.089785
C*07:1085,C1,1,IPD_API,2026-02-19 18:48:42.089785
C*07:1086,C1,1,IPD_API,2026-02-19 18:48:42.089785
C*07:1087,C1,1,IPD_API,2026-02-19 18:48:42.089785
C*07:1088,C1,1,IPD_API,2026-02-19 18:48:42.089785
C*07:1089,C1,1,IPD_API,2026-02-19 18:48:42.089785
C*07:109,C1,2,IPD_API,2026-02-19 18:48:42.089785
C*07:1090,C1,1,IPD_API,2026-02-19 18:48:42.089785
C*07:1091,C1,2,IPD_API,2026-02-19 18:48:42.089785
C*07:1092,C1,1,IPD_API,2026-02-19 18:48:42.089785
C*07:1093,C1,1,IPD_API,2026-02-19 18:48:42.089785
C*07:1094,C1,1,IPD_API,2026-02-19 18:48:42.089785
C*07:1095,C1,1,IPD_API,2026-02-19 18:48:42.089785
C*07:1096,C1,1,IPD_API,2026-02-19 18:48:42.089785
C*07:1097,C1,1,IPD_API,2026-02-19 18:48:42.089785
C*07:1098,C1,1,IPD_API,2026-02-19 18:48:42.089785
C*07:1099,C1,1,IPD_API,2026-02-19 18:48:42.089785
C*07:11,C1,1,IPD_API,2026-02-19 18:48:42.089785
C*07:110,C1,1,IPD_API,2026-02-19 18:48:42.089785
C*07:1101,C1,1,IPD_API,2026-02-19 18:48:42.089785
C*07:1102,C1,1,IPD_API,2026-02-19 18:48:42.089785
C*07:1103,C1,1,IPD_API,2026-02-19 18:48:42.089785
C*07:1104,C1,1,IPD_API,2026-02-19 18:48:42.089785
C*07:1105,C1,1,IPD_API,2026-02-19 18:48:42.089785
C*07:1107,C1,1,IPD_API,2026-02-19 18:48:42.089785
C*07:1108,C1,1,IPD_API,2026-02-19 18:48:42.089785
C*07:1109,C1,1,IPD_API,2026-02-19 18:48:42.089785
C*07:111,C1,1,IPD_API,2026-02-19 18:48:42.089785
C*07:1110,C1,1,IPD_API,2026-02-19 18:48:42.089785
C*07:1111,C1,1,IPD_API,2026-02-19 18:48:42.089785
C*07:1112,C1,1,IPD_API,2026-02-19 18:48:42.089785
C*07:1113,C1,1,IPD_API,2026-02-19 18:48:42.089785
C*07:1114,C1,1,IPD_API,2026-02-19 18:48:42.089785
C*07:1115,C1,1,IPD_API,2026-02-19 18:48:42.089785
C*07:1116,C1,1,IPD_API,2026-02-19 18:48:42.089785
C*07:1117,C1,1,IPD_API,2026-02-19 18:48:42.089785
C*07:1118,C1,1,IPD_API,2026-02-19 18:48:42.089785
C*07:1119,C1,1,IPD_API,2026-02-19 18:48:42.089785
C*07:112,C1,1,IPD_API,2026-02-19 18:48:42.089785
C*07:1121,C1,1,IPD_API,2026-02-19 18:48:42.089785
C*07:1122,C1,1,IPD_API,2026-02-19 18:48:42.089785
C*07:1123,C1,1,IPD_API,2026-02-19 18:48:42.089785
C*07:1124,C2,1,IPD_API,2026-02-19 18:48:42.089785
C*07:1125,C1,1,IPD_API,2026-02-19 18:48:42.089785
C*07:1126,C1,1,IPD_API,2026-02-19 18:48:42.089785
C*07:1127,C1,1,IPD_API,2026-02-19 18:48:42.089785
C*07:1128,C1,1,IPD_API,2026-02-19 18:48:42.089785
C*07:1129,C1,1,IPD_API,2026-02-19 18:48:42.089785
C*07:113,C1,1,IPD_API,2026-02-19 18:48:42.089785
C*07:1131,C1,1,IPD_API,2026-02-19 18:48:42.089785
C*07:1132,C1,1,IPD_API,2026-02-19 18:48:42.089785
C*07:1133,C1,1,IPD_API,2026-02-19 18:48:42.089785
C*07:1134,C1,1,IPD_API,2026-02-19 18:48:42.089785
C*07:1135,C1,1,IPD_API,2026-02-19 18:48:42.089785
C*07:1136,C1,1,IPD_API,2026-02-19 18:48:42.089785
C*07:1137,C1,1,IPD_API,2026-02-19 18:48:42.089785
C*07:1139,C1,1,IPD_API,2026-02-19 18:48:42.089785
C*07:114,C1,1,IPD_API,2026-02-19 18:48:42.089785
C*07:1140,C1,1,IPD_API,2026-02-19 18:48:42.089785
C*07:1141,C1,1,IPD_API,2026-02-19 18:48:42.089785
C*07:1142,C1,1,IPD_API,2026-02-19 18:48:42.089785
C*07:1143,C1,1,IPD_API,2026-02-19 18:48:42.089785
C*07:1144,C1,1,IPD_API,2026-02-19 18:48:42.089785
C*07:1147,C1,1,IPD_API,2026-02-19 18:48:42.089785
C*07:1148,C1,1,IPD_API,2026-02-19 18:48:42.089785
C*07:1149,C1,1,IPD_API,2026-02-19 18:48:42.089785
C*07:1150,C1,1,IPD_API,2026-02-19 18:48:42.089785
C*07:1151,C1,1,IPD_API,2026-02-19 18:48:42.089785
C*07:1152,C1,1,IPD_API,2026-02-19 18:48:42.089785
C*07:1153,C1,1,IPD_API,2026-02-19 18:48:42.089785
C*07:1154,C1,1,IPD_API,2026-02-19 18:48:42.089785
C*07:1156,C1,1,IPD_API,2026-02-19 18:48:42.089785
C*07:1157,C1,1,IPD_API,2026-02-19 18:48:42.089785
C*07:1158,C1,1,IPD_API,2026-02-19 18:48:42.089785
C*07:1159,C1,1,IPD_API,2026-02-19 18:48:42.089785
C*07:116,C1,1,IPD_API,2026-02-19 18:48:42.089785
C*07:1160,C1,1,IPD_API,2026-02-19 18:48:42.089785
C*07:1161,C1,1,IPD_API,2026-02-19 18:48:42.089785
C*07:1162,C1,1,IPD_API,2026-02-19 18:48:42.089785
C*07:1164,C1,1,IPD_API,2026-02-19 18:48:42.089785
C*07:1165,C1,1,IPD_API,2026-02-19 18:48:42.089785
C*07:1166,C1,1,IPD_API,2026-02-19 18:48:42.089785
C*07:1167,C1,1,IPD_API,2026-02-19 18:48:42.089785
C*07:1168,C1,1,IPD_API,2026-02-19 18:48:42.089785
C*07:1169,C1,1,IPD_API,2026-02-19 18:48:42.089785
C*07:117,C1,1,IPD_API,2026-02-19 18:48:42.089785
C*07:1170,C1,1,IPD_API,2026-02-19 18:48:42.089785
C*07:1171,C1,1,IPD_API,2026-02-19 18:48:42.089785
C*07:1172,C1,1,IPD_API,2026-02-19 18:48:42.089785
C*07:1173,C1,1,IPD_API,2026-02-19 18:48:42.089785
C*07:1174,C1,1,IPD_API,2026-02-19 18:48:42.089785
C*07:1175,C1,1,IPD_API,2026-02-19 18:48:42.089785
C*07:1176,C1,1,IPD_API,2026-02-19 18:48:42.089785
C*07:1177,C1,1,IPD_API,2026-02-19 18:48:42.089785
C*07:1178,C1,1,IPD_API,2026-02-19 18:48:42.089785
C*07:1179,C1,1,IPD_API,2026-02-19 18:48:42.089785
C*07:118,C1,1,IPD_API,2026-02-19 18:48:42.089785
C*07:1180,C1,1,IPD_API,2026-02-19 18:48:42.089785
C*07:1181,C1,1,IPD_API,2026-02-19 18:48:42.089785
C*07:1182,C1,1,IPD_API,2026-02-19 18:48:42.089785
C*07:1183,C1,1,IPD_API,2026-02-19 18:48:42.089785
C*07:1184,C1,1,IPD_API,2026-02-19 18:48:42.089785
C*07:1185,C1,1,IPD_API,2026-02-19 18:48:42.089785
C*07:1186,C1,1,IPD_API,2026-02-19 18:48:42.089785
C*07:1187,C1,1,IPD_API,2026-02-19 18:48:42.089785
C*07:1188,C1,1,IPD_API,2026-02-19 18:48:42.089785
C*07:1189,C1,1,IPD_API,2026-02-19 18:48:42.089785
C*07:119,C1,1,IPD_API,2026-02-19 18:48:42.089785
C*07:1190,C1,1,IPD_API,2026-02-19 18:48:42.089785
C*07:1191,C1,1,IPD_API,2026-02-19 18:48:42.089785
C*07:1192,C1,1,IPD_API,2026-02-19 18:48:42.089785
C*07:1193,C1,1,IPD_API,2026-02-19 18:48:42.089785
C*07:1195,C1,1,IPD_API,2026-02-19 18:48:42.089785
C*07:1196,C1,1,IPD_API,2026-02-19 18:48:42.089785
C*07:1197,C1,1,IPD_API,2026-02-19 18:48:42.089785
C*07:1198,C1,1,IPD_API,2026-02-19 18:48:42.089785
C*07:1199,C1,1,IPD_API,2026-02-19 18:48:42.089785
C*07:12,C1,1,IPD_API,2026-02-19 18:48:42.089785
C*07:120,C1,1,IPD_API,2026-02-19 18:48:42.089785
C*07:1200,C1,1,IPD_API,2026-02-19 18:48:42.089785
C*07:1201,C1,1,IPD_API,2026-02-19 18:48:42.089785
C*07:1202,C1,1,IPD_API,2026-02-19 18:48:42.089785
C*07:1203,C1,1,IPD_API,2026-02-19 18:48:42.089785
C*07:1204,C1,1,IPD_API,2026-02-19 18:48:42.089785
C*07:1205,C1,1,IPD_API,2026-02-19 18:48:42.089785
C*07:1206,C1,1,IPD_API,2026-02-19 18:48:42.089785
C*07:1208,C1,1,IPD_API,2026-02-19 18:48:42.089785
C*07:1209,C1,1,IPD_API,2026-02-19 18:48:42.089785
C*07:121,C1,1,IPD_API,2026-02-19 18:48:42.089785
C*07:1211,C1,1,IPD_API,2026-02-19 18:48:42.089785
C*07:1212,C1,1,IPD_API,2026-02-19 18:48:42.089785
C*07:1213,C1,1,IPD_API,2026-02-19 18:48:42.089785
C*07:1214,C1,1,IPD_API,2026-02-19 18:48:42.089785
C*07:1215,C1,1,IPD_API,2026-02-19 18:48:42.089785
C*07:1216,C1,1,IPD_API,2026-02-19 18:48:42.089785
C*07:1217,C1,1,IPD_API,2026-02-19 18:48:42.089785
C*07:1218,C1,1,IPD_API,2026-02-19 18:48:42.089785
C*07:1219,C1,1,IPD_API,2026-02-19 18:48:42.089785
C*07:122,C1,1,IPD_API,2026-02-19 18:48:42.089785
C*07:1220,C1,1,IPD_API,2026-02-19 18:48:42.089785
C*07:1221,C1,1,IPD_API,2026-02-19 18:48:42.089785
C*07:1222,C1,1,IPD_API,2026-02-19 18:48:42.089785
C*07:1223,C1,1,IPD_API,2026-02-19 18:48:42.089785
C*07:1224,C1,1,IPD_API,2026-02-19 18:48:42.089785
C*07:1225,C1,1,IPD_API,2026-02-19 18:48:42.089785
C*07:1226,C1,1,IPD_API,2026-02-19 18:48:42.089785
C*07:1227,C1,1,IPD_API,2026-02-19 18:48:42.089785
C*07:123,C1,2,IPD_API,2026-02-19 18:48:42.089785
C*07:124,C1,1,IPD_API,2026-02-19 18:48:42.089785
C*07:125,C1,2,IPD_API,2026-02-19 18:48:42.089785
C*07:126,C1,1,IPD_API,2026-02-19 18:48:42.089785
C*07:127,C1,2,IPD_API,2026-02-19 18:48:42.089785
C*07:128,C1,1,IPD_API,2026-02-19 18:48:42.089785
C*07:129,C1,1,IPD_API,2026-02-19 18:48:42.089785
C*07:13,C1,2,IPD_API,2026-02-19 18:48:42.089785
C*07:130,C1,1,IPD_API,2026-02-19 18:48:42.089785
C*07:131,C1,2,IPD_API,2026-02-19 18:48:42.089785
C*07:132,C1,1,IPD_API,2026-02-19 18:48:42.089785
C*07:133,C1,2,IPD_API,2026-02-19 18:48:42.089785
C*07:134,C1,1,IPD_API,2026-02-19 18:48:42.089785
C*07:135,C1,1,IPD_API,2026-02-19 18:48:42.089785
C*07:136,C1,1,IPD_API,2026-02-19 18:48:42.089785
C*07:137,C1,2,IPD_API,2026-02-19 18:48:42.089785
C*07:138,C1,1,IPD_API,2026-02-19 18:48:42.089785
C*07:139,C1,1,IPD_API,2026-02-19 18:48:42.089785
C*07:14,C1,1,IPD_API,2026-02-19 18:48:42.089785
C*07:140,C1,2,IPD_API,2026-02-19 18:48:42.089785
C*07:141,C1,3,IPD_API,2026-02-19 18:48:42.089785
C*07:142,C1,1,IPD_API,2026-02-19 18:48:42.089785
C*07:143,C1,1,IPD_API,2026-02-19 18:48:42.089785
C*07:144,C1,1,IPD_API,2026-02-19 18:48:42.089785
C*07:145,C1,1,IPD_API,2026-02-19 18:48:42.089785
C*07:146,C1,1,IPD_API,2026-02-19 18:48:42.089785
C*07:147,C1,1,IPD_API,2026-02-19 18:48:42.089785
C*07:148,C1,1,IPD_API,2026-02-19 18:48:42.089785
C*07:149,C1,1,IPD_API,2026-02-19 18:48:42.089785
C*07:15,C1,1,IPD_API,2026-02-19 18:48:42.089785
C*07:150,C1,1,IPD_API,2026-02-19 18:48:42.089785
C*07:151,C1,1,IPD_API,2026-02-19 18:48:42.089785
C*07:153,C1,2,IPD_API,2026-02-19 18:48:42.089785
C*07:154,C1,1,IPD_API,2026-02-19 18:48:42.089785
C*07:155,C1,1,IPD_API,2026-02-19 18:48:42.089785
C*07:156,C1,1,IPD_API,2026-02-19 18:48:42.089785
C*07:157,C1,1,IPD_API,2026-02-19 18:48:42.089785
C*07:158,C1,1,IPD_API,2026-02-19 18:48:42.089785
C*07:159,C1,1,IPD_API,2026-02-19 18:48:42.089785
C*07:16,C1,1,IPD_API,2026-02-19 18:48:42.089785
C*07:160,C1,1,IPD_API,2026-02-19 18:48:42.089785
C*07:161,C1,1,IPD_API,2026-02-19 18:48:42.089785
C*07:162,C1,1,IPD_API,2026-02-19 18:48:42.089785
C*07:163,C1,1,IPD_API,2026-02-19 18:48:42.089785
C*07:165,C1,1,IPD_API,2026-02-19 18:48:42.089785
C*07:166,C1,1,IPD_API,2026-02-19 18:48:42.089785
C*07:167,C1,1,IPD_API,2026-02-19 18:48:42.089785
C*07:168,C1,1,IPD_API,2026-02-19 18:48:42.089785
C*07:169,C1,1,IPD_API,2026-02-19 18:48:42.089785
C*07:17,C1,5,IPD_API,2026-02-19 18:48:42.089785
C*07:170,C1,1,IPD_API,2026-02-19 18:48:42.089785
C*07:171,C1,1,IPD_API,2026-02-19 18:48:42.089785
C*07:172,C1,2,IPD_API,2026-02-19 18:48:42.089785
C*07:173,C1,1,IPD_API,2026-02-19 18:48:42.089785
C*07:174,C1,1,IPD_API,2026-02-19 18:48:42.089785
C*07:175,C1,1,IPD_API,2026-02-19 18:48:42.089785
C*07:176,C1,1,IPD_API,2026-02-19 18:48:42.089785
C*07:177,C1,1,IPD_API,2026-02-19 18:48:42.089785
C*07:178,C1,1,IPD_API,2026-02-19 18:48:42.089785
C*07:179,C1,1,IPD_API,2026-02-19 18:48:42.089785
C*07:18,C1,27,IPD_API,2026-02-19 18:48:42.089785
C*07:180,C1,1,IPD_API,2026-02-19 18:48:42.089785
C*07:181,C1,1,IPD_API,2026-02-19 18:48:42.089785
C*07:182,C1,1,IPD_API,2026-02-19 18:48:42.089785
C*07:183,C1,1,IPD_API,2026-02-19 18:48:42.089785
C*07:184,C1,1,IPD_API,2026-02-19 18:48:42.089785
C*07:185,C1,1,IPD_API,2026-02-19 18:48:42.089785
C*07:186,C1,1,IPD_API,2026-02-19 18:48:42.089785
C*07:187,C1,1,IPD_API,2026-02-19 18:48:42.089785
C*07:188,C1,1,IPD_API,2026-02-19 18:48:42.089785
C*07:189,C1,1,IPD_API,2026-02-19 18:48:42.089785
C*07:19,C1,1,IPD_API,2026-02-19 18:48:42.089785
C*07:190,C1,1,IPD_API,2026-02-19 18:48:42.089785
C*07:192,C1,1,IPD_API,2026-02-19 18:48:42.089785
C*07:193,C1,1,IPD_API,2026-02-19 18:48:42.089785
C*07:194,C1,1,IPD_API,2026-02-19 18:48:42.089785
C*07:195,C1,1,IPD_API,2026-02-19 18:48:42.089785
C*07:196,C1,1,IPD_API,2026-02-19 18:48:42.089785
C*07:197,C1,1,IPD_API,2026-02-19 18:48:42.089785
C*07:199,C1,2,IPD_API,2026-02-19 18:48:42.089785
C*07:20,C1,2,IPD_API,2026-02-19 18:48:42.089785
C*07:200,C1,1,IPD_API,2026-02-19 18:48:42.089785
C*07:201,C1,1,IPD_API,2026-02-19 18:48:42.089785
C*07:202,C1,1,IPD_API,2026-02-19 18:48:42.089785
C*07:203,C1,1,IPD_API,2026-02-19 18:48:42.089785
C*07:204,C1,2,IPD_API,2026-02-19 18:48:42.089785
C*07:205,C1,1,IPD_API,2026-02-19 18:48:42.089785
C*07:206,C1,1,IPD_API,2026-02-19 18:48:42.089785
C*07:207,C1,1,IPD_API,2026-02-19 18:48:42.089785
C*07:208,C1,1,IPD_API,2026-02-19 18:48:42.089785
C*07:209,C1,1,IPD_API,2026-02-19 18:48:42.089785
C*07:21,C1,1,IPD_API,2026-02-19 18:48:42.089785
C*07:210,C1,1,IPD_API,2026-02-19 18:48:42.089785
C*07:211,C1,1,IPD_API,2026-02-19 18:48:42.089785
C*07:212,C1,1,IPD_API,2026-02-19 18:48:42.089785
C*07:213,C1,1,IPD_API,2026-02-19 18:48:42.089785
C*07:214,C1,1,IPD_API,2026-02-19 18:48:42.089785
C*07:215,C1,1,IPD_API,2026-02-19 18:48:42.089785
C*07:216,C1,1,IPD_API,2026-02-19 18:48:42.089785
C*07:217,C1,1,IPD_API,2026-02-19 18:48:42.089785
C*07:218,C1,1,IPD_API,2026-02-19 18:48:42.089785
C*07:219,C1,1,IPD_API,2026-02-19 18:48:42.089785
C*07:22,C1,1,IPD_API,2026-02-19 18:48:42.089785
C*07:220,C1,1,IPD_API,2026-02-19 18:48:42.089785
C*07:221,C1,1,IPD_API,2026-02-19 18:48:42.089785
C*07:222,C1,1,IPD_API,2026-02-19 18:48:42.089785
C*07:223,C1,1,IPD_API,2026-02-19 18:48:42.089785
C*07:224,C1,1,IPD_API,2026-02-19 18:48:42.089785
C*07:225,C1,1,IPD_API,2026-02-19 18:48:42.089785
C*07:226,C1,1,IPD_API,2026-02-19 18:48:42.089785
C*07:228,C1,1,IPD_API,2026-02-19 18:48:42.089785
C*07:229,C1,1,IPD_API,2026-02-19 18:48:42.089785
C*07:23,C1,1,IPD_API,2026-02-19 18:48:42.089785
C*07:230,C1,1,IPD_API,2026-02-19 18:48:42.089785
C*07:231,C1,1,IPD_API,2026-02-19 18:48:42.089785
C*07:232,C1,1,IPD_API,2026-02-19 18:48:42.089785
C*07:233,C1,1,IPD_API,2026-02-19 18:48:42.089785
C*07:234,C1,1,IPD_API,2026-02-19 18:48:42.089785
C*07:235,C1,1,IPD_API,2026-02-19 18:48:42.089785
C*07:236,C1,1,IPD_API,2026-02-19 18:48:42.089785
C*07:237,C1,1,IPD_API,2026-02-19 18:48:42.089785
C*07:238,C1,1,IPD_API,2026-02-19 18:48:42.089785
C*07:239,C1,1,IPD_API,2026-02-19 18:48:42.089785
C*07:24,C1,1,IPD_API,2026-02-19 18:48:42.089785
C*07:240,C1,1,IPD_API,2026-02-19 18:48:42.089785
C*07:241,C1,1,IPD_API,2026-02-19 18:48:42.089785
C*07:242,C1,1,IPD_API,2026-02-19 18:48:42.089785
C*07:243,C1,1,IPD_API,2026-02-19 18:48:42.089785
C*07:244,C1,1,IPD_API,2026-02-19 18:48:42.089785
C*07:245,C1,1,IPD_API,2026-02-19 18:48:42.089785
C*07:246,C1,2,IPD_API,2026-02-19 18:48:42.089785
C*07:247,C1,1,IPD_API,2026-02-19 18:48:42.089785
C*07:248,C1,1,IPD_API,2026-02-19 18:48:42.089785
C*07:249,C1,1,IPD_API,2026-02-19 18:48:42.089785
C*07:25,C1,1,IPD_API,2026-02-19 18:48:42.089785
C*07:250,C1,1,IPD_API,2026-02-19 18:48:42.089785
C*07:251,C1,1,IPD_API,2026-02-19 18:48:42.089785
C*07:252,C1,1,IPD_API,2026-02-19 18:48:42.089785
C*07:253,C1,1,IPD_API,2026-02-19 18:48:42.089785
C*07:254,C1,1,IPD_API,2026-02-19 18:48:42.089785
C*07:255,C1,1,IPD_API,2026-02-19 18:48:42.089785
C*07:256,C1,1,IPD_API,2026-02-19 18:48:42.089785
C*07:257,C1,4,IPD_API,2026-02-19 18:48:42.089785
C*07:258,C1,1,IPD_API,2026-02-19 18:48:42.089785
C*07:259,C1,1,IPD_API,2026-02-19 18:48:42.089785
C*07:26,C1,4,IPD_API,2026-02-19 18:48:42.089785
C*07:260,C1,2,IPD_API,2026-02-19 18:48:42.089785
C*07:261,C1,1,IPD_API,2026-02-19 18:48:42.089785
C*07:262,C1,1,IPD_API,2026-02-19 18:48:42.089785
C*07:263,C1,2,IPD_API,2026-02-19 18:48:42.089785
C*07:265,C1,1,IPD_API,2026-02-19 18:48:42.089785
C*07:266,C1,1,IPD_API,2026-02-19 18:48:42.089785
C*07:267,C1,1,IPD_API,2026-02-19 18:48:42.089785
C*07:268,C1,1,IPD_API,2026-02-19 18:48:42.089785
C*07:269,C1,1,IPD_API,2026-02-19 18:48:42.089785
C*07:27,C1,2,IPD_API,2026-02-19 18:48:42.089785
C*07:270,C1,1,IPD_API,2026-02-19 18:48:42.089785
C*07:271,C1,1,IPD_API,2026-02-19 18:48:42.089785
C*07:272,C1,1,IPD_API,2026-02-19 18:48:42.089785
C*07:273,C1,1,IPD_API,2026-02-19 18:48:42.089785
C*07:274,C1,1,IPD_API,2026-02-19 18:48:42.089785
C*07:275,C1,1,IPD_API,2026-02-19 18:48:42.089785
C*07:276,C1,1,IPD_API,2026-02-19 18:48:42.089785
C*07:277,C1,1,IPD_API,2026-02-19 18:48:42.089785
C*07:278,C1,1,IPD_API,2026-02-19 18:48:42.089785
C*07:279,C1,1,IPD_API,2026-02-19 18:48:42.089785
C*07:28,C1,1,IPD_API,2026-02-19 18:48:42.089785
C*07:280,C1,2,IPD_API,2026-02-19 18:48:42.089785
C*07:281,C1,1,IPD_API,2026-02-19 18:48:42.089785
C*07:282,C1,1,IPD_API,2026-02-19 18:48:42.089785
C*07:283,C1,1,IPD_API,2026-02-19 18:48:42.089785
C*07:284,C1,1,IPD_API,2026-02-19 18:48:42.089785
C*07:285,C1,1,IPD_API,2026-02-19 18:48:42.089785
C*07:286,C1,1,IPD_API,2026-02-19 18:48:42.089785
C*07:287,C1,2,IPD_API,2026-02-19 18:48:42.089785
C*07:288,C1,1,IPD_API,2026-02-19 18:48:42.089785
C*07:289,C1,1,IPD_API,2026-02-19 18:48:42.089785
C*07:29,C1,3,IPD_API,2026-02-19 18:48:42.089785
C*07:290,C1,1,IPD_API,2026-02-19 18:48:42.089785
C*07:291,C1,1,IPD_API,2026-02-19 18:48:42.089785
C*07:292,C1,1,IPD_API,2026-02-19 18:48:42.089785
C*07:293,C1,1,IPD_API,2026-02-19 18:48:42.089785
C*07:294,C1,1,IPD_API,2026-02-19 18:48:42.089785
C*07:296,C1,1,IPD_API,2026-02-19 18:48:42.089785
C*07:297,C1,1,IPD_API,2026-02-19 18:48:42.089785
C*07:298,C1,1,IPD_API,2026-02-19 18:48:42.089785
C*07:299,C1,1,IPD_API,2026-02-19 18:48:42.089785
C*07:30,C1,1,IPD_API,2026-02-19 18:48:42.089785
C*07:300,C1,1,IPD_API,2026-02-19 18:48:42.089785
C*07:301,C1,1,IPD_API,2026-02-19 18:48:42.089785
C*07:302,C1,1,IPD_API,2026-02-19 18:48:42.089785
C*07:303,C1,1,IPD_API,2026-02-19 18:48:42.089785
C*07:304,C1,1,IPD_API,2026-02-19 18:48:42.089785
C*07:305,C1,1,IPD_API,2026-02-19 18:48:42.089785
C*07:306,C1,1,IPD_API,2026-02-19 18:48:42.089785
C*07:307,C1,1,IPD_API,2026-02-19 18:48:42.089785
C*07:308,C1,1,IPD_API,2026-02-19 18:48:42.089785
C*07:309,C1,1,IPD_API,2026-02-19 18:48:42.089785
C*07:31,C1,2,IPD_API,2026-02-19 18:48:42.089785
C*07:310,C1,1,IPD_API,2026-02-19 18:48:42.089785
C*07:311,C1,1,IPD_API,2026-02-19 18:48:42.089785
C*07:312,C1,1,IPD_API,2026-02-19 18:48:42.089785
C*07:313,C1,1,IPD_API,2026-02-19 18:48:42.089785
C*07:314,C1,3,IPD_API,2026-02-19 18:48:42.089785
C*07:315,C2,1,IPD_API,2026-02-19 18:48:42.089785
C*07:316,C1,1,IPD_API,2026-02-19 18:48:42.089785
C*07:317,C1,1,IPD_API,2026-02-19 18:48:42.089785
C*07:318,C1,1,IPD_API,2026-02-19 18:48:42.089785
C*07:319,C1,1,IPD_API,2026-02-19 18:48:42.089785
C*07:320,C1,1,IPD_API,2026-02-19 18:48:42.089785
C*07:321,C1,1,IPD_API,2026-02-19 18:48:42.089785
C*07:322,C1,1,IPD_API,2026-02-19 18:48:42.089785
C*07:323,C1,1,IPD_API,2026-02-19 18:48:42.089785
C*07:324,C1,1,IPD_API,2026-02-19 18:48:42.089785
C*07:325,C1,1,IPD_API,2026-02-19 18:48:42.089785
C*07:326,C1,1,IPD_API,2026-02-19 18:48:42.089785
C*07:327,C1,1,IPD_API,2026-02-19 18:48:42.089785
C*07:328,C2,1,IPD_API,2026-02-19 18:48:42.089785
C*07:330,C1,2,IPD_API,2026-02-19 18:48:42.089785
C*07:331,C1,1,IPD_API,2026-02-19 18:48:42.089785
C*07:332,C1,1,IPD_API,2026-02-19 18:48:42.089785
C*07:333,C1,1,IPD_API,2026-02-19 18:48:42.089785
C*07:334,C1,1,IPD_API,2026-02-19 18:48:42.089785
C*07:335,C1,1,IPD_API,2026-02-19 18:48:42.089785
C*07:336,C1,1,IPD_API,2026-02-19 18:48:42.089785
C*07:337,C1,1,IPD_API,2026-02-19 18:48:42.089785
C*07:338,C1,1,IPD_API,2026-02-19 18:48:42.089785
C*07:339,C1,1,IPD_API,2026-02-19 18:48:42.089785
C*07:340,C1,1,IPD_API,2026-02-19 18:48:42.089785
C*07:341,C1,2,IPD_API,2026-02-19 18:48:42.089785
C*07:342,C1,2,IPD_API,2026-02-19 18:48:42.089785
C*07:343,C1,2,IPD_API,2026-02-19 18:48:42.089785
C*07:344,C1,1,IPD_API,2026-02-19 18:48:42.089785
C*07:345,C1,1,IPD_API,2026-02-19 18:48:42.089785
C*07:346,C1,1,IPD_API,2026-02-19 18:48:42.089785
C*07:348,C1,1,IPD_API,2026-02-19 18:48:42.089785
C*07:349,C1,1,IPD_API,2026-02-19 18:48:42.089785
C*07:35,C1,1,IPD_API,2026-02-19 18:48:42.089785
C*07:351,C1,1,IPD_API,2026-02-19 18:48:42.089785
C*07:352,C1,1,IPD_API,2026-02-19 18:48:42.089785
C*07:353,C1,1,IPD_API,2026-02-19 18:48:42.089785
C*07:354,C1,1,IPD_API,2026-02-19 18:48:42.089785
C*07:355,C1,1,IPD_API,2026-02-19 18:48:42.089785
C*07:356,C1,1,IPD_API,2026-02-19 18:48:42.089785
C*07:357,C1,1,IPD_API,2026-02-19 18:48:42.089785
C*07:358,C1,1,IPD_API,2026-02-19 18:48:42.089785
C*07:359,C1,1,IPD_API,2026-02-19 18:48:42.089785
C*07:36,C1,1,IPD_API,2026-02-19 18:48:42.089785
C*07:360,C1,1,IPD_API,2026-02-19 18:48:42.089785
C*07:362,C1,1,IPD_API,2026-02-19 18:48:42.089785
C*07:363,C1,1,IPD_API,2026-02-19 18:48:42.089785
C*07:364,C1,1,IPD_API,2026-02-19 18:48:42.089785
C*07:365,C1,1,IPD_API,2026-02-19 18:48:42.089785
C*07:366,C1,1,IPD_API,2026-02-19 18:48:42.089785
C*07:367,C1,1,IPD_API,2026-02-19 18:48:42.089785
C*07:368,C1,2,IPD_API,2026-02-19 18:48:42.089785
C*07:369,C1,1,IPD_API,2026-02-19 18:48:42.089785
C*07:37,C1,1,IPD_API,2026-02-19 18:48:42.089785
C*07:370,C1,1,IPD_API,2026-02-19 18:48:42.089785
C*07:371,C1,1,IPD_API,2026-02-19 18:48:42.089785
C*07:372,C1,1,IPD_API,2026-02-19 18:48:42.089785
C*07:373,C1,1,IPD_API,2026-02-19 18:48:42.089785
C*07:374,C1,1,IPD_API,2026-02-19 18:48:42.089785
C*07:375,C1,1,IPD_API,2026-02-19 18:48:42.089785
C*07:376,C1,1,IPD_API,2026-02-19 18:48:42.089785
C*07:377,C1,1,IPD_API,2026-02-19 18:48:42.089785
C*07:378,C1,1,IPD_API,2026-02-19 18:48:42.089785
C*07:379,C1,1,IPD_API,2026-02-19 18:48:42.089785
C*07:38,C1,2,IPD_API,2026-02-19 18:48:42.089785
C*07:380,C1,1,IPD_API,2026-02-19 18:48:42.089785
C*07:381,C1,1,IPD_API,2026-02-19 18:48:42.089785
C*07:382,C1,1,IPD_API,2026-02-19 18:48:42.089785
C*07:383,C1,1,IPD_API,2026-02-19 18:48:42.089785
C*07:384,C1,1,IPD_API,2026-02-19 18:48:42.089785
C*07:385,C1,1,IPD_API,2026-02-19 18:48:42.089785
C*07:386,C1,1,IPD_API,2026-02-19 18:48:42.089785
C*07:387,C1,1,IPD_API,2026-02-19 18:48:42.089785
C*07:388,C1,1,IPD_API,2026-02-19 18:48:42.089785
C*07:389,C1,1,IPD_API,2026-02-19 18:48:42.089785
C*07:39,C1,1,IPD_API,2026-02-19 18:48:42.089785
C*07:390,C1,1,IPD_API,2026-02-19 18:48:42.089785
C*07:391,C1,1,IPD_API,2026-02-19 18:48:42.089785
C*07:392,C1,1,IPD_API,2026-02-19 18:48:42.089785
C*07:394,C1,1,IPD_API,2026-02-19 18:48:42.089785
C*07:395,C1,1,IPD_API,2026-02-19 18:48:42.089785
C*07:396,C1,1,IPD_API,2026-02-19 18:48:42.089785
C*07:397,C1,1,IPD_API,2026-02-19 18:48:42.089785
C*07:398,C1,1,IPD_API,2026-02-19 18:48:42.089785
C*07:399,C1,1,IPD_API,2026-02-19 18:48:42.089785
C*07:40,C1,1,IPD_API,2026-02-19 18:48:42.089785
C*07:400,C1,1,IPD_API,2026-02-19 18:48:42.089785
C*07:401,C1,1,IPD_API,2026-02-19 18:48:42.089785
C*07:402,C1,2,IPD_API,2026-02-19 18:48:42.089785
C*07:403,C1,1,IPD_API,2026-02-19 18:48:42.089785
C*07:404,C1,1,IPD_API,2026-02-19 18:48:42.089785
C*07:405,C1,2,IPD_API,2026-02-19 18:48:42.089785
C*07:406,C2,1,IPD_API,2026-02-19 18:48:42.089785
C*07:407,C1,1,IPD_API,2026-02-19 18:48:42.089785
C*07:408,C1,1,IPD_API,2026-02-19 18:48:42.089785
C*07:409,C1,1,IPD_API,2026-02-19 18:48:42.089785
C*07:41,C1,1,IPD_API,2026-02-19 18:48:42.089785
C*07:410,C1,1,IPD_API,2026-02-19 18:48:42.089785
C*07:411,C1,1,IPD_API,2026-02-19 18:48:42.089785
C*07:412,C1,1,IPD_API,2026-02-19 18:48:42.089785
C*07:413,C1,1,IPD_API,2026-02-19 18:48:42.089785
C*07:414,C1,1,IPD_API,2026-02-19 18:48:42.089785
C*07:415,C1,1,IPD_API,2026-02-19 18:48:42.089785
C*07:416,C1,1,IPD_API,2026-02-19 18:48:42.089785
C*07:417,C1,1,IPD_API,2026-02-19 18:48:42.089785
C*07:418,C1,1,IPD_API,2026-02-19 18:48:42.089785
C*07:419,C1,1,IPD_API,2026-02-19 18:48:42.089785
C*07:42,C1,1,IPD_API,2026-02-19 18:48:42.089785
C*07:420,C1,1,IPD_API,2026-02-19 18:48:42.089785
C*07:421,C1,1,IPD_API,2026-02-19 18:48:42.089785
C*07:422,C1,1,IPD_API,2026-02-19 18:48:42.089785
C*07:423,C1,1,IPD_API,2026-02-19 18:48:42.089785
C*07:424,C1,1,IPD_API,2026-02-19 18:48:42.089785
C*07:425,C1,1,IPD_API,2026-02-19 18:48:42.089785
C*07:426,C1,1,IPD_API,2026-02-19 18:48:42.089785
C*07:427,C1,1,IPD_API,2026-02-19 18:48:42.089785
C*07:428,C1,1,IPD_API,2026-02-19 18:48:42.089785
C*07:429,C1,1,IPD_API,2026-02-19 18:48:42.089785
C*07:43,C1,2,IPD_API,2026-02-19 18:48:42.089785
C*07:430,C1,1,IPD_API,2026-02-19 18:48:42.089785
C*07:431,C1,1,IPD_API,2026-02-19 18:48:42.089785
C*07:432,C1,1,IPD_API,2026-02-19 18:48:42.089785
C*07:433,C1,1,IPD_API,2026-02-19 18:48:42.089785
C*07:434,C1,1,IPD_API,2026-02-19 18:48:42.089785
C*07:435,C1,1,IPD_API,2026-02-19 18:48:42.089785
C*07:436,C1,1,IPD_API,2026-02-19 18:48:42.089785
C*07:438,C1,1,IPD_API,2026-02-19 18:48:42.089785
C*07:439,C1,1,IPD_API,2026-02-19 18:48:42.089785
C*07:44,C1,1,IPD_API,2026-02-19 18:48:42.089785
C*07:440,C1,1,IPD_API,2026-02-19 18:48:42.089785
C*07:441,C1,2,IPD_API,2026-02-19 18:48:42.089785
C*07:442,C1,1,IPD_API,2026-02-19 18:48:42.089785
C*07:443,C1,1,IPD_API,2026-02-19 18:48:42.089785
C*07:444,C1,1,IPD_API,2026-02-19 18:48:42.089785
C*07:445,C1,1,IPD_API,2026-02-19 18:48:42.089785
C*07:446,C1,1,IPD_API,2026-02-19 18:48:42.089785
C*07:447,C1,1,IPD_API,2026-02-19 18:48:42.089785
C*07:448,C1,1,IPD_API,2026-02-19 18:48:42.089785
C*07:449,C1,1,IPD_API,2026-02-19 18:48:42.089785
C*07:45,C1,1,IPD_API,2026-02-19 18:48:42.089785
C*07:450,C1,2,IPD_API,2026-02-19 18:48:42.089785
C*07:453,C1,1,IPD_API,2026-02-19 18:48:42.089785
C*07:454,C1,2,IPD_API,2026-02-19 18:48:42.089785
C*07:455,C1,1,IPD_API,2026-02-19 18:48:42.089785
C*07:456,C1,1,IPD_API,2026-02-19 18:48:42.089785
C*07:457,C1,1,IPD_API,2026-02-19 18:48:42.089785
C*07:458,C1,1,IPD_API,2026-02-19 18:48:42.089785
C*07:459,C1,1,IPD_API,2026-02-19 18:48:42.089785
C*07:46,C1,1,IPD_API,2026-02-19 18:48:42.089785
C*07:460,C1,1,IPD_API,2026-02-19 18:48:42.089785
C*07:461,C1,1,IPD_API,2026-02-19 18:48:42.089785
C*07:462,C1,1,IPD_API,2026-02-19 18:48:42.089785
C*07:463,C1,1,IPD_API,2026-02-19 18:48:42.089785
C*07:464,C1,1,IPD_API,2026-02-19 18:48:42.089785
C*07:465,C1,1,IPD_API,2026-02-19 18:48:42.089785
C*07:466,C1,1,IPD_API,2026-02-19 18:48:42.089785
C*07:467,C1,1,IPD_API,2026-02-19 18:48:42.089785
C*07:468,C1,1,IPD_API,2026-02-19 18:48:42.089785
C*07:469,C1,1,IPD_API,2026-02-19 18:48:42.089785
C*07:47,C1,3,IPD_API,2026-02-19 18:48:42.089785
C*07:470,C1,1,IPD_API,2026-02-19 18:48:42.089785
C*07:471,C1,1,IPD_API,2026-02-19 18:48:42.089785
C*07:472,C1,1,IPD_API,2026-02-19 18:48:42.089785
C*07:473,C1,1,IPD_API,2026-02-19 18:48:42.089785
C*07:474,C1,1,IPD_API,2026-02-19 18:48:42.089785
C*07:475,C1,1,IPD_API,2026-02-19 18:48:42.089785
C*07:477,C1,1,IPD_API,2026-02-19 18:48:42.089785
C*07:478,C1,1,IPD_API,2026-02-19 18:48:42.089785
C*07:479,C1,1,IPD_API,2026-02-19 18:48:42.089785
C*07:48,C1,1,IPD_API,2026-02-19 18:48:42.089785
C*07:480,C1,1,IPD_API,2026-02-19 18:48:42.089785
C*07:481,C1,1,IPD_API,2026-02-19 18:48:42.089785
C*07:482,C1,1,IPD_API,2026-02-19 18:48:42.089785
C*07:485,C1,1,IPD_API,2026-02-19 18:48:42.089785
C*07:486,C1,1,IPD_API,2026-02-19 18:48:42.089785
C*07:487,C1,1,IPD_API,2026-02-19 18:48:42.089785
C*07:488,C1,1,IPD_API,2026-02-19 18:48:42.089785
C*07:489,C1,2,IPD_API,2026-02-19 18:48:42.089785
C*07:49,C1,1,IPD_API,2026-02-19 18:48:42.089785
C*07:490,C1,1,IPD_API,2026-02-19 18:48:42.089785
C*07:492,C1,1,IPD_API,2026-02-19 18:48:42.089785
C*07:493,C1,1,IPD_API,2026-02-19 18:48:42.089785
C*07:494,C1,1,IPD_API,2026-02-19 18:48:42.089785
C*07:495,C1,1,IPD_API,2026-02-19 18:48:42.089785
C*07:496,C1,1,IPD_API,2026-02-19 18:48:42.089785
C*07:497,C1,1,IPD_API,2026-02-19 18:48:42.089785
C*07:498,C1,1,IPD_API,2026-02-19 18:48:42.089785
C*07:499,C1,1,IPD_API,2026-02-19 18:48:42.089785
C*07:50,C1,1,IPD_API,2026-02-19 18:48:42.089785
C*07:500,C1,1,IPD_API,2026-02-19 18:48:42.089785
C*07:501,C1,1,IPD_API,2026-02-19 18:48:42.089785
C*07:502,C1,1,IPD_API,2026-02-19 18:48:42.089785
C*07:503,C1,1,IPD_API,2026-02-19 18:48:42.089785
C*07:504,C1,1,IPD_API,2026-02-19 18:48:42.089785
C*07:505,C1,1,IPD_API,2026-02-19 18:48:42.089785
C*07:506,C1,2,IPD_API,2026-02-19 18:48:42.089785
C*07:508,C1,1,IPD_API,2026-02-19 18:48:42.089785
C*07:509,C1,1,IPD_API,2026-02-19 18:48:42.089785
C*07:51,C1,1,IPD_API,2026-02-19 18:48:42.089785
C*07:510,C1,1,IPD_API,2026-02-19 18:48:42.089785
C*07:511,C1,1,IPD_API,2026-02-19 18:48:42.089785
C*07:512,C1,1,IPD_API,2026-02-19 18:48:42.089785
C*07:513,C1,1,IPD_API,2026-02-19 18:48:42.089785
C*07:514,C1,2,IPD_API,2026-02-19 18:48:42.089785
C*07:515,C1,1,IPD_API,2026-02-19 18:48:42.089785
C*07:516,C1,1,IPD_API,2026-02-19 18:48:42.089785
C*07:517,C1,1,IPD_API,2026-02-19 18:48:42.089785
C*07:518,C1,1,IPD_API,2026-02-19 18:48:42.089785
C*07:519,C1,1,IPD_API,2026-02-19 18:48:42.089785
C*07:52,C1,1,IPD_API,2026-02-19 18:48:42.089785
C*07:520,C1,1,IPD_API,2026-02-19 18:48:42.089785
C*07:521,C1,2,IPD_API,2026-02-19 18:48:42.089785
C*07:522,C1,1,IPD_API,2026-02-19 18:48:42.089785
C*07:523,C1,1,IPD_API,2026-02-19 18:48:42.089785
C*07:524,C1,1,IPD_API,2026-02-19 18:48:42.089785
C*07:525,C1,1,IPD_API,2026-02-19 18:48:42.089785
C*07:526,C1,2,IPD_API,2026-02-19 18:48:42.089785
C*07:527,C1,1,IPD_API,2026-02-19 18:48:42.089785
C*07:528,C1,1,IPD_API,2026-02-19 18:48:42.089785
C*07:529,C1,1,IPD_API,2026-02-19 18:48:42.089785
C*07:53,C1,1,IPD_API,2026-02-19 18:48:42.089785
C*07:530,C1,2,IPD_API,2026-02-19 18:48:42.089785
C*07:531,C1,1,IPD_API,2026-02-19 18:48:42.089785
C*07:532,C1,1,IPD_API,2026-02-19 18:48:42.089785
C*07:533,C1,1,IPD_API,2026-02-19 18:48:42.089785
C*07:534,C1,1,IPD_API,2026-02-19 18:48:42.089785
C*07:535,C1,1,IPD_API,2026-02-19 18:48:42.089785
C*07:536,C1,1,IPD_API,2026-02-19 18:48:42.089785
C*07:537,C1,1,IPD_API,2026-02-19 18:48:42.089785
C*07:538,C1,1,IPD_API,2026-02-19 18:48:42.089785
C*07:539,C1,1,IPD_API,2026-02-19 18:48:42.089785
C*07:54,C1,1,IPD_API,2026-02-19 18:48:42.089785
C*07:540,C1,1,IPD_API,2026-02-19 18:48:42.089785
C*07:541,C1,1,IPD_API,2026-02-19 18:48:42.089785
C*07:542,C1,1,IPD_API,2026-02-19 18:48:42.089785
C*07:543,C1,1,IPD_API,2026-02-19 18:48:42.089785
C*07:544,C1,1,IPD_API,2026-02-19 18:48:42.089785
C*07:545,C1,1,IPD_API,2026-02-19 18:48:42.089785
C*07:546,C1,1,IPD_API,2026-02-19 18:48:42.089785
C*07:547,C1,1,IPD_API,2026-02-19 18:48:42.089785
C*07:548,C1,1,IPD_API,2026-02-19 18:48:42.089785
C*07:549,C1,1,IPD_API,2026-02-19 18:48:42.089785
C*07:550,C1,1,IPD_API,2026-02-19 18:48:42.089785
C*07:552,C1,1,IPD_API,2026-02-19 18:48:42.089785
C*07:553,C1,1,IPD_API,2026-02-19 18:48:42.089785
C*07:554,C1,1,IPD_API,2026-02-19 18:48:42.089785
C*07:555,C1,1,IPD_API,2026-02-19 18:48:42.089785
C*07:556,C1,1,IPD_API,2026-02-19 18:48:42.089785
C*07:557,C1,1,IPD_API,2026-02-19 18:48:42.089785
C*07:558,C1,2,IPD_API,2026-02-19 18:48:42.089785
C*07:559,C2,1,IPD_API,2026-02-19 18:48:42.089785
C*07:56,C1,2,IPD_API,2026-02-19 18:48:42.089785
C*07:560,C1,1,IPD_API,2026-02-19 18:48:42.089785
C*07:561,C1,1,IPD_API,2026-02-19 18:48:42.089785
C*07:562,C1,1,IPD_API,2026-02-19 18:48:42.089785
C*07:563,C1,1,IPD_API,2026-02-19 18:48:42.089785
C*07:564,C1,1,IPD_API,2026-02-19 18:48:42.089785
C*07:565,C1,1,IPD_API,2026-02-19 18:48:42.089785
C*07:566,C1,1,IPD_API,2026-02-19 18:48:42.089785
C*07:567,C1,2,IPD_API,2026-02-19 18:48:42.089785
C*07:568,C1,1,IPD_API,2026-02-19 18:48:42.089785
C*07:569,C1,1,IPD_API,2026-02-19 18:48:42.089785
C*07:57,C1,2,IPD_API,2026-02-19 18:48:42.089785
C*07:570,C1,1,IPD_API,2026-02-19 18:48:42.089785
C*07:571,C1,1,IPD_API,2026-02-19 18:48:42.089785
C*07:572,C1,1,IPD_API,2026-02-19 18:48:42.089785
C*07:573,C1,1,IPD_API,2026-02-19 18:48:42.089785
C*07:574,C1,1,IPD_API,2026-02-19 18:48:42.089785
C*07:575,C1,2,IPD_API,2026-02-19 18:48:42.089785
C*07:576,C1,1,IPD_API,2026-02-19 18:48:42.089785
C*07:577,C1,1,IPD_API,2026-02-19 18:48:42.089785
C*07:578,C1,1,IPD_API,2026-02-19 18:48:42.089785
C*07:579,C1,1,IPD_API,2026-02-19 18:48:42.089785
C*07:58,C1,1,IPD_API,2026-02-19 18:48:42.089785
C*07:580,C1,1,IPD_API,2026-02-19 18:48:42.089785
C*07:581,C1,1,IPD_API,2026-02-19 18:48:42.089785
C*07:582,C1,1,IPD_API,2026-02-19 18:48:42.089785
C*07:583,C1,1,IPD_API,2026-02-19 18:48:42.089785
C*07:584,C1,1,IPD_API,2026-02-19 18:48:42.089785
C*07:585,C1,1,IPD_API,2026-02-19 18:48:42.089785
C*07:586,C1,1,IPD_API,2026-02-19 18:48:42.089785
C*07:587,C1,1,IPD_API,2026-02-19 18:48:42.089785
C*07:588,C1,1,IPD_API,2026-02-19 18:48:42.089785
C*07:589,C1,1,IPD_API,2026-02-19 18:48:42.089785
C*07:59,C1,1,IPD_API,2026-02-19 18:48:42.089785
C*07:590,C1,1,IPD_API,2026-02-19 18:48:42.089785
C*07:591,C1,1,IPD_API,2026-02-19 18:48:42.089785
C*07:592,C1,1,IPD_API,2026-02-19 18:48:42.089785
C*07:594,C1,1,IPD_API,2026-02-19 18:48:42.089785
C*07:595,C1,1,IPD_API,2026-02-19 18:48:42.089785
C*07:596,C1,1,IPD_API,2026-02-19 18:48:42.089785
C*07:597,C1,1,IPD_API,2026-02-19 18:48:42.089785
C*07:598,C2,1,IPD_API,2026-02-19 18:48:42.089785
C*07:599,C1,1,IPD_API,2026-02-19 18:48:42.089785
C*07:60,C1,1,IPD_API,2026-02-19 18:48:42.089785
C*07:601,C1,1,IPD_API,2026-02-19 18:48:42.089785
C*07:602,C1,1,IPD_API,2026-02-19 18:48:42.089785
C*07:604,C1,1,IPD_API,2026-02-19 18:48:42.089785
C*07:605,C1,1,IPD_API,2026-02-19 18:48:42.089785
C*07:606,C1,1,IPD_API,2026-02-19 18:48:42.089785
C*07:607,C1,1,IPD_API,2026-02-19 18:48:42.089785
C*07:608,C1,1,IPD_API,2026-02-19 18:48:42.089785
C*07:609,C1,1,IPD_API,2026-02-19 18:48:42.089785
C*07:610,C1,1,IPD_API,2026-02-19 18:48:42.089785
C*07:611,C1,1,IPD_API,2026-02-19 18:48:42.089785
C*07:612,C1,1,IPD_API,2026-02-19 18:48:42.089785
C*07:613,C1,1,IPD_API,2026-02-19 18:48:42.089785
C*07:614,C1,1,IPD_API,2026-02-19 18:48:42.089785
C*07:615,C1,1,IPD_API,2026-02-19 18:48:42.089785
C*07:616,C1,1,IPD_API,2026-02-19 18:48:42.089785
C*07:617,C1,1,IPD_API,2026-02-19 18:48:42.089785
C*07:618,C1,1,IPD_API,2026-02-19 18:48:42.089785
C*07:619,C1,1,IPD_API,2026-02-19 18:48:42.089785
C*07:62,C1,1,IPD_API,2026-02-19 18:48:42.089785
C*07:620,C1,1,IPD_API,2026-02-19 18:48:42.089785
C*07:621,C1,1,IPD_API,2026-02-19 18:48:42.089785
C*07:622,C1,1,IPD_API,2026-02-19 18:48:42.089785
C*07:623,C1,1,IPD_API,2026-02-19 18:48:42.089785
C*07:624,C1,1,IPD_API,2026-02-19 18:48:42.089785
C*07:625,C1,1,IPD_API,2026-02-19 18:48:42.089785
C*07:626,C1,1,IPD_API,2026-02-19 18:48:42.089785
C*07:627,C1,1,IPD_API,2026-02-19 18:48:42.089785
C*07:628,C1,1,IPD_API,2026-02-19 18:48:42.089785
C*07:629,C1,1,IPD_API,2026-02-19 18:48:42.089785
C*07:63,C1,1,IPD_API,2026-02-19 18:48:42.089785
C*07:630,C1,1,IPD_API,2026-02-19 18:48:42.089785
C*07:631,C1,1,IPD_API,2026-02-19 18:48:42.089785
C*07:632,C1,1,IPD_API,2026-02-19 18:48:42.089785
C*07:634,C1,1,IPD_API,2026-02-19 18:48:42.089785
C*07:635,C1,1,IPD_API,2026-02-19 18:48:42.089785
C*07:636,C1,1,IPD_API,2026-02-19 18:48:42.089785
C*07:637,C1,1,IPD_API,2026-02-19 18:48:42.089785
C*07:638,C1,1,IPD_API,2026-02-19 18:48:42.089785
C*07:639,C1,2,IPD_API,2026-02-19 18:48:42.089785
C*07:64,C1,1,IPD_API,2026-02-19 18:48:42.089785
C*07:640,C1,2,IPD_API,2026-02-19 18:48:42.089785
C*07:641,C1,1,IPD_API,2026-02-19 18:48:42.089785
C*07:642,C1,1,IPD_API,2026-02-19 18:48:42.089785
C*07:643,C1,1,IPD_API,2026-02-19 18:48:42.089785
C*07:644,C1,1,IPD_API,2026-02-19 18:48:42.089785
C*07:645,C1,1,IPD_API,2026-02-19 18:48:42.089785
C*07:646,C1,1,IPD_API,2026-02-19 18:48:42.089785
C*07:647,C1,1,IPD_API,2026-02-19 18:48:42.089785
C*07:648,C1,1,IPD_API,2026-02-19 18:48:42.089785
C*07:649,C1,1,IPD_API,2026-02-19 18:48:42.089785
C*07:65,C1,1,IPD_API,2026-02-19 18:48:42.089785
C*07:650,C1,2,IPD_API,2026-02-19 18:48:42.089785
C*07:651,C1,1,IPD_API,2026-02-19 18:48:42.089785
C*07:652,C1,1,IPD_API,2026-02-19 18:48:42.089785
C*07:653,C1,1,IPD_API,2026-02-19 18:48:42.089785
C*07:654,C1,1,IPD_API,2026-02-19 18:48:42.089785
C*07:655,C1,1,IPD_API,2026-02-19 18:48:42.089785
C*07:656,C2,1,IPD_API,2026-02-19 18:48:42.089785
C*07:657,C1,1,IPD_API,2026-02-19 18:48:42.089785
C*07:658,C1,1,IPD_API,2026-02-19 18:48:42.089785
C*07:659,C1,2,IPD_API,2026-02-19 18:48:42.089785
C*07:66,C1,1,IPD_API,2026-02-19 18:48:42.089785
C*07:660,C1,1,IPD_API,2026-02-19 18:48:42.089785
C*07:661,C1,1,IPD_API,2026-02-19 18:48:42.089785
C*07:662,C1,1,IPD_API,2026-02-19 18:48:42.089785
C*07:663,C1,1,IPD_API,2026-02-19 18:48:42.089785
C*07:664,C1,1,IPD_API,2026-02-19 18:48:42.089785
C*07:665,C1,1,IPD_API,2026-02-19 18:48:42.089785
C*07:666,C1,1,IPD_API,2026-02-19 18:48:42.089785
C*07:667,C1,2,IPD_API,2026-02-19 18:48:42.089785
C*07:668,C1,1,IPD_API,2026-02-19 18:48:42.089785
C*07:669,C1,1,IPD_API,2026-02-19 18:48:42.089785
C*07:67,C1,1,IPD_API,2026-02-19 18:48:42.089785
C*07:670,C1,1,IPD_API,2026-02-19 18:48:42.089785
C*07:671,C1,1,IPD_API,2026-02-19 18:48:42.089785
C*07:673,C1,1,IPD_API,2026-02-19 18:48:42.089785
C*07:674,C1,1,IPD_API,2026-02-19 18:48:42.089785
C*07:676,C1,1,IPD_API,2026-02-19 18:48:42.089785
C*07:677,C1,1,IPD_API,2026-02-19 18:48:42.089785
C*07:678,C1,1,IPD_API,2026-02-19 18:48:42.089785
C*07:679,C1,1,IPD_API,2026-02-19 18:48:42.089785
C*07:68,C1,1,IPD_API,2026-02-19 18:48:42.089785
C*07:680,C1,1,IPD_API,2026-02-19 18:48:42.089785
C*07:681,C1,1,IPD_API,2026-02-19 18:48:42.089785
C*07:682,C1,3,IPD_API,2026-02-19 18:48:42.089785
C*07:683,C1,1,IPD_API,2026-02-19 18:48:42.089785
C*07:684,C1,1,IPD_API,2026-02-19 18:48:42.089785
C*07:685,C1,1,IPD_API,2026-02-19 18:48:42.089785
C*07:687,C1,1,IPD_API,2026-02-19 18:48:42.089785
C*07:688,C1,1,IPD_API,2026-02-19 18:48:42.089785
C*07:689,C1,1,IPD_API,2026-02-19 18:48:42.089785
C*07:69,C1,1,IPD_API,2026-02-19 18:48:42.089785
C*07:691,C1,1,IPD_API,2026-02-19 18:48:42.089785
C*07:692,C1,1,IPD_API,2026-02-19 18:48:42.089785
C*07:693,C1,1,IPD_API,2026-02-19 18:48:42.089785
C*07:694,C1,1,IPD_API,2026-02-19 18:48:42.089785
C*07:695,C1,2,IPD_API,2026-02-19 18:48:42.089785
C*07:696,C1,1,IPD_API,2026-02-19 18:48:42.089785
C*07:697,C1,1,IPD_API,2026-02-19 18:48:42.089785
C*07:698,C1,1,IPD_API,2026-02-19 18:48:42.089785
C*07:699,C1,1,IPD_API,2026-02-19 18:48:42.089785
C*07:70,C1,1,IPD_API,2026-02-19 18:48:42.089785
C*07:700,C1,1,IPD_API,2026-02-19 18:48:42.089785
C*07:701,C1,1,IPD_API,2026-02-19 18:48:42.089785
C*07:703,C1,1,IPD_API,2026-02-19 18:48:42.089785
C*07:704,C1,1,IPD_API,2026-02-19 18:48:42.089785
C*07:705,C1,1,IPD_API,2026-02-19 18:48:42.089785
C*07:706,C1,1,IPD_API,2026-02-19 18:48:42.089785
C*07:707,C1,1,IPD_API,2026-02-19 18:48:42.089785
C*07:708,C1,1,IPD_API,2026-02-19 18:48:42.089785
C*07:709,C1,1,IPD_API,2026-02-19 18:48:42.089785
C*07:71,C1,1,IPD_API,2026-02-19 18:48:42.089785
C*07:710,C1,1,IPD_API,2026-02-19 18:48:42.089785
C*07:711,C1,1,IPD_API,2026-02-19 18:48:42.089785
C*07:712,C1,1,IPD_API,2026-02-19 18:48:42.089785
C*07:713,C1,1,IPD_API,2026-02-19 18:48:42.089785
C*07:714,C1,1,IPD_API,2026-02-19 18:48:42.089785
C*07:715,C1,2,IPD_API,2026-02-19 18:48:42.089785
C*07:716,C1,1,IPD_API,2026-02-19 18:48:42.089785
C*07:717,C1,1,IPD_API,2026-02-19 18:48:42.089785
C*07:718,C1,1,IPD_API,2026-02-19 18:48:42.089785
C*07:719,C1,1,IPD_API,2026-02-19 18:48:42.089785
C*07:72,C1,1,IPD_API,2026-02-19 18:48:42.089785
C*07:720,C1,1,IPD_API,2026-02-19 18:48:42.089785
C*07:721,C1,1,IPD_API,2026-02-19 18:48:42.089785
C*07:722,C1,1,IPD_API,2026-02-19 18:48:42.089785
C*07:723,C1,1,IPD_API,2026-02-19 18:48:42.089785
C*07:724,C1,1,IPD_API,2026-02-19 18:48:42.089785
C*07:725,C1,1,IPD_API,2026-02-19 18:48:42.089785
C*07:727,C1,1,IPD_API,2026-02-19 18:48:42.089785
C*07:728,C1,1,IPD_API,2026-02-19 18:48:42.089785
C*07:729,C1,2,IPD_API,2026-02-19 18:48:42.089785
C*07:73,C1,2,IPD_API,2026-02-19 18:48:42.089785
C*07:730,C1,1,IPD_API,2026-02-19 18:48:42.089785
C*07:731,C1,1,IPD_API,2026-02-19 18:48:42.089785
C*07:732,C1,1,IPD_API,2026-02-19 18:48:42.089785
C*07:734,C1,1,IPD_API,2026-02-19 18:48:42.089785
C*07:735,C1,1,IPD_API,2026-02-19 18:48:42.089785
C*07:736,C1,2,IPD_API,2026-02-19 18:48:42.089785
C*07:737,C1,1,IPD_API,2026-02-19 18:48:42.089785
C*07:738,C1,1,IPD_API,2026-02-19 18:48:42.089785
C*07:739,C1,1,IPD_API,2026-02-19 18:48:42.089785
C*07:74,C1,2,IPD_API,2026-02-19 18:48:42.089785
C*07:740,C1,1,IPD_API,2026-02-19 18:48:42.089785
C*07:741,C1,1,IPD_API,2026-02-19 18:48:42.089785
C*07:742,C1,1,IPD_API,2026-02-19 18:48:42.089785
C*07:744,C1,1,IPD_API,2026-02-19 18:48:42.089785
C*07:748,C1,2,IPD_API,2026-02-19 18:48:42.089785
C*07:75,C1,1,IPD_API,2026-02-19 18:48:42.089785
C*07:755,C1,1,IPD_API,2026-02-19 18:48:42.089785
C*07:756,C1,1,IPD_API,2026-02-19 18:48:42.089785
C*07:757,C1,1,IPD_API,2026-02-19 18:48:42.089785
C*07:758,C1,1,IPD_API,2026-02-19 18:48:42.089785
C*07:759,C1,1,IPD_API,2026-02-19 18:48:42.089785
C*07:76,C2,2,IPD_API,2026-02-19 18:48:42.089785
C*07:760,C1,1,IPD_API,2026-02-19 18:48:42.089785
C*07:761,C1,1,IPD_API,2026-02-19 18:48:42.089785
C*07:762,C1,1,IPD_API,2026-02-19 18:48:42.089785
C*07:763,C1,1,IPD_API,2026-02-19 18:48:42.089785
C*07:764,C1,1,IPD_API,2026-02-19 18:48:42.089785
C*07:765,C1,1,IPD_API,2026-02-19 18:48:42.089785
C*07:766,C1,1,IPD_API,2026-02-19 18:48:42.089785
C*07:767,C1,1,IPD_API,2026-02-19 18:48:42.089785
C*07:768,C1,1,IPD_API,2026-02-19 18:48:42.089785
C*07:769,C1,1,IPD_API,2026-02-19 18:48:42.089785
C*07:77,C1,1,IPD_API,2026-02-19 18:48:42.089785
C*07:771,C1,1,IPD_API,2026-02-19 18:48:42.089785
C*07:772,C1,1,IPD_API,2026-02-19 18:48:42.089785
C*07:774,C1,1,IPD_API,2026-02-19 18:48:42.089785
C*07:775,C1,1,IPD_API,2026-02-19 18:48:42.089785
C*07:777,C1,1,IPD_API,2026-02-19 18:48:42.089785
C*07:778,C1,1,IPD_API,2026-02-19 18:48:42.089785
C*07:779,C1,2,IPD_API,2026-02-19 18:48:42.089785
C*07:78,C1,2,IPD_API,2026-02-19 18:48:42.089785
C*07:780,C1,1,IPD_API,2026-02-19 18:48:42.089785
C*07:781,C1,1,IPD_API,2026-02-19 18:48:42.089785
C*07:782,C1,1,IPD_API,2026-02-19 18:48:42.089785
C*07:783,C1,1,IPD_API,2026-02-19 18:48:42.089785
C*07:784,C1,1,IPD_API,2026-02-19 18:48:42.089785
C*07:785,C1,1,IPD_API,2026-02-19 18:48:42.089785
C*07:786,C1,1,IPD_API,2026-02-19 18:48:42.089785
C*07:788,C1,1,IPD_API,2026-02-19 18:48:42.089785
C*07:789,C1,1,IPD_API,2026-02-19 18:48:42.089785
C*07:79,C1,1,IPD_API,2026-02-19 18:48:42.089785
C*07:790,C1,1,IPD_API,2026-02-19 18:48:42.089785
C*07:791,C1,1,IPD_API,2026-02-19 18:48:42.089785
C*07:792,C1,1,IPD_API,2026-02-19 18:48:42.089785
C*07:793,C1,1,IPD_API,2026-02-19 18:48:42.089785
C*07:794,C1,1,IPD_API,2026-02-19 18:48:42.089785
C*07:795,C1,1,IPD_API,2026-02-19 18:48:42.089785
C*07:798,C1,1,IPD_API,2026-02-19 18:48:42.089785
C*07:799,C1,1,IPD_API,2026-02-19 18:48:42.089785
C*07:80,C1,1,IPD_API,2026-02-19 18:48:42.089785
C*07:800,C1,1,IPD_API,2026-02-19 18:48:42.089785
C*07:801,C1,1,IPD_API,2026-02-19 18:48:42.089785
C*07:802,C1,1,IPD_API,2026-02-19 18:48:42.089785
C*07:803,C1,1,IPD_API,2026-02-19 18:48:42.089785
C*07:805,C1,1,IPD_API,2026-02-19 18:48:42.089785
C*07:806,C1,1,IPD_API,2026-02-19 18:48:42.089785
C*07:808,C1,1,IPD_API,2026-02-19 18:48:42.089785
C*07:809,C1,1,IPD_API,2026-02-19 18:48:42.089785
C*07:81,C1,1,IPD_API,2026-02-19 18:48:42.089785
C*07:810,C1,1,IPD_API,2026-02-19 18:48:42.089785
C*07:811,C1,1,IPD_API,2026-02-19 18:48:42.089785
C*07:812,C1,1,IPD_API,2026-02-19 18:48:42.089785
C*07:813,C1,1,IPD_API,2026-02-19 18:48:42.089785
C*07:814,C1,1,IPD_API,2026-02-19 18:48:42.089785
C*07:815,C1,1,IPD_API,2026-02-19 18:48:42.089785
C*07:816,C1,1,IPD_API,2026-02-19 18:48:42.089785
C*07:817,C1,1,IPD_API,2026-02-19 18:48:42.089785
C*07:818,C1,1,IPD_API,2026-02-19 18:48:42.089785
C*07:819,C1,1,IPD_API,2026-02-19 18:48:42.089785
C*07:82,C1,1,IPD_API,2026-02-19 18:48:42.089785
C*07:822,C1,1,IPD_API,2026-02-19 18:48:42.089785
C*07:823,C1,1,IPD_API,2026-02-19 18:48:42.089785
C*07:824,C1,1,IPD_API,2026-02-19 18:48:42.089785
C*07:825,C1,1,IPD_API,2026-02-19 18:48:42.089785
C*07:826,C1,1,IPD_API,2026-02-19 18:48:42.089785
C*07:827,C1,1,IPD_API,2026-02-19 18:48:42.089785
C*07:828,C1,1,IPD_API,2026-02-19 18:48:42.089785
C*07:829,C1,1,IPD_API,2026-02-19 18:48:42.089785
C*07:83,C1,1,IPD_API,2026-02-19 18:48:42.089785
C*07:830,C1,1,IPD_API,2026-02-19 18:48:42.089785
C*07:831,C1,1,IPD_API,2026-02-19 18:48:42.089785
C*07:832,C1,1,IPD_API,2026-02-19 18:48:42.089785
C*07:834,C1,1,IPD_API,2026-02-19 18:48:42.089785
C*07:835,C1,1,IPD_API,2026-02-19 18:48:42.089785
C*07:836,C1,1,IPD_API,2026-02-19 18:48:42.089785
C*07:837,C1,1,IPD_API,2026-02-19 18:48:42.089785
C*07:838,C1,1,IPD_API,2026-02-19 18:48:42.089785
C*07:84,C1,1,IPD_API,2026-02-19 18:48:42.089785
C*07:841,C1,1,IPD_API,2026-02-19 18:48:42.089785
C*07:842,C1,1,IPD_API,2026-02-19 18:48:42.089785
C*07:843,C1,1,IPD_API,2026-02-19 18:48:42.089785
C*07:844,C1,1,IPD_API,2026-02-19 18:48:42.089785
C*07:845,C1,1,IPD_API,2026-02-19 18:48:42.089785
C*07:846,C1,2,IPD_API,2026-02-19 18:48:42.089785
C*07:847,C1,1,IPD_API,2026-02-19 18:48:42.089785
C*07:848,C1,1,IPD_API,2026-02-19 18:48:42.089785
C*07:85,C1,1,IPD_API,2026-02-19 18:48:42.089785
C*07:850,C1,1,IPD_API,2026-02-19 18:48:42.089785
C*07:851,C1,1,IPD_API,2026-02-19 18:48:42.089785
C*07:852,C1,1,IPD_API,2026-02-19 18:48:42.089785
C*07:853,C1,1,IPD_API,2026-02-19 18:48:42.089785
C*07:854,C1,1,IPD_API,2026-02-19 18:48:42.089785
C*07:855,C1,1,IPD_API,2026-02-19 18:48:42.089785
C*07:857,C1,1,IPD_API,2026-02-19 18:48:42.089785
C*07:858,C1,1,IPD_API,2026-02-19 18:48:42.089785
C*07:859,C1,1,IPD_API,2026-02-19 18:48:42.089785
C*07:86,C1,1,IPD_API,2026-02-19 18:48:42.089785
C*07:860,C1,1,IPD_API,2026-02-19 18:48:42.089785
C*07:861,C1,1,IPD_API,2026-02-19 18:48:42.089785
C*07:862,C1,1,IPD_API,2026-02-19 18:48:42.089785
C*07:864,C1,1,IPD_API,2026-02-19 18:48:42.089785
C*07:865,C1,1,IPD_API,2026-02-19 18:48:42.089785
C*07:866,C1,1,IPD_API,2026-02-19 18:48:42.089785
C*07:867,C1,1,IPD_API,2026-02-19 18:48:42.089785
C*07:868,C1,1,IPD_API,2026-02-19 18:48:42.089785
C*07:869,C1,1,IPD_API,2026-02-19 18:48:42.089785
C*07:87,C1,1,IPD_API,2026-02-19 18:48:42.089785
C*07:870,C1,1,IPD_API,2026-02-19 18:48:42.089785
C*07:871,C1,1,IPD_API,2026-02-19 18:48:42.089785
C*07:872,C1,1,IPD_API,2026-02-19 18:48:42.089785
C*07:873,C1,1,IPD_API,2026-02-19 18:48:42.089785
C*07:874,C1,1,IPD_API,2026-02-19 18:48:42.089785
C*07:875,C1,1,IPD_API,2026-02-19 18:48:42.089785
C*07:876,C1,1,IPD_API,2026-02-19 18:48:42.089785
C*07:877,C1,1,IPD_API,2026-02-19 18:48:42.089785
C*07:878,C1,1,IPD_API,2026-02-19 18:48:42.089785
C*07:879,C1,1,IPD_API,2026-02-19 18:48:42.089785
C*07:88,C1,1,IPD_API,2026-02-19 18:48:42.089785
C*07:880,C1,1,IPD_API,2026-02-19 18:48:42.089785
C*07:882,C1,1,IPD_API,2026-02-19 18:48:42.089785
C*07:883,C1,1,IPD_API,2026-02-19 18:48:42.089785
C*07:884,C1,1,IPD_API,2026-02-19 18:48:42.089785
C*07:885,C1,1,IPD_API,2026-02-19 18:48:42.089785
C*07:887,C1,1,IPD_API,2026-02-19 18:48:42.089785
C*07:888,C1,1,IPD_API,2026-02-19 18:48:42.089785
C*07:89,C1,1,IPD_API,2026-02-19 18:48:42.089785
C*07:890,C1,1,IPD_API,2026-02-19 18:48:42.089785
C*07:891,C1,1,IPD_API,2026-02-19 18:48:42.089785
C*07:892,C1,1,IPD_API,2026-02-19 18:48:42.089785
C*07:893,C1,1,IPD_API,2026-02-19 18:48:42.089785
C*07:894,C1,1,IPD_API,2026-02-19 18:48:42.089785
C*07:895,C1,1,IPD_API,2026-02-19 18:48:42.089785
C*07:896,C1,1,IPD_API,2026-02-19 18:48:42.089785
C*07:897,C1,1,IPD_API,2026-02-19 18:48:42.089785
C*07:898,C1,1,IPD_API,2026-02-19 18:48:42.089785
C*07:899,C1,1,IPD_API,2026-02-19 18:48:42.089785
C*07:90,C1,1,IPD_API,2026-02-19 18:48:42.089785
C*07:900,C1,1,IPD_API,2026-02-19 18:48:42.089785
C*07:901,C1,1,IPD_API,2026-02-19 18:48:42.089785
C*07:902,C1,1,IPD_API,2026-02-19 18:48:42.089785
C*07:903,C1,1,IPD_API,2026-02-19 18:48:42.089785
C*07:904,C1,1,IPD_API,2026-02-19 18:48:42.089785
C*07:905,C1,2,IPD_API,2026-02-19 18:48:42.089785
C*07:906,C1,1,IPD_API,2026-02-19 18:48:42.089785
C*07:907,C1,1,IPD_API,2026-02-19 18:48:42.089785
C*07:908,C1,1,IPD_API,2026-02-19 18:48:42.089785
C*07:909,C1,1,IPD_API,2026-02-19 18:48:42.089785
C*07:91,C1,1,IPD_API,2026-02-19 18:48:42.089785
C*07:910,C1,1,IPD_API,2026-02-19 18:48:42.089785
C*07:911,C1,1,IPD_API,2026-02-19 18:48:42.089785
C*07:912,C1,1,IPD_API,2026-02-19 18:48:42.089785
C*07:913,C1,1,IPD_API,2026-02-19 18:48:42.089785
C*07:914,C2,1,IPD_API,2026-02-19 18:48:42.089785
C*07:915,C1,1,IPD_API,2026-02-19 18:48:42.089785
C*07:916,C1,1,IPD_API,2026-02-19 18:48:42.089785
C*07:917,C1,1,IPD_API,2026-02-19 18:48:42.089785
C*07:918,C1,1,IPD_API,2026-02-19 18:48:42.089785
C*07:919,C1,1,IPD_API,2026-02-19 18:48:42.089785
C*07:92,C1,1,IPD_API,2026-02-19 18:48:42.089785
C*07:920,C1,1,IPD_API,2026-02-19 18:48:42.089785
C*07:921,C1,1,IPD_API,2026-02-19 18:48:42.089785
C*07:922,C1,1,IPD_API,2026-02-19 18:48:42.089785
C*07:923,C1,1,IPD_API,2026-02-19 18:48:42.089785
C*07:924,C1,1,IPD_API,2026-02-19 18:48:42.089785
C*07:925,C1,1,IPD_API,2026-02-19 18:48:42.089785
C*07:926,C1,1,IPD_API,2026-02-19 18:48:42.089785
C*07:927,C1,1,IPD_API,2026-02-19 18:48:42.089785
C*07:928,C1,1,IPD_API,2026-02-19 18:48:42.089785
C*07:929,C1,1,IPD_API,2026-02-19 18:48:42.089785
C*07:93,C1,2,IPD_API,2026-02-19 18:48:42.089785
C*07:930,C1,1,IPD_API,2026-02-19 18:48:42.089785
C*07:931,C1,1,IPD_API,2026-02-19 18:48:42.089785
C*07:932,C1,1,IPD_API,2026-02-19 18:48:42.089785
C*07:933,C1,1,IPD_API,2026-02-19 18:48:42.089785
C*07:935,C1,1,IPD_API,2026-02-19 18:48:42.089785
C*07:937,C1,1,IPD_API,2026-02-19 18:48:42.089785
C*07:938,C1,1,IPD_API,2026-02-19 18:48:42.089785
C*07:939,C1,1,IPD_API,2026-02-19 18:48:42.089785
C*07:94,C1,1,IPD_API,2026-02-19 18:48:42.089785
C*07:940,C1,2,IPD_API,2026-02-19 18:48:42.089785
C*07:941,C1,1,IPD_API,2026-02-19 18:48:42.089785
C*07:942,C1,1,IPD_API,2026-02-19 18:48:42.089785
C*07:943,C1,1,IPD_API,2026-02-19 18:48:42.089785
C*07:944,C1,1,IPD_API,2026-02-19 18:48:42.089785
C*07:945,C1,1,IPD_API,2026-02-19 18:48:42.089785
C*07:946,C1,1,IPD_API,2026-02-19 18:48:42.089785
C*07:947,C1,1,IPD_API,2026-02-19 18:48:42.089785
C*07:948,C1,1,IPD_API,2026-02-19 18:48:42.089785
C*07:949,C1,1,IPD_API,2026-02-19 18:48:42.089785
C*07:95,C1,1,IPD_API,2026-02-19 18:48:42.089785
C*07:950,C1,1,IPD_API,2026-02-19 18:48:42.089785
C*07:951,C1,1,IPD_API,2026-02-19 18:48:42.089785
C*07:952,C1,1,IPD_API,2026-02-19 18:48:42.089785
C*07:953,C1,1,IPD_API,2026-02-19 18:48:42.089785
C*07:955,C1,1,IPD_API,2026-02-19 18:48:42.089785
C*07:956,C1,1,IPD_API,2026-02-19 18:48:42.089785
C*07:957,C1,1,IPD_API,2026-02-19 18:48:42.089785
C*07:958,C1,1,IPD_API,2026-02-19 18:48:42.089785
C*07:959,C1,1,IPD_API,2026-02-19 18:48:42.089785
C*07:96,C1,2,IPD_API,2026-02-19 18:48:42.089785
C*07:960,C1,1,IPD_API,2026-02-19 18:48:42.089785
C*07:961,C1,1,IPD_API,2026-02-19 18:48:42.089785
C*07:962,C1,1,IPD_API,2026-02-19 18:48:42.089785
C*07:964,C1,1,IPD_API,2026-02-19 18:48:42.089785
C*07:965,C1,1,IPD_API,2026-02-19 18:48:42.089785
C*07:966,C1,1,IPD_API,2026-02-19 18:48:42.089785
C*07:967,C1,1,IPD_API,2026-02-19 18:48:42.089785
C*07:968,C1,1,IPD_API,2026-02-19 18:48:42.089785
C*07:969,C1,1,IPD_API,2026-02-19 18:48:42.089785
C*07:97,C1,1,IPD_API,2026-02-19 18:48:42.089785
C*07:971,C1,1,IPD_API,2026-02-19 18:48:42.089785
C*07:972,C1,1,IPD_API,2026-02-19 18:48:42.089785
C*07:973,C1,1,IPD_API,2026-02-19 18:48:42.089785
C*07:974,C1,1,IPD_API,2026-02-19 18:48:42.089785
C*07:975,C1,2,IPD_API,2026-02-19 18:48:42.089785
C*07:976,C1,1,IPD_API,2026-02-19 18:48:42.089785
C*07:977,C1,1,IPD_API,2026-02-19 18:48:42.089785
C*07:978,C1,1,IPD_API,2026-02-19 18:48:42.089785
C*07:979,C1,1,IPD_API,2026-02-19 18:48:42.089785
C*07:980,C1,1,IPD_API,2026-02-19 18:48:42.089785
C*07:982,C1,1,IPD_API,2026-02-19 18:48:42.089785
C*07:983,C1,1,IPD_API,2026-02-19 18:48:42.089785
C*07:985,C1,3,IPD_API,2026-02-19 18:48:42.089785
C*07:986,C1,2,IPD_API,2026-02-19 18:48:42.089785
C*07:987,C1,1,IPD_API,2026-02-19 18:48:42.089785
C*07:988,C1,1,IPD_API,2026-02-19 18:48:42.089785
C*07:989,C1,1,IPD_API,2026-02-19 18:48:42.089785
C*07:99,C1,1,IPD_API,2026-02-19 18:48:42.089785
C*07:990,C1,1,IPD_API,2026-02-19 18:48:42.089785
C*07:991,C1,1,IPD_API,2026-02-19 18:48:42.089785
C*07:992,C1,1,IPD_API,2026-02-19 18:48:42.089785
C*07:993,C1,2,IPD_API,2026-02-19 18:48:42.089785
C*07:994,C1,1,IPD_API,2026-02-19 18:48:42.089785
C*07:995,C1,1,IPD_API,2026-02-19 18:48:42.089785
C*07:996,C1,1,IPD_API,2026-02-19 18:48:42.089785
C*07:997,C1,1,IPD_API,2026-02-19 18:48:42.089785
C*07:998,C1,1,IPD_API,2026-02-19 18:48:42.089785
C*07:999,C1,1,IPD_API,2026-02-19 18:48:42.089785
C*08:01,C1,62,IPD_API,2026-02-19 18:48:42.089785
C*08:02,C1,89,IPD_API,2026-02-19 18:48:42.089785
C*08:03,C1,10,IPD_API,2026-02-19 18:48:42.089785
C*08:04,C1,8,IPD_API,2026-02-19 18:48:42.089785
C*08:05,C1,1,IPD_API,2026-02-19 18:48:42.089785
C*08:06,C1,1,IPD_API,2026-02-19 18:48:42.089785
C*08:07,C1,1,IPD_API,2026-02-19 18:48:42.089785
C*08:08,C1,2,IPD_API,2026-02-19 18:48:42.089785
C*08:09,C1,1,IPD_API,2026-02-19 18:48:42.089785
C*08:10,C2,1,IPD_API,2026-02-19 18:48:42.089785
C*08:100,C1,1,IPD_API,2026-02-19 18:48:42.089785
C*08:101,C1,1,IPD_API,2026-02-19 18:48:42.089785
C*08:102,C1,1,IPD_API,2026-02-19 18:48:42.089785
C*08:103,C1,2,IPD_API,2026-02-19 18:48:42.089785
C*08:104,C1,1,IPD_API,2026-02-19 18:48:42.089785
C*08:105,C1,1,IPD_API,2026-02-19 18:48:42.089785
C*08:106,C1,1,IPD_API,2026-02-19 18:48:42.089785
C*08:107,C1,1,IPD_API,2026-02-19 18:48:42.089785
C*08:108,C1,1,IPD_API,2026-02-19 18:48:42.089785
C*08:109,C1,1,IPD_API,2026-02-19 18:48:42.089785
C*08:11,C1,1,IPD_API,2026-02-19 18:48:42.089785
C*08:110,C1,1,IPD_API,2026-02-19 18:48:42.089785
C*08:111,C1,1,IPD_API,2026-02-19 18:48:42.089785
C*08:112,C1,1,IPD_API,2026-02-19 18:48:42.089785
C*08:113,C1,1,IPD_API,2026-02-19 18:48:42.089785
C*08:114,C1,1,IPD_API,2026-02-19 18:48:42.089785
C*08:115,C1,1,IPD_API,2026-02-19 18:48:42.089785
C*08:116,C1,1,IPD_API,2026-02-19 18:48:42.089785
C*08:117,C1,1,IPD_API,2026-02-19 18:48:42.089785
C*08:118,C1,1,IPD_API,2026-02-19 18:48:42.089785
C*08:119,C1,1,IPD_API,2026-02-19 18:48:42.089785
C*08:12,C1,2,IPD_API,2026-02-19 18:48:42.089785
C*08:120,C1,1,IPD_API,2026-02-19 18:48:42.089785
C*08:122,C1,1,IPD_API,2026-02-19 18:48:42.089785
C*08:123,C1,1,IPD_API,2026-02-19 18:48:42.089785
C*08:124,C1,1,IPD_API,2026-02-19 18:48:42.089785
C*08:125,C1,1,IPD_API,2026-02-19 18:48:42.089785
C*08:126,C1,1,IPD_API,2026-02-19 18:48:42.089785
C*08:128,C1,1,IPD_API,2026-02-19 18:48:42.089785
C*08:13,C1,1,IPD_API,2026-02-19 18:48:42.089785
C*08:131,C1,1,IPD_API,2026-02-19 18:48:42.089785
C*08:132,C1,1,IPD_API,2026-02-19 18:48:42.089785
C*08:133,C1,1,IPD_API,2026-02-19 18:48:42.089785
C*08:134,C1,1,IPD_API,2026-02-19 18:48:42.089785
C*08:135,C1,1,IPD_API,2026-02-19 18:48:42.089785
C*08:136,C1,1,IPD_API,2026-02-19 18:48:42.089785
C*08:137,C1,1,IPD_API,2026-02-19 18:48:42.089785
C*08:138,C1,1,IPD_API,2026-02-19 18:48:42.089785
C*08:139,C1,1,IPD_API,2026-02-19 18:48:42.089785
C*08:14,C1,1,IPD_API,2026-02-19 18:48:42.089785
C*08:140,C1,1,IPD_API,2026-02-19 18:48:42.089785
C*08:141,C1,1,IPD_API,2026-02-19 18:48:42.089785
C*08:142,C1,1,IPD_API,2026-02-19 18:48:42.089785
C*08:143,C1,1,IPD_API,2026-02-19 18:48:42.089785
C*08:144,C1,2,IPD_API,2026-02-19 18:48:42.089785
C*08:145,C1,1,IPD_API,2026-02-19 18:48:42.089785
C*08:146,C1,1,IPD_API,2026-02-19 18:48:42.089785
C*08:147,C1,1,IPD_API,2026-02-19 18:48:42.089785
C*08:148,C1,1,IPD_API,2026-02-19 18:48:42.089785
C*08:149,C1,1,IPD_API,2026-02-19 18:48:42.089785
C*08:15,C1,2,IPD_API,2026-02-19 18:48:42.089785
C*08:150,C1,1,IPD_API,2026-02-19 18:48:42.089785
C*08:151,C1,1,IPD_API,2026-02-19 18:48:42.089785
C*08:152,C1,1,IPD_API,2026-02-19 18:48:42.089785
C*08:153,C1,1,IPD_API,2026-02-19 18:48:42.089785
C*08:154,C1,1,IPD_API,2026-02-19 18:48:42.089785
C*08:155,C1,1,IPD_API,2026-02-19 18:48:42.089785
C*08:156,C1,1,IPD_API,2026-02-19 18:48:42.089785
C*08:157,C1,1,IPD_API,2026-02-19 18:48:42.089785
C*08:158,C1,1,IPD_API,2026-02-19 18:48:42.089785
C*08:159,C1,1,IPD_API,2026-02-19 18:48:42.089785
C*08:16,C1,2,IPD_API,2026-02-19 18:48:42.089785
C*08:160,C1,1,IPD_API,2026-02-19 18:48:42.089785
C*08:162,C1,1,IPD_API,2026-02-19 18:48:42.089785
C*08:163,C1,1,IPD_API,2026-02-19 18:48:42.089785
C*08:164,C1,1,IPD_API,2026-02-19 18:48:42.089785
C*08:165,C1,1,IPD_API,2026-02-19 18:48:42.089785
C*08:166,C1,1,IPD_API,2026-02-19 18:48:42.089785
C*08:167,C1,1,IPD_API,2026-02-19 18:48:42.089785
C*08:168,C1,1,IPD_API,2026-02-19 18:48:42.089785
C*08:169,C1,1,IPD_API,2026-02-19 18:48:42.089785
C*08:17,C1,1,IPD_API,2026-02-19 18:48:42.089785
C*08:170,C1,1,IPD_API,2026-02-19 18:48:42.089785
C*08:171,C1,1,IPD_API,2026-02-19 18:48:42.089785
C*08:172,C1,1,IPD_API,2026-02-19 18:48:42.089785
C*08:174,C1,1,IPD_API,2026-02-19 18:48:42.089785
C*08:175,C1,1,IPD_API,2026-02-19 18:48:42.089785
C*08:176,C1,1,IPD_API,2026-02-19 18:48:42.089785
C*08:177,C1,1,IPD_API,2026-02-19 18:48:42.089785
C*08:178,C1,1,IPD_API,2026-02-19 18:48:42.089785
C*08:179,C1,1,IPD_API,2026-02-19 18:48:42.089785
C*08:18,C1,1,IPD_API,2026-02-19 18:48:42.089785
C*08:182,C1,1,IPD_API,2026-02-19 18:48:42.089785
C*08:183,C1,1,IPD_API,2026-02-19 18:48:42.089785
C*08:184,C1,1,IPD_API,2026-02-19 18:48:42.089785
C*08:185,C1,1,IPD_API,2026-02-19 18:48:42.089785
C*08:186,C1,1,IPD_API,2026-02-19 18:48:42.089785
C*08:187,C1,1,IPD_API,2026-02-19 18:48:42.089785
C*08:188,C1,1,IPD_API,2026-02-19 18:48:42.089785
C*08:189,C1,1,IPD_API,2026-02-19 18:48:42.089785
C*08:19,C1,2,IPD_API,2026-02-19 18:48:42.089785
C*08:190,C1,1,IPD_API,2026-02-19 18:48:42.089785
C*08:191,C1,1,IPD_API,2026-02-19 18:48:42.089785
C*08:192,C1,1,IPD_API,2026-02-19 18:48:42.089785
C*08:193,C1,1,IPD_API,2026-02-19 18:48:42.089785
C*08:194,C1,1,IPD_API,2026-02-19 18:48:42.089785
C*08:195,C1,1,IPD_API,2026-02-19 18:48:42.089785
C*08:196,C1,1,IPD_API,2026-02-19 18:48:42.089785
C*08:197,C1,1,IPD_API,2026-02-19 18:48:42.089785
C*08:198,C1,1,IPD_API,2026-02-19 18:48:42.089785
C*08:199,C1,1,IPD_API,2026-02-19 18:48:42.089785
C*08:20,C1,1,IPD_API,2026-02-19 18:48:42.089785
C*08:200,C1,1,IPD_API,2026-02-19 18:48:42.089785
C*08:201,C1,1,IPD_API,2026-02-19 18:48:42.089785
C*08:202,C1,1,IPD_API,2026-02-19 18:48:42.089785
C*08:203,C1,1,IPD_API,2026-02-19 18:48:42.089785
C*08:204,C1,1,IPD_API,2026-02-19 18:48:42.089785
C*08:205,C1,1,IPD_API,2026-02-19 18:48:42.089785
C*08:206,C1,1,IPD_API,2026-02-19 18:48:42.089785
C*08:207,C1,2,IPD_API,2026-02-19 18:48:42.089785
C*08:209,C1,1,IPD_API,2026-02-19 18:48:42.089785
C*08:21,C1,1,IPD_API,2026-02-19 18:48:42.089785
C*08:210,C1,1,IPD_API,2026-02-19 18:48:42.089785
C*08:211,C1,1,IPD_API,2026-02-19 18:48:42.089785
C*08:212,C1,1,IPD_API,2026-02-19 18:48:42.089785
C*08:213,C1,1,IPD_API,2026-02-19 18:48:42.089785
C*08:215,C1,1,IPD_API,2026-02-19 18:48:42.089785
C*08:216,C1,1,IPD_API,2026-02-19 18:48:42.089785
C*08:217,C1,1,IPD_API,2026-02-19 18:48:42.089785
C*08:218,C1,1,IPD_API,2026-02-19 18:48:42.089785
C*08:219,C1,1,IPD_API,2026-02-19 18:48:42.089785
C*08:22,C1,5,IPD_API,2026-02-19 18:48:42.089785
C*08:220,C1,1,IPD_API,2026-02-19 18:48:42.089785
C*08:221,C1,1,IPD_API,2026-02-19 18:48:42.089785
C*08:222,C1,1,IPD_API,2026-02-19 18:48:42.089785
C*08:223,C1,1,IPD_API,2026-02-19 18:48:42.089785
C*08:225,C1,1,IPD_API,2026-02-19 18:48:42.089785
C*08:226,C1,1,IPD_API,2026-02-19 18:48:42.089785
C*08:227,C1,1,IPD_API,2026-02-19 18:48:42.089785
C*08:228,C1,1,IPD_API,2026-02-19 18:48:42.089785
C*08:229,C1,1,IPD_API,2026-02-19 18:48:42.089785
C*08:23,C1,1,IPD_API,2026-02-19 18:48:42.089785
C*08:230,C1,1,IPD_API,2026-02-19 18:48:42.089785
C*08:231,C1,1,IPD_API,2026-02-19 18:48:42.089785
C*08:232,C1,1,IPD_API,2026-02-19 18:48:42.089785
C*08:233,C1,1,IPD_API,2026-02-19 18:48:42.089785
C*08:234,C1,1,IPD_API,2026-02-19 18:48:42.089785
C*08:235,C1,1,IPD_API,2026-02-19 18:48:42.089785
C*08:237,C1,1,IPD_API,2026-02-19 18:48:42.089785
C*08:238,C1,1,IPD_API,2026-02-19 18:48:42.089785
C*08:239,C1,1,IPD_API,2026-02-19 18:48:42.089785
C*08:24,C1,1,IPD_API,2026-02-19 18:48:42.089785
C*08:240,C1,1,IPD_API,2026-02-19 18:48:42.089785
C*08:241,C1,1,IPD_API,2026-02-19 18:48:42.089785
C*08:242,C1,1,IPD_API,2026-02-19 18:48:42.089785
C*08:243,C1,1,IPD_API,2026-02-19 18:48:42.089785
C*08:244,C1,1,IPD_API,2026-02-19 18:48:42.089785
C*08:245,C1,1,IPD_API,2026-02-19 18:48:42.089785
C*08:246,C1,1,IPD_API,2026-02-19 18:48:42.089785
C*08:247,C1,1,IPD_API,2026-02-19 18:48:42.089785
C*08:248,C1,1,IPD_API,2026-02-19 18:48:42.089785
C*08:249,C1,1,IPD_API,2026-02-19 18:48:42.089785
C*08:25,C1,1,IPD_API,2026-02-19 18:48:42.089785
C*08:250,C1,1,IPD_API,2026-02-19 18:48:42.089785
C*08:251,C1,1,IPD_API,2026-02-19 18:48:42.089785
C*08:252,C1,1,IPD_API,2026-02-19 18:48:42.089785
C*08:253,C1,1,IPD_API,2026-02-19 18:48:42.089785
C*08:254,C1,1,IPD_API,2026-02-19 18:48:42.089785
C*08:255,C1,1,IPD_API,2026-02-19 18:48:42.089785
C*08:256,C1,1,IPD_API,2026-02-19 18:48:42.089785
C*08:257,C1,1,IPD_API,2026-02-19 18:48:42.089785
C*08:258,C1,1,IPD_API,2026-02-19 18:48:42.089785
C*08:259,C1,1,IPD_API,2026-02-19 18:48:42.089785
C*08:260,C1,1,IPD_API,2026-02-19 18:48:42.089785
C*08:261,C1,1,IPD_API,2026-02-19 18:48:42.089785
C*08:262,C1,1,IPD_API,2026-02-19 18:48:42.089785
C*08:263,C1,1,IPD_API,2026-02-19 18:48:42.089785
C*08:264,C1,1,IPD_API,2026-02-19 18:48:42.089785
C*08:265,C1,1,IPD_API,2026-02-19 18:48:42.089785
C*08:266,C1,1,IPD_API,2026-02-19 18:48:42.089785
C*08:267,C1,1,IPD_API,2026-02-19 18:48:42.089785
C*08:268,C1,1,IPD_API,2026-02-19 18:48:42.089785
C*08:269,C1,1,IPD_API,2026-02-19 18:48:42.089785
C*08:27,C1,1,IPD_API,2026-02-19 18:48:42.089785
C*08:270,C1,1,IPD_API,2026-02-19 18:48:42.089785
C*08:271,C1,1,IPD_API,2026-02-19 18:48:42.089785
C*08:272,C1,1,IPD_API,2026-02-19 18:48:42.089785
C*08:273,C1,1,IPD_API,2026-02-19 18:48:42.089785
C*08:274,C1,1,IPD_API,2026-02-19 18:48:42.089785
C*08:275,C1,1,IPD_API,2026-02-19 18:48:42.089785
C*08:276,C1,1,IPD_API,2026-02-19 18:48:42.089785
C*08:277,C1,1,IPD_API,2026-02-19 18:48:42.089785
C*08:278,C1,1,IPD_API,2026-02-19 18:48:42.089785
C*08:279,C1,1,IPD_API,2026-02-19 18:48:42.089785
C*08:28,C1,1,IPD_API,2026-02-19 18:48:42.089785
C*08:280,C1,1,IPD_API,2026-02-19 18:48:42.089785
C*08:281,C1,1,IPD_API,2026-02-19 18:48:42.089785
C*08:282,C1,1,IPD_API,2026-02-19 18:48:42.089785
C*08:283,C1,1,IPD_API,2026-02-19 18:48:42.089785
C*08:284,C1,1,IPD_API,2026-02-19 18:48:42.089785
C*08:285,C1,1,IPD_API,2026-02-19 18:48:42.089785
C*08:286,C1,1,IPD_API,2026-02-19 18:48:42.089785
C*08:287,C1,1,IPD_API,2026-02-19 18:48:42.089785
C*08:288,C1,1,IPD_API,2026-02-19 18:48:42.089785
C*08:289,C1,1,IPD_API,2026-02-19 18:48:42.089785
C*08:29,C1,1,IPD_API,2026-02-19 18:48:42.089785
C*08:290,C1,1,IPD_API,2026-02-19 18:48:42.089785
C*08:291,C1,1,IPD_API,2026-02-19 18:48:42.089785
C*08:292,C1,1,IPD_API,2026-02-19 18:48:42.089785
C*08:293,C1,1,IPD_API,2026-02-19 18:48:42.089785
C*08:294,C1,1,IPD_API,2026-02-19 18:48:42.089785
C*08:295,C1,1,IPD_API,2026-02-19 18:48:42.089785
C*08:296,C2,1,IPD_API,2026-02-19 18:48:42.089785
C*08:297,C1,1,IPD_API,2026-02-19 18:48:42.089785
C*08:298,C1,1,IPD_API,2026-02-19 18:48:42.089785
C*08:299,C1,1,IPD_API,2026-02-19 18:48:42.089785
C*08:30,C1,1,IPD_API,2026-02-19 18:48:42.089785
C*08:300,C1,1,IPD_API,2026-02-19 18:48:42.089785
C*08:301,C1,1,IPD_API,2026-02-19 18:48:42.089785
C*08:304,C1,1,IPD_API,2026-02-19 18:48:42.089785
C*08:305,C1,1,IPD_API,2026-02-19 18:48:42.089785
C*08:306,C1,1,IPD_API,2026-02-19 18:48:42.089785
C*08:308,C1,1,IPD_API,2026-02-19 18:48:42.089785
C*08:309,C1,1,IPD_API,2026-02-19 18:48:42.089785
C*08:31,C1,1,IPD_API,2026-02-19 18:48:42.089785
C*08:310,C1,1,IPD_API,2026-02-19 18:48:42.089785
C*08:311,C1,1,IPD_API,2026-02-19 18:48:42.089785
C*08:312,C1,1,IPD_API,2026-02-19 18:48:42.089785
C*08:313,C1,1,IPD_API,2026-02-19 18:48:42.089785
C*08:314,C1,1,IPD_API,2026-02-19 18:48:42.089785
C*08:315,C1,1,IPD_API,2026-02-19 18:48:42.089785
C*08:316,C1,1,IPD_API,2026-02-19 18:48:42.089785
C*08:317,C1,1,IPD_API,2026-02-19 18:48:42.089785
C*08:318,C1,1,IPD_API,2026-02-19 18:48:42.089785
C*08:319,C1,1,IPD_API,2026-02-19 18:48:42.089785
C*08:32,C1,1,IPD_API,2026-02-19 18:48:42.089785
C*08:33,C1,6,IPD_API,2026-02-19 18:48:42.089785
C*08:34,C1,1,IPD_API,2026-02-19 18:48:42.089785
C*08:35,C1,1,IPD_API,2026-02-19 18:48:42.089785
C*08:37,C1,1,IPD_API,2026-02-19 18:48:42.089785
C*08:38,C1,1,IPD_API,2026-02-19 18:48:42.089785
C*08:39,C1,1,IPD_API,2026-02-19 18:48:42.089785
C*08:40,C1,1,IPD_API,2026-02-19 18:48:42.089785
C*08:41,C1,1,IPD_API,2026-02-19 18:48:42.089785
C*08:42,C1,1,IPD_API,2026-02-19 18:48:42.089785
C*08:43,C1,1,IPD_API,2026-02-19 18:48:42.089785
C*08:44,C1,1,IPD_API,2026-02-19 18:48:42.089785
C*08:45,C1,1,IPD_API,2026-02-19 18:48:42.089785
C*08:46,C1,1,IPD_API,2026-02-19 18:48:42.089785
C*08:47,C1,1,IPD_API,2026-02-19 18:48:42.089785
C*08:48,C1,1,IPD_API,2026-02-19 18:48:42.089785
C*08:49,C1,1,IPD_API,2026-02-19 18:48:42.089785
C*08:50,C1,1,IPD_API,2026-02-19 18:48:42.089785
C*08:51,C1,1,IPD_API,2026-02-19 18:48:42.089785
C*08:53,C1,1,IPD_API,2026-02-19 18:48:42.089785
C*08:54,C1,1,IPD_API,2026-02-19 18:48:42.089785
C*08:56,C1,1,IPD_API,2026-02-19 18:48:42.089785
C*08:57,C1,1,IPD_API,2026-02-19 18:48:42.089785
C*08:58,C1,1,IPD_API,2026-02-19 18:48:42.089785
C*08:59,C1,1,IPD_API,2026-02-19 18:48:42.089785
C*08:60,C1,1,IPD_API,2026-02-19 18:48:42.089785
C*08:61,C1,1,IPD_API,2026-02-19 18:48:42.089785
C*08:62,C1,2,IPD_API,2026-02-19 18:48:42.089785
C*08:63,C1,1,IPD_API,2026-02-19 18:48:42.089785
C*08:65,C1,1,IPD_API,2026-02-19 18:48:42.089785
C*08:66,C1,1,IPD_API,2026-02-19 18:48:42.089785
C*08:67,C1,1,IPD_API,2026-02-19 18:48:42.089785
C*08:68,C1,1,IPD_API,2026-02-19 18:48:42.089785
C*08:69,C1,1,IPD_API,2026-02-19 18:48:42.089785
C*08:70,C1,1,IPD_API,2026-02-19 18:48:42.089785
C*08:71,C1,1,IPD_API,2026-02-19 18:48:42.089785
C*08:72,C1,2,IPD_API,2026-02-19 18:48:42.089785
C*08:73,C1,1,IPD_API,2026-02-19 18:48:42.089785
C*08:74,C1,1,IPD_API,2026-02-19 18:48:42.089785
C*08:75,C1,1,IPD_API,2026-02-19 18:48:42.089785
C*08:76,C1,1,IPD_API,2026-02-19 18:48:42.089785
C*08:77,C1,1,IPD_API,2026-02-19 18:48:42.089785
C*08:78,C1,1,IPD_API,2026-02-19 18:48:42.089785
C*08:79,C1,1,IPD_API,2026-02-19 18:48:42.089785
C*08:80,C1,1,IPD_API,2026-02-19 18:48:42.089785
C*08:81,C1,1,IPD_API,2026-02-19 18:48:42.089785
C*08:82,C1,1,IPD_API,2026-02-19 18:48:42.089785
C*08:83,C1,1,IPD_API,2026-02-19 18:48:42.089785
C*08:84,C1,1,IPD_API,2026-02-19 18:48:42.089785
C*08:85,C1,1,IPD_API,2026-02-19 18:48:42.089785
C*08:86,C1,1,IPD_API,2026-02-19 18:48:42.089785
C*08:87,C1,1,IPD_API,2026-02-19 18:48:42.089785
C*08:90,C1,1,IPD_API,2026-02-19 18:48:42.089785
C*08:91,C1,1,IPD_API,2026-02-19 18:48:42.089785
C*08:92,C1,1,IPD_API,2026-02-19 18:48:42.089785
C*08:93,C1,1,IPD_API,2026-02-19 18:48:42.089785
C*08:94,C1,1,IPD_API,2026-02-19 18:48:42.089785
C*08:95,C1,1,IPD_API,2026-02-19 18:48:42.089785
C*08:96,C1,1,IPD_API,2026-02-19 18:48:42.089785
C*08:97,C1,1,IPD_API,2026-02-19 18:48:42.089785
C*08:98,C1,1,IPD_API,2026-02-19 18:48:42.089785
C*08:99,C1,1,IPD_API,2026-02-19 18:48:42.089785
C*12:02,C1,87,IPD_API,2026-02-19 18:48:42.089785
C*12:03,C1,177,IPD_API,2026-02-19 18:48:42.089785
C*12:04,C2,5,IPD_API,2026-02-19 18:48:42.089785
C*12:05,C2,3,IPD_API,2026-02-19 18:48:42.089785
C*12:06,C1,1,IPD_API,2026-02-19 18:48:42.089785
C*12:07,C1,1,IPD_API,2026-02-19 18:48:42.089785
C*12:08,C1,1,IPD_API,2026-02-19 18:48:42.089785
C*12:09,C2,1,IPD_API,2026-02-19 18:48:42.089785
C*12:10,C1,3,IPD_API,2026-02-19 18:48:42.089785
C*12:100,C1,1,IPD_API,2026-02-19 18:48:42.089785
C*12:101,C1,1,IPD_API,2026-02-19 18:48:42.089785
C*12:102,C1,1,IPD_API,2026-02-19 18:48:42.089785
C*12:103,C1,1,IPD_API,2026-02-19 18:48:42.089785
C*12:106,C1,1,IPD_API,2026-02-19 18:48:42.089785
C*12:107,C1,1,IPD_API,2026-02-19 18:48:42.089785
C*12:108,C1,1,IPD_API,2026-02-19 18:48:42.089785
C*12:109,C1,1,IPD_API,2026-02-19 18:48:42.089785
C*12:11,C1,1,IPD_API,2026-02-19 18:48:42.089785
C*12:110,C1,1,IPD_API,2026-02-19 18:48:42.089785
C*12:111,C1,1,IPD_API,2026-02-19 18:48:42.089785
C*12:112,C1,1,IPD_API,2026-02-19 18:48:42.089785
C*12:113,C1,1,IPD_API,2026-02-19 18:48:42.089785
C*12:114,C1,1,IPD_API,2026-02-19 18:48:42.089785
C*12:115,C1,1,IPD_API,2026-02-19 18:48:42.089785
C*12:116,C1,1,IPD_API,2026-02-19 18:48:42.089785
C*12:117,C1,1,IPD_API,2026-02-19 18:48:42.089785
C*12:118,C1,1,IPD_API,2026-02-19 18:48:42.089785
C*12:119,C1,1,IPD_API,2026-02-19 18:48:42.089785
C*12:12,C1,1,IPD_API,2026-02-19 18:48:42.089785
C*12:120,C1,1,IPD_API,2026-02-19 18:48:42.089785
C*12:121,C1,1,IPD_API,2026-02-19 18:48:42.089785
C*12:122,C1,1,IPD_API,2026-02-19 18:48:42.089785
C*12:123,C1,1,IPD_API,2026-02-19 18:48:42.089785
C*12:124,C1,1,IPD_API,2026-02-19 18:48:42.089785
C*12:125,C1,1,IPD_API,2026-02-19 18:48:42.089785
C*12:126,C1,1,IPD_API,2026-02-19 18:48:42.089785
C*12:127,C1,1,IPD_API,2026-02-19 18:48:42.089785
C*12:128,C1,1,IPD_API,2026-02-19 18:48:42.089785
C*12:129,C1,1,IPD_API,2026-02-19 18:48:42.089785
C*12:13,C1,2,IPD_API,2026-02-19 18:48:42.089785
C*12:130,C1,1,IPD_API,2026-02-19 18:48:42.089785
C*12:131,C1,1,IPD_API,2026-02-19 18:48:42.089785
C*12:132,C1,1,IPD_API,2026-02-19 18:48:42.089785
C*12:133,C1,1,IPD_API,2026-02-19 18:48:42.089785
C*12:134,C1,1,IPD_API,2026-02-19 18:48:42.089785
C*12:135,C2,1,IPD_API,2026-02-19 18:48:42.089785
C*12:136,C1,1,IPD_API,2026-02-19 18:48:42.089785
C*12:137,C1,1,IPD_API,2026-02-19 18:48:42.089785
C*12:138,C1,1,IPD_API,2026-02-19 18:48:42.089785
C*12:139,C1,1,IPD_API,2026-02-19 18:48:42.089785
C*12:14,C1,2,IPD_API,2026-02-19 18:48:42.089785
C*12:140,C1,2,IPD_API,2026-02-19 18:48:42.089785
C*12:141,C1,1,IPD_API,2026-02-19 18:48:42.089785
C*12:142,C1,1,IPD_API,2026-02-19 18:48:42.089785
C*12:143,C1,1,IPD_API,2026-02-19 18:48:42.089785
C*12:144,C1,1,IPD_API,2026-02-19 18:48:42.089785
C*12:145,C1,1,IPD_API,2026-02-19 18:48:42.089785
C*12:146,C2,1,IPD_API,2026-02-19 18:48:42.089785
C*12:147,C1,1,IPD_API,2026-02-19 18:48:42.089785
C*12:149,C1,1,IPD_API,2026-02-19 18:48:42.089785
C*12:15,C1,1,IPD_API,2026-02-19 18:48:42.089785
C*12:150,C1,1,IPD_API,2026-02-19 18:48:42.089785
C*12:151,C1,1,IPD_API,2026-02-19 18:48:42.089785
C*12:152,C1,1,IPD_API,2026-02-19 18:48:42.089785
C*12:153,C1,1,IPD_API,2026-02-19 18:48:42.089785
C*12:154,C2,1,IPD_API,2026-02-19 18:48:42.089785
C*12:155,C1,1,IPD_API,2026-02-19 18:48:42.089785
C*12:156,C1,1,IPD_API,2026-02-19 18:48:42.089785
C*12:157,C1,1,IPD_API,2026-02-19 18:48:42.089785
C*12:158,C1,1,IPD_API,2026-02-19 18:48:42.089785
C*12:159,C1,1,IPD_API,2026-02-19 18:48:42.089785
C*12:16,C1,2,IPD_API,2026-02-19 18:48:42.089785
C*12:160,C1,1,IPD_API,2026-02-19 18:48:42.089785
C*12:161,C1,1,IPD_API,2026-02-19 18:48:42.089785
C*12:162,C1,1,IPD_API,2026-02-19 18:48:42.089785
C*12:163,C1,1,IPD_API,2026-02-19 18:48:42.089785
C*12:164,C1,1,IPD_API,2026-02-19 18:48:42.089785
C*12:165,C1,1,IPD_API,2026-02-19 18:48:42.089785
C*12:166,C1,1,IPD_API,2026-02-19 18:48:42.089785
C*12:167,C1,1,IPD_API,2026-02-19 18:48:42.089785
C*12:168,C1,1,IPD_API,2026-02-19 18:48:42.089785
C*12:169,C1,1,IPD_API,2026-02-19 18:48:42.089785
C*12:17,C1,1,IPD_API,2026-02-19 18:48:42.089785
C*12:170,C1,1,IPD_API,2026-02-19 18:48:42.089785
C*12:171,C1,1,IPD_API,2026-02-19 18:48:42.089785
C*12:172,C1,1,IPD_API,2026-02-19 18:48:42.089785
C*12:173,C1,1,IPD_API,2026-02-19 18:48:42.089785
C*12:174,C1,1,IPD_API,2026-02-19 18:48:42.089785
C*12:175,C1,1,IPD_API,2026-02-19 18:48:42.089785
C*12:176,C1,1,IPD_API,2026-02-19 18:48:42.089785
C*12:177,C1,1,IPD_API,2026-02-19 18:48:42.089785
C*12:178,C1,1,IPD_API,2026-02-19 18:48:42.089785
C*12:179,C1,1,IPD_API,2026-02-19 18:48:42.089785
C*12:18,C1,2,IPD_API,2026-02-19 18:48:42.089785
C*12:180,C1,1,IPD_API,2026-02-19 18:48:42.089785
C*12:181,C1,1,IPD_API,2026-02-19 18:48:42.089785
C*12:182,C1,1,IPD_API,2026-02-19 18:48:42.089785
C*12:183,C1,1,IPD_API,2026-02-19 18:48:42.089785
C*12:184,C1,1,IPD_API,2026-02-19 18:48:42.089785
C*12:185,C1,1,IPD_API,2026-02-19 18:48:42.089785
C*12:186,C1,1,IPD_API,2026-02-19 18:48:42.089785
C*12:187,C1,1,IPD_API,2026-02-19 18:48:42.089785
C*12:188,C1,1,IPD_API,2026-02-19 18:48:42.089785
C*12:189,C1,1,IPD_API,2026-02-19 18:48:42.089785
C*12:19,C1,1,IPD_API,2026-02-19 18:48:42.089785
C*12:190,C1,1,IPD_API,2026-02-19 18:48:42.089785
C*12:191,C1,1,IPD_API,2026-02-19 18:48:42.089785
C*12:192,C1,1,IPD_API,2026-02-19 18:48:42.089785
C*12:193,C1,1,IPD_API,2026-02-19 18:48:42.089785
C*12:194,C1,1,IPD_API,2026-02-19 18:48:42.089785
C*12:195,C1,3,IPD_API,2026-02-19 18:48:42.089785
C*12:196,C1,1,IPD_API,2026-02-19 18:48:42.089785
C*12:197,C1,1,IPD_API,2026-02-19 18:48:42.089785
C*12:198,C1,1,IPD_API,2026-02-19 18:48:42.089785
C*12:199,C1,2,IPD_API,2026-02-19 18:48:42.089785
C*12:20,C1,1,IPD_API,2026-02-19 18:48:42.089785
C*12:200,C1,1,IPD_API,2026-02-19 18:48:42.089785
C*12:201,C1,1,IPD_API,2026-02-19 18:48:42.089785
C*12:202,C1,1,IPD_API,2026-02-19 18:48:42.089785
C*12:203,C1,1,IPD_API,2026-02-19 18:48:42.089785
C*12:204,C1,1,IPD_API,2026-02-19 18:48:42.089785
C*12:205,C1,1,IPD_API,2026-02-19 18:48:42.089785
C*12:206,C1,1,IPD_API,2026-02-19 18:48:42.089785
C*12:207,C1,1,IPD_API,2026-02-19 18:48:42.089785
C*12:208,C1,1,IPD_API,2026-02-19 18:48:42.089785
C*12:209,C1,1,IPD_API,2026-02-19 18:48:42.089785
C*12:21,C2,1,IPD_API,2026-02-19 18:48:42.089785
C*12:210,C1,1,IPD_API,2026-02-19 18:48:42.089785
C*12:211,C1,1,IPD_API,2026-02-19 18:48:42.089785
C*12:212,C1,1,IPD_API,2026-02-19 18:48:42.089785
C*12:213,C1,1,IPD_API,2026-02-19 18:48:42.089785
C*12:214,C1,1,IPD_API,2026-02-19 18:48:42.089785
C*12:215,C1,1,IPD_API,2026-02-19 18:48:42.089785
C*12:216,C1,1,IPD_API,2026-02-19 18:48:42.089785
C*12:217,C1,1,IPD_API,2026-02-19 18:48:42.089785
C*12:218,C1,1,IPD_API,2026-02-19 18:48:42.089785
C*12:22,C1,1,IPD_API,2026-02-19 18:48:42.089785
C*12:220,C1,1,IPD_API,2026-02-19 18:48:42.089785
C*12:221,C1,1,IPD_API,2026-02-19 18:48:42.089785
C*12:222,C1,1,IPD_API,2026-02-19 18:48:42.089785
C*12:223,C1,1,IPD_API,2026-02-19 18:48:42.089785
C*12:224,C1,1,IPD_API,2026-02-19 18:48:42.089785
C*12:225,C1,1,IPD_API,2026-02-19 18:48:42.089785
C*12:226,C1,1,IPD_API,2026-02-19 18:48:42.089785
C*12:227,C1,1,IPD_API,2026-02-19 18:48:42.089785
C*12:228,C1,1,IPD_API,2026-02-19 18:48:42.089785
C*12:229,C1,1,IPD_API,2026-02-19 18:48:42.089785
C*12:23,C1,1,IPD_API,2026-02-19 18:48:42.089785
C*12:230,C1,1,IPD_API,2026-02-19 18:48:42.089785
C*12:231,C1,1,IPD_API,2026-02-19 18:48:42.089785
C*12:233,C1,1,IPD_API,2026-02-19 18:48:42.089785
C*12:234,C1,1,IPD_API,2026-02-19 18:48:42.089785
C*12:235,C1,1,IPD_API,2026-02-19 18:48:42.089785
C*12:237,C1,1,IPD_API,2026-02-19 18:48:42.089785
C*12:238,C1,1,IPD_API,2026-02-19 18:48:42.089785
C*12:239,C1,1,IPD_API,2026-02-19 18:48:42.089785
C*12:24,C1,2,IPD_API,2026-02-19 18:48:42.089785
C*12:240,C1,1,IPD_API,2026-02-19 18:48:42.089785
C*12:241,C1,1,IPD_API,2026-02-19 18:48:42.089785
C*12:242,C1,1,IPD_API,2026-02-19 18:48:42.089785
C*12:243,C1,1,IPD_API,2026-02-19 18:48:42.089785
C*12:244,C1,1,IPD_API,2026-02-19 18:48:42.089785
C*12:245,C1,1,IPD_API,2026-02-19 18:48:42.089785
C*12:246,C1,1,IPD_API,2026-02-19 18:48:42.089785
C*12:247,C1,1,IPD_API,2026-02-19 18:48:42.089785
C*12:248,C1,1,IPD_API,2026-02-19 18:48:42.089785
C*12:249,C1,1,IPD_API,2026-02-19 18:48:42.089785
C*12:25,C1,1,IPD_API,2026-02-19 18:48:42.089785
C*12:250,C1,1,IPD_API,2026-02-19 18:48:42.089785
C*12:251,C1,1,IPD_API,2026-02-19 18:48:42.089785
C*12:252,C1,1,IPD_API,2026-02-19 18:48:42.089785
C*12:253,C1,1,IPD_API,2026-02-19 18:48:42.089785
C*12:254,C1,1,IPD_API,2026-02-19 18:48:42.089785
C*12:255,C1,1,IPD_API,2026-02-19 18:48:42.089785
C*12:256,C1,1,IPD_API,2026-02-19 18:48:42.089785
C*12:257,C1,1,IPD_API,2026-02-19 18:48:42.089785
C*12:258,C1,1,IPD_API,2026-02-19 18:48:42.089785
C*12:259,C1,1,IPD_API,2026-02-19 18:48:42.089785
C*12:26,C1,1,IPD_API,2026-02-19 18:48:42.089785
C*12:260,C1,2,IPD_API,2026-02-19 18:48:42.089785
C*12:261,C1,1,IPD_API,2026-02-19 18:48:42.089785
C*12:262,C1,1,IPD_API,2026-02-19 18:48:42.089785
C*12:263,C1,1,IPD_API,2026-02-19 18:48:42.089785
C*12:264,C1,1,IPD_API,2026-02-19 18:48:42.089785
C*12:265,C1,1,IPD_API,2026-02-19 18:48:42.089785
C*12:266,C1,1,IPD_API,2026-02-19 18:48:42.089785
C*12:267,C1,1,IPD_API,2026-02-19 18:48:42.089785
C*12:268,C1,1,IPD_API,2026-02-19 18:48:42.089785
C*12:269,C1,1,IPD_API,2026-02-19 18:48:42.089785
C*12:27,C1,1,IPD_API,2026-02-19 18:48:42.089785
C*12:271,C1,1,IPD_API,2026-02-19 18:48:42.089785
C*12:272,C1,1,IPD_API,2026-02-19 18:48:42.089785
C*12:273,C1,1,IPD_API,2026-02-19 18:48:42.089785
C*12:275,C1,1,IPD_API,2026-02-19 18:48:42.089785
C*12:276,C1,1,IPD_API,2026-02-19 18:48:42.089785
C*12:277,C1,1,IPD_API,2026-02-19 18:48:42.089785
C*12:278,C1,1,IPD_API,2026-02-19 18:48:42.089785
C*12:279,C1,1,IPD_API,2026-02-19 18:48:42.089785
C*12:28,C1,1,IPD_API,2026-02-19 18:48:42.089785
C*12:280,C1,1,IPD_API,2026-02-19 18:48:42.089785
C*12:281,C1,1,IPD_API,2026-02-19 18:48:42.089785
C*12:282,C1,1,IPD_API,2026-02-19 18:48:42.089785
C*12:283,C1,1,IPD_API,2026-02-19 18:48:42.089785
C*12:284,C1,1,IPD_API,2026-02-19 18:48:42.089785
C*12:285,C1,1,IPD_API,2026-02-19 18:48:42.089785
C*12:286,C1,1,IPD_API,2026-02-19 18:48:42.089785
C*12:287,C1,1,IPD_API,2026-02-19 18:48:42.089785
C*12:288,C1,1,IPD_API,2026-02-19 18:48:42.089785
C*12:289,C1,1,IPD_API,2026-02-19 18:48:42.089785
C*12:29,C1,1,IPD_API,2026-02-19 18:48:42.089785
C*12:290,C1,1,IPD_API,2026-02-19 18:48:42.089785
C*12:291,C1,1,IPD_API,2026-02-19 18:48:42.089785
C*12:292,C1,1,IPD_API,2026-02-19 18:48:42.089785
C*12:293,C1,1,IPD_API,2026-02-19 18:48:42.089785
C*12:294,C1,1,IPD_API,2026-02-19 18:48:42.089785
C*12:296,C1,1,IPD_API,2026-02-19 18:48:42.089785
C*12:297,C1,1,IPD_API,2026-02-19 18:48:42.089785
C*12:298,C1,1,IPD_API,2026-02-19 18:48:42.089785
C*12:30,C1,1,IPD_API,2026-02-19 18:48:42.089785
C*12:300,C1,1,IPD_API,2026-02-19 18:48:42.089785
C*12:301,C1,1,IPD_API,2026-02-19 18:48:42.089785
C*12:302,C1,1,IPD_API,2026-02-19 18:48:42.089785
C*12:303,C1,1,IPD_API,2026-02-19 18:48:42.089785
C*12:304,C1,1,IPD_API,2026-02-19 18:48:42.089785
C*12:305,C1,1,IPD_API,2026-02-19 18:48:42.089785
C*12:306,C1,1,IPD_API,2026-02-19 18:48:42.089785
C*12:307,C1,1,IPD_API,2026-02-19 18:48:42.089785
C*12:308,C1,1,IPD_API,2026-02-19 18:48:42.089785
C*12:309,C1,1,IPD_API,2026-02-19 18:48:42.089785
C*12:31,C1,2,IPD_API,2026-02-19 18:48:42.089785
C*12:310,C1,1,IPD_API,2026-02-19 18:48:42.089785
C*12:312,C1,1,IPD_API,2026-02-19 18:48:42.089785
C*12:313,C1,1,IPD_API,2026-02-19 18:48:42.089785
C*12:314,C1,1,IPD_API,2026-02-19 18:48:42.089785
C*12:315,C1,1,IPD_API,2026-02-19 18:48:42.089785
C*12:316,C1,1,IPD_API,2026-02-19 18:48:42.089785
C*12:317,C1,1,IPD_API,2026-02-19 18:48:42.089785
C*12:318,C1,1,IPD_API,2026-02-19 18:48:42.089785
C*12:319,C1,1,IPD_API,2026-02-19 18:48:42.089785
C*12:32,C1,1,IPD_API,2026-02-19 18:48:42.089785
C*12:320,C1,1,IPD_API,2026-02-19 18:48:42.089785
C*12:321,C1,1,IPD_API,2026-02-19 18:48:42.089785
C*12:322,C1,1,IPD_API,2026-02-19 18:48:42.089785
C*12:323,C1,1,IPD_API,2026-02-19 18:48:42.089785
C*12:325,C1,1,IPD_API,2026-02-19 18:48:42.089785
C*12:326,C1,1,IPD_API,2026-02-19 18:48:42.089785
C*12:328,C1,1,IPD_API,2026-02-19 18:48:42.089785
C*12:33,C2,1,IPD_API,2026-02-19 18:48:42.089785
C*12:330,C1,1,IPD_API,2026-02-19 18:48:42.089785
C*12:331,C1,1,IPD_API,2026-02-19 18:48:42.089785
C*12:332,C1,1,IPD_API,2026-02-19 18:48:42.089785
C*12:333,C1,1,IPD_API,2026-02-19 18:48:42.089785
C*12:334,C1,1,IPD_API,2026-02-19 18:48:42.089785
C*12:335,C1,1,IPD_API,2026-02-19 18:48:42.089785
C*12:336,C1,1,IPD_API,2026-02-19 18:48:42.089785
C*12:337,C1,1,IPD_API,2026-02-19 18:48:42.089785
C*12:338,C1,1,IPD_API,2026-02-19 18:48:42.089785
C*12:339,C1,1,IPD_API,2026-02-19 18:48:42.089785
C*12:34,C1,1,IPD_API,2026-02-19 18:48:42.089785
C*12:340,C1,1,IPD_API,2026-02-19 18:48:42.089785
C*12:341,C1,1,IPD_API,2026-02-19 18:48:42.089785
C*12:342,C1,1,IPD_API,2026-02-19 18:48:42.089785
C*12:344,C1,1,IPD_API,2026-02-19 18:48:42.089785
C*12:346,C1,1,IPD_API,2026-02-19 18:48:42.089785
C*12:347,C1,1,IPD_API,2026-02-19 18:48:42.089785
C*12:348,C1,1,IPD_API,2026-02-19 18:48:42.089785
C*12:349,C1,1,IPD_API,2026-02-19 18:48:42.089785
C*12:35,C1,1,IPD_API,2026-02-19 18:48:42.089785
C*12:350,C1,1,IPD_API,2026-02-19 18:48:42.089785
C*12:351,C1,1,IPD_API,2026-02-19 18:48:42.089785
C*12:352,C1,1,IPD_API,2026-02-19 18:48:42.089785
C*12:353,C2,1,IPD_API,2026-02-19 18:48:42.089785
C*12:354,C1,1,IPD_API,2026-02-19 18:48:42.089785
C*12:355,C1,1,IPD_API,2026-02-19 18:48:42.089785
C*12:356,C1,1,IPD_API,2026-02-19 18:48:42.089785
C*12:357,C1,1,IPD_API,2026-02-19 18:48:42.089785
C*12:358,C1,1,IPD_API,2026-02-19 18:48:42.089785
C*12:359,C1,1,IPD_API,2026-02-19 18:48:42.089785
C*12:36,C1,1,IPD_API,2026-02-19 18:48:42.089785
C*12:360,C1,1,IPD_API,2026-02-19 18:48:42.089785
C*12:361,C1,1,IPD_API,2026-02-19 18:48:42.089785
C*12:362,C1,1,IPD_API,2026-02-19 18:48:42.089785
C*12:363,C1,1,IPD_API,2026-02-19 18:48:42.089785
C*12:364,C1,1,IPD_API,2026-02-19 18:48:42.089785
C*12:365,C1,1,IPD_API,2026-02-19 18:48:42.089785
C*12:366,C1,1,IPD_API,2026-02-19 18:48:42.089785
C*12:367,C1,1,IPD_API,2026-02-19 18:48:42.089785
C*12:368,C1,1,IPD_API,2026-02-19 18:48:42.089785
C*12:369,C1,1,IPD_API,2026-02-19 18:48:42.089785
C*12:37,C1,1,IPD_API,2026-02-19 18:48:42.089785
C*12:370,C1,1,IPD_API,2026-02-19 18:48:42.089785
C*12:371,C1,1,IPD_API,2026-02-19 18:48:42.089785
C*12:372,C1,1,IPD_API,2026-02-19 18:48:42.089785
C*12:373,C1,1,IPD_API,2026-02-19 18:48:42.089785
C*12:374,C1,1,IPD_API,2026-02-19 18:48:42.089785
C*12:375,C1,1,IPD_API,2026-02-19 18:48:42.089785
C*12:376,C1,1,IPD_API,2026-02-19 18:48:42.089785
C*12:377,C1,1,IPD_API,2026-02-19 18:48:42.089785
C*12:378,C1,1,IPD_API,2026-02-19 18:48:42.089785
C*12:379,C1,1,IPD_API,2026-02-19 18:48:42.089785
C*12:38,C1,1,IPD_API,2026-02-19 18:48:42.089785
C*12:380,C1,1,IPD_API,2026-02-19 18:48:42.089785
C*12:381,C1,1,IPD_API,2026-02-19 18:48:42.089785
C*12:382,C1,1,IPD_API,2026-02-19 18:48:42.089785
C*12:383,C1,1,IPD_API,2026-02-19 18:48:42.089785
C*12:384,C1,1,IPD_API,2026-02-19 18:48:42.089785
C*12:385,C1,1,IPD_API,2026-02-19 18:48:42.089785
C*12:386,C1,1,IPD_API,2026-02-19 18:48:42.089785
C*12:387,C1,1,IPD_API,2026-02-19 18:48:42.089785
C*12:388,C1,1,IPD_API,2026-02-19 18:48:42.089785
C*12:389,C1,1,IPD_API,2026-02-19 18:48:42.089785
C*12:390,C1,1,IPD_API,2026-02-19 18:48:42.089785
C*12:391,C1,1,IPD_API,2026-02-19 18:48:42.089785
C*12:392,C1,1,IPD_API,2026-02-19 18:48:42.089785
C*12:393,C1,1,IPD_API,2026-02-19 18:48:42.089785
C*12:394,C1,1,IPD_API,2026-02-19 18:48:42.089785
C*12:395,C1,1,IPD_API,2026-02-19 18:48:42.089785
C*12:396,C1,1,IPD_API,2026-02-19 18:48:42.089785
C*12:397,C1,1,IPD_API,2026-02-19 18:48:42.089785
C*12:398,C1,1,IPD_API,2026-02-19 18:48:42.089785
C*12:399,C1,1,IPD_API,2026-02-19 18:48:42.089785
C*12:40,C1,1,IPD_API,2026-02-19 18:48:42.089785
C*12:400,C1,1,IPD_API,2026-02-19 18:48:42.089785
C*12:401,C2,1,IPD_API,2026-02-19 18:48:42.089785
C*12:402,C1,1,IPD_API,2026-02-19 18:48:42.089785
C*12:403,C1,1,IPD_API,2026-02-19 18:48:42.089785
C*12:404,C2,1,IPD_API,2026-02-19 18:48:42.089785
C*12:405,C1,1,IPD_API,2026-02-19 18:48:42.089785
C*12:406,C1,1,IPD_API,2026-02-19 18:48:42.089785
C*12:407,C1,1,IPD_API,2026-02-19 18:48:42.089785
C*12:408,C1,1,IPD_API,2026-02-19 18:48:42.089785
C*12:409,C1,1,IPD_API,2026-02-19 18:48:42.089785
C*12:41,C2,1,IPD_API,2026-02-19 18:48:42.089785
C*12:410,C1,1,IPD_API,2026-02-19 18:48:42.089785
C*12:411,C1,1,IPD_API,2026-02-19 18:48:42.089785
C*12:412,C1,1,IPD_API,2026-02-19 18:48:42.089785
C*12:413,C1,1,IPD_API,2026-02-19 18:48:42.089785
C*12:414,C1,1,IPD_API,2026-02-19 18:48:42.089785
C*12:415,C1,1,IPD_API,2026-02-19 18:48:42.089785
C*12:416,C1,1,IPD_API,2026-02-19 18:48:42.089785
C*12:417,C1,1,IPD_API,2026-02-19 18:48:42.089785
C*12:418,C1,1,IPD_API,2026-02-19 18:48:42.089785
C*12:419,C1,1,IPD_API,2026-02-19 18:48:42.089785
C*12:42,C1,1,IPD_API,2026-02-19 18:48:42.089785
C*12:420,C1,1,IPD_API,2026-02-19 18:48:42.089785
C*12:422,C1,1,IPD_API,2026-02-19 18:48:42.089785
C*12:423,C1,1,IPD_API,2026-02-19 18:48:42.089785
C*12:424,C1,1,IPD_API,2026-02-19 18:48:42.089785
C*12:425,C1,1,IPD_API,2026-02-19 18:48:42.089785
C*12:426,C1,1,IPD_API,2026-02-19 18:48:42.089785
C*12:427,C1,1,IPD_API,2026-02-19 18:48:42.089785
C*12:429,C1,1,IPD_API,2026-02-19 18:48:42.089785
C*12:43,C1,1,IPD_API,2026-02-19 18:48:42.089785
C*12:430,C1,1,IPD_API,2026-02-19 18:48:42.089785
C*12:431,C1,1,IPD_API,2026-02-19 18:48:42.089785
C*12:433,C1,1,IPD_API,2026-02-19 18:48:42.089785
C*12:434,C1,1,IPD_API,2026-02-19 18:48:42.089785
C*12:435,C1,1,IPD_API,2026-02-19 18:48:42.089785
C*12:436,C1,1,IPD_API,2026-02-19 18:48:42.089785
C*12:439,C1,1,IPD_API,2026-02-19 18:48:42.089785
C*12:44,C1,1,IPD_API,2026-02-19 18:48:42.089785
C*12:440,C1,1,IPD_API,2026-02-19 18:48:42.089785
C*12:441,C1,1,IPD_API,2026-02-19 18:48:42.089785
C*12:442,C1,1,IPD_API,2026-02-19 18:48:42.089785
C*12:443,C1,1,IPD_API,2026-02-19 18:48:42.089785
C*12:444,C1,1,IPD_API,2026-02-19 18:48:42.089785
C*12:445,C1,1,IPD_API,2026-02-19 18:48:42.089785
C*12:446,C1,1,IPD_API,2026-02-19 18:48:42.089785
C*12:447,C1,1,IPD_API,2026-02-19 18:48:42.089785
C*12:448,C1,1,IPD_API,2026-02-19 18:48:42.089785
C*12:449,C1,1,IPD_API,2026-02-19 18:48:42.089785
C*12:45,C1,1,IPD_API,2026-02-19 18:48:42.089785
C*12:450,C1,1,IPD_API,2026-02-19 18:48:42.089785
C*12:451,C1,1,IPD_API,2026-02-19 18:48:42.089785
C*12:453,C1,1,IPD_API,2026-02-19 18:48:42.089785
C*12:454,C1,1,IPD_API,2026-02-19 18:48:42.089785
C*12:47,C1,1,IPD_API,2026-02-19 18:48:42.089785
C*12:48,C1,1,IPD_API,2026-02-19 18:48:42.089785
C*12:49,C1,1,IPD_API,2026-02-19 18:48:42.089785
C*12:50,C1,1,IPD_API,2026-02-19 18:48:42.089785
C*12:51,C1,1,IPD_API,2026-02-19 18:48:42.089785
C*12:52,C1,1,IPD_API,2026-02-19 18:48:42.089785
C*12:53,C1,1,IPD_API,2026-02-19 18:48:42.089785
C*12:54,C1,1,IPD_API,2026-02-19 18:48:42.089785
C*12:55,C1,1,IPD_API,2026-02-19 18:48:42.089785
C*12:56,C1,1,IPD_API,2026-02-19 18:48:42.089785
C*12:57,C1,2,IPD_API,2026-02-19 18:48:42.089785
C*12:58,C1,1,IPD_API,2026-02-19 18:48:42.089785
C*12:59,C1,1,IPD_API,2026-02-19 18:48:42.089785
C*12:60,C2,1,IPD_API,2026-02-19 18:48:42.089785
C*12:61,C1,1,IPD_API,2026-02-19 18:48:42.089785
C*12:62,C1,1,IPD_API,2026-02-19 18:48:42.089785
C*12:63,C1,1,IPD_API,2026-02-19 18:48:42.089785
C*12:64,C1,1,IPD_API,2026-02-19 18:48:42.089785
C*12:65,C1,1,IPD_API,2026-02-19 18:48:42.089785
C*12:66,C1,1,IPD_API,2026-02-19 18:48:42.089785
C*12:67,C1,1,IPD_API,2026-02-19 18:48:42.089785
C*12:68,C1,1,IPD_API,2026-02-19 18:48:42.089785
C*12:69,C1,1,IPD_API,2026-02-19 18:48:42.089785
C*12:70,C1,1,IPD_API,2026-02-19 18:48:42.089785
C*12:71,C1,1,IPD_API,2026-02-19 18:48:42.089785
C*12:72,C2,1,IPD_API,2026-02-19 18:48:42.089785
C*12:73,C1,1,IPD_API,2026-02-19 18:48:42.089785
C*12:74,C1,1,IPD_API,2026-02-19 18:48:42.089785
C*12:75,C1,1,IPD_API,2026-02-19 18:48:42.089785
C*12:76,C1,1,IPD_API,2026-02-19 18:48:42.089785
C*12:77,C1,1,IPD_API,2026-02-19 18:48:42.089785
C*12:78,C1,1,IPD_API,2026-02-19 18:48:42.089785
C*12:79,C1,1,IPD_API,2026-02-19 18:48:42.089785
C*12:81,C1,1,IPD_API,2026-02-19 18:48:42.089785
C*12:82,C1,1,IPD_API,2026-02-19 18:48:42.089785
C*12:83,C1,1,IPD_API,2026-02-19 18:48:42.089785
C*12:85,C1,3,IPD_API,2026-02-19 18:48:42.089785
C*12:86,C1,1,IPD_API,2026-02-19 18:48:42.089785
C*12:87,C1,1,IPD_API,2026-02-19 18:48:42.089785
C*12:88,C1,1,IPD_API,2026-02-19 18:48:42.089785
C*12:89,C1,1,IPD_API,2026-02-19 18:48:42.089785
C*12:90,C1,1,IPD_API,2026-02-19 18:48:42.089785
C*12:91,C1,1,IPD_API,2026-02-19 18:48:42.089785
C*12:92,C1,1,IPD_API,2026-02-19 18:48:42.089785
C*12:93,C1,1,IPD_API,2026-02-19 18:48:42.089785
C*12:94,C1,1,IPD_API,2026-02-19 18:48:42.089785
C*12:95,C1,1,IPD_API,2026-02-19 18:48:42.089785
C*12:96,C1,2,IPD_API,2026-02-19 18:48:42.089785
C*12:97,C1,1,IPD_API,2026-02-19 18:48:42.089785
C*12:98,C1,1,IPD_API,2026-02-19 18:48:42.089785
C*12:99,C1,2,IPD_API,2026-02-19 18:48:42.089785
C*14:02,C1,81,IPD_API,2026-02-19 18:48:42.089785
C*14:03,C1,7,IPD_API,2026-02-19 18:48:42.089785
C*14:04,C1,1,IPD_API,2026-02-19 18:48:42.089785
C*14:05,C1,1,IPD_API,2026-02-19 18:48:42.089785
C*14:06,C1,1,IPD_API,2026-02-19 18:48:42.089785
C*14:08,C1,1,IPD_API,2026-02-19 18:48:42.089785
C*14:09,C1,1,IPD_API,2026-02-19 18:48:42.089785
C*14:10,C1,1,IPD_API,2026-02-19 18:48:42.089785
C*14:100,C1,1,IPD_API,2026-02-19 18:48:42.089785
C*14:101,C1,1,IPD_API,2026-02-19 18:48:42.089785
C*14:102,C1,1,IPD_API,2026-02-19 18:48:42.089785
C*14:103,C1,1,IPD_API,2026-02-19 18:48:42.089785
C*14:104,C1,1,IPD_API,2026-02-19 18:48:42.089785
C*14:105,C1,1,IPD_API,2026-02-19 18:48:42.089785
C*14:106,C1,1,IPD_API,2026-02-19 18:48:42.089785
C*14:107,C1,1,IPD_API,2026-02-19 18:48:42.089785
C*14:108,C2,1,IPD_API,2026-02-19 18:48:42.089785
C*14:109,C1,1,IPD_API,2026-02-19 18:48:42.089785
C*14:11,C1,1,IPD_API,2026-02-19 18:48:42.089785
C*14:110,C1,1,IPD_API,2026-02-19 18:48:42.089785
C*14:111,C1,1,IPD_API,2026-02-19 18:48:42.089785
C*14:112,C1,1,IPD_API,2026-02-19 18:48:42.089785
C*14:113,C1,1,IPD_API,2026-02-19 18:48:42.089785
C*14:114,C1,1,IPD_API,2026-02-19 18:48:42.089785
C*14:115,C1,1,IPD_API,2026-02-19 18:48:42.089785
C*14:116,C1,1,IPD_API,2026-02-19 18:48:42.089785
C*14:118,C1,1,IPD_API,2026-02-19 18:48:42.089785
C*14:119,C1,1,IPD_API,2026-02-19 18:48:42.089785
C*14:12,C2,1,IPD_API,2026-02-19 18:48:42.089785
C*14:120,C1,1,IPD_API,2026-02-19 18:48:42.089785
C*14:121,C1,1,IPD_API,2026-02-19 18:48:42.089785
C*14:122,C1,1,IPD_API,2026-02-19 18:48:42.089785
C*14:123,C1,1,IPD_API,2026-02-19 18:48:42.089785
C*14:124,C1,1,IPD_API,2026-02-19 18:48:42.089785
C*14:125,C1,1,IPD_API,2026-02-19 18:48:42.089785
C*14:126,C1,1,IPD_API,2026-02-19 18:48:42.089785
C*14:127,C1,1,IPD_API,2026-02-19 18:48:42.089785
C*14:128,C1,1,IPD_API,2026-02-19 18:48:42.089785
C*14:129,C1,1,IPD_API,2026-02-19 18:48:42.089785
C*14:13,C1,1,IPD_API,2026-02-19 18:48:42.089785
C*14:130,C1,1,IPD_API,2026-02-19 18:48:42.089785
C*14:131,C1,1,IPD_API,2026-02-19 18:48:42.089785
C*14:132,C1,1,IPD_API,2026-02-19 18:48:42.089785
C*14:133,C1,1,IPD_API,2026-02-19 18:48:42.089785
C*14:134,C1,1,IPD_API,2026-02-19 18:48:42.089785
C*14:135,C1,1,IPD_API,2026-02-19 18:48:42.089785
C*14:136,C1,1,IPD_API,2026-02-19 18:48:42.089785
C*14:137,C1,1,IPD_API,2026-02-19 18:48:42.089785
C*14:138,C1,1,IPD_API,2026-02-19 18:48:42.089785
C*14:139,C1,1,IPD_API,2026-02-19 18:48:42.089785
C*14:14,C1,1,IPD_API,2026-02-19 18:48:42.089785
C*14:140,C1,1,IPD_API,2026-02-19 18:48:42.089785
C*14:142,C1,1,IPD_API,2026-02-19 18:48:42.089785
C*14:143,C1,1,IPD_API,2026-02-19 18:48:42.089785
C*14:144,C1,1,IPD_API,2026-02-19 18:48:42.089785
C*14:145,C1,1,IPD_API,2026-02-19 18:48:42.089785
C*14:146,C1,1,IPD_API,2026-02-19 18:48:42.089785
C*14:147,C1,1,IPD_API,2026-02-19 18:48:42.089785
C*14:149,C1,1,IPD_API,2026-02-19 18:48:42.089785
C*14:15,C1,1,IPD_API,2026-02-19 18:48:42.089785
C*14:150,C1,1,IPD_API,2026-02-19 18:48:42.089785
C*14:151,C1,1,IPD_API,2026-02-19 18:48:42.089785
C*14:152,C1,1,IPD_API,2026-02-19 18:48:42.089785
C*14:153,C1,1,IPD_API,2026-02-19 18:48:42.089785
C*14:154,C1,1,IPD_API,2026-02-19 18:48:42.089785
C*14:155,C1,1,IPD_API,2026-02-19 18:48:42.089785
C*14:157,C1,1,IPD_API,2026-02-19 18:48:42.089785
C*14:158,C1,1,IPD_API,2026-02-19 18:48:42.089785
C*14:159,C1,1,IPD_API,2026-02-19 18:48:42.089785
C*14:16,C1,1,IPD_API,2026-02-19 18:48:42.089785
C*14:160,C1,1,IPD_API,2026-02-19 18:48:42.089785
C*14:161,C1,1,IPD_API,2026-02-19 18:48:42.089785
C*14:162,C1,1,IPD_API,2026-02-19 18:48:42.089785
C*14:163,C1,1,IPD_API,2026-02-19 18:48:42.089785
C*14:164,C1,1,IPD_API,2026-02-19 18:48:42.089785
C*14:165,C1,1,IPD_API,2026-02-19 18:48:42.089785
C*14:166,C1,1,IPD_API,2026-02-19 18:48:42.089785
C*14:167,C1,1,IPD_API,2026-02-19 18:48:42.089785
C*14:168,C1,1,IPD_API,2026-02-19 18:48:42.089785
C*14:169,C1,1,IPD_API,2026-02-19 18:48:42.089785
C*14:17,C1,1,IPD_API,2026-02-19 18:48:42.089785
C*14:170,C1,1,IPD_API,2026-02-19 18:48:42.089785
C*14:171,C1,1,IPD_API,2026-02-19 18:48:42.089785
C*14:172,C1,1,IPD_API,2026-02-19 18:48:42.089785
C*14:173,C1,1,IPD_API,2026-02-19 18:48:42.089785
C*14:174,C1,1,IPD_API,2026-02-19 18:48:42.089785
C*14:175,C1,1,IPD_API,2026-02-19 18:48:42.089785
C*14:18,C1,1,IPD_API,2026-02-19 18:48:42.089785
C*14:19,C1,1,IPD_API,2026-02-19 18:48:42.089785
C*14:20,C1,1,IPD_API,2026-02-19 18:48:42.089785
C*14:22,C1,1,IPD_API,2026-02-19 18:48:42.089785
C*14:23,C1,1,IPD_API,2026-02-19 18:48:42.089785
C*14:24,C1,2,IPD_API,2026-02-19 18:48:42.089785
C*14:25,C1,1,IPD_API,2026-02-19 18:48:42.089785
C*14:26,C1,1,IPD_API,2026-02-19 18:48:42.089785
C*14:27,C1,1,IPD_API,2026-02-19 18:48:42.089785
C*14:28,C1,2,IPD_API,2026-02-19 18:48:42.089785
C*14:29,C1,1,IPD_API,2026-02-19 18:48:42.089785
C*14:30,C1,1,IPD_API,2026-02-19 18:48:42.089785
C*14:31,C1,1,IPD_API,2026-02-19 18:48:42.089785
C*14:32,C1,1,IPD_API,2026-02-19 18:48:42.089785
C*14:33,C1,1,IPD_API,2026-02-19 18:48:42.089785
C*14:34,C1,1,IPD_API,2026-02-19 18:48:42.089785
C*14:36,C1,1,IPD_API,2026-02-19 18:48:42.089785
C*14:37,C1,1,IPD_API,2026-02-19 18:48:42.089785
C*14:38,C1,1,IPD_API,2026-02-19 18:48:42.089785
C*14:39,C1,1,IPD_API,2026-02-19 18:48:42.089785
C*14:40,C1,1,IPD_API,2026-02-19 18:48:42.089785
C*14:41,C1,1,IPD_API,2026-02-19 18:48:42.089785
C*14:42,C1,1,IPD_API,2026-02-19 18:48:42.089785
C*14:43,C1,1,IPD_API,2026-02-19 18:48:42.089785
C*14:44,C1,1,IPD_API,2026-02-19 18:48:42.089785
C*14:45,C1,1,IPD_API,2026-02-19 18:48:42.089785
C*14:46,C1,2,IPD_API,2026-02-19 18:48:42.089785
C*14:48,C1,1,IPD_API,2026-02-19 18:48:42.089785
C*14:49,C2,1,IPD_API,2026-02-19 18:48:42.089785
C*14:50,C1,1,IPD_API,2026-02-19 18:48:42.089785
C*14:51,C1,1,IPD_API,2026-02-19 18:48:42.089785
C*14:52,C1,1,IPD_API,2026-02-19 18:48:42.089785
C*14:53,C1,1,IPD_API,2026-02-19 18:48:42.089785
C*14:54,C1,1,IPD_API,2026-02-19 18:48:42.089785
C*14:55,C1,1,IPD_API,2026-02-19 18:48:42.089785
C*14:56,C1,1,IPD_API,2026-02-19 18:48:42.089785
C*14:57,C1,1,IPD_API,2026-02-19 18:48:42.089785
C*14:58,C1,1,IPD_API,2026-02-19 18:48:42.089785
C*14:59,C1,1,IPD_API,2026-02-19 18:48:42.089785
C*14:60,C1,1,IPD_API,2026-02-19 18:48:42.089785
C*14:61,C1,1,IPD_API,2026-02-19 18:48:42.089785
C*14:62,C1,1,IPD_API,2026-02-19 18:48:42.089785
C*14:63,C1,1,IPD_API,2026-02-19 18:48:42.089785
C*14:64,C1,1,IPD_API,2026-02-19 18:48:42.089785
C*14:65,C1,1,IPD_API,2026-02-19 18:48:42.089785
C*14:66,C1,1,IPD_API,2026-02-19 18:48:42.089785
C*14:67,C1,1,IPD_API,2026-02-19 18:48:42.089785
C*14:68,C1,1,IPD_API,2026-02-19 18:48:42.089785
C*14:69,C1,1,IPD_API,2026-02-19 18:48:42.089785
C*14:70,C1,1,IPD_API,2026-02-19 18:48:42.089785
C*14:71,C1,1,IPD_API,2026-02-19 18:48:42.089785
C*14:72,C1,1,IPD_API,2026-02-19 18:48:42.089785
C*14:73,C1,1,IPD_API,2026-02-19 18:48:42.089785
C*14:74,C1,1,IPD_API,2026-02-19 18:48:42.089785
C*14:75,C1,1,IPD_API,2026-02-19 18:48:42.089785
C*14:76,C1,1,IPD_API,2026-02-19 18:48:42.089785
C*14:77,C1,1,IPD_API,2026-02-19 18:48:42.089785
C*14:78,C1,1,IPD_API,2026-02-19 18:48:42.089785
C*14:79,C1,1,IPD_API,2026-02-19 18:48:42.089785
C*14:80,C1,1,IPD_API,2026-02-19 18:48:42.089785
C*14:81,C1,1,IPD_API,2026-02-19 18:48:42.089785
C*14:82,C1,1,IPD_API,2026-02-19 18:48:42.089785
C*14:83,C1,1,IPD_API,2026-02-19 18:48:42.089785
C*14:84,C1,1,IPD_API,2026-02-19 18:48:42.089785
C*14:85,C1,1,IPD_API,2026-02-19 18:48:42.089785
C*14:86,C1,1,IPD_API,2026-02-19 18:48:42.089785
C*14:87,C1,1,IPD_API,2026-02-19 18:48:42.089785
C*14:88,C1,1,IPD_API,2026-02-19 18:48:42.089785
C*14:89,C1,1,IPD_API,2026-02-19 18:48:42.089785
C*14:90,C1,1,IPD_API,2026-02-19 18:48:42.089785
C*14:91,C1,1,IPD_API,2026-02-19 18:48:42.089785
C*14:92,C1,1,IPD_API,2026-02-19 18:48:42.089785
C*14:94,C1,1,IPD_API,2026-02-19 18:48:42.089785
C*14:95,C1,1,IPD_API,2026-02-19 18:48:42.089785
C*14:96,C1,1,IPD_API,2026-02-19 18:48:42.089785
C*14:98,C1,1,IPD_API,2026-02-19 18:48:42.089785
C*15:02,C2,143,IPD_API,2026-02-19 18:48:42.089785
C*15:03,C2,1,IPD_API,2026-02-19 18:48:42.089785
C*15:04,C2,8,IPD_API,2026-02-19 18:48:42.089785
C*15:05,C2,38,IPD_API,2026-02-19 18:48:42.089785
C*15:06,C2,4,IPD_API,2026-02-19 18:48:42.089785
C*15:07,C1,2,IPD_API,2026-02-19 18:48:42.089785
C*15:08,C2,2,IPD_API,2026-02-19 18:48:42.089785
C*15:09,C2,3,IPD_API,2026-02-19 18:48:42.089785
C*15:10,C2,4,IPD_API,2026-02-19 18:48:42.089785
C*15:100,C2,1,IPD_API,2026-02-19 18:48:42.089785
C*15:101,C2,1,IPD_API,2026-02-19 18:48:42.089785
C*15:102,C2,1,IPD_API,2026-02-19 18:48:42.089785
C*15:103,C2,1,IPD_API,2026-02-19 18:48:42.089785
C*15:104,C2,1,IPD_API,2026-02-19 18:48:42.089785
C*15:105,C2,1,IPD_API,2026-02-19 18:48:42.089785
C*15:106,C2,1,IPD_API,2026-02-19 18:48:42.089785
C*15:107,C2,1,IPD_API,2026-02-19 18:48:42.089785
C*15:108,C2,1,IPD_API,2026-02-19 18:48:42.089785
C*15:109,C2,1,IPD_API,2026-02-19 18:48:42.089785
C*15:11,C2,1,IPD_API,2026-02-19 18:48:42.089785
C*15:110,C2,1,IPD_API,2026-02-19 18:48:42.089785
C*15:111,C2,1,IPD_API,2026-02-19 18:48:42.089785
C*15:112,C2,1,IPD_API,2026-02-19 18:48:42.089785
C*15:113,C2,1,IPD_API,2026-02-19 18:48:42.089785
C*15:114,C2,1,IPD_API,2026-02-19 18:48:42.089785
C*15:116,C2,1,IPD_API,2026-02-19 18:48:42.089785
C*15:117,C2,1,IPD_API,2026-02-19 18:48:42.089785
C*15:118,C2,1,IPD_API,2026-02-19 18:48:42.089785
C*15:119,C2,1,IPD_API,2026-02-19 18:48:42.089785
C*15:12,C2,1,IPD_API,2026-02-19 18:48:42.089785
C*15:120,C2,1,IPD_API,2026-02-19 18:48:42.089785
C*15:121,C2,1,IPD_API,2026-02-19 18:48:42.089785
C*15:123,C2,2,IPD_API,2026-02-19 18:48:42.089785
C*15:124,C2,1,IPD_API,2026-02-19 18:48:42.089785
C*15:125,C2,1,IPD_API,2026-02-19 18:48:42.089785
C*15:126,C2,1,IPD_API,2026-02-19 18:48:42.089785
C*15:127,C2,1,IPD_API,2026-02-19 18:48:42.089785
C*15:128,C2,1,IPD_API,2026-02-19 18:48:42.089785
C*15:129,C2,1,IPD_API,2026-02-19 18:48:42.089785
C*15:13,C2,4,IPD_API,2026-02-19 18:48:42.089785
C*15:130,C2,1,IPD_API,2026-02-19 18:48:42.089785
C*15:131,C2,1,IPD_API,2026-02-19 18:48:42.089785
C*15:132,C2,1,IPD_API,2026-02-19 18:48:42.089785
C*15:133,C2,1,IPD_API,2026-02-19 18:48:42.089785
C*15:134,C2,1,IPD_API,2026-02-19 18:48:42.089785
C*15:135,C2,1,IPD_API,2026-02-19 18:48:42.089785
C*15:136,C2,1,IPD_API,2026-02-19 18:48:42.089785
C*15:137,C2,1,IPD_API,2026-02-19 18:48:42.089785
C*15:138,C2,1,IPD_API,2026-02-19 18:48:42.089785
C*15:139,C2,1,IPD_API,2026-02-19 18:48:42.089785
C*15:140,C2,1,IPD_API,2026-02-19 18:48:42.089785
C*15:141,C2,1,IPD_API,2026-02-19 18:48:42.089785
C*15:142,C2,1,IPD_API,2026-02-19 18:48:42.089785
C*15:143,C2,1,IPD_API,2026-02-19 18:48:42.089785
C*15:144,C1,1,IPD_API,2026-02-19 18:48:42.089785
C*15:146,C2,1,IPD_API,2026-02-19 18:48:42.089785
C*15:147,C2,1,IPD_API,2026-02-19 18:48:42.089785
C*15:148,C2,1,IPD_API,2026-02-19 18:48:42.089785
C*15:149,C2,1,IPD_API,2026-02-19 18:48:42.089785
C*15:15,C2,1,IPD_API,2026-02-19 18:48:42.089785
C*15:150,C2,1,IPD_API,2026-02-19 18:48:42.089785
C*15:151,C2,1,IPD_API,2026-02-19 18:48:42.089785
C*15:152,C2,4,IPD_API,2026-02-19 18:48:42.089785
C*15:153,C2,1,IPD_API,2026-02-19 18:48:42.089785
C*15:154,C2,1,IPD_API,2026-02-19 18:48:42.089785
C*15:155,C2,1,IPD_API,2026-02-19 18:48:42.089785
C*15:157,C2,1,IPD_API,2026-02-19 18:48:42.089785
C*15:158,C2,1,IPD_API,2026-02-19 18:48:42.089785
C*15:159,C2,1,IPD_API,2026-02-19 18:48:42.089785
C*15:16,C2,2,IPD_API,2026-02-19 18:48:42.089785
C*15:161,C2,1,IPD_API,2026-02-19 18:48:42.089785
C*15:162,C2,1,IPD_API,2026-02-19 18:48:42.089785
C*15:163,C2,1,IPD_API,2026-02-19 18:48:42.089785
C*15:165,C2,1,IPD_API,2026-02-19 18:48:42.089785
C*15:166,C2,1,IPD_API,2026-02-19 18:48:42.089785
C*15:167,C2,1,IPD_API,2026-02-19 18:48:42.089785
C*15:168,C2,1,IPD_API,2026-02-19 18:48:42.089785
C*15:169,C2,1,IPD_API,2026-02-19 18:48:42.089785
C*15:17,C2,1,IPD_API,2026-02-19 18:48:42.089785
C*15:170,C2,1,IPD_API,2026-02-19 18:48:42.089785
C*15:171,C2,1,IPD_API,2026-02-19 18:48:42.089785
C*15:172,C2,1,IPD_API,2026-02-19 18:48:42.089785
C*15:173,C2,1,IPD_API,2026-02-19 18:48:42.089785
C*15:174,C2,1,IPD_API,2026-02-19 18:48:42.089785
C*15:175,C2,1,IPD_API,2026-02-19 18:48:42.089785
C*15:176,C2,1,IPD_API,2026-02-19 18:48:42.089785
C*15:178,C2,1,IPD_API,2026-02-19 18:48:42.089785
C*15:179,C2,1,IPD_API,2026-02-19 18:48:42.089785
C*15:18,C2,1,IPD_API,2026-02-19 18:48:42.089785
C*15:180,C2,1,IPD_API,2026-02-19 18:48:42.089785
C*15:181,C1,1,IPD_API,2026-02-19 18:48:42.089785
C*15:182,C2,1,IPD_API,2026-02-19 18:48:42.089785
C*15:183,C2,1,IPD_API,2026-02-19 18:48:42.089785
C*15:184,C2,1,IPD_API,2026-02-19 18:48:42.089785
C*15:186,C2,1,IPD_API,2026-02-19 18:48:42.089785
C*15:187,C2,1,IPD_API,2026-02-19 18:48:42.089785
C*15:19,C2,1,IPD_API,2026-02-19 18:48:42.089785
C*15:190,C2,1,IPD_API,2026-02-19 18:48:42.089785
C*15:191,C2,1,IPD_API,2026-02-19 18:48:42.089785
C*15:192,C2,1,IPD_API,2026-02-19 18:48:42.089785
C*15:193,C2,1,IPD_API,2026-02-19 18:48:42.089785
C*15:194,C2,1,IPD_API,2026-02-19 18:48:42.089785
C*15:195,C2,1,IPD_API,2026-02-19 18:48:42.089785
C*15:196,C2,1,IPD_API,2026-02-19 18:48:42.089785
C*15:197,C2,1,IPD_API,2026-02-19 18:48:42.089785
C*15:198,C2,1,IPD_API,2026-02-19 18:48:42.089785
C*15:199,C2,1,IPD_API,2026-02-19 18:48:42.089785
C*15:200,C2,1,IPD_API,2026-02-19 18:48:42.089785
C*15:201,C2,1,IPD_API,2026-02-19 18:48:42.089785
C*15:202,C2,1,IPD_API,2026-02-19 18:48:42.089785
C*15:203,C2,1,IPD_API,2026-02-19 18:48:42.089785
C*15:204,C2,1,IPD_API,2026-02-19 18:48:42.089785
C*15:205,C2,1,IPD_API,2026-02-19 18:48:42.089785
C*15:206,C2,1,IPD_API,2026-02-19 18:48:42.089785
C*15:207,C2,1,IPD_API,2026-02-19 18:48:42.089785
C*15:208,C2,1,IPD_API,2026-02-19 18:48:42.089785
C*15:209,C2,1,IPD_API,2026-02-19 18:48:42.089785
C*15:21,C2,1,IPD_API,2026-02-19 18:48:42.089785
C*15:210,C2,1,IPD_API,2026-02-19 18:48:42.089785
C*15:211,C2,1,IPD_API,2026-02-19 18:48:42.089785
C*15:212,C2,1,IPD_API,2026-02-19 18:48:42.089785
C*15:214,C2,1,IPD_API,2026-02-19 18:48:42.089785
C*15:215,C2,1,IPD_API,2026-02-19 18:48:42.089785
C*15:217,C2,1,IPD_API,2026-02-19 18:48:42.089785
C*15:218,C2,1,IPD_API,2026-02-19 18:48:42.089785
C*15:219,C2,1,IPD_API,2026-02-19 18:48:42.089785
C*15:22,C2,1,IPD_API,2026-02-19 18:48:42.089785
C*15:220,C2,1,IPD_API,2026-02-19 18:48:42.089785
C*15:221,C2,1,IPD_API,2026-02-19 18:48:42.089785
C*15:222,C2,1,IPD_API,2026-02-19 18:48:42.089785
C*15:223,C2,1,IPD_API,2026-02-19 18:48:42.089785
C*15:224,C2,1,IPD_API,2026-02-19 18:48:42.089785
C*15:225,C2,1,IPD_API,2026-02-19 18:48:42.089785
C*15:226,C2,1,IPD_API,2026-02-19 18:48:42.089785
C*15:227,C2,1,IPD_API,2026-02-19 18:48:42.089785
C*15:228,C2,1,IPD_API,2026-02-19 18:48:42.089785
C*15:229,C2,1,IPD_API,2026-02-19 18:48:42.089785
C*15:23,C2,2,IPD_API,2026-02-19 18:48:42.089785
C*15:230,C2,1,IPD_API,2026-02-19 18:48:42.089785
C*15:231,C2,1,IPD_API,2026-02-19 18:48:42.089785
C*15:232,C2,1,IPD_API,2026-02-19 18:48:42.089785
C*15:233,C2,1,IPD_API,2026-02-19 18:48:42.089785
C*15:234,C2,1,IPD_API,2026-02-19 18:48:42.089785
C*15:235,C2,1,IPD_API,2026-02-19 18:48:42.089785
C*15:236,C2,1,IPD_API,2026-02-19 18:48:42.089785
C*15:237,C2,1,IPD_API,2026-02-19 18:48:42.089785
C*15:239,C2,1,IPD_API,2026-02-19 18:48:42.089785
C*15:24,C2,1,IPD_API,2026-02-19 18:48:42.089785
C*15:240,C2,1,IPD_API,2026-02-19 18:48:42.089785
C*15:241,C2,1,IPD_API,2026-02-19 18:48:42.089785
C*15:242,C2,1,IPD_API,2026-02-19 18:48:42.089785
C*15:243,C2,1,IPD_API,2026-02-19 18:48:42.089785
C*15:244,C2,1,IPD_API,2026-02-19 18:48:42.089785
C*15:245,C2,1,IPD_API,2026-02-19 18:48:42.089785
C*15:246,C2,1,IPD_API,2026-02-19 18:48:42.089785
C*15:248,C2,1,IPD_API,2026-02-19 18:48:42.089785
C*15:249,C2,1,IPD_API,2026-02-19 18:48:42.089785
C*15:25,C1,1,IPD_API,2026-02-19 18:48:42.089785
C*15:250,C2,1,IPD_API,2026-02-19 18:48:42.089785
C*15:251,C2,1,IPD_API,2026-02-19 18:48:42.089785
C*15:252,C2,1,IPD_API,2026-02-19 18:48:42.089785
C*15:253,C2,1,IPD_API,2026-02-19 18:48:42.089785
C*15:254,C2,1,IPD_API,2026-02-19 18:48:42.089785
C*15:255,C2,1,IPD_API,2026-02-19 18:48:42.089785
C*15:257,C2,1,IPD_API,2026-02-19 18:48:42.089785
C*15:258,C2,1,IPD_API,2026-02-19 18:48:42.089785
C*15:259,C2,1,IPD_API,2026-02-19 18:48:42.089785
C*15:26,C2,1,IPD_API,2026-02-19 18:48:42.089785
C*15:260,C2,1,IPD_API,2026-02-19 18:48:42.089785
C*15:261,C2,1,IPD_API,2026-02-19 18:48:42.089785
C*15:262,C2,1,IPD_API,2026-02-19 18:48:42.089785
C*15:263,C2,1,IPD_API,2026-02-19 18:48:42.089785
C*15:264,C2,1,IPD_API,2026-02-19 18:48:42.089785
C*15:265,C2,1,IPD_API,2026-02-19 18:48:42.089785
C*15:266,C2,1,IPD_API,2026-02-19 18:48:42.089785
C*15:267,C2,1,IPD_API,2026-02-19 18:48:42.089785
C*15:268,C2,1,IPD_API,2026-02-19 18:48:42.089785
C*15:27,C2,1,IPD_API,2026-02-19 18:48:42.089785
C*15:270,C2,1,IPD_API,2026-02-19 18:48:42.089785
C*15:272,C2,1,IPD_API,2026-02-19 18:48:42.089785
C*15:273,C2,1,IPD_API,2026-02-19 18:48:42.089785
C*15:274,C2,1,IPD_API,2026-02-19 18:48:42.089785
C*15:275,C2,1,IPD_API,2026-02-19 18:48:42.089785
C*15:276,C2,1,IPD_API,2026-02-19 18:48:42.089785
C*15:277,C2,1,IPD_API,2026-02-19 18:48:42.089785
C*15:278,C2,1,IPD_API,2026-02-19 18:48:42.089785
C*15:279,C2,1,IPD_API,2026-02-19 18:48:42.089785
C*15:28,C2,1,IPD_API,2026-02-19 18:48:42.089785
C*15:280,C2,1,IPD_API,2026-02-19 18:48:42.089785
C*15:281,C2,1,IPD_API,2026-02-19 18:48:42.089785
C*15:282,C2,1,IPD_API,2026-02-19 18:48:42.089785
C*15:283,C2,1,IPD_API,2026-02-19 18:48:42.089785
C*15:284,C2,1,IPD_API,2026-02-19 18:48:42.089785
C*15:285,C2,1,IPD_API,2026-02-19 18:48:42.089785
C*15:286,C2,1,IPD_API,2026-02-19 18:48:42.089785
C*15:287,C2,1,IPD_API,2026-02-19 18:48:42.089785
C*15:288,C2,1,IPD_API,2026-02-19 18:48:42.089785
C*15:289,C2,1,IPD_API,2026-02-19 18:48:42.089785
C*15:29,C2,1,IPD_API,2026-02-19 18:48:42.089785
C*15:290,C2,1,IPD_API,2026-02-19 18:48:42.089785
C*15:292,C2,1,IPD_API,2026-02-19 18:48:42.089785
C*15:293,C2,1,IPD_API,2026-02-19 18:48:42.089785
C*15:294,C2,1,IPD_API,2026-02-19 18:48:42.089785
C*15:295,C2,1,IPD_API,2026-02-19 18:48:42.089785
C*15:297,C2,1,IPD_API,2026-02-19 18:48:42.089785
C*15:298,C2,1,IPD_API,2026-02-19 18:48:42.089785
C*15:299,C2,1,IPD_API,2026-02-19 18:48:42.089785
C*15:30,C2,1,IPD_API,2026-02-19 18:48:42.089785
C*15:301,C2,1,IPD_API,2026-02-19 18:48:42.089785
C*15:302,C2,1,IPD_API,2026-02-19 18:48:42.089785
C*15:31,C2,1,IPD_API,2026-02-19 18:48:42.089785
C*15:32,C2,1,IPD_API,2026-02-19 18:48:42.089785
C*15:33,C2,1,IPD_API,2026-02-19 18:48:42.089785
C*15:34,C2,1,IPD_API,2026-02-19 18:48:42.089785
C*15:35,C2,1,IPD_API,2026-02-19 18:48:42.089785
C*15:36,C2,1,IPD_API,2026-02-19 18:48:42.089785
C*15:37,C2,1,IPD_API,2026-02-19 18:48:42.089785
C*15:38,C2,1,IPD_API,2026-02-19 18:48:42.089785
C*15:39,C2,1,IPD_API,2026-02-19 18:48:42.089785
C*15:40,C2,1,IPD_API,2026-02-19 18:48:42.089785
C*15:41,C2,1,IPD_API,2026-02-19 18:48:42.089785
C*15:42,C2,1,IPD_API,2026-02-19 18:48:42.089785
C*15:43,C1,1,IPD_API,2026-02-19 18:48:42.089785
C*15:44,C2,2,IPD_API,2026-02-19 18:48:42.089785
C*15:45,C2,1,IPD_API,2026-02-19 18:48:42.089785
C*15:46,C2,1,IPD_API,2026-02-19 18:48:42.089785
C*15:47,C2,1,IPD_API,2026-02-19 18:48:42.089785
C*15:48,C2,1,IPD_API,2026-02-19 18:48:42.089785
C*15:49,C2,1,IPD_API,2026-02-19 18:48:42.089785
C*15:50,C2,1,IPD_API,2026-02-19 18:48:42.089785
C*15:51,C2,1,IPD_API,2026-02-19 18:48:42.089785
C*15:52,C2,2,IPD_API,2026-02-19 18:48:42.089785
C*15:53,C2,1,IPD_API,2026-02-19 18:48:42.089785
C*15:54,C2,1,IPD_API,2026-02-19 18:48:42.089785
C*15:55,C2,1,IPD_API,2026-02-19 18:48:42.089785
C*15:56,C2,1,IPD_API,2026-02-19 18:48:42.089785
C*15:57,C2,1,IPD_API,2026-02-19 18:48:42.089785
C*15:58,C2,1,IPD_API,2026-02-19 18:48:42.089785
C*15:59,C2,1,IPD_API,2026-02-19 18:48:42.089785
C*15:61,C2,1,IPD_API,2026-02-19 18:48:42.089785
C*15:62,C2,1,IPD_API,2026-02-19 18:48:42.089785
C*15:63,C2,1,IPD_API,2026-02-19 18:48:42.089785
C*15:64,C2,1,IPD_API,2026-02-19 18:48:42.089785
C*15:65,C2,1,IPD_API,2026-02-19 18:48:42.089785
C*15:66,C2,1,IPD_API,2026-02-19 18:48:42.089785
C*15:67,C2,1,IPD_API,2026-02-19 18:48:42.089785
C*15:68,C2,1,IPD_API,2026-02-19 18:48:42.089785
C*15:69,C2,1,IPD_API,2026-02-19 18:48:42.089785
C*15:70,C2,1,IPD_API,2026-02-19 18:48:42.089785
C*15:72,C2,1,IPD_API,2026-02-19 18:48:42.089785
C*15:73,C2,1,IPD_API,2026-02-19 18:48:42.089785
C*15:74,C2,1,IPD_API,2026-02-19 18:48:42.089785
C*15:75,C2,1,IPD_API,2026-02-19 18:48:42.089785
C*15:76,C2,1,IPD_API,2026-02-19 18:48:42.089785
C*15:77,C2,1,IPD_API,2026-02-19 18:48:42.089785
C*15:78,C2,2,IPD_API,2026-02-19 18:48:42.089785
C*15:79,C2,1,IPD_API,2026-02-19 18:48:42.089785
C*15:80,C2,1,IPD_API,2026-02-19 18:48:42.089785
C*15:81,C2,1,IPD_API,2026-02-19 18:48:42.089785
C*15:82,C2,1,IPD_API,2026-02-19 18:48:42.089785
C*15:83,C2,1,IPD_API,2026-02-19 18:48:42.089785
C*15:84,C2,1,IPD_API,2026-02-19 18:48:42.089785
C*15:85,C1,1,IPD_API,2026-02-19 18:48:42.089785
C*15:86,C2,1,IPD_API,2026-02-19 18:48:42.089785
C*15:87,C2,1,IPD_API,2026-02-19 18:48:42.089785
C*15:88,C2,1,IPD_API,2026-02-19 18:48:42.089785
C*15:89,C2,1,IPD_API,2026-02-19 18:48:42.089785
C*15:90,C2,1,IPD_API,2026-02-19 18:48:42.089785
C*15:91,C2,1,IPD_API,2026-02-19 18:48:42.089785
C*15:93,C2,1,IPD_API,2026-02-19 18:48:42.089785
C*15:94,C2,1,IPD_API,2026-02-19 18:48:42.089785
C*15:96,C2,1,IPD_API,2026-02-19 18:48:42.089785
C*15:97,C2,1,IPD_API,2026-02-19 18:48:42.089785
C*15:98,C2,1,IPD_API,2026-02-19 18:48:42.089785
C*15:99,C2,1,IPD_API,2026-02-19 18:48:42.089785
C*16:01,C1,96,IPD_API,2026-02-19 18:48:42.089785
C*16:02,C2,30,IPD_API,2026-02-19 18:48:42.089785
C*16:04,C1,7,IPD_API,2026-02-19 18:48:42.089785
C*16:06,C1,1,IPD_API,2026-02-19 18:48:42.089785
C*16:07,C1,2,IPD_API,2026-02-19 18:48:42.089785
C*16:08,C1,1,IPD_API,2026-02-19 18:48:42.089785
C*16:09,C2,1,IPD_API,2026-02-19 18:48:42.089785
C*16:10,C1,1,IPD_API,2026-02-19 18:48:42.089785
C*16:100,C1,1,IPD_API,2026-02-19 18:48:42.089785
C*16:101,C2,1,IPD_API,2026-02-19 18:48:42.089785
C*16:102,C2,1,IPD_API,2026-02-19 18:48:42.089785
C*16:103,C2,1,IPD_API,2026-02-19 18:48:42.089785
C*16:104,C2,1,IPD_API,2026-02-19 18:48:42.089785
C*16:105,C1,1,IPD_API,2026-02-19 18:48:42.089785
C*16:106,C1,1,IPD_API,2026-02-19 18:48:42.089785
C*16:107,C2,1,IPD_API,2026-02-19 18:48:42.089785
C*16:108,C2,1,IPD_API,2026-02-19 18:48:42.089785
C*16:109,C1,1,IPD_API,2026-02-19 18:48:42.089785
C*16:11,C1,1,IPD_API,2026-02-19 18:48:42.089785
C*16:110,C1,1,IPD_API,2026-02-19 18:48:42.089785
C*16:111,C1,1,IPD_API,2026-02-19 18:48:42.089785
C*16:112,C1,1,IPD_API,2026-02-19 18:48:42.089785
C*16:113,C1,1,IPD_API,2026-02-19 18:48:42.089785
C*16:114,C1,1,IPD_API,2026-02-19 18:48:42.089785
C*16:115,C2,1,IPD_API,2026-02-19 18:48:42.089785
C*16:116,C1,1,IPD_API,2026-02-19 18:48:42.089785
C*16:117,C1,1,IPD_API,2026-02-19 18:48:42.089785
C*16:118,C1,1,IPD_API,2026-02-19 18:48:42.089785
C*16:119,C1,1,IPD_API,2026-02-19 18:48:42.089785
C*16:12,C2,1,IPD_API,2026-02-19 18:48:42.089785
C*16:120,C2,1,IPD_API,2026-02-19 18:48:42.089785
C*16:121,C2,1,IPD_API,2026-02-19 18:48:42.089785
C*16:122,C1,1,IPD_API,2026-02-19 18:48:42.089785
C*16:124,C1,1,IPD_API,2026-02-19 18:48:42.089785
C*16:125,C1,1,IPD_API,2026-02-19 18:48:42.089785
C*16:126,C1,1,IPD_API,2026-02-19 18:48:42.089785
C*16:127,C1,1,IPD_API,2026-02-19 18:48:42.089785
C*16:128,C1,1,IPD_API,2026-02-19 18:48:42.089785
C*16:129,C1,1,IPD_API,2026-02-19 18:48:42.089785
C*16:13,C1,1,IPD_API,2026-02-19 18:48:42.089785
C*16:130,C1,1,IPD_API,2026-02-19 18:48:42.089785
C*16:131,C1,1,IPD_API,2026-02-19 18:48:42.089785
C*16:133,C2,1,IPD_API,2026-02-19 18:48:42.089785
C*16:134,C1,1,IPD_API,2026-02-19 18:48:42.089785
C*16:135,C1,1,IPD_API,2026-02-19 18:48:42.089785
C*16:136,C2,1,IPD_API,2026-02-19 18:48:42.089785
C*16:137,C1,1,IPD_API,2026-02-19 18:48:42.089785
C*16:138,C1,1,IPD_API,2026-02-19 18:48:42.089785
C*16:139,C1,1,IPD_API,2026-02-19 18:48:42.089785
C*16:14,C1,1,IPD_API,2026-02-19 18:48:42.089785
C*16:140,C2,1,IPD_API,2026-02-19 18:48:42.089785
C*16:141,C1,1,IPD_API,2026-02-19 18:48:42.089785
C*16:142,C1,1,IPD_API,2026-02-19 18:48:42.089785
C*16:143,C2,1,IPD_API,2026-02-19 18:48:42.089785
C*16:144,C2,1,IPD_API,2026-02-19 18:48:42.089785
C*16:145,C2,1,IPD_API,2026-02-19 18:48:42.089785
C*16:146,C1,1,IPD_API,2026-02-19 18:48:42.089785
C*16:147,C1,1,IPD_API,2026-02-19 18:48:42.089785
C*16:148,C1,1,IPD_API,2026-02-19 18:48:42.089785
C*16:149,C1,1,IPD_API,2026-02-19 18:48:42.089785
C*16:15,C1,1,IPD_API,2026-02-19 18:48:42.089785
C*16:150,C1,1,IPD_API,2026-02-19 18:48:42.089785
C*16:151,C1,1,IPD_API,2026-02-19 18:48:42.089785
C*16:152,C1,1,IPD_API,2026-02-19 18:48:42.089785
C*16:153,C2,1,IPD_API,2026-02-19 18:48:42.089785
C*16:154,C1,1,IPD_API,2026-02-19 18:48:42.089785
C*16:155,C2,1,IPD_API,2026-02-19 18:48:42.089785
C*16:156,C2,1,IPD_API,2026-02-19 18:48:42.089785
C*16:157,C1,1,IPD_API,2026-02-19 18:48:42.089785
C*16:158,C1,1,IPD_API,2026-02-19 18:48:42.089785
C*16:159,C1,1,IPD_API,2026-02-19 18:48:42.089785
C*16:16,C1,1,IPD_API,2026-02-19 18:48:42.089785
C*16:160,C1,1,IPD_API,2026-02-19 18:48:42.089785
C*16:161,C1,1,IPD_API,2026-02-19 18:48:42.089785
C*16:162,C1,1,IPD_API,2026-02-19 18:48:42.089785
C*16:163,C2,1,IPD_API,2026-02-19 18:48:42.089785
C*16:164,C1,1,IPD_API,2026-02-19 18:48:42.089785
C*16:165,C1,1,IPD_API,2026-02-19 18:48:42.089785
C*16:166,C2,1,IPD_API,2026-02-19 18:48:42.089785
C*16:167,C2,1,IPD_API,2026-02-19 18:48:42.089785
C*16:168,C1,1,IPD_API,2026-02-19 18:48:42.089785
C*16:169,C1,1,IPD_API,2026-02-19 18:48:42.089785
C*16:17,C1,1,IPD_API,2026-02-19 18:48:42.089785
C*16:170,C1,1,IPD_API,2026-02-19 18:48:42.089785
C*16:171,C1,1,IPD_API,2026-02-19 18:48:42.089785
C*16:172,C1,1,IPD_API,2026-02-19 18:48:42.089785
C*16:173,C1,1,IPD_API,2026-02-19 18:48:42.089785
C*16:174,C1,1,IPD_API,2026-02-19 18:48:42.089785
C*16:175,C1,1,IPD_API,2026-02-19 18:48:42.089785
C*16:176,C2,1,IPD_API,2026-02-19 18:48:42.089785
C*16:177,C1,1,IPD_API,2026-02-19 18:48:42.089785
C*16:178,C1,1,IPD_API,2026-02-19 18:48:42.089785
C*16:179,C2,1,IPD_API,2026-02-19 18:48:42.089785
C*16:18,C1,1,IPD_API,2026-02-19 18:48:42.089785
C*16:180,C1,1,IPD_API,2026-02-19 18:48:42.089785
C*16:181,C2,1,IPD_API,2026-02-19 18:48:42.089785
C*16:182,C1,1,IPD_API,2026-02-19 18:48:42.089785
C*16:183,C1,1,IPD_API,2026-02-19 18:48:42.089785
C*16:184,C2,1,IPD_API,2026-02-19 18:48:42.089785
C*16:185,C1,1,IPD_API,2026-02-19 18:48:42.089785
C*16:187,C1,1,IPD_API,2026-02-19 18:48:42.089785
C*16:188,C1,1,IPD_API,2026-02-19 18:48:42.089785
C*16:189,C1,1,IPD_API,2026-02-19 18:48:42.089785
C*16:19,C2,1,IPD_API,2026-02-19 18:48:42.089785
C*16:190,C1,1,IPD_API,2026-02-19 18:48:42.089785
C*16:191,C1,1,IPD_API,2026-02-19 18:48:42.089785
C*16:192,C1,1,IPD_API,2026-02-19 18:48:42.089785
C*16:193,C1,1,IPD_API,2026-02-19 18:48:42.089785
C*16:194,C2,1,IPD_API,2026-02-19 18:48:42.089785
C*16:196,C1,1,IPD_API,2026-02-19 18:48:42.089785
C*16:197,C1,1,IPD_API,2026-02-19 18:48:42.089785
C*16:198,C1,1,IPD_API,2026-02-19 18:48:42.089785
C*16:20,C1,1,IPD_API,2026-02-19 18:48:42.089785
C*16:200,C1,1,IPD_API,2026-02-19 18:48:42.089785
C*16:201,C1,1,IPD_API,2026-02-19 18:48:42.089785
C*16:202,C2,1,IPD_API,2026-02-19 18:48:42.089785
C*16:203,C1,1,IPD_API,2026-02-19 18:48:42.089785
C*16:204,C1,1,IPD_API,2026-02-19 18:48:42.089785
C*16:205,C1,1,IPD_API,2026-02-19 18:48:42.089785
C*16:207,C1,1,IPD_API,2026-02-19 18:48:42.089785
C*16:208,C1,1,IPD_API,2026-02-19 18:48:42.089785
C*16:209,C1,1,IPD_API,2026-02-19 18:48:42.089785
C*16:21,C1,1,IPD_API,2026-02-19 18:48:42.089785
C*16:210,C1,1,IPD_API,2026-02-19 18:48:42.089785
C*16:211,C1,1,IPD_API,2026-02-19 18:48:42.089785
C*16:212,C2,1,IPD_API,2026-02-19 18:48:42.089785
C*16:213,C1,1,IPD_API,2026-02-19 18:48:42.089785
C*16:214,C1,1,IPD_API,2026-02-19 18:48:42.089785
C*16:215,C2,1,IPD_API,2026-02-19 18:48:42.089785
C*16:216,C1,1,IPD_API,2026-02-19 18:48:42.089785
C*16:217,C1,1,IPD_API,2026-02-19 18:48:42.089785
C*16:218,C1,1,IPD_API,2026-02-19 18:48:42.089785
C*16:22,C1,1,IPD_API,2026-02-19 18:48:42.089785
C*16:221,C1,1,IPD_API,2026-02-19 18:48:42.089785
C*16:222,C2,1,IPD_API,2026-02-19 18:48:42.089785
C*16:223,C1,1,IPD_API,2026-02-19 18:48:42.089785
C*16:224,C2,1,IPD_API,2026-02-19 18:48:42.089785
C*16:225,C2,1,IPD_API,2026-02-19 18:48:42.089785
C*16:226,C1,1,IPD_API,2026-02-19 18:48:42.089785
C*16:227,C2,1,IPD_API,2026-02-19 18:48:42.089785
C*16:228,C1,1,IPD_API,2026-02-19 18:48:42.089785
C*16:23,C1,1,IPD_API,2026-02-19 18:48:42.089785
C*16:230,C1,1,IPD_API,2026-02-19 18:48:42.089785
C*16:231,C1,1,IPD_API,2026-02-19 18:48:42.089785
C*16:232,C1,1,IPD_API,2026-02-19 18:48:42.089785
C*16:233,C1,1,IPD_API,2026-02-19 18:48:42.089785
C*16:234,C1,1,IPD_API,2026-02-19 18:48:42.089785
C*16:235,C1,1,IPD_API,2026-02-19 18:48:42.089785
C*16:236,C2,1,IPD_API,2026-02-19 18:48:42.089785
C*16:237,C2,1,IPD_API,2026-02-19 18:48:42.089785
C*16:239,C2,1,IPD_API,2026-02-19 18:48:42.089785
C*16:24,C1,1,IPD_API,2026-02-19 18:48:42.089785
C*16:25,C2,1,IPD_API,2026-02-19 18:48:42.089785
C*16:26,C1,1,IPD_API,2026-02-19 18:48:42.089785
C*16:27,C1,1,IPD_API,2026-02-19 18:48:42.089785
C*16:28,C1,1,IPD_API,2026-02-19 18:48:42.089785
C*16:29,C1,1,IPD_API,2026-02-19 18:48:42.089785
C*16:31,C1,1,IPD_API,2026-02-19 18:48:42.089785
C*16:32,C1,1,IPD_API,2026-02-19 18:48:42.089785
C*16:33,C1,1,IPD_API,2026-02-19 18:48:42.089785
C*16:34,C1,1,IPD_API,2026-02-19 18:48:42.089785
C*16:35,C1,1,IPD_API,2026-02-19 18:48:42.089785
C*16:36,C1,1,IPD_API,2026-02-19 18:48:42.089785
C*16:37,C2,1,IPD_API,2026-02-19 18:48:42.089785
C*16:38,C1,1,IPD_API,2026-02-19 18:48:42.089785
C*16:39,C1,2,IPD_API,2026-02-19 18:48:42.089785
C*16:40,C1,1,IPD_API,2026-02-19 18:48:42.089785
C*16:41,C1,1,IPD_API,2026-02-19 18:48:42.089785
C*16:42,C1,1,IPD_API,2026-02-19 18:48:42.089785
C*16:43,C1,1,IPD_API,2026-02-19 18:48:42.089785
C*16:44,C1,1,IPD_API,2026-02-19 18:48:42.089785
C*16:45,C1,1,IPD_API,2026-02-19 18:48:42.089785
C*16:46,C2,1,IPD_API,2026-02-19 18:48:42.089785
C*16:47,C2,1,IPD_API,2026-02-19 18:48:42.089785
C*16:48,C2,1,IPD_API,2026-02-19 18:48:42.089785
C*16:49,C1,2,IPD_API,2026-02-19 18:48:42.089785
C*16:50,C1,1,IPD_API,2026-02-19 18:48:42.089785
C*16:51,C1,1,IPD_API,2026-02-19 18:48:42.089785
C*16:52,C1,1,IPD_API,2026-02-19 18:48:42.089785
C*16:53,C1,1,IPD_API,2026-02-19 18:48:42.089785
C*16:54,C1,1,IPD_API,2026-02-19 18:48:42.089785
C*16:55,C1,1,IPD_API,2026-02-19 18:48:42.089785
C*16:56,C1,1,IPD_API,2026-02-19 18:48:42.089785
C*16:57,C1,1,IPD_API,2026-02-19 18:48:42.089785
C*16:58,C1,1,IPD_API,2026-02-19 18:48:42.089785
C*16:59,C1,1,IPD_API,2026-02-19 18:48:42.089785
C*16:60,C2,1,IPD_API,2026-02-19 18:48:42.089785
C*16:61,C1,1,IPD_API,2026-02-19 18:48:42.089785
C*16:62,C1,1,IPD_API,2026-02-19 18:48:42.089785
C*16:63,C2,1,IPD_API,2026-02-19 18:48:42.089785
C*16:64,C1,1,IPD_API,2026-02-19 18:48:42.089785
C*16:65,C1,1,IPD_API,2026-02-19 18:48:42.089785
C*16:66,C1,1,IPD_API,2026-02-19 18:48:42.089785
C*16:67,C1,1,IPD_API,2026-02-19 18:48:42.089785
C*16:68,C1,1,IPD_API,2026-02-19 18:48:42.089785
C*16:69,C2,1,IPD_API,2026-02-19 18:48:42.089785
C*16:70,C2,1,IPD_API,2026-02-19 18:48:42.089785
C*16:71,C1,1,IPD_API,2026-02-19 18:48:42.089785
C*16:72,C1,1,IPD_API,2026-02-19 18:48:42.089785
C*16:73,C1,1,IPD_API,2026-02-19 18:48:42.089785
C*16:74,C2,1,IPD_API,2026-02-19 18:48:42.089785
C*16:75,C1,1,IPD_API,2026-02-19 18:48:42.089785
C*16:76,C1,1,IPD_API,2026-02-19 18:48:42.089785
C*16:78,C1,1,IPD_API,2026-02-19 18:48:42.089785
C*16:79,C1,1,IPD_API,2026-02-19 18:48:42.089785
C*16:80,C1,1,IPD_API,2026-02-19 18:48:42.089785
C*16:81,C1,1,IPD_API,2026-02-19 18:48:42.089785
C*16:82,C1,1,IPD_API,2026-02-19 18:48:42.089785
C*16:83,C1,1,IPD_API,2026-02-19 18:48:42.089785
C*16:84,C2,1,IPD_API,2026-02-19 18:48:42.089785
C*16:86,C1,1,IPD_API,2026-02-19 18:48:42.089785
C*16:87,C1,1,IPD_API,2026-02-19 18:48:42.089785
C*16:88,C2,1,IPD_API,2026-02-19 18:48:42.089785
C*16:90,C2,1,IPD_API,2026-02-19 18:48:42.089785
C*16:91,C2,1,IPD_API,2026-02-19 18:48:42.089785
C*16:92,C1,1,IPD_API,2026-02-19 18:48:42.089785
C*16:93,C1,1,IPD_API,2026-02-19 18:48:42.089785
C*16:94,C1,1,IPD_API,2026-02-19 18:48:42.089785
C*16:95,C1,1,IPD_API,2026-02-19 18:48:42.089785
C*16:96,C1,1,IPD_API,2026-02-19 18:48:42.089785
C*16:97,C1,1,IPD_API,2026-02-19 18:48:42.089785
C*16:98,C1,2,IPD_API,2026-02-19 18:48:42.089785
C*16:99,C2,1,IPD_API,2026-02-19 18:48:42.089785
C*17:01,C2,50,IPD_API,2026-02-19 18:48:42.089785
C*17:02,C2,1,IPD_API,2026-02-19 18:48:42.089785
C*17:03,C2,18,IPD_API,2026-02-19 18:48:42.089785
C*17:04,C2,1,IPD_API,2026-02-19 18:48:42.089785
C*17:05,C2,1,IPD_API,2026-02-19 18:48:42.089785
C*17:06,C2,1,IPD_API,2026-02-19 18:48:42.089785
C*17:07,C2,1,IPD_API,2026-02-19 18:48:42.089785
C*17:08,C2,1,IPD_API,2026-02-19 18:48:42.089785
C*17:09,C2,1,IPD_API,2026-02-19 18:48:42.089785
C*17:10,C2,1,IPD_API,2026-02-19 18:48:42.089785
C*17:11,C2,1,IPD_API,2026-02-19 18:48:42.089785
C*17:12,C2,1,IPD_API,2026-02-19 18:48:42.089785
C*17:13,C2,1,IPD_API,2026-02-19 18:48:42.089785
C*17:14,C2,1,IPD_API,2026-02-19 18:48:42.089785
C*17:15,C2,1,IPD_API,2026-02-19 18:48:42.089785
C*17:16,C2,2,IPD_API,2026-02-19 18:48:42.089785
C*17:17,C2,1,IPD_API,2026-02-19 18:48:42.089785
C*17:18,C2,1,IPD_API,2026-02-19 18:48:42.089785
C*17:19,C2,1,IPD_API,2026-02-19 18:48:42.089785
C*17:20,C2,1,IPD_API,2026-02-19 18:48:42.089785
C*17:21,C2,1,IPD_API,2026-02-19 18:48:42.089785
C*17:22,C1,1,IPD_API,2026-02-19 18:48:42.089785
C*17:23,C2,1,IPD_API,2026-02-19 18:48:42.089785
C*17:24,C2,1,IPD_API,2026-02-19 18:48:42.089785
C*17:25,C2,1,IPD_API,2026-02-19 18:48:42.089785
C*17:26,C2,1,IPD_API,2026-02-19 18:48:42.089785
C*17:28,C2,1,IPD_API,2026-02-19 18:48:42.089785
C*17:29,C2,1,IPD_API,2026-02-19 18:48:42.089785
C*17:30,C2,1,IPD_API,2026-02-19 18:48:42.089785
C*17:31,C2,1,IPD_API,2026-02-19 18:48:42.089785
C*17:32,C2,1,IPD_API,2026-02-19 18:48:42.089785
C*17:33,C2,1,IPD_API,2026-02-19 18:48:42.089785
C*17:34,C2,1,IPD_API,2026-02-19 18:48:42.089785
C*17:35,C2,2,IPD_API,2026-02-19 18:48:42.089785
C*17:36,C2,1,IPD_API,2026-02-19 18:48:42.089785
C*17:37,C2,1,IPD_API,2026-02-19 18:48:42.089785
C*17:38,C2,2,IPD_API,2026-02-19 18:48:42.089785
C*17:39,C2,1,IPD_API,2026-02-19 18:48:42.089785
C*17:40,C2,1,IPD_API,2026-02-19 18:48:42.089785
C*17:41,C2,1,IPD_API,2026-02-19 18:48:42.089785
C*17:42,C2,1,IPD_API,2026-02-19 18:48:42.089785
C*17:43,C2,1,IPD_API,2026-02-19 18:48:42.089785
C*17:44,C2,1,IPD_API,2026-02-19 18:48:42.089785
C*17:45,C2,1,IPD_API,2026-02-19 18:48:42.089785
C*17:46,C2,1,IPD_API,2026-02-19 18:48:42.089785
C*17:47,C2,1,IPD_API,2026-02-19 18:48:42.089785
C*17:48,C2,1,IPD_API,2026-02-19 18:48:42.089785
C*17:49,C2,1,IPD_API,2026-02-19 18:48:42.089785
C*17:50,C2,1,IPD_API,2026-02-19 18:48:42.089785
C*17:51,C2,3,IPD_API,2026-02-19 18:48:42.089785
C*17:52,C2,1,IPD_API,2026-02-19 18:48:42.089785
C*17:53,C2,1,IPD_API,2026-02-19 18:48:42.089785
C*17:54,C2,1,IPD_API,2026-02-19 18:48:42.089785
C*17:55,C2,1,IPD_API,2026-02-19 18:48:42.089785
C*17:56,C2,1,IPD_API,2026-02-19 18:48:42.089785
C*17:57,C2,1,IPD_API,2026-02-19 18:48:42.089785
C*17:58,C2,1,IPD_API,2026-02-19 18:48:42.089785
C*17:59,C2,1,IPD_API,2026-02-19 18:48:42.089785
C*17:60,C2,1,IPD_API,2026-02-19 18:48:42.089785
C*17:61,C2,1,IPD_API,2026-02-19 18:48:42.089785
C*17:62,C2,1,IPD_API,2026-02-19 18:48:42.089785
C*17:63,C2,1,IPD_API,2026-02-19 18:48:42.089785
C*17:64,C2,1,IPD_API,2026-02-19 18:48:42.089785
C*17:65,C2,1,IPD_API,2026-02-19 18:48:42.089785
C*17:66,C2,1,IPD_API,2026-02-19 18:48:42.089785
C*17:67,C2,1,IPD_API,2026-02-19 18:48:42.089785
C*17:68,C2,1,IPD_API,2026-02-19 18:48:42.089785
C*17:69,C2,1,IPD_API,2026-02-19 18:48:42.089785
C*17:70,C2,1,IPD_API,2026-02-19 18:48:42.089785
C*17:71,C2,1,IPD_API,2026-02-19 18:48:42.089785
C*17:72,C2,1,IPD_API,2026-02-19 18:48:42.089785
C*17:73,C2,1,IPD_API,2026-02-19 18:48:42.089785
C*17:74,C2,1,IPD_API,2026-02-19 18:48:42.089785
C*17:75,C2,1,IPD_API,2026-02-19 18:48:42.089785
C*17:76,C2,1,IPD_API,2026-02-19 18:48:42.089785
C*17:77,C2,1,IPD_API,2026-02-19 18:48:42.089785
C*17:78,C2,1,IPD_API,2026-02-19 18:48:42.089785
C*17:79,C2,1,IPD_API,2026-02-19 18:48:42.089785
C*17:80,C2,1,IPD_API,2026-02-19 18:48:42.089785
C*17:81,C2,1,IPD_API,2026-02-19 18:48:42.089785
C*17:82,C2,1,IPD_API,2026-02-19 18:48:42.089785
C*17:83,C2,1,IPD_API,2026-02-19 18:48:42.089785
C*17:84,C1,1,IPD_API,2026-02-19 18:48:42.089785
C*17:85,C2,1,IPD_API,2026-02-19 18:48:42.089785
C*18:01,C2,4,IPD_API,2026-02-19 18:48:42.089785
C*18:02,C2,8,IPD_API,2026-02-19 18:48:42.089785
C*18:03,C2,1,IPD_API,2026-02-19 18:48:42.089785
C*18:04,C2,1,IPD_API,2026-02-19 18:48:42.089785
C*18:05,C2,1,IPD_API,2026-02-19 18:48:42.089785
C*18:06,C2,1,IPD_API,2026-02-19 18:48:42.089785
C*18:08,C2,1,IPD_API,2026-02-19 18:48:42.089785
C*18:09,C2,1,IPD_API,2026-02-19 18:48:42.089785
C*18:10,C2,1,IPD_API,2026-02-19 18:48:42.089785
C*18:11,C2,1,IPD_API,2026-02-19 18:48:42.089785
C*18:12,C2,1,IPD_API,2026-02-19 18:48:42.089785
C*18:13,C2,1,IPD_API,2026-02-19 18:48:42.089785
C*18:14,C2,1,IPD_API,2026-02-19 18:48:42.089785
C*18:15,C2,1,IPD_API,2026-02-19 18:48:42.089785
C*18:16,C2,1,IPD_API,2026-02-19 18:48:42.089785
C*18:17,C2,1,IPD_API,2026-02-19 18:48:42.089785
C*18:18,C2,1,IPD_API,2026-02-19 18:48:42.089785
C*18:19,C2,1,IPD_API,2026-02-19 18:48:42.089785
C*18:20,C2,1,IPD_API,2026-02-19 18:48:42.089785
C*18:21,C2,1,IPD_API,2026-02-19 18:48:42.089785
C*18:22,C2,1,IPD_API,2026-02-19 18:48:42.089785
C*18:23,C2,1,IPD_API,2026-02-19 18:48:42.089785
C*18:24,C2,1,IPD_API,2026-02-19 18:48:42.089785
