allele_1,allele_2,locus,fd_score,confidence_tier,source_doi
A*01:01,A*01:01,A,0,A,10.1126/science.ado8609
A*01:01,A*02:01,A,0.925925925925926,A,10.1126/science.ado8609
A*01:01,A*02:02,A,0.923076923076923,A,10.1126/science.ado8609
A*01:01,A*02:03,A,0.939393939393939,A,10.1126/science.ado8609
A*01:01,A*02:04,A,0.9375,A,10.1126/science.ado8609
A*01:01,A*02:05,A,0.933333333333333,A,10.1126/science.ado8609
A*01:01,A*02:06,A,0.925925925925926,A,10.1126/science.ado8609
A*01:01,A*02:07,A,0.91304347826087,A,10.1126/science.ado8609
A*01:01,A*02:11,A,0.933333333333333,A,10.1126/science.ado8609
A*01:01,A*03:01,A,0.857142857142857,A,10.1126/science.ado8609
A*01:01,A*11:01,A,0.882352941176471,A,10.1126/science.ado8609
A*01:01,A*11:02,A,0.942857142857143,A,10.1126/science.ado8609
A*01:01,A*23:01,A,0.92,A,10.1126/science.ado8609
A*01:01,A*24:02,A,0.909090909090909,A,10.1126/science.ado8609
A*01:01,A*24:07,A,0.916666666666667,A,10.1126/science.ado8609
A*01:01,A*25:01,A,0.92,A,10.1126/science.ado8609
A*01:01,A*26:01,A,0.818181818181818,A,10.1126/science.ado8609
A*01:01,A*29:02,A,0.777777777777778,A,10.1126/science.ado8609
A*01:01,A*30:01,A,0.764705882352941,A,10.1126/science.ado8609
A*01:01,A*30:02,A,0.733333333333333,A,10.1126/science.ado8609
A*01:01,A*31:01,A,0.875,A,10.1126/science.ado8609
A*01:01,A*32:01,A,0.875,A,10.1126/science.ado8609
A*01:01,A*33:01,A,0.909090909090909,A,10.1126/science.ado8609
A*01:01,A*33:03,A,0.925925925925926,A,10.1126/science.ado8609
A*01:01,A*34:01,A,0.925925925925926,A,10.1126/science.ado8609
A*01:01,A*34:02,A,0.953488372093023,A,10.1126/science.ado8609
A*01:01,A*36:01,A,0.185185185185185,A,10.1126/science.ado8609
A*01:01,A*66:01,A,0.931034482758621,A,10.1126/science.ado8609
A*01:01,A*68:01,A,0.904761904761905,A,10.1126/science.ado8609
A*01:01,A*68:02,A,0.91304347826087,A,10.1126/science.ado8609
A*01:01,A*74:01,A,0.939393939393939,A,10.1126/science.ado8609
A*02:01,A*01:01,A,0.925925925925926,A,10.1126/science.ado8609
A*02:01,A*02:01,A,0,A,10.1126/science.ado8609
A*02:01,A*02:02,A,0.407407407407407,A,10.1126/science.ado8609
A*02:01,A*02:03,A,0.470588235294118,A,10.1126/science.ado8609
A*02:01,A*02:04,A,0.575757575757576,A,10.1126/science.ado8609
A*02:01,A*02:05,A,0.483870967741935,A,10.1126/science.ado8609
A*02:01,A*02:06,A,0.357142857142857,A,10.1126/science.ado8609
A*02:01,A*02:07,A,0.574468085106383,A,10.1126/science.ado8609
A*02:01,A*02:11,A,0.161290322580645,A,10.1126/science.ado8609
A*02:01,A*03:01,A,0.931034482758621,A,10.1126/science.ado8609
A*02:01,A*11:01,A,0.942857142857143,A,10.1126/science.ado8609
A*02:01,A*11:02,A,0.944444444444444,A,10.1126/science.ado8609
A*02:01,A*23:01,A,0.846153846153846,A,10.1126/science.ado8609
A*02:01,A*24:02,A,0.826086956521739,A,10.1126/science.ado8609
A*02:01,A*24:07,A,0.92,A,10.1126/science.ado8609
A*02:01,A*25:01,A,0.923076923076923,A,10.1126/science.ado8609
A*02:01,A*26:01,A,0.91304347826087,A,10.1126/science.ado8609
A*02:01,A*29:02,A,0.894736842105263,A,10.1126/science.ado8609
A*02:01,A*30:01,A,0.888888888888889,A,10.1126/science.ado8609
A*02:01,A*30:02,A,0.875,A,10.1126/science.ado8609
A*02:01,A*31:01,A,0.882352941176471,A,10.1126/science.ado8609
A*02:01,A*32:01,A,0.818181818181818,A,10.1126/science.ado8609
A*02:01,A*33:01,A,0.91304347826087,A,10.1126/science.ado8609
A*02:01,A*33:03,A,0.928571428571429,A,10.1126/science.ado8609
A*02:01,A*34:01,A,0.928571428571429,A,10.1126/science.ado8609
A*02:01,A*34:02,A,0.954545454545455,A,10.1126/science.ado8609
A*02:01,A*36:01,A,0.928571428571429,A,10.1126/science.ado8609
A*02:01,A*66:01,A,0.933333333333333,A,10.1126/science.ado8609
A*02:01,A*68:01,A,0.909090909090909,A,10.1126/science.ado8609
A*02:01,A*68:02,A,0.583333333333333,A,10.1126/science.ado8609
A*02:01,A*74:01,A,0.882352941176471,A,10.1126/science.ado8609
A*02:02,A*01:01,A,0.923076923076923,A,10.1126/science.ado8609
A*02:02,A*02:01,A,0.407407407407407,A,10.1126/science.ado8609
A*02:02,A*02:02,A,0,A,10.1126/science.ado8609
A*02:02,A*02:03,A,0.575757575757576,A,10.1126/science.ado8609
A*02:02,A*02:04,A,0.5625,A,10.1126/science.ado8609
A*02:02,A*02:05,A,0.666666666666667,A,10.1126/science.ado8609
A*02:02,A*02:06,A,0.555555555555556,A,10.1126/science.ado8609
A*02:02,A*02:07,A,0.695652173913043,A,10.1126/science.ado8609
A*02:02,A*02:11,A,0.4,A,10.1126/science.ado8609
A*02:02,A*03:01,A,0.928571428571429,A,10.1126/science.ado8609
A*02:02,A*11:01,A,0.941176470588235,A,10.1126/science.ado8609
A*02:02,A*11:02,A,0.942857142857143,A,10.1126/science.ado8609
A*02:02,A*23:01,A,0.84,A,10.1126/science.ado8609
A*02:02,A*24:02,A,0.818181818181818,A,10.1126/science.ado8609
A*02:02,A*24:07,A,0.916666666666667,A,10.1126/science.ado8609
A*02:02,A*25:01,A,0.92,A,10.1126/science.ado8609
A*02:02,A*26:01,A,0.909090909090909,A,10.1126/science.ado8609
A*02:02,A*29:02,A,0.888888888888889,A,10.1126/science.ado8609
A*02:02,A*30:01,A,0.882352941176471,A,10.1126/science.ado8609
A*02:02,A*30:02,A,0.866666666666667,A,10.1126/science.ado8609
A*02:02,A*31:01,A,0.875,A,10.1126/science.ado8609
A*02:02,A*32:01,A,0.8125,A,10.1126/science.ado8609
A*02:02,A*33:01,A,0.909090909090909,A,10.1126/science.ado8609
A*02:02,A*33:03,A,0.925925925925926,A,10.1126/science.ado8609
A*02:02,A*34:01,A,0.925925925925926,A,10.1126/science.ado8609
A*02:02,A*34:02,A,0.953488372093023,A,10.1126/science.ado8609
A*02:02,A*36:01,A,0.925925925925926,A,10.1126/science.ado8609
A*02:02,A*66:01,A,0.931034482758621,A,10.1126/science.ado8609
A*02:02,A*68:01,A,0.904761904761905,A,10.1126/science.ado8609
A*02:02,A*68:02,A,0.652173913043478,A,10.1126/science.ado8609
A*02:02,A*74:01,A,0.878787878787879,A,10.1126/science.ado8609
A*02:03,A*01:01,A,0.939393939393939,A,10.1126/science.ado8609
A*02:03,A*02:01,A,0.470588235294118,A,10.1126/science.ado8609
A*02:03,A*02:02,A,0.575757575757576,A,10.1126/science.ado8609
A*02:03,A*02:03,A,0,A,10.1126/science.ado8609
A*02:03,A*02:04,A,0.487179487179487,A,10.1126/science.ado8609
A*02:03,A*02:05,A,0.675675675675676,A,10.1126/science.ado8609
A*02:03,A*02:06,A,0.588235294117647,A,10.1126/science.ado8609
A*02:03,A*02:07,A,0.773584905660377,A,10.1126/science.ado8609
A*02:03,A*02:11,A,0.513513513513513,A,10.1126/science.ado8609
A*02:03,A*03:01,A,0.942857142857143,A,10.1126/science.ado8609
A*02:03,A*11:01,A,0.951219512195122,A,10.1126/science.ado8609
A*02:03,A*11:02,A,0.952380952380952,A,10.1126/science.ado8609
A*02:03,A*23:01,A,0.875,A,10.1126/science.ado8609
A*02:03,A*24:02,A,0.862068965517241,A,10.1126/science.ado8609
A*02:03,A*24:07,A,0.935483870967742,A,10.1126/science.ado8609
A*02:03,A*25:01,A,0.9375,A,10.1126/science.ado8609
A*02:03,A*26:01,A,0.931034482758621,A,10.1126/science.ado8609
A*02:03,A*29:02,A,0.92,A,10.1126/science.ado8609
A*02:03,A*30:01,A,0.916666666666667,A,10.1126/science.ado8609
A*02:03,A*30:02,A,0.909090909090909,A,10.1126/science.ado8609
A*02:03,A*31:01,A,0.91304347826087,A,10.1126/science.ado8609
A*02:03,A*32:01,A,0.897435897435897,A,10.1126/science.ado8609
A*02:03,A*33:01,A,0.931034482758621,A,10.1126/science.ado8609
A*02:03,A*33:03,A,0.941176470588235,A,10.1126/science.ado8609
A*02:03,A*34:01,A,0.941176470588235,A,10.1126/science.ado8609
A*02:03,A*34:02,A,0.96,A,10.1126/science.ado8609
A*02:03,A*36:01,A,0.941176470588235,A,10.1126/science.ado8609
A*02:03,A*66:01,A,0.944444444444444,A,10.1126/science.ado8609
A*02:03,A*68:01,A,0.928571428571429,A,10.1126/science.ado8609
A*02:03,A*68:02,A,0.733333333333333,A,10.1126/science.ado8609
A*02:03,A*74:01,A,0.95,A,10.1126/science.ado8609
A*02:04,A*01:01,A,0.9375,A,10.1126/science.ado8609
A*02:04,A*02:01,A,0.575757575757576,A,10.1126/science.ado8609
A*02:04,A*02:02,A,0.5625,A,10.1126/science.ado8609
A*02:04,A*02:03,A,0.487179487179487,A,10.1126/science.ado8609
A*02:04,A*02:04,A,0,A,10.1126/science.ado8609
A*02:04,A*02:05,A,0.833333333333333,A,10.1126/science.ado8609
A*02:04,A*02:06,A,0.696969696969697,A,10.1126/science.ado8609
A*02:04,A*02:07,A,0.769230769230769,A,10.1126/science.ado8609
A*02:04,A*02:11,A,0.611111111111111,A,10.1126/science.ado8609
A*02:04,A*03:01,A,0.941176470588235,A,10.1126/science.ado8609
A*02:04,A*11:01,A,0.95,A,10.1126/science.ado8609
A*02:04,A*11:02,A,0.951219512195122,A,10.1126/science.ado8609
A*02:04,A*23:01,A,0.870967741935484,A,10.1126/science.ado8609
A*02:04,A*24:02,A,0.857142857142857,A,10.1126/science.ado8609
A*02:04,A*24:07,A,0.933333333333333,A,10.1126/science.ado8609
A*02:04,A*25:01,A,0.935483870967742,A,10.1126/science.ado8609
A*02:04,A*26:01,A,0.928571428571429,A,10.1126/science.ado8609
A*02:04,A*29:02,A,0.916666666666667,A,10.1126/science.ado8609
A*02:04,A*30:01,A,0.91304347826087,A,10.1126/science.ado8609
A*02:04,A*30:02,A,0.904761904761905,A,10.1126/science.ado8609
A*02:04,A*31:01,A,0.909090909090909,A,10.1126/science.ado8609
A*02:04,A*32:01,A,0.842105263157895,A,10.1126/science.ado8609
A*02:04,A*33:01,A,0.928571428571429,A,10.1126/science.ado8609
A*02:04,A*33:03,A,0.939393939393939,A,10.1126/science.ado8609
A*02:04,A*34:01,A,0.939393939393939,A,10.1126/science.ado8609
A*02:04,A*34:02,A,0.959183673469388,A,10.1126/science.ado8609
A*02:04,A*36:01,A,0.939393939393939,A,10.1126/science.ado8609
A*02:04,A*66:01,A,0.942857142857143,A,10.1126/science.ado8609
A*02:04,A*68:01,A,0.925925925925926,A,10.1126/science.ado8609
A*02:04,A*68:02,A,0.793103448275862,A,10.1126/science.ado8609
A*02:04,A*74:01,A,0.897435897435897,A,10.1126/science.ado8609
A*02:05,A*01:01,A,0.933333333333333,A,10.1126/science.ado8609
A*02:05,A*02:01,A,0.483870967741935,A,10.1126/science.ado8609
A*02:05,A*02:02,A,0.666666666666667,A,10.1126/science.ado8609
A*02:05,A*02:03,A,0.675675675675676,A,10.1126/science.ado8609
A*02:05,A*02:04,A,0.833333333333333,A,10.1126/science.ado8609
A*02:05,A*02:05,A,0,A,10.1126/science.ado8609
A*02:05,A*02:06,A,0.290322580645161,A,10.1126/science.ado8609
A*02:05,A*02:07,A,0.68,A,10.1126/science.ado8609
A*02:05,A*02:11,A,0.352941176470588,A,10.1126/science.ado8609
A*02:05,A*03:01,A,0.9375,A,10.1126/science.ado8609
A*02:05,A*11:01,A,0.947368421052632,A,10.1126/science.ado8609
A*02:05,A*11:02,A,0.948717948717949,A,10.1126/science.ado8609
A*02:05,A*23:01,A,0.931034482758621,A,10.1126/science.ado8609
A*02:05,A*24:02,A,0.923076923076923,A,10.1126/science.ado8609
A*02:05,A*24:07,A,0.928571428571429,A,10.1126/science.ado8609
A*02:05,A*25:01,A,0.931034482758621,A,10.1126/science.ado8609
A*02:05,A*26:01,A,0.923076923076923,A,10.1126/science.ado8609
A*02:05,A*29:02,A,0.909090909090909,A,10.1126/science.ado8609
A*02:05,A*30:01,A,0.904761904761905,A,10.1126/science.ado8609
A*02:05,A*30:02,A,0.894736842105263,A,10.1126/science.ado8609
A*02:05,A*31:01,A,0.9,A,10.1126/science.ado8609
A*02:05,A*32:01,A,0.888888888888889,A,10.1126/science.ado8609
A*02:05,A*33:01,A,0.923076923076923,A,10.1126/science.ado8609
A*02:05,A*33:03,A,0.935483870967742,A,10.1126/science.ado8609
A*02:05,A*34:01,A,0.935483870967742,A,10.1126/science.ado8609
A*02:05,A*34:02,A,0.957446808510638,A,10.1126/science.ado8609
A*02:05,A*36:01,A,0.935483870967742,A,10.1126/science.ado8609
A*02:05,A*66:01,A,0.939393939393939,A,10.1126/science.ado8609
A*02:05,A*68:01,A,0.92,A,10.1126/science.ado8609
A*02:05,A*68:02,A,0.407407407407407,A,10.1126/science.ado8609
A*02:05,A*74:01,A,0.945945945945946,A,10.1126/science.ado8609
A*02:06,A*01:01,A,0.925925925925926,A,10.1126/science.ado8609
A*02:06,A*02:01,A,0.357142857142857,A,10.1126/science.ado8609
A*02:06,A*02:02,A,0.555555555555556,A,10.1126/science.ado8609
A*02:06,A*02:03,A,0.588235294117647,A,10.1126/science.ado8609
A*02:06,A*02:04,A,0.696969696969697,A,10.1126/science.ado8609
A*02:06,A*02:05,A,0.290322580645161,A,10.1126/science.ado8609
A*02:06,A*02:06,A,0,A,10.1126/science.ado8609
A*02:06,A*02:07,A,0.659574468085106,A,10.1126/science.ado8609
A*02:06,A*02:11,A,0.290322580645161,A,10.1126/science.ado8609
A*02:06,A*03:01,A,0.931034482758621,A,10.1126/science.ado8609
A*02:06,A*11:01,A,0.942857142857143,A,10.1126/science.ado8609
A*02:06,A*11:02,A,0.944444444444444,A,10.1126/science.ado8609
A*02:06,A*23:01,A,0.846153846153846,A,10.1126/science.ado8609
A*02:06,A*24:02,A,0.826086956521739,A,10.1126/science.ado8609
A*02:06,A*24:07,A,0.92,A,10.1126/science.ado8609
A*02:06,A*25:01,A,0.923076923076923,A,10.1126/science.ado8609
A*02:06,A*26:01,A,0.91304347826087,A,10.1126/science.ado8609
A*02:06,A*29:02,A,0.894736842105263,A,10.1126/science.ado8609
A*02:06,A*30:01,A,0.888888888888889,A,10.1126/science.ado8609
A*02:06,A*30:02,A,0.875,A,10.1126/science.ado8609
A*02:06,A*31:01,A,0.882352941176471,A,10.1126/science.ado8609
A*02:06,A*32:01,A,0.878787878787879,A,10.1126/science.ado8609
A*02:06,A*33:01,A,0.91304347826087,A,10.1126/science.ado8609
A*02:06,A*33:03,A,0.928571428571429,A,10.1126/science.ado8609
A*02:06,A*34:01,A,0.928571428571429,A,10.1126/science.ado8609
A*02:06,A*34:02,A,0.954545454545455,A,10.1126/science.ado8609
A*02:06,A*36:01,A,0.928571428571429,A,10.1126/science.ado8609
A*02:06,A*66:01,A,0.933333333333333,A,10.1126/science.ado8609
A*02:06,A*68:01,A,0.909090909090909,A,10.1126/science.ado8609
A*02:06,A*68:02,A,0.333333333333333,A,10.1126/science.ado8609
A*02:06,A*74:01,A,0.941176470588235,A,10.1126/science.ado8609
A*02:07,A*01:01,A,0.91304347826087,A,10.1126/science.ado8609
A*02:07,A*02:01,A,0.574468085106383,A,10.1126/science.ado8609
A*02:07,A*02:02,A,0.695652173913043,A,10.1126/science.ado8609
A*02:07,A*02:03,A,0.773584905660377,A,10.1126/science.ado8609
A*02:07,A*02:04,A,0.769230769230769,A,10.1126/science.ado8609
A*02:07,A*02:05,A,0.68,A,10.1126/science.ado8609
A*02:07,A*02:06,A,0.659574468085106,A,10.1126/science.ado8609
A*02:07,A*02:07,A,0,A,10.1126/science.ado8609
A*02:07,A*02:11,A,0.52,A,10.1126/science.ado8609
A*02:07,A*03:01,A,0.958333333333333,A,10.1126/science.ado8609
A*02:07,A*11:01,A,0.962962962962963,A,10.1126/science.ado8609
A*02:07,A*11:02,A,0.963636363636364,A,10.1126/science.ado8609
A*02:07,A*23:01,A,0.911111111111111,A,10.1126/science.ado8609
A*02:07,A*24:02,A,0.904761904761905,A,10.1126/science.ado8609
A*02:07,A*24:07,A,0.954545454545455,A,10.1126/science.ado8609
A*02:07,A*25:01,A,0.955555555555556,A,10.1126/science.ado8609
A*02:07,A*26:01,A,0.952380952380952,A,10.1126/science.ado8609
A*02:07,A*29:02,A,0.947368421052632,A,10.1126/science.ado8609
A*02:07,A*30:01,A,0.945945945945946,A,10.1126/science.ado8609
A*02:07,A*30:02,A,0.942857142857143,A,10.1126/science.ado8609
A*02:07,A*31:01,A,0.944444444444444,A,10.1126/science.ado8609
A*02:07,A*32:01,A,0.884615384615385,A,10.1126/science.ado8609
A*02:07,A*33:01,A,0.952380952380952,A,10.1126/science.ado8609
A*02:07,A*33:03,A,0.957446808510638,A,10.1126/science.ado8609
A*02:07,A*34:01,A,0.957446808510638,A,10.1126/science.ado8609
A*02:07,A*34:02,A,0.968253968253968,A,10.1126/science.ado8609
A*02:07,A*36:01,A,0.914893617021277,A,10.1126/science.ado8609
A*02:07,A*66:01,A,0.959183673469388,A,10.1126/science.ado8609
A*02:07,A*68:01,A,0.951219512195122,A,10.1126/science.ado8609
A*02:07,A*68:02,A,0.767441860465116,A,10.1126/science.ado8609
A*02:07,A*74:01,A,0.962264150943396,A,10.1126/science.ado8609
A*02:11,A*01:01,A,0.933333333333333,A,10.1126/science.ado8609
A*02:11,A*02:01,A,0.161290322580645,A,10.1126/science.ado8609
A*02:11,A*02:02,A,0.4,A,10.1126/science.ado8609
A*02:11,A*02:03,A,0.513513513513513,A,10.1126/science.ado8609
A*02:11,A*02:04,A,0.611111111111111,A,10.1126/science.ado8609
A*02:11,A*02:05,A,0.352941176470588,A,10.1126/science.ado8609
A*02:11,A*02:06,A,0.290322580645161,A,10.1126/science.ado8609
A*02:11,A*02:07,A,0.52,A,10.1126/science.ado8609
A*02:11,A*02:11,A,0,A,10.1126/science.ado8609
A*02:11,A*03:01,A,0.9375,A,10.1126/science.ado8609
A*02:11,A*11:01,A,0.947368421052632,A,10.1126/science.ado8609
A*02:11,A*11:02,A,0.948717948717949,A,10.1126/science.ado8609
A*02:11,A*23:01,A,0.862068965517241,A,10.1126/science.ado8609
A*02:11,A*24:02,A,0.846153846153846,A,10.1126/science.ado8609
A*02:11,A*24:07,A,0.928571428571429,A,10.1126/science.ado8609
A*02:11,A*25:01,A,0.931034482758621,A,10.1126/science.ado8609
A*02:11,A*26:01,A,0.923076923076923,A,10.1126/science.ado8609
A*02:11,A*29:02,A,0.909090909090909,A,10.1126/science.ado8609
A*02:11,A*30:01,A,0.904761904761905,A,10.1126/science.ado8609
A*02:11,A*30:02,A,0.894736842105263,A,10.1126/science.ado8609
A*02:11,A*31:01,A,0.9,A,10.1126/science.ado8609
A*02:11,A*32:01,A,0.833333333333333,A,10.1126/science.ado8609
A*02:11,A*33:01,A,0.923076923076923,A,10.1126/science.ado8609
A*02:11,A*33:03,A,0.935483870967742,A,10.1126/science.ado8609
A*02:11,A*34:01,A,0.935483870967742,A,10.1126/science.ado8609
A*02:11,A*34:02,A,0.957446808510638,A,10.1126/science.ado8609
A*02:11,A*36:01,A,0.935483870967742,A,10.1126/science.ado8609
A*02:11,A*66:01,A,0.939393939393939,A,10.1126/science.ado8609
A*02:11,A*68:01,A,0.92,A,10.1126/science.ado8609
A*02:11,A*68:02,A,0.481481481481482,A,10.1126/science.ado8609
A*02:11,A*74:01,A,0.891891891891892,A,10.1126/science.ado8609
A*03:01,A*01:01,A,0.857142857142857,A,10.1126/science.ado8609
A*03:01,A*02:01,A,0.931034482758621,A,10.1126/science.ado8609
A*03:01,A*02:02,A,0.928571428571429,A,10.1126/science.ado8609
A*03:01,A*02:03,A,0.942857142857143,A,10.1126/science.ado8609
A*03:01,A*02:04,A,0.941176470588235,A,10.1126/science.ado8609
A*03:01,A*02:05,A,0.9375,A,10.1126/science.ado8609
A*03:01,A*02:06,A,0.931034482758621,A,10.1126/science.ado8609
A*03:01,A*02:07,A,0.958333333333333,A,10.1126/science.ado8609
A*03:01,A*02:11,A,0.9375,A,10.1126/science.ado8609
A*03:01,A*03:01,A,0,A,10.1126/science.ado8609
A*03:01,A*11:01,A,0.611111111111111,A,10.1126/science.ado8609
A*03:01,A*11:02,A,0.675675675675676,A,10.1126/science.ado8609
A*03:01,A*23:01,A,0.925925925925926,A,10.1126/science.ado8609
A*03:01,A*24:02,A,0.916666666666667,A,10.1126/science.ado8609
A*03:01,A*24:07,A,0.923076923076923,A,10.1126/science.ado8609
A*03:01,A*25:01,A,0.925925925925926,A,10.1126/science.ado8609
A*03:01,A*26:01,A,0.833333333333333,A,10.1126/science.ado8609
A*03:01,A*29:02,A,0.8,A,10.1126/science.ado8609
A*03:01,A*30:01,A,0.684210526315789,A,10.1126/science.ado8609
A*03:01,A*30:02,A,0.764705882352941,A,10.1126/science.ado8609
A*03:01,A*31:01,A,0.777777777777778,A,10.1126/science.ado8609
A*03:01,A*32:01,A,0.882352941176471,A,10.1126/science.ado8609
A*03:01,A*33:01,A,0.916666666666667,A,10.1126/science.ado8609
A*03:01,A*33:03,A,0.793103448275862,A,10.1126/science.ado8609
A*03:01,A*34:01,A,0.862068965517241,A,10.1126/science.ado8609
A*03:01,A*34:02,A,0.777777777777778,A,10.1126/science.ado8609
A*03:01,A*36:01,A,0.931034482758621,A,10.1126/science.ado8609
A*03:01,A*66:01,A,0.870967741935484,A,10.1126/science.ado8609
A*03:01,A*68:01,A,0.739130434782609,A,10.1126/science.ado8609
A*03:01,A*68:02,A,0.92,A,10.1126/science.ado8609
A*03:01,A*74:01,A,0.828571428571429,A,10.1126/science.ado8609
A*11:01,A*01:01,A,0.882352941176471,A,10.1126/science.ado8609
A*11:01,A*02:01,A,0.942857142857143,A,10.1126/science.ado8609
A*11:01,A*02:02,A,0.941176470588235,A,10.1126/science.ado8609
A*11:01,A*02:03,A,0.951219512195122,A,10.1126/science.ado8609
A*11:01,A*02:04,A,0.95,A,10.1126/science.ado8609
A*11:01,A*02:05,A,0.947368421052632,A,10.1126/science.ado8609
A*11:01,A*02:06,A,0.942857142857143,A,10.1126/science.ado8609
A*11:01,A*02:07,A,0.962962962962963,A,10.1126/science.ado8609
A*11:01,A*02:11,A,0.947368421052632,A,10.1126/science.ado8609
A*11:01,A*03:01,A,0.611111111111111,A,10.1126/science.ado8609
A*11:01,A*11:01,A,0,A,10.1126/science.ado8609
A*11:01,A*11:02,A,0.395348837209302,A,10.1126/science.ado8609
A*11:01,A*23:01,A,0.939393939393939,A,10.1126/science.ado8609
A*11:01,A*24:02,A,0.933333333333333,A,10.1126/science.ado8609
A*11:01,A*24:07,A,0.9375,A,10.1126/science.ado8609
A*11:01,A*25:01,A,0.878787878787879,A,10.1126/science.ado8609
A*11:01,A*26:01,A,0.8,A,10.1126/science.ado8609
A*11:01,A*29:02,A,0.846153846153846,A,10.1126/science.ado8609
A*11:01,A*30:01,A,0.76,A,10.1126/science.ado8609
A*11:01,A*30:02,A,0.826086956521739,A,10.1126/science.ado8609
A*11:01,A*31:01,A,0.75,A,10.1126/science.ado8609
A*11:01,A*32:01,A,0.9,A,10.1126/science.ado8609
A*11:01,A*33:01,A,0.866666666666667,A,10.1126/science.ado8609
A*11:01,A*33:03,A,0.771428571428571,A,10.1126/science.ado8609
A*11:01,A*34:01,A,0.828571428571429,A,10.1126/science.ado8609
A*11:01,A*34:02,A,0.647058823529412,A,10.1126/science.ado8609
A*11:01,A*36:01,A,0.942857142857143,A,10.1126/science.ado8609
A*11:01,A*66:01,A,0.783783783783784,A,10.1126/science.ado8609
A*11:01,A*68:01,A,0.724137931034483,A,10.1126/science.ado8609
A*11:01,A*68:02,A,0.935483870967742,A,10.1126/science.ado8609
A*11:01,A*74:01,A,0.853658536585366,A,10.1126/science.ado8609
A*11:02,A*01:01,A,0.942857142857143,A,10.1126/science.ado8609
A*11:02,A*02:01,A,0.944444444444444,A,10.1126/science.ado8609
A*11:02,A*02:02,A,0.942857142857143,A,10.1126/science.ado8609
A*11:02,A*02:03,A,0.952380952380952,A,10.1126/science.ado8609
A*11:02,A*02:04,A,0.951219512195122,A,10.1126/science.ado8609
A*11:02,A*02:05,A,0.948717948717949,A,10.1126/science.ado8609
A*11:02,A*02:06,A,0.944444444444444,A,10.1126/science.ado8609
A*11:02,A*02:07,A,0.963636363636364,A,10.1126/science.ado8609
A*11:02,A*02:11,A,0.948717948717949,A,10.1126/science.ado8609
A*11:02,A*03:01,A,0.675675675675676,A,10.1126/science.ado8609
A*11:02,A*11:01,A,0.395348837209302,A,10.1126/science.ado8609
A*11:02,A*11:02,A,0,A,10.1126/science.ado8609
A*11:02,A*23:01,A,0.941176470588235,A,10.1126/science.ado8609
A*11:02,A*24:02,A,0.935483870967742,A,10.1126/science.ado8609
A*11:02,A*24:07,A,0.939393939393939,A,10.1126/science.ado8609
A*11:02,A*25:01,A,0.882352941176471,A,10.1126/science.ado8609
A*11:02,A*26:01,A,0.935483870967742,A,10.1126/science.ado8609
A*11:02,A*29:02,A,0.925925925925926,A,10.1126/science.ado8609
A*11:02,A*30:01,A,0.846153846153846,A,10.1126/science.ado8609
A*11:02,A*30:02,A,0.916666666666667,A,10.1126/science.ado8609
A*11:02,A*31:01,A,0.84,A,10.1126/science.ado8609
A*11:02,A*32:01,A,0.951219512195122,A,10.1126/science.ado8609
A*11:02,A*33:01,A,0.935483870967742,A,10.1126/science.ado8609
A*11:02,A*33:03,A,0.833333333333333,A,10.1126/science.ado8609
A*11:02,A*34:01,A,0.888888888888889,A,10.1126/science.ado8609
A*11:02,A*34:02,A,0.769230769230769,A,10.1126/science.ado8609
A*11:02,A*36:01,A,0.944444444444444,A,10.1126/science.ado8609
A*11:02,A*66:01,A,0.736842105263158,A,10.1126/science.ado8609
A*11:02,A*68:01,A,0.666666666666667,A,10.1126/science.ado8609
A*11:02,A*68:02,A,0.9375,A,10.1126/science.ado8609
A*11:02,A*74:01,A,0.80952380952381,A,10.1126/science.ado8609
A*23:01,A*01:01,A,0.92,A,10.1126/science.ado8609
A*23:01,A*02:01,A,0.846153846153846,A,10.1126/science.ado8609
A*23:01,A*02:02,A,0.84,A,10.1126/science.ado8609
A*23:01,A*02:03,A,0.875,A,10.1126/science.ado8609
A*23:01,A*02:04,A,0.870967741935484,A,10.1126/science.ado8609
A*23:01,A*02:05,A,0.931034482758621,A,10.1126/science.ado8609
A*23:01,A*02:06,A,0.846153846153846,A,10.1126/science.ado8609
A*23:01,A*02:07,A,0.911111111111111,A,10.1126/science.ado8609
A*23:01,A*02:11,A,0.862068965517241,A,10.1126/science.ado8609
A*23:01,A*03:01,A,0.925925925925926,A,10.1126/science.ado8609
A*23:01,A*11:01,A,0.939393939393939,A,10.1126/science.ado8609
A*23:01,A*11:02,A,0.941176470588235,A,10.1126/science.ado8609
A*23:01,A*23:01,A,0,A,10.1126/science.ado8609
A*23:01,A*24:02,A,0.142857142857143,A,10.1126/science.ado8609
A*23:01,A*24:07,A,0.130434782608696,A,10.1126/science.ado8609
A*23:01,A*25:01,A,0.916666666666667,A,10.1126/science.ado8609
A*23:01,A*26:01,A,0.904761904761905,A,10.1126/science.ado8609
A*23:01,A*29:02,A,0.764705882352941,A,10.1126/science.ado8609
A*23:01,A*30:01,A,0.875,A,10.1126/science.ado8609
A*23:01,A*30:02,A,0.857142857142857,A,10.1126/science.ado8609
A*23:01,A*31:01,A,0.866666666666667,A,10.1126/science.ado8609
A*23:01,A*32:01,A,0.870967741935484,A,10.1126/science.ado8609
A*23:01,A*33:01,A,0.904761904761905,A,10.1126/science.ado8609
A*23:01,A*33:03,A,0.923076923076923,A,10.1126/science.ado8609
A*23:01,A*34:01,A,0.923076923076923,A,10.1126/science.ado8609
A*23:01,A*34:02,A,0.952380952380952,A,10.1126/science.ado8609
A*23:01,A*36:01,A,0.923076923076923,A,10.1126/science.ado8609
A*23:01,A*66:01,A,0.928571428571429,A,10.1126/science.ado8609
A*23:01,A*68:01,A,0.9,A,10.1126/science.ado8609
A*23:01,A*68:02,A,0.909090909090909,A,10.1126/science.ado8609
A*23:01,A*74:01,A,0.9375,A,10.1126/science.ado8609
A*24:02,A*01:01,A,0.909090909090909,A,10.1126/science.ado8609
A*24:02,A*02:01,A,0.826086956521739,A,10.1126/science.ado8609
A*24:02,A*02:02,A,0.818181818181818,A,10.1126/science.ado8609
A*24:02,A*02:03,A,0.862068965517241,A,10.1126/science.ado8609
A*24:02,A*02:04,A,0.857142857142857,A,10.1126/science.ado8609
A*24:02,A*02:05,A,0.923076923076923,A,10.1126/science.ado8609
A*24:02,A*02:06,A,0.826086956521739,A,10.1126/science.ado8609
A*24:02,A*02:07,A,0.904761904761905,A,10.1126/science.ado8609
A*24:02,A*02:11,A,0.846153846153846,A,10.1126/science.ado8609
A*24:02,A*03:01,A,0.916666666666667,A,10.1126/science.ado8609
A*24:02,A*11:01,A,0.933333333333333,A,10.1126/science.ado8609
A*24:02,A*11:02,A,0.935483870967742,A,10.1126/science.ado8609
A*24:02,A*23:01,A,0.142857142857143,A,10.1126/science.ado8609
A*24:02,A*24:02,A,0,A,10.1126/science.ado8609
A*24:02,A*24:07,A,0.3,A,10.1126/science.ado8609
A*24:02,A*25:01,A,0.904761904761905,A,10.1126/science.ado8609
A*24:02,A*26:01,A,0.888888888888889,A,10.1126/science.ado8609
A*24:02,A*29:02,A,0.714285714285714,A,10.1126/science.ado8609
A*24:02,A*30:01,A,0.846153846153846,A,10.1126/science.ado8609
A*24:02,A*30:02,A,0.818181818181818,A,10.1126/science.ado8609
A*24:02,A*31:01,A,0.833333333333333,A,10.1126/science.ado8609
A*24:02,A*32:01,A,0.857142857142857,A,10.1126/science.ado8609
A*24:02,A*33:01,A,0.888888888888889,A,10.1126/science.ado8609
A*24:02,A*33:03,A,0.91304347826087,A,10.1126/science.ado8609
A*24:02,A*34:01,A,0.91304347826087,A,10.1126/science.ado8609
A*24:02,A*34:02,A,0.948717948717949,A,10.1126/science.ado8609
A*24:02,A*36:01,A,0.91304347826087,A,10.1126/science.ado8609
A*24:02,A*66:01,A,0.92,A,10.1126/science.ado8609
A*24:02,A*68:01,A,0.882352941176471,A,10.1126/science.ado8609
A*24:02,A*68:02,A,0.894736842105263,A,10.1126/science.ado8609
A*24:02,A*74:01,A,0.931034482758621,A,10.1126/science.ado8609
A*24:07,A*01:01,A,0.916666666666667,A,10.1126/science.ado8609
A*24:07,A*02:01,A,0.92,A,10.1126/science.ado8609
A*24:07,A*02:02,A,0.916666666666667,A,10.1126/science.ado8609
A*24:07,A*02:03,A,0.935483870967742,A,10.1126/science.ado8609
A*24:07,A*02:04,A,0.933333333333333,A,10.1126/science.ado8609
A*24:07,A*02:05,A,0.928571428571429,A,10.1126/science.ado8609
A*24:07,A*02:06,A,0.92,A,10.1126/science.ado8609
A*24:07,A*02:07,A,0.954545454545455,A,10.1126/science.ado8609
A*24:07,A*02:11,A,0.928571428571429,A,10.1126/science.ado8609
A*24:07,A*03:01,A,0.923076923076923,A,10.1126/science.ado8609
A*24:07,A*11:01,A,0.9375,A,10.1126/science.ado8609
A*24:07,A*11:02,A,0.939393939393939,A,10.1126/science.ado8609
A*24:07,A*23:01,A,0.130434782608696,A,10.1126/science.ado8609
A*24:07,A*24:02,A,0.3,A,10.1126/science.ado8609
A*24:07,A*24:07,A,0,A,10.1126/science.ado8609
A*24:07,A*25:01,A,0.91304347826087,A,10.1126/science.ado8609
A*24:07,A*26:01,A,0.9,A,10.1126/science.ado8609
A*24:07,A*29:02,A,0.75,A,10.1126/science.ado8609
A*24:07,A*30:01,A,0.866666666666667,A,10.1126/science.ado8609
A*24:07,A*30:02,A,0.846153846153846,A,10.1126/science.ado8609
A*24:07,A*31:01,A,0.857142857142857,A,10.1126/science.ado8609
A*24:07,A*32:01,A,0.866666666666667,A,10.1126/science.ado8609
A*24:07,A*33:01,A,0.9,A,10.1126/science.ado8609
A*24:07,A*33:03,A,0.92,A,10.1126/science.ado8609
A*24:07,A*34:01,A,0.92,A,10.1126/science.ado8609
A*24:07,A*34:02,A,0.951219512195122,A,10.1126/science.ado8609
A*24:07,A*36:01,A,0.92,A,10.1126/science.ado8609
A*24:07,A*66:01,A,0.925925925925926,A,10.1126/science.ado8609
A*24:07,A*68:01,A,0.894736842105263,A,10.1126/science.ado8609
A*24:07,A*68:02,A,0.904761904761905,A,10.1126/science.ado8609
A*24:07,A*74:01,A,0.935483870967742,A,10.1126/science.ado8609
A*25:01,A*01:01,A,0.92,A,10.1126/science.ado8609
A*25:01,A*02:01,A,0.923076923076923,A,10.1126/science.ado8609
A*25:01,A*02:02,A,0.92,A,10.1126/science.ado8609
A*25:01,A*02:03,A,0.9375,A,10.1126/science.ado8609
A*25:01,A*02:04,A,0.935483870967742,A,10.1126/science.ado8609
A*25:01,A*02:05,A,0.931034482758621,A,10.1126/science.ado8609
A*25:01,A*02:06,A,0.923076923076923,A,10.1126/science.ado8609
A*25:01,A*02:07,A,0.955555555555556,A,10.1126/science.ado8609
A*25:01,A*02:11,A,0.931034482758621,A,10.1126/science.ado8609
A*25:01,A*03:01,A,0.925925925925926,A,10.1126/science.ado8609
A*25:01,A*11:01,A,0.878787878787879,A,10.1126/science.ado8609
A*25:01,A*11:02,A,0.882352941176471,A,10.1126/science.ado8609
A*25:01,A*23:01,A,0.916666666666667,A,10.1126/science.ado8609
A*25:01,A*24:02,A,0.904761904761905,A,10.1126/science.ado8609
A*25:01,A*24:07,A,0.91304347826087,A,10.1126/science.ado8609
A*25:01,A*25:01,A,0,A,10.1126/science.ado8609
A*25:01,A*26:01,A,0.523809523809524,A,10.1126/science.ado8609
A*25:01,A*29:02,A,0.882352941176471,A,10.1126/science.ado8609
A*25:01,A*30:01,A,0.875,A,10.1126/science.ado8609
A*25:01,A*30:02,A,0.857142857142857,A,10.1126/science.ado8609
A*25:01,A*31:01,A,0.866666666666667,A,10.1126/science.ado8609
A*25:01,A*32:01,A,0.741935483870968,A,10.1126/science.ado8609
A*25:01,A*33:01,A,0.904761904761905,A,10.1126/science.ado8609
A*25:01,A*33:03,A,0.923076923076923,A,10.1126/science.ado8609
A*25:01,A*34:01,A,0.846153846153846,A,10.1126/science.ado8609
A*25:01,A*34:02,A,0.904761904761905,A,10.1126/science.ado8609
A*25:01,A*36:01,A,0.923076923076923,A,10.1126/science.ado8609
A*25:01,A*66:01,A,0.857142857142857,A,10.1126/science.ado8609
A*25:01,A*68:01,A,0.9,A,10.1126/science.ado8609
A*25:01,A*68:02,A,0.909090909090909,A,10.1126/science.ado8609
A*25:01,A*74:01,A,0.9375,A,10.1126/science.ado8609
A*26:01,A*01:01,A,0.818181818181818,A,10.1126/science.ado8609
A*26:01,A*02:01,A,0.91304347826087,A,10.1126/science.ado8609
A*26:01,A*02:02,A,0.909090909090909,A,10.1126/science.ado8609
A*26:01,A*02:03,A,0.931034482758621,A,10.1126/science.ado8609
A*26:01,A*02:04,A,0.928571428571429,A,10.1126/science.ado8609
A*26:01,A*02:05,A,0.923076923076923,A,10.1126/science.ado8609
A*26:01,A*02:06,A,0.91304347826087,A,10.1126/science.ado8609
A*26:01,A*02:07,A,0.952380952380952,A,10.1126/science.ado8609
A*26:01,A*02:11,A,0.923076923076923,A,10.1126/science.ado8609
A*26:01,A*03:01,A,0.833333333333333,A,10.1126/science.ado8609
A*26:01,A*11:01,A,0.8,A,10.1126/science.ado8609
A*26:01,A*11:02,A,0.935483870967742,A,10.1126/science.ado8609
A*26:01,A*23:01,A,0.904761904761905,A,10.1126/science.ado8609
A*26:01,A*24:02,A,0.888888888888889,A,10.1126/science.ado8609
A*26:01,A*24:07,A,0.9,A,10.1126/science.ado8609
A*26:01,A*25:01,A,0.523809523809524,A,10.1126/science.ado8609
A*26:01,A*26:01,A,0,A,10.1126/science.ado8609
A*26:01,A*29:02,A,0.714285714285714,A,10.1126/science.ado8609
A*26:01,A*30:01,A,0.692307692307692,A,10.1126/science.ado8609
A*26:01,A*30:02,A,0.636363636363636,A,10.1126/science.ado8609
A*26:01,A*31:01,A,0.833333333333333,A,10.1126/science.ado8609
A*26:01,A*32:01,A,0.857142857142857,A,10.1126/science.ado8609
A*26:01,A*33:01,A,0.888888888888889,A,10.1126/science.ado8609
A*26:01,A*33:03,A,0.91304347826087,A,10.1126/science.ado8609
A*26:01,A*34:01,A,0.826086956521739,A,10.1126/science.ado8609
A*26:01,A*34:02,A,0.948717948717949,A,10.1126/science.ado8609
A*26:01,A*36:01,A,0.826086956521739,A,10.1126/science.ado8609
A*26:01,A*66:01,A,0.92,A,10.1126/science.ado8609
A*26:01,A*68:01,A,0.882352941176471,A,10.1126/science.ado8609
A*26:01,A*68:02,A,0.894736842105263,A,10.1126/science.ado8609
A*26:01,A*74:01,A,0.931034482758621,A,10.1126/science.ado8609
A*29:02,A*01:01,A,0.777777777777778,A,10.1126/science.ado8609
A*29:02,A*02:01,A,0.894736842105263,A,10.1126/science.ado8609
A*29:02,A*02:02,A,0.888888888888889,A,10.1126/science.ado8609
A*29:02,A*02:03,A,0.92,A,10.1126/science.ado8609
A*29:02,A*02:04,A,0.916666666666667,A,10.1126/science.ado8609
A*29:02,A*02:05,A,0.909090909090909,A,10.1126/science.ado8609
A*29:02,A*02:06,A,0.894736842105263,A,10.1126/science.ado8609
A*29:02,A*02:07,A,0.947368421052632,A,10.1126/science.ado8609
A*29:02,A*02:11,A,0.909090909090909,A,10.1126/science.ado8609
A*29:02,A*03:01,A,0.8,A,10.1126/science.ado8609
A*29:02,A*11:01,A,0.846153846153846,A,10.1126/science.ado8609
A*29:02,A*11:02,A,0.925925925925926,A,10.1126/science.ado8609
A*29:02,A*23:01,A,0.764705882352941,A,10.1126/science.ado8609
A*29:02,A*24:02,A,0.714285714285714,A,10.1126/science.ado8609
A*29:02,A*24:07,A,0.75,A,10.1126/science.ado8609
A*29:02,A*25:01,A,0.882352941176471,A,10.1126/science.ado8609
A*29:02,A*26:01,A,0.714285714285714,A,10.1126/science.ado8609
A*29:02,A*29:02,A,0,A,10.1126/science.ado8609
A*29:02,A*30:01,A,0.555555555555556,A,10.1126/science.ado8609
A*29:02,A*30:02,A,0.428571428571429,A,10.1126/science.ado8609
A*29:02,A*31:01,A,0.75,A,10.1126/science.ado8609
A*29:02,A*32:01,A,0.75,A,10.1126/science.ado8609
A*29:02,A*33:01,A,0.857142857142857,A,10.1126/science.ado8609
A*29:02,A*33:03,A,0.894736842105263,A,10.1126/science.ado8609
A*29:02,A*34:01,A,0.894736842105263,A,10.1126/science.ado8609
A*29:02,A*34:02,A,0.942857142857143,A,10.1126/science.ado8609
A*29:02,A*36:01,A,0.894736842105263,A,10.1126/science.ado8609
A*29:02,A*66:01,A,0.904761904761905,A,10.1126/science.ado8609
A*29:02,A*68:01,A,0.846153846153846,A,10.1126/science.ado8609
A*29:02,A*68:02,A,0.866666666666667,A,10.1126/science.ado8609
A*29:02,A*74:01,A,0.92,A,10.1126/science.ado8609
A*30:01,A*01:01,A,0.764705882352941,A,10.1126/science.ado8609
A*30:01,A*02:01,A,0.888888888888889,A,10.1126/science.ado8609
A*30:01,A*02:02,A,0.882352941176471,A,10.1126/science.ado8609
A*30:01,A*02:03,A,0.916666666666667,A,10.1126/science.ado8609
A*30:01,A*02:04,A,0.91304347826087,A,10.1126/science.ado8609
A*30:01,A*02:05,A,0.904761904761905,A,10.1126/science.ado8609
A*30:01,A*02:06,A,0.888888888888889,A,10.1126/science.ado8609
A*30:01,A*02:07,A,0.945945945945946,A,10.1126/science.ado8609
A*30:01,A*02:11,A,0.904761904761905,A,10.1126/science.ado8609
A*30:01,A*03:01,A,0.684210526315789,A,10.1126/science.ado8609
A*30:01,A*11:01,A,0.76,A,10.1126/science.ado8609
A*30:01,A*11:02,A,0.846153846153846,A,10.1126/science.ado8609
A*30:01,A*23:01,A,0.875,A,10.1126/science.ado8609
A*30:01,A*24:02,A,0.846153846153846,A,10.1126/science.ado8609
A*30:01,A*24:07,A,0.866666666666667,A,10.1126/science.ado8609
A*30:01,A*25:01,A,0.875,A,10.1126/science.ado8609
A*30:01,A*26:01,A,0.692307692307692,A,10.1126/science.ado8609
A*30:01,A*29:02,A,0.555555555555556,A,10.1126/science.ado8609
A*30:01,A*30:01,A,0,A,10.1126/science.ado8609
A*30:01,A*30:02,A,0.333333333333333,A,10.1126/science.ado8609
A*30:01,A*31:01,A,0.714285714285714,A,10.1126/science.ado8609
A*30:01,A*32:01,A,0.826086956521739,A,10.1126/science.ado8609
A*30:01,A*33:01,A,0.846153846153846,A,10.1126/science.ado8609
A*30:01,A*33:03,A,0.777777777777778,A,10.1126/science.ado8609
A*30:01,A*34:01,A,0.888888888888889,A,10.1126/science.ado8609
A*30:01,A*34:02,A,0.941176470588235,A,10.1126/science.ado8609
A*30:01,A*36:01,A,0.888888888888889,A,10.1126/science.ado8609
A*30:01,A*66:01,A,0.9,A,10.1126/science.ado8609
A*30:01,A*68:01,A,0.666666666666667,A,10.1126/science.ado8609
A*30:01,A*68:02,A,0.857142857142857,A,10.1126/science.ado8609
A*30:01,A*74:01,A,0.916666666666667,A,10.1126/science.ado8609
A*30:02,A*01:01,A,0.733333333333333,A,10.1126/science.ado8609
A*30:02,A*02:01,A,0.875,A,10.1126/science.ado8609
A*30:02,A*02:02,A,0.866666666666667,A,10.1126/science.ado8609
A*30:02,A*02:03,A,0.909090909090909,A,10.1126/science.ado8609
A*30:02,A*02:04,A,0.904761904761905,A,10.1126/science.ado8609
A*30:02,A*02:05,A,0.894736842105263,A,10.1126/science.ado8609
A*30:02,A*02:06,A,0.875,A,10.1126/science.ado8609
A*30:02,A*02:07,A,0.942857142857143,A,10.1126/science.ado8609
A*30:02,A*02:11,A,0.894736842105263,A,10.1126/science.ado8609
A*30:02,A*03:01,A,0.764705882352941,A,10.1126/science.ado8609
A*30:02,A*11:01,A,0.826086956521739,A,10.1126/science.ado8609
A*30:02,A*11:02,A,0.916666666666667,A,10.1126/science.ado8609
A*30:02,A*23:01,A,0.857142857142857,A,10.1126/science.ado8609
A*30:02,A*24:02,A,0.818181818181818,A,10.1126/science.ado8609
A*30:02,A*24:07,A,0.846153846153846,A,10.1126/science.ado8609
A*30:02,A*25:01,A,0.857142857142857,A,10.1126/science.ado8609
A*30:02,A*26:01,A,0.636363636363636,A,10.1126/science.ado8609
A*30:02,A*29:02,A,0.428571428571429,A,10.1126/science.ado8609
A*30:02,A*30:01,A,0.333333333333333,A,10.1126/science.ado8609
A*30:02,A*30:02,A,0,A,10.1126/science.ado8609
A*30:02,A*31:01,A,0.6,A,10.1126/science.ado8609
A*30:02,A*32:01,A,0.80952380952381,A,10.1126/science.ado8609
A*30:02,A*33:01,A,0.818181818181818,A,10.1126/science.ado8609
A*30:02,A*33:03,A,0.875,A,10.1126/science.ado8609
A*30:02,A*34:01,A,0.875,A,10.1126/science.ado8609
A*30:02,A*34:02,A,0.9375,A,10.1126/science.ado8609
A*30:02,A*36:01,A,0.875,A,10.1126/science.ado8609
A*30:02,A*66:01,A,0.888888888888889,A,10.1126/science.ado8609
A*30:02,A*68:01,A,0.8,A,10.1126/science.ado8609
A*30:02,A*68:02,A,0.833333333333333,A,10.1126/science.ado8609
A*30:02,A*74:01,A,0.909090909090909,A,10.1126/science.ado8609
A*31:01,A*01:01,A,0.875,A,10.1126/science.ado8609
A*31:01,A*02:01,A,0.882352941176471,A,10.1126/science.ado8609
A*31:01,A*02:02,A,0.875,A,10.1126/science.ado8609
A*31:01,A*02:03,A,0.91304347826087,A,10.1126/science.ado8609
A*31:01,A*02:04,A,0.909090909090909,A,10.1126/science.ado8609
A*31:01,A*02:05,A,0.9,A,10.1126/science.ado8609
A*31:01,A*02:06,A,0.882352941176471,A,10.1126/science.ado8609
A*31:01,A*02:07,A,0.944444444444444,A,10.1126/science.ado8609
A*31:01,A*02:11,A,0.9,A,10.1126/science.ado8609
A*31:01,A*03:01,A,0.777777777777778,A,10.1126/science.ado8609
A*31:01,A*11:01,A,0.75,A,10.1126/science.ado8609
A*31:01,A*11:02,A,0.84,A,10.1126/science.ado8609
A*31:01,A*23:01,A,0.866666666666667,A,10.1126/science.ado8609
A*31:01,A*24:02,A,0.833333333333333,A,10.1126/science.ado8609
A*31:01,A*24:07,A,0.857142857142857,A,10.1126/science.ado8609
A*31:01,A*25:01,A,0.866666666666667,A,10.1126/science.ado8609
A*31:01,A*26:01,A,0.833333333333333,A,10.1126/science.ado8609
A*31:01,A*29:02,A,0.75,A,10.1126/science.ado8609
A*31:01,A*30:01,A,0.714285714285714,A,10.1126/science.ado8609
A*31:01,A*30:02,A,0.6,A,10.1126/science.ado8609
A*31:01,A*31:01,A,0,A,10.1126/science.ado8609
A*31:01,A*32:01,A,0.909090909090909,A,10.1126/science.ado8609
A*31:01,A*33:01,A,0.666666666666667,A,10.1126/science.ado8609
A*31:01,A*33:03,A,0.647058823529412,A,10.1126/science.ado8609
A*31:01,A*34:01,A,0.647058823529412,A,10.1126/science.ado8609
A*31:01,A*34:02,A,0.818181818181818,A,10.1126/science.ado8609
A*31:01,A*36:01,A,0.882352941176471,A,10.1126/science.ado8609
A*31:01,A*66:01,A,0.684210526315789,A,10.1126/science.ado8609
A*31:01,A*68:01,A,0.454545454545455,A,10.1126/science.ado8609
A*31:01,A*68:02,A,0.846153846153846,A,10.1126/science.ado8609
A*31:01,A*74:01,A,0.739130434782609,A,10.1126/science.ado8609
A*32:01,A*01:01,A,0.875,A,10.1126/science.ado8609
A*32:01,A*02:01,A,0.818181818181818,A,10.1126/science.ado8609
A*32:01,A*02:02,A,0.8125,A,10.1126/science.ado8609
A*32:01,A*02:03,A,0.897435897435897,A,10.1126/science.ado8609
A*32:01,A*02:04,A,0.842105263157895,A,10.1126/science.ado8609
A*32:01,A*02:05,A,0.888888888888889,A,10.1126/science.ado8609
A*32:01,A*02:06,A,0.878787878787879,A,10.1126/science.ado8609
A*32:01,A*02:07,A,0.884615384615385,A,10.1126/science.ado8609
A*32:01,A*02:11,A,0.833333333333333,A,10.1126/science.ado8609
A*32:01,A*03:01,A,0.882352941176471,A,10.1126/science.ado8609
A*32:01,A*11:01,A,0.9,A,10.1126/science.ado8609
A*32:01,A*11:02,A,0.951219512195122,A,10.1126/science.ado8609
A*32:01,A*23:01,A,0.870967741935484,A,10.1126/science.ado8609
A*32:01,A*24:02,A,0.857142857142857,A,10.1126/science.ado8609
A*32:01,A*24:07,A,0.866666666666667,A,10.1126/science.ado8609
A*32:01,A*25:01,A,0.741935483870968,A,10.1126/science.ado8609
A*32:01,A*26:01,A,0.857142857142857,A,10.1126/science.ado8609
A*32:01,A*29:02,A,0.75,A,10.1126/science.ado8609
A*32:01,A*30:01,A,0.826086956521739,A,10.1126/science.ado8609
A*32:01,A*30:02,A,0.80952380952381,A,10.1126/science.ado8609
A*32:01,A*31:01,A,0.909090909090909,A,10.1126/science.ado8609
A*32:01,A*32:01,A,0,A,10.1126/science.ado8609
A*32:01,A*33:01,A,0.928571428571429,A,10.1126/science.ado8609
A*32:01,A*33:03,A,0.939393939393939,A,10.1126/science.ado8609
A*32:01,A*34:01,A,0.939393939393939,A,10.1126/science.ado8609
A*32:01,A*34:02,A,0.959183673469388,A,10.1126/science.ado8609
A*32:01,A*36:01,A,0.939393939393939,A,10.1126/science.ado8609
A*32:01,A*66:01,A,0.942857142857143,A,10.1126/science.ado8609
A*32:01,A*68:01,A,0.925925925925926,A,10.1126/science.ado8609
A*32:01,A*68:02,A,0.862068965517241,A,10.1126/science.ado8609
A*32:01,A*74:01,A,0.948717948717949,A,10.1126/science.ado8609
A*33:01,A*01:01,A,0.909090909090909,A,10.1126/science.ado8609
A*33:01,A*02:01,A,0.91304347826087,A,10.1126/science.ado8609
A*33:01,A*02:02,A,0.909090909090909,A,10.1126/science.ado8609
A*33:01,A*02:03,A,0.931034482758621,A,10.1126/science.ado8609
A*33:01,A*02:04,A,0.928571428571429,A,10.1126/science.ado8609
A*33:01,A*02:05,A,0.923076923076923,A,10.1126/science.ado8609
A*33:01,A*02:06,A,0.91304347826087,A,10.1126/science.ado8609
A*33:01,A*02:07,A,0.952380952380952,A,10.1126/science.ado8609
A*33:01,A*02:11,A,0.923076923076923,A,10.1126/science.ado8609
A*33:01,A*03:01,A,0.916666666666667,A,10.1126/science.ado8609
A*33:01,A*11:01,A,0.866666666666667,A,10.1126/science.ado8609
A*33:01,A*11:02,A,0.935483870967742,A,10.1126/science.ado8609
A*33:01,A*23:01,A,0.904761904761905,A,10.1126/science.ado8609
A*33:01,A*24:02,A,0.888888888888889,A,10.1126/science.ado8609
A*33:01,A*24:07,A,0.9,A,10.1126/science.ado8609
A*33:01,A*25:01,A,0.904761904761905,A,10.1126/science.ado8609
A*33:01,A*26:01,A,0.888888888888889,A,10.1126/science.ado8609
A*33:01,A*29:02,A,0.857142857142857,A,10.1126/science.ado8609
A*33:01,A*30:01,A,0.846153846153846,A,10.1126/science.ado8609
A*33:01,A*30:02,A,0.818181818181818,A,10.1126/science.ado8609
A*33:01,A*31:01,A,0.666666666666667,A,10.1126/science.ado8609
A*33:01,A*32:01,A,0.928571428571429,A,10.1126/science.ado8609
A*33:01,A*33:01,A,0,A,10.1126/science.ado8609
A*33:01,A*33:03,A,0.565217391304348,A,10.1126/science.ado8609
A*33:01,A*34:01,A,0.565217391304348,A,10.1126/science.ado8609
A*33:01,A*34:02,A,0.794871794871795,A,10.1126/science.ado8609
A*33:01,A*36:01,A,0.91304347826087,A,10.1126/science.ado8609
A*33:01,A*66:01,A,0.6,A,10.1126/science.ado8609
A*33:01,A*68:01,A,0.647058823529412,A,10.1126/science.ado8609
A*33:01,A*68:02,A,0.894736842105263,A,10.1126/science.ado8609
A*33:01,A*74:01,A,0.862068965517241,A,10.1126/science.ado8609
A*33:03,A*01:01,A,0.925925925925926,A,10.1126/science.ado8609
A*33:03,A*02:01,A,0.928571428571429,A,10.1126/science.ado8609
A*33:03,A*02:02,A,0.925925925925926,A,10.1126/science.ado8609
A*33:03,A*02:03,A,0.941176470588235,A,10.1126/science.ado8609
A*33:03,A*02:04,A,0.939393939393939,A,10.1126/science.ado8609
A*33:03,A*02:05,A,0.935483870967742,A,10.1126/science.ado8609
A*33:03,A*02:06,A,0.928571428571429,A,10.1126/science.ado8609
A*33:03,A*02:07,A,0.957446808510638,A,10.1126/science.ado8609
A*33:03,A*02:11,A,0.935483870967742,A,10.1126/science.ado8609
A*33:03,A*03:01,A,0.793103448275862,A,10.1126/science.ado8609
A*33:03,A*11:01,A,0.771428571428571,A,10.1126/science.ado8609
A*33:03,A*11:02,A,0.833333333333333,A,10.1126/science.ado8609
A*33:03,A*23:01,A,0.923076923076923,A,10.1126/science.ado8609
A*33:03,A*24:02,A,0.91304347826087,A,10.1126/science.ado8609
A*33:03,A*24:07,A,0.92,A,10.1126/science.ado8609
A*33:03,A*25:01,A,0.923076923076923,A,10.1126/science.ado8609
A*33:03,A*26:01,A,0.91304347826087,A,10.1126/science.ado8609
A*33:03,A*29:02,A,0.894736842105263,A,10.1126/science.ado8609
A*33:03,A*30:01,A,0.777777777777778,A,10.1126/science.ado8609
A*33:03,A*30:02,A,0.875,A,10.1126/science.ado8609
A*33:03,A*31:01,A,0.647058823529412,A,10.1126/science.ado8609
A*33:03,A*32:01,A,0.939393939393939,A,10.1126/science.ado8609
A*33:03,A*33:01,A,0.565217391304348,A,10.1126/science.ado8609
A*33:03,A*33:03,A,0,A,10.1126/science.ado8609
A*33:03,A*34:01,A,0.357142857142857,A,10.1126/science.ado8609
A*33:03,A*34:02,A,0.636363636363636,A,10.1126/science.ado8609
A*33:03,A*36:01,A,0.928571428571429,A,10.1126/science.ado8609
A*33:03,A*66:01,A,0.466666666666667,A,10.1126/science.ado8609
A*33:03,A*68:01,A,0.545454545454545,A,10.1126/science.ado8609
A*33:03,A*68:02,A,0.916666666666667,A,10.1126/science.ado8609
A*33:03,A*74:01,A,0.823529411764706,A,10.1126/science.ado8609
A*34:01,A*01:01,A,0.925925925925926,A,10.1126/science.ado8609
A*34:01,A*02:01,A,0.928571428571429,A,10.1126/science.ado8609
A*34:01,A*02:02,A,0.925925925925926,A,10.1126/science.ado8609
A*34:01,A*02:03,A,0.941176470588235,A,10.1126/science.ado8609
A*34:01,A*02:04,A,0.939393939393939,A,10.1126/science.ado8609
A*34:01,A*02:05,A,0.935483870967742,A,10.1126/science.ado8609
A*34:01,A*02:06,A,0.928571428571429,A,10.1126/science.ado8609
A*34:01,A*02:07,A,0.957446808510638,A,10.1126/science.ado8609
A*34:01,A*02:11,A,0.935483870967742,A,10.1126/science.ado8609
A*34:01,A*03:01,A,0.862068965517241,A,10.1126/science.ado8609
A*34:01,A*11:01,A,0.828571428571429,A,10.1126/science.ado8609
A*34:01,A*11:02,A,0.888888888888889,A,10.1126/science.ado8609
A*34:01,A*23:01,A,0.923076923076923,A,10.1126/science.ado8609
A*34:01,A*24:02,A,0.91304347826087,A,10.1126/science.ado8609
A*34:01,A*24:07,A,0.92,A,10.1126/science.ado8609
A*34:01,A*25:01,A,0.846153846153846,A,10.1126/science.ado8609
A*34:01,A*26:01,A,0.826086956521739,A,10.1126/science.ado8609
A*34:01,A*29:02,A,0.894736842105263,A,10.1126/science.ado8609
A*34:01,A*30:01,A,0.888888888888889,A,10.1126/science.ado8609
A*34:01,A*30:02,A,0.875,A,10.1126/science.ado8609
A*34:01,A*31:01,A,0.647058823529412,A,10.1126/science.ado8609
A*34:01,A*32:01,A,0.939393939393939,A,10.1126/science.ado8609
A*34:01,A*33:01,A,0.565217391304348,A,10.1126/science.ado8609
A*34:01,A*33:03,A,0.357142857142857,A,10.1126/science.ado8609
A*34:01,A*34:01,A,0,A,10.1126/science.ado8609
A*34:01,A*34:02,A,0.545454545454545,A,10.1126/science.ado8609
A*34:01,A*36:01,A,0.928571428571429,A,10.1126/science.ado8609
A*34:01,A*66:01,A,0.4,A,10.1126/science.ado8609
A*34:01,A*68:01,A,0.636363636363636,A,10.1126/science.ado8609
A*34:01,A*68:02,A,0.916666666666667,A,10.1126/science.ado8609
A*34:01,A*74:01,A,0.823529411764706,A,10.1126/science.ado8609
A*34:02,A*01:01,A,0.953488372093023,A,10.1126/science.ado8609
A*34:02,A*02:01,A,0.954545454545455,A,10.1126/science.ado8609
A*34:02,A*02:02,A,0.953488372093023,A,10.1126/science.ado8609
A*34:02,A*02:03,A,0.96,A,10.1126/science.ado8609
A*34:02,A*02:04,A,0.959183673469388,A,10.1126/science.ado8609
A*34:02,A*02:05,A,0.957446808510638,A,10.1126/science.ado8609
A*34:02,A*02:06,A,0.954545454545455,A,10.1126/science.ado8609
A*34:02,A*02:07,A,0.968253968253968,A,10.1126/science.ado8609
A*34:02,A*02:11,A,0.957446808510638,A,10.1126/science.ado8609
A*34:02,A*03:01,A,0.777777777777778,A,10.1126/science.ado8609
A*34:02,A*11:01,A,0.647058823529412,A,10.1126/science.ado8609
A*34:02,A*11:02,A,0.769230769230769,A,10.1126/science.ado8609
A*34:02,A*23:01,A,0.952380952380952,A,10.1126/science.ado8609
A*34:02,A*24:02,A,0.948717948717949,A,10.1126/science.ado8609
A*34:02,A*24:07,A,0.951219512195122,A,10.1126/science.ado8609
A*34:02,A*25:01,A,0.904761904761905,A,10.1126/science.ado8609
A*34:02,A*26:01,A,0.948717948717949,A,10.1126/science.ado8609
A*34:02,A*29:02,A,0.942857142857143,A,10.1126/science.ado8609
A*34:02,A*30:01,A,0.941176470588235,A,10.1126/science.ado8609
A*34:02,A*30:02,A,0.9375,A,10.1126/science.ado8609
A*34:02,A*31:01,A,0.818181818181818,A,10.1126/science.ado8609
A*34:02,A*32:01,A,0.959183673469388,A,10.1126/science.ado8609
A*34:02,A*33:01,A,0.794871794871795,A,10.1126/science.ado8609
A*34:02,A*33:03,A,0.636363636363636,A,10.1126/science.ado8609
A*34:02,A*34:01,A,0.545454545454545,A,10.1126/science.ado8609
A*34:02,A*34:02,A,0,A,10.1126/science.ado8609
A*34:02,A*36:01,A,0.954545454545455,A,10.1126/science.ado8609
A*34:02,A*66:01,A,0.521739130434783,A,10.1126/science.ado8609
A*34:02,A*68:01,A,0.736842105263158,A,10.1126/science.ado8609
A*34:02,A*68:02,A,0.95,A,10.1126/science.ado8609
A*34:02,A*74:01,A,0.88,A,10.1126/science.ado8609
A*36:01,A*01:01,A,0.185185185185185,A,10.1126/science.ado8609
A*36:01,A*02:01,A,0.928571428571429,A,10.1126/science.ado8609
A*36:01,A*02:02,A,0.925925925925926,A,10.1126/science.ado8609
A*36:01,A*02:03,A,0.941176470588235,A,10.1126/science.ado8609
A*36:01,A*02:04,A,0.939393939393939,A,10.1126/science.ado8609
A*36:01,A*02:05,A,0.935483870967742,A,10.1126/science.ado8609
A*36:01,A*02:06,A,0.928571428571429,A,10.1126/science.ado8609
A*36:01,A*02:07,A,0.914893617021277,A,10.1126/science.ado8609
A*36:01,A*02:11,A,0.935483870967742,A,10.1126/science.ado8609
A*36:01,A*03:01,A,0.931034482758621,A,10.1126/science.ado8609
A*36:01,A*11:01,A,0.942857142857143,A,10.1126/science.ado8609
A*36:01,A*11:02,A,0.944444444444444,A,10.1126/science.ado8609
A*36:01,A*23:01,A,0.923076923076923,A,10.1126/science.ado8609
A*36:01,A*24:02,A,0.91304347826087,A,10.1126/science.ado8609
A*36:01,A*24:07,A,0.92,A,10.1126/science.ado8609
A*36:01,A*25:01,A,0.923076923076923,A,10.1126/science.ado8609
A*36:01,A*26:01,A,0.826086956521739,A,10.1126/science.ado8609
A*36:01,A*29:02,A,0.894736842105263,A,10.1126/science.ado8609
A*36:01,A*30:01,A,0.888888888888889,A,10.1126/science.ado8609
A*36:01,A*30:02,A,0.875,A,10.1126/science.ado8609
A*36:01,A*31:01,A,0.882352941176471,A,10.1126/science.ado8609
A*36:01,A*32:01,A,0.939393939393939,A,10.1126/science.ado8609
A*36:01,A*33:01,A,0.91304347826087,A,10.1126/science.ado8609
A*36:01,A*33:03,A,0.928571428571429,A,10.1126/science.ado8609
A*36:01,A*34:01,A,0.928571428571429,A,10.1126/science.ado8609
A*36:01,A*34:02,A,0.954545454545455,A,10.1126/science.ado8609
A*36:01,A*36:01,A,0,A,10.1126/science.ado8609
A*36:01,A*66:01,A,0.933333333333333,A,10.1126/science.ado8609
A*36:01,A*68:01,A,0.909090909090909,A,10.1126/science.ado8609
A*36:01,A*68:02,A,0.916666666666667,A,10.1126/science.ado8609
A*36:01,A*74:01,A,0.941176470588235,A,10.1126/science.ado8609
A*66:01,A*01:01,A,0.931034482758621,A,10.1126/science.ado8609
A*66:01,A*02:01,A,0.933333333333333,A,10.1126/science.ado8609
A*66:01,A*02:02,A,0.931034482758621,A,10.1126/science.ado8609
A*66:01,A*02:03,A,0.944444444444444,A,10.1126/science.ado8609
A*66:01,A*02:04,A,0.942857142857143,A,10.1126/science.ado8609
A*66:01,A*02:05,A,0.939393939393939,A,10.1126/science.ado8609
A*66:01,A*02:06,A,0.933333333333333,A,10.1126/science.ado8609
A*66:01,A*02:07,A,0.959183673469388,A,10.1126/science.ado8609
A*66:01,A*02:11,A,0.939393939393939,A,10.1126/science.ado8609
A*66:01,A*03:01,A,0.870967741935484,A,10.1126/science.ado8609
A*66:01,A*11:01,A,0.783783783783784,A,10.1126/science.ado8609
A*66:01,A*11:02,A,0.736842105263158,A,10.1126/science.ado8609
A*66:01,A*23:01,A,0.928571428571429,A,10.1126/science.ado8609
A*66:01,A*24:02,A,0.92,A,10.1126/science.ado8609
A*66:01,A*24:07,A,0.925925925925926,A,10.1126/science.ado8609
A*66:01,A*25:01,A,0.857142857142857,A,10.1126/science.ado8609
A*66:01,A*26:01,A,0.92,A,10.1126/science.ado8609
A*66:01,A*29:02,A,0.904761904761905,A,10.1126/science.ado8609
A*66:01,A*30:01,A,0.9,A,10.1126/science.ado8609
A*66:01,A*30:02,A,0.888888888888889,A,10.1126/science.ado8609
A*66:01,A*31:01,A,0.684210526315789,A,10.1126/science.ado8609
A*66:01,A*32:01,A,0.942857142857143,A,10.1126/science.ado8609
A*66:01,A*33:01,A,0.6,A,10.1126/science.ado8609
A*66:01,A*33:03,A,0.466666666666667,A,10.1126/science.ado8609
A*66:01,A*34:01,A,0.4,A,10.1126/science.ado8609
A*66:01,A*34:02,A,0.521739130434783,A,10.1126/science.ado8609
A*66:01,A*36:01,A,0.933333333333333,A,10.1126/science.ado8609
A*66:01,A*66:01,A,0,A,10.1126/science.ado8609
A*66:01,A*68:01,A,0.416666666666667,A,10.1126/science.ado8609
A*66:01,A*68:02,A,0.923076923076923,A,10.1126/science.ado8609
A*66:01,A*74:01,A,0.777777777777778,A,10.1126/science.ado8609
A*68:01,A*01:01,A,0.904761904761905,A,10.1126/science.ado8609
A*68:01,A*02:01,A,0.909090909090909,A,10.1126/science.ado8609
A*68:01,A*02:02,A,0.904761904761905,A,10.1126/science.ado8609
A*68:01,A*02:03,A,0.928571428571429,A,10.1126/science.ado8609
A*68:01,A*02:04,A,0.925925925925926,A,10.1126/science.ado8609
A*68:01,A*02:05,A,0.92,A,10.1126/science.ado8609
A*68:01,A*02:06,A,0.909090909090909,A,10.1126/science.ado8609
A*68:01,A*02:07,A,0.951219512195122,A,10.1126/science.ado8609
A*68:01,A*02:11,A,0.92,A,10.1126/science.ado8609
A*68:01,A*03:01,A,0.739130434782609,A,10.1126/science.ado8609
A*68:01,A*11:01,A,0.724137931034483,A,10.1126/science.ado8609
A*68:01,A*11:02,A,0.666666666666667,A,10.1126/science.ado8609
A*68:01,A*23:01,A,0.9,A,10.1126/science.ado8609
A*68:01,A*24:02,A,0.882352941176471,A,10.1126/science.ado8609
A*68:01,A*24:07,A,0.894736842105263,A,10.1126/science.ado8609
A*68:01,A*25:01,A,0.9,A,10.1126/science.ado8609
A*68:01,A*26:01,A,0.882352941176471,A,10.1126/science.ado8609
A*68:01,A*29:02,A,0.846153846153846,A,10.1126/science.ado8609
A*68:01,A*30:01,A,0.666666666666667,A,10.1126/science.ado8609
A*68:01,A*30:02,A,0.8,A,10.1126/science.ado8609
A*68:01,A*31:01,A,0.454545454545455,A,10.1126/science.ado8609
A*68:01,A*32:01,A,0.925925925925926,A,10.1126/science.ado8609
A*68:01,A*33:01,A,0.647058823529412,A,10.1126/science.ado8609
A*68:01,A*33:03,A,0.545454545454545,A,10.1126/science.ado8609
A*68:01,A*34:01,A,0.636363636363636,A,10.1126/science.ado8609
A*68:01,A*34:02,A,0.736842105263158,A,10.1126/science.ado8609
A*68:01,A*36:01,A,0.909090909090909,A,10.1126/science.ado8609
A*68:01,A*66:01,A,0.416666666666667,A,10.1126/science.ado8609
A*68:01,A*68:01,A,0,A,10.1126/science.ado8609
A*68:01,A*68:02,A,0.888888888888889,A,10.1126/science.ado8609
A*68:01,A*74:01,A,0.714285714285714,A,10.1126/science.ado8609
A*68:02,A*01:01,A,0.91304347826087,A,10.1126/science.ado8609
A*68:02,A*02:01,A,0.583333333333333,A,10.1126/science.ado8609
A*68:02,A*02:02,A,0.652173913043478,A,10.1126/science.ado8609
A*68:02,A*02:03,A,0.733333333333333,A,10.1126/science.ado8609
A*68:02,A*02:04,A,0.793103448275862,A,10.1126/science.ado8609
A*68:02,A*02:05,A,0.407407407407407,A,10.1126/science.ado8609
A*68:02,A*02:06,A,0.333333333333333,A,10.1126/science.ado8609
A*68:02,A*02:07,A,0.767441860465116,A,10.1126/science.ado8609
A*68:02,A*02:11,A,0.481481481481482,A,10.1126/science.ado8609
A*68:02,A*03:01,A,0.92,A,10.1126/science.ado8609
A*68:02,A*11:01,A,0.935483870967742,A,10.1126/science.ado8609
A*68:02,A*11:02,A,0.9375,A,10.1126/science.ado8609
A*68:02,A*23:01,A,0.909090909090909,A,10.1126/science.ado8609
A*68:02,A*24:02,A,0.894736842105263,A,10.1126/science.ado8609
A*68:02,A*24:07,A,0.904761904761905,A,10.1126/science.ado8609
A*68:02,A*25:01,A,0.909090909090909,A,10.1126/science.ado8609
A*68:02,A*26:01,A,0.894736842105263,A,10.1126/science.ado8609
A*68:02,A*29:02,A,0.866666666666667,A,10.1126/science.ado8609
A*68:02,A*30:01,A,0.857142857142857,A,10.1126/science.ado8609
A*68:02,A*30:02,A,0.833333333333333,A,10.1126/science.ado8609
A*68:02,A*31:01,A,0.846153846153846,A,10.1126/science.ado8609
A*68:02,A*32:01,A,0.862068965517241,A,10.1126/science.ado8609
A*68:02,A*33:01,A,0.894736842105263,A,10.1126/science.ado8609
A*68:02,A*33:03,A,0.916666666666667,A,10.1126/science.ado8609
A*68:02,A*34:01,A,0.916666666666667,A,10.1126/science.ado8609
A*68:02,A*34:02,A,0.95,A,10.1126/science.ado8609
A*68:02,A*36:01,A,0.916666666666667,A,10.1126/science.ado8609
A*68:02,A*66:01,A,0.923076923076923,A,10.1126/science.ado8609
A*68:02,A*68:01,A,0.888888888888889,A,10.1126/science.ado8609
A*68:02,A*68:02,A,0,A,10.1126/science.ado8609
A*68:02,A*74:01,A,0.933333333333333,A,10.1126/science.ado8609
A*74:01,A*01:01,A,0.939393939393939,A,10.1126/science.ado8609
A*74:01,A*02:01,A,0.882352941176471,A,10.1126/science.ado8609
A*74:01,A*02:02,A,0.878787878787879,A,10.1126/science.ado8609
A*74:01,A*02:03,A,0.95,A,10.1126/science.ado8609
A*74:01,A*02:04,A,0.897435897435897,A,10.1126/science.ado8609
A*74:01,A*02:05,A,0.945945945945946,A,10.1126/science.ado8609
A*74:01,A*02:06,A,0.941176470588235,A,10.1126/science.ado8609
A*74:01,A*02:07,A,0.962264150943396,A,10.1126/science.ado8609
A*74:01,A*02:11,A,0.891891891891892,A,10.1126/science.ado8609
A*74:01,A*03:01,A,0.828571428571429,A,10.1126/science.ado8609
A*74:01,A*11:01,A,0.853658536585366,A,10.1126/science.ado8609
A*74:01,A*11:02,A,0.80952380952381,A,10.1126/science.ado8609
A*74:01,A*23:01,A,0.9375,A,10.1126/science.ado8609
A*74:01,A*24:02,A,0.931034482758621,A,10.1126/science.ado8609
A*74:01,A*24:07,A,0.935483870967742,A,10.1126/science.ado8609
A*74:01,A*25:01,A,0.9375,A,10.1126/science.ado8609
A*74:01,A*26:01,A,0.931034482758621,A,10.1126/science.ado8609
A*74:01,A*29:02,A,0.92,A,10.1126/science.ado8609
A*74:01,A*30:01,A,0.916666666666667,A,10.1126/science.ado8609
A*74:01,A*30:02,A,0.909090909090909,A,10.1126/science.ado8609
A*74:01,A*31:01,A,0.739130434782609,A,10.1126/science.ado8609
A*74:01,A*32:01,A,0.948717948717949,A,10.1126/science.ado8609
A*74:01,A*33:01,A,0.862068965517241,A,10.1126/science.ado8609
A*74:01,A*33:03,A,0.823529411764706,A,10.1126/science.ado8609
A*74:01,A*34:01,A,0.823529411764706,A,10.1126/science.ado8609
A*74:01,A*34:02,A,0.88,A,10.1126/science.ado8609
A*74:01,A*36:01,A,0.941176470588235,A,10.1126/science.ado8609
A*74:01,A*66:01,A,0.777777777777778,A,10.1126/science.ado8609
A*74:01,A*68:01,A,0.714285714285714,A,10.1126/science.ado8609
A*74:01,A*68:02,A,0.933333333333333,A,10.1126/science.ado8609
A*74:01,A*74:01,A,0,A,10.1126/science.ado8609
B*07:02,B*07:02,B,0,A,10.1126/science.ado8609
B*07:02,B*07:04,B,0.384615384615385,A,10.1126/science.ado8609
B*07:02,B*08:01,B,0.714285714285714,A,10.1126/science.ado8609
B*07:02,B*13:01,B,0.846153846153846,A,10.1126/science.ado8609
B*07:02,B*13:02,B,0.80952380952381,A,10.1126/science.ado8609
B*07:02,B*14:02,B,0.733333333333333,A,10.1126/science.ado8609
B*07:02,B*15:01,B,0.925925925925926,A,10.1126/science.ado8609
B*07:02,B*15:02,B,0.84,A,10.1126/science.ado8609
B*07:02,B*15:03,B,0.928571428571429,A,10.1126/science.ado8609
B*07:02,B*15:10,B,0.777777777777778,A,10.1126/science.ado8609
B*07:02,B*15:17,B,0.939393939393939,A,10.1126/science.ado8609
B*07:02,B*18:01,B,0.875,A,10.1126/science.ado8609
B*07:02,B*27:05,B,0.875,A,10.1126/science.ado8609
B*07:02,B*35:01,B,0.529411764705882,A,10.1126/science.ado8609
B*07:02,B*35:03,B,0.333333333333333,A,10.1126/science.ado8609
B*07:02,B*35:07,B,0.523809523809524,A,10.1126/science.ado8609
B*07:02,B*37:01,B,0.909090909090909,A,10.1126/science.ado8609
B*07:02,B*38:01,B,0.80952380952381,A,10.1126/science.ado8609
B*07:02,B*38:02,B,0.851851851851852,A,10.1126/science.ado8609
B*07:02,B*40:01,B,0.857142857142857,A,10.1126/science.ado8609
B*07:02,B*40:02,B,0.818181818181818,A,10.1126/science.ado8609
B*07:02,B*40:06,B,0.875,A,10.1126/science.ado8609
B*07:02,B*42:01,B,0.368421052631579,A,10.1126/science.ado8609
B*07:02,B*44:02,B,0.866666666666667,A,10.1126/science.ado8609
B*07:02,B*44:03,B,0.866666666666667,A,10.1126/science.ado8609
B*07:02,B*45:01,B,0.904761904761905,A,10.1126/science.ado8609
B*07:02,B*46:01,B,0.764705882352941,A,10.1126/science.ado8609
B*07:02,B*49:01,B,0.875,A,10.1126/science.ado8609
B*07:02,B*50:01,B,0.866666666666667,A,10.1126/science.ado8609
B*07:02,B*51:01,B,0.727272727272727,A,10.1126/science.ado8609
B*07:02,B*52:01,B,0.882352941176471,A,10.1126/science.ado8609
B*07:02,B*53:01,B,0.478260869565217,A,10.1126/science.ado8609
B*07:02,B*54:01,B,0.714285714285714,A,10.1126/science.ado8609
B*07:02,B*55:01,B,0.714285714285714,A,10.1126/science.ado8609
B*07:02,B*55:02,B,0.714285714285714,A,10.1126/science.ado8609
B*07:02,B*56:01,B,0.714285714285714,A,10.1126/science.ado8609
B*07:02,B*57:01,B,0.888888888888889,A,10.1126/science.ado8609
B*07:02,B*57:03,B,0.933333333333333,A,10.1126/science.ado8609
B*07:02,B*58:01,B,0.846153846153846,A,10.1126/science.ado8609
B*07:02,B*58:02,B,0.75,A,10.1126/science.ado8609
B*07:04,B*07:02,B,0.384615384615385,A,10.1126/science.ado8609
B*07:04,B*07:04,B,0,A,10.1126/science.ado8609
B*07:04,B*08:01,B,0.555555555555556,A,10.1126/science.ado8609
B*07:04,B*13:01,B,0.80952380952381,A,10.1126/science.ado8609
B*07:04,B*13:02,B,0.75,A,10.1126/science.ado8609
B*07:04,B*14:02,B,0.6,A,10.1126/science.ado8609
B*07:04,B*15:01,B,0.909090909090909,A,10.1126/science.ado8609
B*07:04,B*15:02,B,0.8,A,10.1126/science.ado8609
B*07:04,B*15:03,B,0.91304347826087,A,10.1126/science.ado8609
B*07:04,B*15:10,B,0.692307692307692,A,10.1126/science.ado8609
B*07:04,B*15:17,B,0.928571428571429,A,10.1126/science.ado8609
B*07:04,B*18:01,B,0.818181818181818,A,10.1126/science.ado8609
B*07:04,B*27:05,B,0.818181818181818,A,10.1126/science.ado8609
B*07:04,B*35:01,B,0.5,A,10.1126/science.ado8609
B*07:04,B*35:03,B,0.384615384615385,A,10.1126/science.ado8609
B*07:04,B*35:07,B,0.625,A,10.1126/science.ado8609
B*07:04,B*37:01,B,0.882352941176471,A,10.1126/science.ado8609
B*07:04,B*38:01,B,0.75,A,10.1126/science.ado8609
B*07:04,B*38:02,B,0.818181818181818,A,10.1126/science.ado8609
B*07:04,B*40:01,B,0.777777777777778,A,10.1126/science.ado8609
B*07:04,B*40:02,B,0.764705882352941,A,10.1126/science.ado8609
B*07:04,B*40:06,B,0.818181818181818,A,10.1126/science.ado8609
B*07:04,B*42:01,B,0.428571428571429,A,10.1126/science.ado8609
B*07:04,B*44:02,B,0.8,A,10.1126/science.ado8609
B*07:04,B*44:03,B,0.8,A,10.1126/science.ado8609
B*07:04,B*45:01,B,0.875,A,10.1126/science.ado8609
B*07:04,B*46:01,B,0.666666666666667,A,10.1126/science.ado8609
B*07:04,B*49:01,B,0.818181818181818,A,10.1126/science.ado8609
B*07:04,B*50:01,B,0.8,A,10.1126/science.ado8609
B*07:04,B*51:01,B,0.764705882352941,A,10.1126/science.ado8609
B*07:04,B*52:01,B,0.833333333333333,A,10.1126/science.ado8609
B*07:04,B*53:01,B,0.666666666666667,A,10.1126/science.ado8609
B*07:04,B*54:01,B,0.555555555555556,A,10.1126/science.ado8609
B*07:04,B*55:01,B,0.555555555555556,A,10.1126/science.ado8609
B*07:04,B*55:02,B,0.555555555555556,A,10.1126/science.ado8609
B*07:04,B*56:01,B,0.555555555555556,A,10.1126/science.ado8609
B*07:04,B*57:01,B,0.846153846153846,A,10.1126/science.ado8609
B*07:04,B*57:03,B,0.92,A,10.1126/science.ado8609
B*07:04,B*58:01,B,0.80952380952381,A,10.1126/science.ado8609
B*07:04,B*58:02,B,0.636363636363636,A,10.1126/science.ado8609
B*08:01,B*07:02,B,0.714285714285714,A,10.1126/science.ado8609
B*08:01,B*07:04,B,0.555555555555556,A,10.1126/science.ado8609
B*08:01,B*08:01,B,0,A,10.1126/science.ado8609
B*08:01,B*13:01,B,0.818181818181818,A,10.1126/science.ado8609
B*08:01,B*13:02,B,0.764705882352941,A,10.1126/science.ado8609
B*08:01,B*14:02,B,0.454545454545455,A,10.1126/science.ado8609
B*08:01,B*15:01,B,0.91304347826087,A,10.1126/science.ado8609
B*08:01,B*15:02,B,0.80952380952381,A,10.1126/science.ado8609
B*08:01,B*15:03,B,0.916666666666667,A,10.1126/science.ado8609
B*08:01,B*15:10,B,0.714285714285714,A,10.1126/science.ado8609
B*08:01,B*15:17,B,0.931034482758621,A,10.1126/science.ado8609
B*08:01,B*18:01,B,0.833333333333333,A,10.1126/science.ado8609
B*08:01,B*27:05,B,0.833333333333333,A,10.1126/science.ado8609
B*08:01,B*35:01,B,0.846153846153846,A,10.1126/science.ado8609
B*08:01,B*35:03,B,0.714285714285714,A,10.1126/science.ado8609
B*08:01,B*35:07,B,0.882352941176471,A,10.1126/science.ado8609
B*08:01,B*37:01,B,0.888888888888889,A,10.1126/science.ado8609
B*08:01,B*38:01,B,0.764705882352941,A,10.1126/science.ado8609
B*08:01,B*38:02,B,0.826086956521739,A,10.1126/science.ado8609
B*08:01,B*40:01,B,0.8,A,10.1126/science.ado8609
B*08:01,B*40:02,B,0.777777777777778,A,10.1126/science.ado8609
B*08:01,B*40:06,B,0.833333333333333,A,10.1126/science.ado8609
B*08:01,B*42:01,B,0.733333333333333,A,10.1126/science.ado8609
B*08:01,B*44:02,B,0.818181818181818,A,10.1126/science.ado8609
B*08:01,B*44:03,B,0.818181818181818,A,10.1126/science.ado8609
B*08:01,B*45:01,B,0.882352941176471,A,10.1126/science.ado8609
B*08:01,B*46:01,B,0.692307692307692,A,10.1126/science.ado8609
B*08:01,B*49:01,B,0.833333333333333,A,10.1126/science.ado8609
B*08:01,B*50:01,B,0.818181818181818,A,10.1126/science.ado8609
B*08:01,B*51:01,B,0.888888888888889,A,10.1126/science.ado8609
B*08:01,B*52:01,B,0.846153846153846,A,10.1126/science.ado8609
B*08:01,B*53:01,B,0.894736842105263,A,10.1126/science.ado8609
B*08:01,B*54:01,B,0.8,A,10.1126/science.ado8609
B*08:01,B*55:01,B,0.8,A,10.1126/science.ado8609
B*08:01,B*55:02,B,0.8,A,10.1126/science.ado8609
B*08:01,B*56:01,B,0.8,A,10.1126/science.ado8609
B*08:01,B*57:01,B,0.857142857142857,A,10.1126/science.ado8609
B*08:01,B*57:03,B,0.923076923076923,A,10.1126/science.ado8609
B*08:01,B*58:01,B,0.818181818181818,A,10.1126/science.ado8609
B*08:01,B*58:02,B,0.666666666666667,A,10.1126/science.ado8609
B*13:01,B*07:02,B,0.846153846153846,A,10.1126/science.ado8609
B*13:01,B*07:04,B,0.80952380952381,A,10.1126/science.ado8609
B*13:01,B*08:01,B,0.818181818181818,A,10.1126/science.ado8609
B*13:01,B*13:01,B,0,A,10.1126/science.ado8609
B*13:01,B*13:02,B,0.448275862068966,A,10.1126/science.ado8609
B*13:01,B*14:02,B,0.826086956521739,A,10.1126/science.ado8609
B*13:01,B*15:01,B,0.657142857142857,A,10.1126/science.ado8609
B*13:01,B*15:02,B,0.696969696969697,A,10.1126/science.ado8609
B*13:01,B*15:03,B,0.777777777777778,A,10.1126/science.ado8609
B*13:01,B*15:10,B,0.769230769230769,A,10.1126/science.ado8609
B*13:01,B*15:17,B,0.951219512195122,A,10.1126/science.ado8609
B*13:01,B*18:01,B,0.916666666666667,A,10.1126/science.ado8609
B*13:01,B*27:05,B,0.916666666666667,A,10.1126/science.ado8609
B*13:01,B*35:01,B,0.92,A,10.1126/science.ado8609
B*13:01,B*35:03,B,0.846153846153846,A,10.1126/science.ado8609
B*13:01,B*35:07,B,0.931034482758621,A,10.1126/science.ado8609
B*13:01,B*37:01,B,0.933333333333333,A,10.1126/science.ado8609
B*13:01,B*38:01,B,0.586206896551724,A,10.1126/science.ado8609
B*13:01,B*38:02,B,0.714285714285714,A,10.1126/science.ado8609
B*13:01,B*40:01,B,0.909090909090909,A,10.1126/science.ado8609
B*13:01,B*40:02,B,0.866666666666667,A,10.1126/science.ado8609
B*13:01,B*40:06,B,0.916666666666667,A,10.1126/science.ado8609
B*13:01,B*42:01,B,0.851851851851852,A,10.1126/science.ado8609
B*13:01,B*44:02,B,0.91304347826087,A,10.1126/science.ado8609
B*13:01,B*44:03,B,0.91304347826087,A,10.1126/science.ado8609
B*13:01,B*45:01,B,0.931034482758621,A,10.1126/science.ado8609
B*13:01,B*46:01,B,0.84,A,10.1126/science.ado8609
B*13:01,B*49:01,B,0.916666666666667,A,10.1126/science.ado8609
B*13:01,B*50:01,B,0.91304347826087,A,10.1126/science.ado8609
B*13:01,B*51:01,B,0.866666666666667,A,10.1126/science.ado8609
B*13:01,B*52:01,B,0.68,A,10.1126/science.ado8609
B*13:01,B*53:01,B,0.935483870967742,A,10.1126/science.ado8609
B*13:01,B*54:01,B,0.909090909090909,A,10.1126/science.ado8609
B*13:01,B*55:01,B,0.909090909090909,A,10.1126/science.ado8609
B*13:01,B*55:02,B,0.909090909090909,A,10.1126/science.ado8609
B*13:01,B*56:01,B,0.909090909090909,A,10.1126/science.ado8609
B*13:01,B*57:01,B,0.923076923076923,A,10.1126/science.ado8609
B*13:01,B*57:03,B,0.947368421052632,A,10.1126/science.ado8609
B*13:01,B*58:01,B,0.882352941176471,A,10.1126/science.ado8609
B*13:01,B*58:02,B,0.833333333333333,A,10.1126/science.ado8609
B*13:02,B*07:02,B,0.80952380952381,A,10.1126/science.ado8609
B*13:02,B*07:04,B,0.75,A,10.1126/science.ado8609
B*13:02,B*08:01,B,0.764705882352941,A,10.1126/science.ado8609
B*13:02,B*13:01,B,0.448275862068966,A,10.1126/science.ado8609
B*13:02,B*13:02,B,0,A,10.1126/science.ado8609
B*13:02,B*14:02,B,0.777777777777778,A,10.1126/science.ado8609
B*13:02,B*15:01,B,0.8,A,10.1126/science.ado8609
B*13:02,B*15:02,B,0.857142857142857,A,10.1126/science.ado8609
B*13:02,B*15:03,B,0.806451612903226,A,10.1126/science.ado8609
B*13:02,B*15:10,B,0.714285714285714,A,10.1126/science.ado8609
B*13:02,B*15:17,B,0.944444444444444,A,10.1126/science.ado8609
B*13:02,B*18:01,B,0.894736842105263,A,10.1126/science.ado8609
B*13:02,B*27:05,B,0.894736842105263,A,10.1126/science.ado8609
B*13:02,B*35:01,B,0.9,A,10.1126/science.ado8609
B*13:02,B*35:03,B,0.80952380952381,A,10.1126/science.ado8609
B*13:02,B*35:07,B,0.916666666666667,A,10.1126/science.ado8609
B*13:02,B*37:01,B,0.92,A,10.1126/science.ado8609
B*13:02,B*38:01,B,0.583333333333333,A,10.1126/science.ado8609
B*13:02,B*38:02,B,0.666666666666667,A,10.1126/science.ado8609
B*13:02,B*40:01,B,0.882352941176471,A,10.1126/science.ado8609
B*13:02,B*40:02,B,0.84,A,10.1126/science.ado8609
B*13:02,B*40:06,B,0.894736842105263,A,10.1126/science.ado8609
B*13:02,B*42:01,B,0.818181818181818,A,10.1126/science.ado8609
B*13:02,B*44:02,B,0.888888888888889,A,10.1126/science.ado8609
B*13:02,B*44:03,B,0.888888888888889,A,10.1126/science.ado8609
B*13:02,B*45:01,B,0.916666666666667,A,10.1126/science.ado8609
B*13:02,B*46:01,B,0.8,A,10.1126/science.ado8609
B*13:02,B*49:01,B,0.894736842105263,A,10.1126/science.ado8609
B*13:02,B*50:01,B,0.888888888888889,A,10.1126/science.ado8609
B*13:02,B*51:01,B,0.76,A,10.1126/science.ado8609
B*13:02,B*52:01,B,0.4,A,10.1126/science.ado8609
B*13:02,B*53:01,B,0.923076923076923,A,10.1126/science.ado8609
B*13:02,B*54:01,B,0.882352941176471,A,10.1126/science.ado8609
B*13:02,B*55:01,B,0.882352941176471,A,10.1126/science.ado8609
B*13:02,B*55:02,B,0.882352941176471,A,10.1126/science.ado8609
B*13:02,B*56:01,B,0.882352941176471,A,10.1126/science.ado8609
B*13:02,B*57:01,B,0.904761904761905,A,10.1126/science.ado8609
B*13:02,B*57:03,B,0.939393939393939,A,10.1126/science.ado8609
B*13:02,B*58:01,B,0.862068965517241,A,10.1126/science.ado8609
B*13:02,B*58:02,B,0.789473684210526,A,10.1126/science.ado8609
B*14:02,B*07:02,B,0.733333333333333,A,10.1126/science.ado8609
B*14:02,B*07:04,B,0.6,A,10.1126/science.ado8609
B*14:02,B*08:01,B,0.454545454545455,A,10.1126/science.ado8609
B*14:02,B*13:01,B,0.826086956521739,A,10.1126/science.ado8609
B*14:02,B*13:02,B,0.777777777777778,A,10.1126/science.ado8609
B*14:02,B*14:02,B,0,A,10.1126/science.ado8609
B*14:02,B*15:01,B,0.916666666666667,A,10.1126/science.ado8609
B*14:02,B*15:02,B,0.818181818181818,A,10.1126/science.ado8609
B*14:02,B*15:03,B,0.92,A,10.1126/science.ado8609
B*14:02,B*15:10,B,0.733333333333333,A,10.1126/science.ado8609
B*14:02,B*15:17,B,0.933333333333333,A,10.1126/science.ado8609
B*14:02,B*18:01,B,0.846153846153846,A,10.1126/science.ado8609
B*14:02,B*27:05,B,0.538461538461538,A,10.1126/science.ado8609
B*14:02,B*35:01,B,0.857142857142857,A,10.1126/science.ado8609
B*14:02,B*35:03,B,0.733333333333333,A,10.1126/science.ado8609
B*14:02,B*35:07,B,0.888888888888889,A,10.1126/science.ado8609
B*14:02,B*37:01,B,0.894736842105263,A,10.1126/science.ado8609
B*14:02,B*38:01,B,0.666666666666667,A,10.1126/science.ado8609
B*14:02,B*38:02,B,0.75,A,10.1126/science.ado8609
B*14:02,B*40:01,B,0.818181818181818,A,10.1126/science.ado8609
B*14:02,B*40:02,B,0.789473684210526,A,10.1126/science.ado8609
B*14:02,B*40:06,B,0.846153846153846,A,10.1126/science.ado8609
B*14:02,B*42:01,B,0.75,A,10.1126/science.ado8609
B*14:02,B*44:02,B,0.833333333333333,A,10.1126/science.ado8609
B*14:02,B*44:03,B,0.833333333333333,A,10.1126/science.ado8609
B*14:02,B*45:01,B,0.888888888888889,A,10.1126/science.ado8609
B*14:02,B*46:01,B,0.714285714285714,A,10.1126/science.ado8609
B*14:02,B*49:01,B,0.846153846153846,A,10.1126/science.ado8609
B*14:02,B*50:01,B,0.833333333333333,A,10.1126/science.ado8609
B*14:02,B*51:01,B,0.894736842105263,A,10.1126/science.ado8609
B*14:02,B*52:01,B,0.857142857142857,A,10.1126/science.ado8609
B*14:02,B*53:01,B,0.9,A,10.1126/science.ado8609
B*14:02,B*54:01,B,0.818181818181818,A,10.1126/science.ado8609
B*14:02,B*55:01,B,0.818181818181818,A,10.1126/science.ado8609
B*14:02,B*55:02,B,0.818181818181818,A,10.1126/science.ado8609
B*14:02,B*56:01,B,0.818181818181818,A,10.1126/science.ado8609
B*14:02,B*57:01,B,0.866666666666667,A,10.1126/science.ado8609
B*14:02,B*57:03,B,0.925925925925926,A,10.1126/science.ado8609
B*14:02,B*58:01,B,0.826086956521739,A,10.1126/science.ado8609
B*14:02,B*58:02,B,0.692307692307692,A,10.1126/science.ado8609
B*15:01,B*07:02,B,0.925925925925926,A,10.1126/science.ado8609
B*15:01,B*07:04,B,0.909090909090909,A,10.1126/science.ado8609
B*15:01,B*08:01,B,0.91304347826087,A,10.1126/science.ado8609
B*15:01,B*13:01,B,0.657142857142857,A,10.1126/science.ado8609
B*15:01,B*13:02,B,0.8,A,10.1126/science.ado8609
B*15:01,B*14:02,B,0.916666666666667,A,10.1126/science.ado8609
B*15:01,B*15:01,B,0,A,10.1126/science.ado8609
B*15:01,B*15:02,B,0.352941176470588,A,10.1126/science.ado8609
B*15:01,B*15:03,B,0.567567567567568,A,10.1126/science.ado8609
B*15:01,B*15:10,B,0.851851851851852,A,10.1126/science.ado8609
B*15:01,B*15:17,B,0.904761904761905,A,10.1126/science.ado8609
B*15:01,B*18:01,B,0.92,A,10.1126/science.ado8609
B*15:01,B*27:05,B,0.92,A,10.1126/science.ado8609
B*15:01,B*35:01,B,0.769230769230769,A,10.1126/science.ado8609
B*15:01,B*35:03,B,0.925925925925926,A,10.1126/science.ado8609
B*15:01,B*35:07,B,0.733333333333333,A,10.1126/science.ado8609
B*15:01,B*37:01,B,0.935483870967742,A,10.1126/science.ado8609
B*15:01,B*38:01,B,0.733333333333333,A,10.1126/science.ado8609
B*15:01,B*38:02,B,0.833333333333333,A,10.1126/science.ado8609
B*15:01,B*40:01,B,0.91304347826087,A,10.1126/science.ado8609
B*15:01,B*40:02,B,0.935483870967742,A,10.1126/science.ado8609
B*15:01,B*40:06,B,0.92,A,10.1126/science.ado8609
B*15:01,B*42:01,B,0.928571428571429,A,10.1126/science.ado8609
B*15:01,B*44:02,B,0.916666666666667,A,10.1126/science.ado8609
B*15:01,B*44:03,B,0.916666666666667,A,10.1126/science.ado8609
B*15:01,B*45:01,B,0.933333333333333,A,10.1126/science.ado8609
B*15:01,B*46:01,B,0.692307692307692,A,10.1126/science.ado8609
B*15:01,B*49:01,B,0.92,A,10.1126/science.ado8609
B*15:01,B*50:01,B,0.916666666666667,A,10.1126/science.ado8609
B*15:01,B*51:01,B,0.935483870967742,A,10.1126/science.ado8609
B*15:01,B*52:01,B,0.846153846153846,A,10.1126/science.ado8609
B*15:01,B*53:01,B,0.875,A,10.1126/science.ado8609
B*15:01,B*54:01,B,0.91304347826087,A,10.1126/science.ado8609
B*15:01,B*55:01,B,0.91304347826087,A,10.1126/science.ado8609
B*15:01,B*55:02,B,0.91304347826087,A,10.1126/science.ado8609
B*15:01,B*56:01,B,0.91304347826087,A,10.1126/science.ado8609
B*15:01,B*57:01,B,0.925925925925926,A,10.1126/science.ado8609
B*15:01,B*57:03,B,0.846153846153846,A,10.1126/science.ado8609
B*15:01,B*58:01,B,0.771428571428571,A,10.1126/science.ado8609
B*15:01,B*58:02,B,0.92,A,10.1126/science.ado8609
B*15:02,B*07:02,B,0.84,A,10.1126/science.ado8609
B*15:02,B*07:04,B,0.8,A,10.1126/science.ado8609
B*15:02,B*08:01,B,0.80952380952381,A,10.1126/science.ado8609
B*15:02,B*13:01,B,0.696969696969697,A,10.1126/science.ado8609
B*15:02,B*13:02,B,0.857142857142857,A,10.1126/science.ado8609
B*15:02,B*14:02,B,0.818181818181818,A,10.1126/science.ado8609
B*15:02,B*15:01,B,0.352941176470588,A,10.1126/science.ado8609
B*15:02,B*15:02,B,0,A,10.1126/science.ado8609
B*15:02,B*15:03,B,0.771428571428571,A,10.1126/science.ado8609
B*15:02,B*15:10,B,0.84,A,10.1126/science.ado8609
B*15:02,B*15:17,B,0.95,A,10.1126/science.ado8609
B*15:02,B*18:01,B,0.91304347826087,A,10.1126/science.ado8609
B*15:02,B*27:05,B,0.91304347826087,A,10.1126/science.ado8609
B*15:02,B*35:01,B,0.833333333333333,A,10.1126/science.ado8609
B*15:02,B*35:03,B,0.84,A,10.1126/science.ado8609
B*15:02,B*35:07,B,0.785714285714286,A,10.1126/science.ado8609
B*15:02,B*37:01,B,0.931034482758621,A,10.1126/science.ado8609
B*15:02,B*38:01,B,0.785714285714286,A,10.1126/science.ado8609
B*15:02,B*38:02,B,0.823529411764706,A,10.1126/science.ado8609
B*15:02,B*40:01,B,0.904761904761905,A,10.1126/science.ado8609
B*15:02,B*40:02,B,0.862068965517241,A,10.1126/science.ado8609
B*15:02,B*40:06,B,0.91304347826087,A,10.1126/science.ado8609
B*15:02,B*42:01,B,0.846153846153846,A,10.1126/science.ado8609
B*15:02,B*44:02,B,0.909090909090909,A,10.1126/science.ado8609
B*15:02,B*44:03,B,0.909090909090909,A,10.1126/science.ado8609
B*15:02,B*45:01,B,0.928571428571429,A,10.1126/science.ado8609
B*15:02,B*46:01,B,0.666666666666667,A,10.1126/science.ado8609
B*15:02,B*49:01,B,0.91304347826087,A,10.1126/science.ado8609
B*15:02,B*50:01,B,0.909090909090909,A,10.1126/science.ado8609
B*15:02,B*51:01,B,0.931034482758621,A,10.1126/science.ado8609
B*15:02,B*52:01,B,0.916666666666667,A,10.1126/science.ado8609
B*15:02,B*53:01,B,0.933333333333333,A,10.1126/science.ado8609
B*15:02,B*54:01,B,0.904761904761905,A,10.1126/science.ado8609
B*15:02,B*55:01,B,0.904761904761905,A,10.1126/science.ado8609
B*15:02,B*55:02,B,0.904761904761905,A,10.1126/science.ado8609
B*15:02,B*56:01,B,0.904761904761905,A,10.1126/science.ado8609
B*15:02,B*57:01,B,0.92,A,10.1126/science.ado8609
B*15:02,B*57:03,B,0.837837837837838,A,10.1126/science.ado8609
B*15:02,B*58:01,B,0.757575757575758,A,10.1126/science.ado8609
B*15:02,B*58:02,B,0.826086956521739,A,10.1126/science.ado8609
B*15:03,B*07:02,B,0.928571428571429,A,10.1126/science.ado8609
B*15:03,B*07:04,B,0.91304347826087,A,10.1126/science.ado8609
B*15:03,B*08:01,B,0.916666666666667,A,10.1126/science.ado8609
B*15:03,B*13:01,B,0.777777777777778,A,10.1126/science.ado8609
B*15:03,B*13:02,B,0.806451612903226,A,10.1126/science.ado8609
B*15:03,B*14:02,B,0.92,A,10.1126/science.ado8609
B*15:03,B*15:01,B,0.567567567567568,A,10.1126/science.ado8609
B*15:03,B*15:02,B,0.771428571428571,A,10.1126/science.ado8609
B*15:03,B*15:03,B,0,A,10.1126/science.ado8609
B*15:03,B*15:10,B,0.785714285714286,A,10.1126/science.ado8609
B*15:03,B*15:17,B,0.953488372093023,A,10.1126/science.ado8609
B*15:03,B*18:01,B,0.923076923076923,A,10.1126/science.ado8609
B*15:03,B*27:05,B,0.923076923076923,A,10.1126/science.ado8609
B*15:03,B*35:01,B,0.777777777777778,A,10.1126/science.ado8609
B*15:03,B*35:03,B,0.928571428571429,A,10.1126/science.ado8609
B*15:03,B*35:07,B,0.741935483870968,A,10.1126/science.ado8609
B*15:03,B*37:01,B,0.9375,A,10.1126/science.ado8609
B*15:03,B*38:01,B,0.67741935483871,A,10.1126/science.ado8609
B*15:03,B*38:02,B,0.783783783783784,A,10.1126/science.ado8609
B*15:03,B*40:01,B,0.916666666666667,A,10.1126/science.ado8609
B*15:03,B*40:02,B,0.9375,A,10.1126/science.ado8609
B*15:03,B*40:06,B,0.923076923076923,A,10.1126/science.ado8609
B*15:03,B*42:01,B,0.931034482758621,A,10.1126/science.ado8609
B*15:03,B*44:02,B,0.92,A,10.1126/science.ado8609
B*15:03,B*44:03,B,0.92,A,10.1126/science.ado8609
B*15:03,B*45:01,B,0.935483870967742,A,10.1126/science.ado8609
B*15:03,B*46:01,B,0.62962962962963,A,10.1126/science.ado8609
B*15:03,B*49:01,B,0.923076923076923,A,10.1126/science.ado8609
B*15:03,B*50:01,B,0.92,A,10.1126/science.ado8609
B*15:03,B*51:01,B,0.9375,A,10.1126/science.ado8609
B*15:03,B*52:01,B,0.851851851851852,A,10.1126/science.ado8609
B*15:03,B*53:01,B,0.818181818181818,A,10.1126/science.ado8609
B*15:03,B*54:01,B,0.916666666666667,A,10.1126/science.ado8609
B*15:03,B*55:01,B,0.916666666666667,A,10.1126/science.ado8609
B*15:03,B*55:02,B,0.916666666666667,A,10.1126/science.ado8609
B*15:03,B*56:01,B,0.916666666666667,A,10.1126/science.ado8609
B*15:03,B*57:01,B,0.857142857142857,A,10.1126/science.ado8609
B*15:03,B*57:03,B,0.85,A,10.1126/science.ado8609
B*15:03,B*58:01,B,0.833333333333333,A,10.1126/science.ado8609
B*15:03,B*58:02,B,0.923076923076923,A,10.1126/science.ado8609
B*15:10,B*07:02,B,0.777777777777778,A,10.1126/science.ado8609
B*15:10,B*07:04,B,0.692307692307692,A,10.1126/science.ado8609
B*15:10,B*08:01,B,0.714285714285714,A,10.1126/science.ado8609
B*15:10,B*13:01,B,0.769230769230769,A,10.1126/science.ado8609
B*15:10,B*13:02,B,0.714285714285714,A,10.1126/science.ado8609
B*15:10,B*14:02,B,0.733333333333333,A,10.1126/science.ado8609
B*15:10,B*15:01,B,0.851851851851852,A,10.1126/science.ado8609
B*15:10,B*15:02,B,0.84,A,10.1126/science.ado8609
B*15:10,B*15:03,B,0.785714285714286,A,10.1126/science.ado8609
B*15:10,B*15:10,B,0,A,10.1126/science.ado8609
B*15:10,B*15:17,B,0.939393939393939,A,10.1126/science.ado8609
B*15:10,B*18:01,B,0.875,A,10.1126/science.ado8609
B*15:10,B*27:05,B,0.875,A,10.1126/science.ado8609
B*15:10,B*35:01,B,0.882352941176471,A,10.1126/science.ado8609
B*15:10,B*35:03,B,0.777777777777778,A,10.1126/science.ado8609
B*15:10,B*35:07,B,0.904761904761905,A,10.1126/science.ado8609
B*15:10,B*37:01,B,0.909090909090909,A,10.1126/science.ado8609
B*15:10,B*38:01,B,0.333333333333333,A,10.1126/science.ado8609
B*15:10,B*38:02,B,0.333333333333333,A,10.1126/science.ado8609
B*15:10,B*40:01,B,0.857142857142857,A,10.1126/science.ado8609
B*15:10,B*40:02,B,0.818181818181818,A,10.1126/science.ado8609
B*15:10,B*40:06,B,0.875,A,10.1126/science.ado8609
B*15:10,B*42:01,B,0.789473684210526,A,10.1126/science.ado8609
B*15:10,B*44:02,B,0.866666666666667,A,10.1126/science.ado8609
B*15:10,B*44:03,B,0.866666666666667,A,10.1126/science.ado8609
B*15:10,B*45:01,B,0.904761904761905,A,10.1126/science.ado8609
B*15:10,B*46:01,B,0.764705882352941,A,10.1126/science.ado8609
B*15:10,B*49:01,B,0.875,A,10.1126/science.ado8609
B*15:10,B*50:01,B,0.866666666666667,A,10.1126/science.ado8609
B*15:10,B*51:01,B,0.909090909090909,A,10.1126/science.ado8609
B*15:10,B*52:01,B,0.882352941176471,A,10.1126/science.ado8609
B*15:10,B*53:01,B,0.91304347826087,A,10.1126/science.ado8609
B*15:10,B*54:01,B,0.857142857142857,A,10.1126/science.ado8609
B*15:10,B*55:01,B,0.857142857142857,A,10.1126/science.ado8609
B*15:10,B*55:02,B,0.857142857142857,A,10.1126/science.ado8609
B*15:10,B*56:01,B,0.857142857142857,A,10.1126/science.ado8609
B*15:10,B*57:01,B,0.888888888888889,A,10.1126/science.ado8609
B*15:10,B*57:03,B,0.933333333333333,A,10.1126/science.ado8609
B*15:10,B*58:01,B,0.846153846153846,A,10.1126/science.ado8609
B*15:10,B*58:02,B,0.75,A,10.1126/science.ado8609
B*15:17,B*07:02,B,0.939393939393939,A,10.1126/science.ado8609
B*15:17,B*07:04,B,0.928571428571429,A,10.1126/science.ado8609
B*15:17,B*08:01,B,0.931034482758621,A,10.1126/science.ado8609
B*15:17,B*13:01,B,0.951219512195122,A,10.1126/science.ado8609
B*15:17,B*13:02,B,0.944444444444444,A,10.1126/science.ado8609
B*15:17,B*14:02,B,0.933333333333333,A,10.1126/science.ado8609
B*15:17,B*15:01,B,0.904761904761905,A,10.1126/science.ado8609
B*15:17,B*15:02,B,0.95,A,10.1126/science.ado8609
B*15:17,B*15:03,B,0.953488372093023,A,10.1126/science.ado8609
B*15:17,B*15:10,B,0.939393939393939,A,10.1126/science.ado8609
B*15:17,B*15:17,B,0,A,10.1126/science.ado8609
B*15:17,B*18:01,B,0.935483870967742,A,10.1126/science.ado8609
B*15:17,B*27:05,B,0.935483870967742,A,10.1126/science.ado8609
B*15:17,B*35:01,B,0.9375,A,10.1126/science.ado8609
B*15:17,B*35:03,B,0.939393939393939,A,10.1126/science.ado8609
B*15:17,B*35:07,B,0.944444444444444,A,10.1126/science.ado8609
B*15:17,B*37:01,B,0.945945945945946,A,10.1126/science.ado8609
B*15:17,B*38:01,B,0.944444444444444,A,10.1126/science.ado8609
B*15:17,B*38:02,B,0.952380952380952,A,10.1126/science.ado8609
B*15:17,B*40:01,B,0.931034482758621,A,10.1126/science.ado8609
B*15:17,B*40:02,B,0.945945945945946,A,10.1126/science.ado8609
B*15:17,B*40:06,B,0.935483870967742,A,10.1126/science.ado8609
B*15:17,B*42:01,B,0.941176470588235,A,10.1126/science.ado8609
B*15:17,B*44:02,B,0.933333333333333,A,10.1126/science.ado8609
B*15:17,B*44:03,B,0.933333333333333,A,10.1126/science.ado8609
B*15:17,B*45:01,B,0.944444444444444,A,10.1126/science.ado8609
B*15:17,B*46:01,B,0.9375,A,10.1126/science.ado8609
B*15:17,B*49:01,B,0.935483870967742,A,10.1126/science.ado8609
B*15:17,B*50:01,B,0.933333333333333,A,10.1126/science.ado8609
B*15:17,B*51:01,B,0.945945945945946,A,10.1126/science.ado8609
B*15:17,B*52:01,B,0.9375,A,10.1126/science.ado8609
B*15:17,B*53:01,B,0.947368421052632,A,10.1126/science.ado8609
B*15:17,B*54:01,B,0.931034482758621,A,10.1126/science.ado8609
B*15:17,B*55:01,B,0.931034482758621,A,10.1126/science.ado8609
B*15:17,B*55:02,B,0.931034482758621,A,10.1126/science.ado8609
B*15:17,B*56:01,B,0.931034482758621,A,10.1126/science.ado8609
B*15:17,B*57:01,B,0.878787878787879,A,10.1126/science.ado8609
B*15:17,B*57:03,B,0.644444444444444,A,10.1126/science.ado8609
B*15:17,B*58:01,B,0.804878048780488,A,10.1126/science.ado8609
B*15:17,B*58:02,B,0.741935483870968,A,10.1126/science.ado8609
B*18:01,B*07:02,B,0.875,A,10.1126/science.ado8609
B*18:01,B*07:04,B,0.818181818181818,A,10.1126/science.ado8609
B*18:01,B*08:01,B,0.833333333333333,A,10.1126/science.ado8609
B*18:01,B*13:01,B,0.916666666666667,A,10.1126/science.ado8609
B*18:01,B*13:02,B,0.894736842105263,A,10.1126/science.ado8609
B*18:01,B*14:02,B,0.846153846153846,A,10.1126/science.ado8609
B*18:01,B*15:01,B,0.92,A,10.1126/science.ado8609
B*18:01,B*15:02,B,0.91304347826087,A,10.1126/science.ado8609
B*18:01,B*15:03,B,0.923076923076923,A,10.1126/science.ado8609
B*18:01,B*15:10,B,0.875,A,10.1126/science.ado8609
B*18:01,B*15:17,B,0.935483870967742,A,10.1126/science.ado8609
B*18:01,B*18:01,B,0,A,10.1126/science.ado8609
B*18:01,B*27:05,B,0.857142857142857,A,10.1126/science.ado8609
B*18:01,B*35:01,B,0.866666666666667,A,10.1126/science.ado8609
B*18:01,B*35:03,B,0.875,A,10.1126/science.ado8609
B*18:01,B*35:07,B,0.894736842105263,A,10.1126/science.ado8609
B*18:01,B*37:01,B,0.6,A,10.1126/science.ado8609
B*18:01,B*38:01,B,0.894736842105263,A,10.1126/science.ado8609
B*18:01,B*38:02,B,0.92,A,10.1126/science.ado8609
B*18:01,B*40:01,B,0.5,A,10.1126/science.ado8609
B*18:01,B*40:02,B,0.5,A,10.1126/science.ado8609
B*18:01,B*40:06,B,0.714285714285714,A,10.1126/science.ado8609
B*18:01,B*42:01,B,0.882352941176471,A,10.1126/science.ado8609
B*18:01,B*44:02,B,0.384615384615385,A,10.1126/science.ado8609
B*18:01,B*44:03,B,0.384615384615385,A,10.1126/science.ado8609
B*18:01,B*45:01,B,0.789473684210526,A,10.1126/science.ado8609
B*18:01,B*46:01,B,0.866666666666667,A,10.1126/science.ado8609
B*18:01,B*49:01,B,0.571428571428571,A,10.1126/science.ado8609
B*18:01,B*50:01,B,0.846153846153846,A,10.1126/science.ado8609
B*18:01,B*51:01,B,0.9,A,10.1126/science.ado8609
B*18:01,B*52:01,B,0.866666666666667,A,10.1126/science.ado8609
B*18:01,B*53:01,B,0.904761904761905,A,10.1126/science.ado8609
B*18:01,B*54:01,B,0.833333333333333,A,10.1126/science.ado8609
B*18:01,B*55:01,B,0.833333333333333,A,10.1126/science.ado8609
B*18:01,B*55:02,B,0.833333333333333,A,10.1126/science.ado8609
B*18:01,B*56:01,B,0.833333333333333,A,10.1126/science.ado8609
B*18:01,B*57:01,B,0.875,A,10.1126/science.ado8609
B*18:01,B*57:03,B,0.928571428571429,A,10.1126/science.ado8609
B*18:01,B*58:01,B,0.916666666666667,A,10.1126/science.ado8609
B*18:01,B*58:02,B,0.857142857142857,A,10.1126/science.ado8609
B*27:05,B*07:02,B,0.875,A,10.1126/science.ado8609
B*27:05,B*07:04,B,0.818181818181818,A,10.1126/science.ado8609
B*27:05,B*08:01,B,0.833333333333333,A,10.1126/science.ado8609
B*27:05,B*13:01,B,0.916666666666667,A,10.1126/science.ado8609
B*27:05,B*13:02,B,0.894736842105263,A,10.1126/science.ado8609
B*27:05,B*14:02,B,0.538461538461538,A,10.1126/science.ado8609
B*27:05,B*15:01,B,0.92,A,10.1126/science.ado8609
B*27:05,B*15:02,B,0.91304347826087,A,10.1126/science.ado8609
B*27:05,B*15:03,B,0.923076923076923,A,10.1126/science.ado8609
B*27:05,B*15:10,B,0.875,A,10.1126/science.ado8609
B*27:05,B*15:17,B,0.935483870967742,A,10.1126/science.ado8609
B*27:05,B*18:01,B,0.857142857142857,A,10.1126/science.ado8609
B*27:05,B*27:05,B,0,A,10.1126/science.ado8609
B*27:05,B*35:01,B,0.866666666666667,A,10.1126/science.ado8609
B*27:05,B*35:03,B,0.875,A,10.1126/science.ado8609
B*27:05,B*35:07,B,0.894736842105263,A,10.1126/science.ado8609
B*27:05,B*37:01,B,0.9,A,10.1126/science.ado8609
B*27:05,B*38:01,B,0.789473684210526,A,10.1126/science.ado8609
B*27:05,B*38:02,B,0.84,A,10.1126/science.ado8609
B*27:05,B*40:01,B,0.833333333333333,A,10.1126/science.ado8609
B*27:05,B*40:02,B,0.9,A,10.1126/science.ado8609
B*27:05,B*40:06,B,0.857142857142857,A,10.1126/science.ado8609
B*27:05,B*42:01,B,0.882352941176471,A,10.1126/science.ado8609
B*27:05,B*44:02,B,0.846153846153846,A,10.1126/science.ado8609
B*27:05,B*44:03,B,0.846153846153846,A,10.1126/science.ado8609
B*27:05,B*45:01,B,0.894736842105263,A,10.1126/science.ado8609
B*27:05,B*46:01,B,0.866666666666667,A,10.1126/science.ado8609
B*27:05,B*49:01,B,0.857142857142857,A,10.1126/science.ado8609
B*27:05,B*50:01,B,0.846153846153846,A,10.1126/science.ado8609
B*27:05,B*51:01,B,0.9,A,10.1126/science.ado8609
B*27:05,B*52:01,B,0.866666666666667,A,10.1126/science.ado8609
B*27:05,B*53:01,B,0.904761904761905,A,10.1126/science.ado8609
B*27:05,B*54:01,B,0.833333333333333,A,10.1126/science.ado8609
B*27:05,B*55:01,B,0.833333333333333,A,10.1126/science.ado8609
B*27:05,B*55:02,B,0.833333333333333,A,10.1126/science.ado8609
B*27:05,B*56:01,B,0.833333333333333,A,10.1126/science.ado8609
B*27:05,B*57:01,B,0.875,A,10.1126/science.ado8609
B*27:05,B*57:03,B,0.928571428571429,A,10.1126/science.ado8609
B*27:05,B*58:01,B,0.916666666666667,A,10.1126/science.ado8609
B*27:05,B*58:02,B,0.857142857142857,A,10.1126/science.ado8609
B*35:01,B*07:02,B,0.529411764705882,A,10.1126/science.ado8609
B*35:01,B*07:04,B,0.5,A,10.1126/science.ado8609
B*35:01,B*08:01,B,0.846153846153846,A,10.1126/science.ado8609
B*35:01,B*13:01,B,0.92,A,10.1126/science.ado8609
B*35:01,B*13:02,B,0.9,A,10.1126/science.ado8609
B*35:01,B*14:02,B,0.857142857142857,A,10.1126/science.ado8609
B*35:01,B*15:01,B,0.769230769230769,A,10.1126/science.ado8609
B*35:01,B*15:02,B,0.833333333333333,A,10.1126/science.ado8609
B*35:01,B*15:03,B,0.777777777777778,A,10.1126/science.ado8609
B*35:01,B*15:10,B,0.882352941176471,A,10.1126/science.ado8609
B*35:01,B*15:17,B,0.9375,A,10.1126/science.ado8609
B*35:01,B*18:01,B,0.866666666666667,A,10.1126/science.ado8609
B*35:01,B*27:05,B,0.866666666666667,A,10.1126/science.ado8609
B*35:01,B*35:01,B,0,A,10.1126/science.ado8609
B*35:01,B*35:03,B,0.411764705882353,A,10.1126/science.ado8609
B*35:01,B*35:07,B,0.3,A,10.1126/science.ado8609
B*35:01,B*37:01,B,0.904761904761905,A,10.1126/science.ado8609
B*35:01,B*38:01,B,0.9,A,10.1126/science.ado8609
B*35:01,B*38:02,B,0.923076923076923,A,10.1126/science.ado8609
B*35:01,B*40:01,B,0.846153846153846,A,10.1126/science.ado8609
B*35:01,B*40:02,B,0.904761904761905,A,10.1126/science.ado8609
B*35:01,B*40:06,B,0.866666666666667,A,10.1126/science.ado8609
B*35:01,B*42:01,B,0.666666666666667,A,10.1126/science.ado8609
B*35:01,B*44:02,B,0.857142857142857,A,10.1126/science.ado8609
B*35:01,B*44:03,B,0.857142857142857,A,10.1126/science.ado8609
B*35:01,B*45:01,B,0.9,A,10.1126/science.ado8609
B*35:01,B*46:01,B,0.625,A,10.1126/science.ado8609
B*35:01,B*49:01,B,0.866666666666667,A,10.1126/science.ado8609
B*35:01,B*50:01,B,0.857142857142857,A,10.1126/science.ado8609
B*35:01,B*51:01,B,0.714285714285714,A,10.1126/science.ado8609
B*35:01,B*52:01,B,0.875,A,10.1126/science.ado8609
B*35:01,B*53:01,B,0.454545454545455,A,10.1126/science.ado8609
B*35:01,B*54:01,B,0.692307692307692,A,10.1126/science.ado8609
B*35:01,B*55:01,B,0.692307692307692,A,10.1126/science.ado8609
B*35:01,B*55:02,B,0.692307692307692,A,10.1126/science.ado8609
B*35:01,B*56:01,B,0.692307692307692,A,10.1126/science.ado8609
B*35:01,B*57:01,B,0.882352941176471,A,10.1126/science.ado8609
B*35:01,B*57:03,B,0.862068965517241,A,10.1126/science.ado8609
B*35:01,B*58:01,B,0.84,A,10.1126/science.ado8609
B*35:01,B*58:02,B,0.866666666666667,A,10.1126/science.ado8609
B*35:03,B*07:02,B,0.333333333333333,A,10.1126/science.ado8609
B*35:03,B*07:04,B,0.384615384615385,A,10.1126/science.ado8609
B*35:03,B*08:01,B,0.714285714285714,A,10.1126/science.ado8609
B*35:03,B*13:01,B,0.846153846153846,A,10.1126/science.ado8609
B*35:03,B*13:02,B,0.80952380952381,A,10.1126/science.ado8609
B*35:03,B*14:02,B,0.733333333333333,A,10.1126/science.ado8609
B*35:03,B*15:01,B,0.925925925925926,A,10.1126/science.ado8609
B*35:03,B*15:02,B,0.84,A,10.1126/science.ado8609
B*35:03,B*15:03,B,0.928571428571429,A,10.1126/science.ado8609
B*35:03,B*15:10,B,0.777777777777778,A,10.1126/science.ado8609
B*35:03,B*15:17,B,0.939393939393939,A,10.1126/science.ado8609
B*35:03,B*18:01,B,0.875,A,10.1126/science.ado8609
B*35:03,B*27:05,B,0.875,A,10.1126/science.ado8609
B*35:03,B*35:01,B,0.411764705882353,A,10.1126/science.ado8609
B*35:03,B*35:03,B,0,A,10.1126/science.ado8609
B*35:03,B*35:07,B,0.523809523809524,A,10.1126/science.ado8609
B*35:03,B*37:01,B,0.909090909090909,A,10.1126/science.ado8609
B*35:03,B*38:01,B,0.80952380952381,A,10.1126/science.ado8609
B*35:03,B*38:02,B,0.851851851851852,A,10.1126/science.ado8609
B*35:03,B*40:01,B,0.857142857142857,A,10.1126/science.ado8609
B*35:03,B*40:02,B,0.818181818181818,A,10.1126/science.ado8609
B*35:03,B*40:06,B,0.875,A,10.1126/science.ado8609
B*35:03,B*42:01,B,0.368421052631579,A,10.1126/science.ado8609
B*35:03,B*44:02,B,0.866666666666667,A,10.1126/science.ado8609
B*35:03,B*44:03,B,0.866666666666667,A,10.1126/science.ado8609
B*35:03,B*45:01,B,0.904761904761905,A,10.1126/science.ado8609
B*35:03,B*46:01,B,0.647058823529412,A,10.1126/science.ado8609
B*35:03,B*49:01,B,0.875,A,10.1126/science.ado8609
B*35:03,B*50:01,B,0.866666666666667,A,10.1126/science.ado8609
B*35:03,B*51:01,B,0.636363636363636,A,10.1126/science.ado8609
B*35:03,B*52:01,B,0.882352941176471,A,10.1126/science.ado8609
B*35:03,B*53:01,B,0.478260869565217,A,10.1126/science.ado8609
B*35:03,B*54:01,B,0.714285714285714,A,10.1126/science.ado8609
B*35:03,B*55:01,B,0.714285714285714,A,10.1126/science.ado8609
B*35:03,B*55:02,B,0.714285714285714,A,10.1126/science.ado8609
B*35:03,B*56:01,B,0.714285714285714,A,10.1126/science.ado8609
B*35:03,B*57:01,B,0.888888888888889,A,10.1126/science.ado8609
B*35:03,B*57:03,B,0.866666666666667,A,10.1126/science.ado8609
B*35:03,B*58:01,B,0.846153846153846,A,10.1126/science.ado8609
B*35:03,B*58:02,B,0.75,A,10.1126/science.ado8609
B*35:07,B*07:02,B,0.523809523809524,A,10.1126/science.ado8609
B*35:07,B*07:04,B,0.625,A,10.1126/science.ado8609
B*35:07,B*08:01,B,0.882352941176471,A,10.1126/science.ado8609
B*35:07,B*13:01,B,0.931034482758621,A,10.1126/science.ado8609
B*35:07,B*13:02,B,0.916666666666667,A,10.1126/science.ado8609
B*35:07,B*14:02,B,0.888888888888889,A,10.1126/science.ado8609
B*35:07,B*15:01,B,0.733333333333333,A,10.1126/science.ado8609
B*35:07,B*15:02,B,0.785714285714286,A,10.1126/science.ado8609
B*35:07,B*15:03,B,0.741935483870968,A,10.1126/science.ado8609
B*35:07,B*15:10,B,0.904761904761905,A,10.1126/science.ado8609
B*35:07,B*15:17,B,0.944444444444444,A,10.1126/science.ado8609
B*35:07,B*18:01,B,0.894736842105263,A,10.1126/science.ado8609
B*35:07,B*27:05,B,0.894736842105263,A,10.1126/science.ado8609
B*35:07,B*35:01,B,0.3,A,10.1126/science.ado8609
B*35:07,B*35:03,B,0.523809523809524,A,10.1126/science.ado8609
B*35:07,B*35:07,B,0,A,10.1126/science.ado8609
B*35:07,B*37:01,B,0.92,A,10.1126/science.ado8609
B*35:07,B*38:01,B,0.916666666666667,A,10.1126/science.ado8609
B*35:07,B*38:02,B,0.933333333333333,A,10.1126/science.ado8609
B*35:07,B*40:01,B,0.882352941176471,A,10.1126/science.ado8609
B*35:07,B*40:02,B,0.92,A,10.1126/science.ado8609
B*35:07,B*40:06,B,0.894736842105263,A,10.1126/science.ado8609
B*35:07,B*42:01,B,0.545454545454545,A,10.1126/science.ado8609
B*35:07,B*44:02,B,0.888888888888889,A,10.1126/science.ado8609
B*35:07,B*44:03,B,0.888888888888889,A,10.1126/science.ado8609
B*35:07,B*45:01,B,0.916666666666667,A,10.1126/science.ado8609
B*35:07,B*46:01,B,0.5,A,10.1126/science.ado8609
B*35:07,B*49:01,B,0.894736842105263,A,10.1126/science.ado8609
B*35:07,B*50:01,B,0.888888888888889,A,10.1126/science.ado8609
B*35:07,B*51:01,B,0.84,A,10.1126/science.ado8609
B*35:07,B*52:01,B,0.9,A,10.1126/science.ado8609
B*35:07,B*53:01,B,0.307692307692308,A,10.1126/science.ado8609
B*35:07,B*54:01,B,0.764705882352941,A,10.1126/science.ado8609
B*35:07,B*55:01,B,0.764705882352941,A,10.1126/science.ado8609
B*35:07,B*55:02,B,0.764705882352941,A,10.1126/science.ado8609
B*35:07,B*56:01,B,0.764705882352941,A,10.1126/science.ado8609
B*35:07,B*57:01,B,0.80952380952381,A,10.1126/science.ado8609
B*35:07,B*57:03,B,0.878787878787879,A,10.1126/science.ado8609
B*35:07,B*58:01,B,0.793103448275862,A,10.1126/science.ado8609
B*35:07,B*58:02,B,0.894736842105263,A,10.1126/science.ado8609
B*37:01,B*07:02,B,0.909090909090909,A,10.1126/science.ado8609
B*37:01,B*07:04,B,0.882352941176471,A,10.1126/science.ado8609
B*37:01,B*08:01,B,0.888888888888889,A,10.1126/science.ado8609
B*37:01,B*13:01,B,0.933333333333333,A,10.1126/science.ado8609
B*37:01,B*13:02,B,0.92,A,10.1126/science.ado8609
B*37:01,B*14:02,B,0.894736842105263,A,10.1126/science.ado8609
B*37:01,B*15:01,B,0.935483870967742,A,10.1126/science.ado8609
B*37:01,B*15:02,B,0.931034482758621,A,10.1126/science.ado8609
B*37:01,B*15:03,B,0.9375,A,10.1126/science.ado8609
B*37:01,B*15:10,B,0.909090909090909,A,10.1126/science.ado8609
B*37:01,B*15:17,B,0.945945945945946,A,10.1126/science.ado8609
B*37:01,B*18:01,B,0.6,A,10.1126/science.ado8609
B*37:01,B*27:05,B,0.9,A,10.1126/science.ado8609
B*37:01,B*35:01,B,0.904761904761905,A,10.1126/science.ado8609
B*37:01,B*35:03,B,0.909090909090909,A,10.1126/science.ado8609
B*37:01,B*35:07,B,0.92,A,10.1126/science.ado8609
B*37:01,B*37:01,B,0,A,10.1126/science.ado8609
B*37:01,B*38:01,B,0.92,A,10.1126/science.ado8609
B*37:01,B*38:02,B,0.935483870967742,A,10.1126/science.ado8609
B*37:01,B*40:01,B,0.666666666666667,A,10.1126/science.ado8609
B*37:01,B*40:02,B,0.615384615384615,A,10.1126/science.ado8609
B*37:01,B*40:06,B,0.8,A,10.1126/science.ado8609
B*37:01,B*42:01,B,0.91304347826087,A,10.1126/science.ado8609
B*37:01,B*44:02,B,0.684210526315789,A,10.1126/science.ado8609
B*37:01,B*44:03,B,0.684210526315789,A,10.1126/science.ado8609
B*37:01,B*45:01,B,0.84,A,10.1126/science.ado8609
B*37:01,B*46:01,B,0.904761904761905,A,10.1126/science.ado8609
B*37:01,B*49:01,B,0.7,A,10.1126/science.ado8609
B*37:01,B*50:01,B,0.894736842105263,A,10.1126/science.ado8609
B*37:01,B*51:01,B,0.923076923076923,A,10.1126/science.ado8609
B*37:01,B*52:01,B,0.904761904761905,A,10.1126/science.ado8609
B*37:01,B*53:01,B,0.925925925925926,A,10.1126/science.ado8609
B*37:01,B*54:01,B,0.888888888888889,A,10.1126/science.ado8609
B*37:01,B*55:01,B,0.888888888888889,A,10.1126/science.ado8609
B*37:01,B*55:02,B,0.888888888888889,A,10.1126/science.ado8609
B*37:01,B*56:01,B,0.888888888888889,A,10.1126/science.ado8609
B*37:01,B*57:01,B,0.909090909090909,A,10.1126/science.ado8609
B*37:01,B*57:03,B,0.941176470588235,A,10.1126/science.ado8609
B*37:01,B*58:01,B,0.933333333333333,A,10.1126/science.ado8609
B*37:01,B*58:02,B,0.9,A,10.1126/science.ado8609
B*38:01,B*07:02,B,0.80952380952381,A,10.1126/science.ado8609
B*38:01,B*07:04,B,0.75,A,10.1126/science.ado8609
B*38:01,B*08:01,B,0.764705882352941,A,10.1126/science.ado8609
B*38:01,B*13:01,B,0.586206896551724,A,10.1126/science.ado8609
B*38:01,B*13:02,B,0.583333333333333,A,10.1126/science.ado8609
B*38:01,B*14:02,B,0.666666666666667,A,10.1126/science.ado8609
B*38:01,B*15:01,B,0.733333333333333,A,10.1126/science.ado8609
B*38:01,B*15:02,B,0.785714285714286,A,10.1126/science.ado8609
B*38:01,B*15:03,B,0.67741935483871,A,10.1126/science.ado8609
B*38:01,B*15:10,B,0.333333333333333,A,10.1126/science.ado8609
B*38:01,B*15:17,B,0.944444444444444,A,10.1126/science.ado8609
B*38:01,B*18:01,B,0.894736842105263,A,10.1126/science.ado8609
B*38:01,B*27:05,B,0.789473684210526,A,10.1126/science.ado8609
B*38:01,B*35:01,B,0.9,A,10.1126/science.ado8609
B*38:01,B*35:03,B,0.80952380952381,A,10.1126/science.ado8609
B*38:01,B*35:07,B,0.916666666666667,A,10.1126/science.ado8609
B*38:01,B*37:01,B,0.92,A,10.1126/science.ado8609
B*38:01,B*38:01,B,0,A,10.1126/science.ado8609
B*38:01,B*38:02,B,0.266666666666667,A,10.1126/science.ado8609
B*38:01,B*40:01,B,0.882352941176471,A,10.1126/science.ado8609
B*38:01,B*40:02,B,0.84,A,10.1126/science.ado8609
B*38:01,B*40:06,B,0.894736842105263,A,10.1126/science.ado8609
B*38:01,B*42:01,B,0.818181818181818,A,10.1126/science.ado8609
B*38:01,B*44:02,B,0.888888888888889,A,10.1126/science.ado8609
B*38:01,B*44:03,B,0.888888888888889,A,10.1126/science.ado8609
B*38:01,B*45:01,B,0.916666666666667,A,10.1126/science.ado8609
B*38:01,B*46:01,B,0.7,A,10.1126/science.ado8609
B*38:01,B*49:01,B,0.894736842105263,A,10.1126/science.ado8609
B*38:01,B*50:01,B,0.888888888888889,A,10.1126/science.ado8609
B*38:01,B*51:01,B,0.84,A,10.1126/science.ado8609
B*38:01,B*52:01,B,0.7,A,10.1126/science.ado8609
B*38:01,B*53:01,B,0.923076923076923,A,10.1126/science.ado8609
B*38:01,B*54:01,B,0.882352941176471,A,10.1126/science.ado8609
B*38:01,B*55:01,B,0.882352941176471,A,10.1126/science.ado8609
B*38:01,B*55:02,B,0.882352941176471,A,10.1126/science.ado8609
B*38:01,B*56:01,B,0.882352941176471,A,10.1126/science.ado8609
B*38:01,B*57:01,B,0.904761904761905,A,10.1126/science.ado8609
B*38:01,B*57:03,B,0.878787878787879,A,10.1126/science.ado8609
B*38:01,B*58:01,B,0.862068965517241,A,10.1126/science.ado8609
B*38:01,B*58:02,B,0.789473684210526,A,10.1126/science.ado8609
B*38:02,B*07:02,B,0.851851851851852,A,10.1126/science.ado8609
B*38:02,B*07:04,B,0.818181818181818,A,10.1126/science.ado8609
B*38:02,B*08:01,B,0.826086956521739,A,10.1126/science.ado8609
B*38:02,B*13:01,B,0.714285714285714,A,10.1126/science.ado8609
B*38:02,B*13:02,B,0.666666666666667,A,10.1126/science.ado8609
B*38:02,B*14:02,B,0.75,A,10.1126/science.ado8609
B*38:02,B*15:01,B,0.833333333333333,A,10.1126/science.ado8609
B*38:02,B*15:02,B,0.823529411764706,A,10.1126/science.ado8609
B*38:02,B*15:03,B,0.783783783783784,A,10.1126/science.ado8609
B*38:02,B*15:10,B,0.333333333333333,A,10.1126/science.ado8609
B*38:02,B*15:17,B,0.952380952380952,A,10.1126/science.ado8609
B*38:02,B*18:01,B,0.92,A,10.1126/science.ado8609
B*38:02,B*27:05,B,0.84,A,10.1126/science.ado8609
B*38:02,B*35:01,B,0.923076923076923,A,10.1126/science.ado8609
B*38:02,B*35:03,B,0.851851851851852,A,10.1126/science.ado8609
B*38:02,B*35:07,B,0.933333333333333,A,10.1126/science.ado8609
B*38:02,B*37:01,B,0.935483870967742,A,10.1126/science.ado8609
B*38:02,B*38:01,B,0.266666666666667,A,10.1126/science.ado8609
B*38:02,B*38:02,B,0,A,10.1126/science.ado8609
B*38:02,B*40:01,B,0.91304347826087,A,10.1126/science.ado8609
B*38:02,B*40:02,B,0.870967741935484,A,10.1126/science.ado8609
B*38:02,B*40:06,B,0.92,A,10.1126/science.ado8609
B*38:02,B*42:01,B,0.857142857142857,A,10.1126/science.ado8609
B*38:02,B*44:02,B,0.916666666666667,A,10.1126/science.ado8609
B*38:02,B*44:03,B,0.916666666666667,A,10.1126/science.ado8609
B*38:02,B*45:01,B,0.933333333333333,A,10.1126/science.ado8609
B*38:02,B*46:01,B,0.769230769230769,A,10.1126/science.ado8609
B*38:02,B*49:01,B,0.92,A,10.1126/science.ado8609
B*38:02,B*50:01,B,0.916666666666667,A,10.1126/science.ado8609
B*38:02,B*51:01,B,0.870967741935484,A,10.1126/science.ado8609
B*38:02,B*52:01,B,0.769230769230769,A,10.1126/science.ado8609
B*38:02,B*53:01,B,0.9375,A,10.1126/science.ado8609
B*38:02,B*54:01,B,0.91304347826087,A,10.1126/science.ado8609
B*38:02,B*55:01,B,0.91304347826087,A,10.1126/science.ado8609
B*38:02,B*55:02,B,0.91304347826087,A,10.1126/science.ado8609
B*38:02,B*56:01,B,0.91304347826087,A,10.1126/science.ado8609
B*38:02,B*57:01,B,0.925925925925926,A,10.1126/science.ado8609
B*38:02,B*57:03,B,0.897435897435897,A,10.1126/science.ado8609
B*38:02,B*58:01,B,0.885714285714286,A,10.1126/science.ado8609
B*38:02,B*58:02,B,0.84,A,10.1126/science.ado8609
B*40:01,B*07:02,B,0.857142857142857,A,10.1126/science.ado8609
B*40:01,B*07:04,B,0.777777777777778,A,10.1126/science.ado8609
B*40:01,B*08:01,B,0.8,A,10.1126/science.ado8609
B*40:01,B*13:01,B,0.909090909090909,A,10.1126/science.ado8609
B*40:01,B*13:02,B,0.882352941176471,A,10.1126/science.ado8609
B*40:01,B*14:02,B,0.818181818181818,A,10.1126/science.ado8609
B*40:01,B*15:01,B,0.91304347826087,A,10.1126/science.ado8609
B*40:01,B*15:02,B,0.904761904761905,A,10.1126/science.ado8609
B*40:01,B*15:03,B,0.916666666666667,A,10.1126/science.ado8609
B*40:01,B*15:10,B,0.857142857142857,A,10.1126/science.ado8609
B*40:01,B*15:17,B,0.931034482758621,A,10.1126/science.ado8609
B*40:01,B*18:01,B,0.5,A,10.1126/science.ado8609
B*40:01,B*27:05,B,0.833333333333333,A,10.1126/science.ado8609
B*40:01,B*35:01,B,0.846153846153846,A,10.1126/science.ado8609
B*40:01,B*35:03,B,0.857142857142857,A,10.1126/science.ado8609
B*40:01,B*35:07,B,0.882352941176471,A,10.1126/science.ado8609
B*40:01,B*37:01,B,0.666666666666667,A,10.1126/science.ado8609
B*40:01,B*38:01,B,0.882352941176471,A,10.1126/science.ado8609
B*40:01,B*38:02,B,0.91304347826087,A,10.1126/science.ado8609
B*40:01,B*40:01,B,0,A,10.1126/science.ado8609
B*40:01,B*40:02,B,0.555555555555556,A,10.1126/science.ado8609
B*40:01,B*40:06,B,0.5,A,10.1126/science.ado8609
B*40:01,B*42:01,B,0.866666666666667,A,10.1126/science.ado8609
B*40:01,B*44:02,B,0.454545454545455,A,10.1126/science.ado8609
B*40:01,B*44:03,B,0.454545454545455,A,10.1126/science.ado8609
B*40:01,B*45:01,B,0.764705882352941,A,10.1126/science.ado8609
B*40:01,B*46:01,B,0.846153846153846,A,10.1126/science.ado8609
B*40:01,B*49:01,B,0.333333333333333,A,10.1126/science.ado8609
B*40:01,B*50:01,B,0.636363636363636,A,10.1126/science.ado8609
B*40:01,B*51:01,B,0.888888888888889,A,10.1126/science.ado8609
B*40:01,B*52:01,B,0.846153846153846,A,10.1126/science.ado8609
B*40:01,B*53:01,B,0.894736842105263,A,10.1126/science.ado8609
B*40:01,B*54:01,B,0.8,A,10.1126/science.ado8609
B*40:01,B*55:01,B,0.8,A,10.1126/science.ado8609
B*40:01,B*55:02,B,0.8,A,10.1126/science.ado8609
B*40:01,B*56:01,B,0.8,A,10.1126/science.ado8609
B*40:01,B*57:01,B,0.857142857142857,A,10.1126/science.ado8609
B*40:01,B*57:03,B,0.923076923076923,A,10.1126/science.ado8609
B*40:01,B*58:01,B,0.909090909090909,A,10.1126/science.ado8609
B*40:01,B*58:02,B,0.833333333333333,A,10.1126/science.ado8609
B*40:02,B*07:02,B,0.818181818181818,A,10.1126/science.ado8609
B*40:02,B*07:04,B,0.764705882352941,A,10.1126/science.ado8609
B*40:02,B*08:01,B,0.777777777777778,A,10.1126/science.ado8609
B*40:02,B*13:01,B,0.866666666666667,A,10.1126/science.ado8609
B*40:02,B*13:02,B,0.84,A,10.1126/science.ado8609
B*40:02,B*14:02,B,0.789473684210526,A,10.1126/science.ado8609
B*40:02,B*15:01,B,0.935483870967742,A,10.1126/science.ado8609
B*40:02,B*15:02,B,0.862068965517241,A,10.1126/science.ado8609
B*40:02,B*15:03,B,0.9375,A,10.1126/science.ado8609
B*40:02,B*15:10,B,0.818181818181818,A,10.1126/science.ado8609
B*40:02,B*15:17,B,0.945945945945946,A,10.1126/science.ado8609
B*40:02,B*18:01,B,0.5,A,10.1126/science.ado8609
B*40:02,B*27:05,B,0.9,A,10.1126/science.ado8609
B*40:02,B*35:01,B,0.904761904761905,A,10.1126/science.ado8609
B*40:02,B*35:03,B,0.818181818181818,A,10.1126/science.ado8609
B*40:02,B*35:07,B,0.92,A,10.1126/science.ado8609
B*40:02,B*37:01,B,0.615384615384615,A,10.1126/science.ado8609
B*40:02,B*38:01,B,0.84,A,10.1126/science.ado8609
B*40:02,B*38:02,B,0.870967741935484,A,10.1126/science.ado8609
B*40:02,B*40:01,B,0.555555555555556,A,10.1126/science.ado8609
B*40:02,B*40:02,B,0,A,10.1126/science.ado8609
B*40:02,B*40:06,B,0.5,A,10.1126/science.ado8609
B*40:02,B*42:01,B,0.826086956521739,A,10.1126/science.ado8609
B*40:02,B*44:02,B,0.578947368421053,A,10.1126/science.ado8609
B*40:02,B*44:03,B,0.578947368421053,A,10.1126/science.ado8609
B*40:02,B*45:01,B,0.6,A,10.1126/science.ado8609
B*40:02,B*46:01,B,0.80952380952381,A,10.1126/science.ado8609
B*40:02,B*49:01,B,0.4,A,10.1126/science.ado8609
B*40:02,B*50:01,B,0.578947368421053,A,10.1126/science.ado8609
B*40:02,B*51:01,B,0.923076923076923,A,10.1126/science.ado8609
B*40:02,B*52:01,B,0.904761904761905,A,10.1126/science.ado8609
B*40:02,B*53:01,B,0.925925925925926,A,10.1126/science.ado8609
B*40:02,B*54:01,B,0.888888888888889,A,10.1126/science.ado8609
B*40:02,B*55:01,B,0.888888888888889,A,10.1126/science.ado8609
B*40:02,B*55:02,B,0.888888888888889,A,10.1126/science.ado8609
B*40:02,B*56:01,B,0.888888888888889,A,10.1126/science.ado8609
B*40:02,B*57:01,B,0.909090909090909,A,10.1126/science.ado8609
B*40:02,B*57:03,B,0.941176470588235,A,10.1126/science.ado8609
B*40:02,B*58:01,B,0.866666666666667,A,10.1126/science.ado8609
B*40:02,B*58:02,B,0.8,A,10.1126/science.ado8609
B*40:06,B*07:02,B,0.875,A,10.1126/science.ado8609
B*40:06,B*07:04,B,0.818181818181818,A,10.1126/science.ado8609
B*40:06,B*08:01,B,0.833333333333333,A,10.1126/science.ado8609
B*40:06,B*13:01,B,0.916666666666667,A,10.1126/science.ado8609
B*40:06,B*13:02,B,0.894736842105263,A,10.1126/science.ado8609
B*40:06,B*14:02,B,0.846153846153846,A,10.1126/science.ado8609
B*40:06,B*15:01,B,0.92,A,10.1126/science.ado8609
B*40:06,B*15:02,B,0.91304347826087,A,10.1126/science.ado8609
B*40:06,B*15:03,B,0.923076923076923,A,10.1126/science.ado8609
B*40:06,B*15:10,B,0.875,A,10.1126/science.ado8609
B*40:06,B*15:17,B,0.935483870967742,A,10.1126/science.ado8609
B*40:06,B*18:01,B,0.714285714285714,A,10.1126/science.ado8609
B*40:06,B*27:05,B,0.857142857142857,A,10.1126/science.ado8609
B*40:06,B*35:01,B,0.866666666666667,A,10.1126/science.ado8609
B*40:06,B*35:03,B,0.875,A,10.1126/science.ado8609
B*40:06,B*35:07,B,0.894736842105263,A,10.1126/science.ado8609
B*40:06,B*37:01,B,0.8,A,10.1126/science.ado8609
B*40:06,B*38:01,B,0.894736842105263,A,10.1126/science.ado8609
B*40:06,B*38:02,B,0.92,A,10.1126/science.ado8609
B*40:06,B*40:01,B,0.5,A,10.1126/science.ado8609
B*40:06,B*40:02,B,0.5,A,10.1126/science.ado8609
B*40:06,B*40:06,B,0,A,10.1126/science.ado8609
B*40:06,B*42:01,B,0.882352941176471,A,10.1126/science.ado8609
B*40:06,B*44:02,B,0.692307692307692,A,10.1126/science.ado8609
B*40:06,B*44:03,B,0.692307692307692,A,10.1126/science.ado8609
B*40:06,B*45:01,B,0.473684210526316,A,10.1126/science.ado8609
B*40:06,B*46:01,B,0.866666666666667,A,10.1126/science.ado8609
B*40:06,B*49:01,B,0.428571428571429,A,10.1126/science.ado8609
B*40:06,B*50:01,B,0.230769230769231,A,10.1126/science.ado8609
B*40:06,B*51:01,B,0.9,A,10.1126/science.ado8609
B*40:06,B*52:01,B,0.866666666666667,A,10.1126/science.ado8609
B*40:06,B*53:01,B,0.904761904761905,A,10.1126/science.ado8609
B*40:06,B*54:01,B,0.666666666666667,A,10.1126/science.ado8609
B*40:06,B*55:01,B,0.666666666666667,A,10.1126/science.ado8609
B*40:06,B*55:02,B,0.666666666666667,A,10.1126/science.ado8609
B*40:06,B*56:01,B,0.666666666666667,A,10.1126/science.ado8609
B*40:06,B*57:01,B,0.875,A,10.1126/science.ado8609
B*40:06,B*57:03,B,0.928571428571429,A,10.1126/science.ado8609
B*40:06,B*58:01,B,0.916666666666667,A,10.1126/science.ado8609
B*40:06,B*58:02,B,0.857142857142857,A,10.1126/science.ado8609
B*42:01,B*07:02,B,0.368421052631579,A,10.1126/science.ado8609
B*42:01,B*07:04,B,0.428571428571429,A,10.1126/science.ado8609
B*42:01,B*08:01,B,0.733333333333333,A,10.1126/science.ado8609
B*42:01,B*13:01,B,0.851851851851852,A,10.1126/science.ado8609
B*42:01,B*13:02,B,0.818181818181818,A,10.1126/science.ado8609
B*42:01,B*14:02,B,0.75,A,10.1126/science.ado8609
B*42:01,B*15:01,B,0.928571428571429,A,10.1126/science.ado8609
B*42:01,B*15:02,B,0.846153846153846,A,10.1126/science.ado8609
B*42:01,B*15:03,B,0.931034482758621,A,10.1126/science.ado8609
B*42:01,B*15:10,B,0.789473684210526,A,10.1126/science.ado8609
B*42:01,B*15:17,B,0.941176470588235,A,10.1126/science.ado8609
B*42:01,B*18:01,B,0.882352941176471,A,10.1126/science.ado8609
B*42:01,B*27:05,B,0.882352941176471,A,10.1126/science.ado8609
B*42:01,B*35:01,B,0.666666666666667,A,10.1126/science.ado8609
B*42:01,B*35:03,B,0.368421052631579,A,10.1126/science.ado8609
B*42:01,B*35:07,B,0.545454545454545,A,10.1126/science.ado8609
B*42:01,B*37:01,B,0.91304347826087,A,10.1126/science.ado8609
B*42:01,B*38:01,B,0.818181818181818,A,10.1126/science.ado8609
B*42:01,B*38:02,B,0.857142857142857,A,10.1126/science.ado8609
B*42:01,B*40:01,B,0.866666666666667,A,10.1126/science.ado8609
B*42:01,B*40:02,B,0.826086956521739,A,10.1126/science.ado8609
B*42:01,B*40:06,B,0.882352941176471,A,10.1126/science.ado8609
B*42:01,B*42:01,B,0,A,10.1126/science.ado8609
B*42:01,B*44:02,B,0.875,A,10.1126/science.ado8609
B*42:01,B*44:03,B,0.875,A,10.1126/science.ado8609
B*42:01,B*45:01,B,0.909090909090909,A,10.1126/science.ado8609
B*42:01,B*46:01,B,0.666666666666667,A,10.1126/science.ado8609
B*42:01,B*49:01,B,0.882352941176471,A,10.1126/science.ado8609
B*42:01,B*50:01,B,0.875,A,10.1126/science.ado8609
B*42:01,B*51:01,B,0.652173913043478,A,10.1126/science.ado8609
B*42:01,B*52:01,B,0.888888888888889,A,10.1126/science.ado8609
B*42:01,B*53:01,B,0.5,A,10.1126/science.ado8609
B*42:01,B*54:01,B,0.466666666666667,A,10.1126/science.ado8609
B*42:01,B*55:01,B,0.466666666666667,A,10.1126/science.ado8609
B*42:01,B*55:02,B,0.466666666666667,A,10.1126/science.ado8609
B*42:01,B*56:01,B,0.466666666666667,A,10.1126/science.ado8609
B*42:01,B*57:01,B,0.894736842105263,A,10.1126/science.ado8609
B*42:01,B*57:03,B,0.870967741935484,A,10.1126/science.ado8609
B*42:01,B*58:01,B,0.851851851851852,A,10.1126/science.ado8609
B*42:01,B*58:02,B,0.764705882352941,A,10.1126/science.ado8609
B*44:02,B*07:02,B,0.866666666666667,A,10.1126/science.ado8609
B*44:02,B*07:04,B,0.8,A,10.1126/science.ado8609
B*44:02,B*08:01,B,0.818181818181818,A,10.1126/science.ado8609
B*44:02,B*13:01,B,0.91304347826087,A,10.1126/science.ado8609
B*44:02,B*13:02,B,0.888888888888889,A,10.1126/science.ado8609
B*44:02,B*14:02,B,0.833333333333333,A,10.1126/science.ado8609
B*44:02,B*15:01,B,0.916666666666667,A,10.1126/science.ado8609
B*44:02,B*15:02,B,0.909090909090909,A,10.1126/science.ado8609
B*44:02,B*15:03,B,0.92,A,10.1126/science.ado8609
B*44:02,B*15:10,B,0.866666666666667,A,10.1126/science.ado8609
B*44:02,B*15:17,B,0.933333333333333,A,10.1126/science.ado8609
B*44:02,B*18:01,B,0.384615384615385,A,10.1126/science.ado8609
B*44:02,B*27:05,B,0.846153846153846,A,10.1126/science.ado8609
B*44:02,B*35:01,B,0.857142857142857,A,10.1126/science.ado8609
B*44:02,B*35:03,B,0.866666666666667,A,10.1126/science.ado8609
B*44:02,B*35:07,B,0.888888888888889,A,10.1126/science.ado8609
B*44:02,B*37:01,B,0.684210526315789,A,10.1126/science.ado8609
B*44:02,B*38:01,B,0.888888888888889,A,10.1126/science.ado8609
B*44:02,B*38:02,B,0.916666666666667,A,10.1126/science.ado8609
B*44:02,B*40:01,B,0.454545454545455,A,10.1126/science.ado8609
B*44:02,B*40:02,B,0.578947368421053,A,10.1126/science.ado8609
B*44:02,B*40:06,B,0.692307692307692,A,10.1126/science.ado8609
B*44:02,B*42:01,B,0.875,A,10.1126/science.ado8609
B*44:02,B*44:02,B,0,A,10.1126/science.ado8609
B*44:02,B*44:03,B,0,A,10.1126/science.ado8609
B*44:02,B*45:01,B,0.888888888888889,A,10.1126/science.ado8609
B*44:02,B*46:01,B,0.857142857142857,A,10.1126/science.ado8609
B*44:02,B*49:01,B,0.538461538461538,A,10.1126/science.ado8609
B*44:02,B*50:01,B,0.666666666666667,A,10.1126/science.ado8609
B*44:02,B*51:01,B,0.894736842105263,A,10.1126/science.ado8609
B*44:02,B*52:01,B,0.857142857142857,A,10.1126/science.ado8609
B*44:02,B*53:01,B,0.9,A,10.1126/science.ado8609
B*44:02,B*54:01,B,0.818181818181818,A,10.1126/science.ado8609
B*44:02,B*55:01,B,0.818181818181818,A,10.1126/science.ado8609
B*44:02,B*55:02,B,0.818181818181818,A,10.1126/science.ado8609
B*44:02,B*56:01,B,0.818181818181818,A,10.1126/science.ado8609
B*44:02,B*57:01,B,0.866666666666667,A,10.1126/science.ado8609
B*44:02,B*57:03,B,0.925925925925926,A,10.1126/science.ado8609
B*44:02,B*58:01,B,0.91304347826087,A,10.1126/science.ado8609
B*44:02,B*58:02,B,0.846153846153846,A,10.1126/science.ado8609
B*44:03,B*07:02,B,0.866666666666667,A,10.1126/science.ado8609
B*44:03,B*07:04,B,0.8,A,10.1126/science.ado8609
B*44:03,B*08:01,B,0.818181818181818,A,10.1126/science.ado8609
B*44:03,B*13:01,B,0.91304347826087,A,10.1126/science.ado8609
B*44:03,B*13:02,B,0.888888888888889,A,10.1126/science.ado8609
B*44:03,B*14:02,B,0.833333333333333,A,10.1126/science.ado8609
B*44:03,B*15:01,B,0.916666666666667,A,10.1126/science.ado8609
B*44:03,B*15:02,B,0.909090909090909,A,10.1126/science.ado8609
B*44:03,B*15:03,B,0.92,A,10.1126/science.ado8609
B*44:03,B*15:10,B,0.866666666666667,A,10.1126/science.ado8609
B*44:03,B*15:17,B,0.933333333333333,A,10.1126/science.ado8609
B*44:03,B*18:01,B,0.384615384615385,A,10.1126/science.ado8609
B*44:03,B*27:05,B,0.846153846153846,A,10.1126/science.ado8609
B*44:03,B*35:01,B,0.857142857142857,A,10.1126/science.ado8609
B*44:03,B*35:03,B,0.866666666666667,A,10.1126/science.ado8609
B*44:03,B*35:07,B,0.888888888888889,A,10.1126/science.ado8609
B*44:03,B*37:01,B,0.684210526315789,A,10.1126/science.ado8609
B*44:03,B*38:01,B,0.888888888888889,A,10.1126/science.ado8609
B*44:03,B*38:02,B,0.916666666666667,A,10.1126/science.ado8609
B*44:03,B*40:01,B,0.454545454545455,A,10.1126/science.ado8609
B*44:03,B*40:02,B,0.578947368421053,A,10.1126/science.ado8609
B*44:03,B*40:06,B,0.692307692307692,A,10.1126/science.ado8609
B*44:03,B*42:01,B,0.875,A,10.1126/science.ado8609
B*44:03,B*44:02,B,0,A,10.1126/science.ado8609
B*44:03,B*44:03,B,0,A,10.1126/science.ado8609
B*44:03,B*45:01,B,0.888888888888889,A,10.1126/science.ado8609
B*44:03,B*46:01,B,0.857142857142857,A,10.1126/science.ado8609
B*44:03,B*49:01,B,0.538461538461538,A,10.1126/science.ado8609
B*44:03,B*50:01,B,0.666666666666667,A,10.1126/science.ado8609
B*44:03,B*51:01,B,0.894736842105263,A,10.1126/science.ado8609
B*44:03,B*52:01,B,0.857142857142857,A,10.1126/science.ado8609
B*44:03,B*53:01,B,0.9,A,10.1126/science.ado8609
B*44:03,B*54:01,B,0.818181818181818,A,10.1126/science.ado8609
B*44:03,B*55:01,B,0.818181818181818,A,10.1126/science.ado8609
B*44:03,B*55:02,B,0.818181818181818,A,10.1126/science.ado8609
B*44:03,B*56:01,B,0.818181818181818,A,10.1126/science.ado8609
B*44:03,B*57:01,B,0.866666666666667,A,10.1126/science.ado8609
B*44:03,B*57:03,B,0.925925925925926,A,10.1126/science.ado8609
B*44:03,B*58:01,B,0.91304347826087,A,10.1126/science.ado8609
B*44:03,B*58:02,B,0.846153846153846,A,10.1126/science.ado8609
B*45:01,B*07:02,B,0.904761904761905,A,10.1126/science.ado8609
B*45:01,B*07:04,B,0.875,A,10.1126/science.ado8609
B*45:01,B*08:01,B,0.882352941176471,A,10.1126/science.ado8609
B*45:01,B*13:01,B,0.931034482758621,A,10.1126/science.ado8609
B*45:01,B*13:02,B,0.916666666666667,A,10.1126/science.ado8609
B*45:01,B*14:02,B,0.888888888888889,A,10.1126/science.ado8609
B*45:01,B*15:01,B,0.933333333333333,A,10.1126/science.ado8609
B*45:01,B*15:02,B,0.928571428571429,A,10.1126/science.ado8609
B*45:01,B*15:03,B,0.935483870967742,A,10.1126/science.ado8609
B*45:01,B*15:10,B,0.904761904761905,A,10.1126/science.ado8609
B*45:01,B*15:17,B,0.944444444444444,A,10.1126/science.ado8609
B*45:01,B*18:01,B,0.789473684210526,A,10.1126/science.ado8609
B*45:01,B*27:05,B,0.894736842105263,A,10.1126/science.ado8609
B*45:01,B*35:01,B,0.9,A,10.1126/science.ado8609
B*45:01,B*35:03,B,0.904761904761905,A,10.1126/science.ado8609
B*45:01,B*35:07,B,0.916666666666667,A,10.1126/science.ado8609
B*45:01,B*37:01,B,0.84,A,10.1126/science.ado8609
B*45:01,B*38:01,B,0.916666666666667,A,10.1126/science.ado8609
B*45:01,B*38:02,B,0.933333333333333,A,10.1126/science.ado8609
B*45:01,B*40:01,B,0.764705882352941,A,10.1126/science.ado8609
B*45:01,B*40:02,B,0.6,A,10.1126/science.ado8609
B*45:01,B*40:06,B,0.473684210526316,A,10.1126/science.ado8609
B*45:01,B*42:01,B,0.909090909090909,A,10.1126/science.ado8609
B*45:01,B*44:02,B,0.888888888888889,A,10.1126/science.ado8609
B*45:01,B*44:03,B,0.888888888888889,A,10.1126/science.ado8609
B*45:01,B*45:01,B,0,A,10.1126/science.ado8609
B*45:01,B*46:01,B,0.9,A,10.1126/science.ado8609
B*45:01,B*49:01,B,0.578947368421053,A,10.1126/science.ado8609
B*45:01,B*50:01,B,0.555555555555556,A,10.1126/science.ado8609
B*45:01,B*51:01,B,0.92,A,10.1126/science.ado8609
B*45:01,B*52:01,B,0.9,A,10.1126/science.ado8609
B*45:01,B*53:01,B,0.923076923076923,A,10.1126/science.ado8609
B*45:01,B*54:01,B,0.882352941176471,A,10.1126/science.ado8609
B*45:01,B*55:01,B,0.882352941176471,A,10.1126/science.ado8609
B*45:01,B*55:02,B,0.882352941176471,A,10.1126/science.ado8609
B*45:01,B*56:01,B,0.882352941176471,A,10.1126/science.ado8609
B*45:01,B*57:01,B,0.904761904761905,A,10.1126/science.ado8609
B*45:01,B*57:03,B,0.939393939393939,A,10.1126/science.ado8609
B*45:01,B*58:01,B,0.931034482758621,A,10.1126/science.ado8609
B*45:01,B*58:02,B,0.894736842105263,A,10.1126/science.ado8609
B*46:01,B*07:02,B,0.764705882352941,A,10.1126/science.ado8609
B*46:01,B*07:04,B,0.666666666666667,A,10.1126/science.ado8609
B*46:01,B*08:01,B,0.692307692307692,A,10.1126/science.ado8609
B*46:01,B*13:01,B,0.84,A,10.1126/science.ado8609
B*46:01,B*13:02,B,0.8,A,10.1126/science.ado8609
B*46:01,B*14:02,B,0.714285714285714,A,10.1126/science.ado8609
B*46:01,B*15:01,B,0.692307692307692,A,10.1126/science.ado8609
B*46:01,B*15:02,B,0.666666666666667,A,10.1126/science.ado8609
B*46:01,B*15:03,B,0.62962962962963,A,10.1126/science.ado8609
B*46:01,B*15:10,B,0.764705882352941,A,10.1126/science.ado8609
B*46:01,B*15:17,B,0.9375,A,10.1126/science.ado8609
B*46:01,B*18:01,B,0.866666666666667,A,10.1126/science.ado8609
B*46:01,B*27:05,B,0.866666666666667,A,10.1126/science.ado8609
B*46:01,B*35:01,B,0.625,A,10.1126/science.ado8609
B*46:01,B*35:03,B,0.647058823529412,A,10.1126/science.ado8609
B*46:01,B*35:07,B,0.5,A,10.1126/science.ado8609
B*46:01,B*37:01,B,0.904761904761905,A,10.1126/science.ado8609
B*46:01,B*38:01,B,0.7,A,10.1126/science.ado8609
B*46:01,B*38:02,B,0.769230769230769,A,10.1126/science.ado8609
B*46:01,B*40:01,B,0.846153846153846,A,10.1126/science.ado8609
B*46:01,B*40:02,B,0.80952380952381,A,10.1126/science.ado8609
B*46:01,B*40:06,B,0.866666666666667,A,10.1126/science.ado8609
B*46:01,B*42:01,B,0.666666666666667,A,10.1126/science.ado8609
B*46:01,B*44:02,B,0.857142857142857,A,10.1126/science.ado8609
B*46:01,B*44:03,B,0.857142857142857,A,10.1126/science.ado8609
B*46:01,B*45:01,B,0.9,A,10.1126/science.ado8609
B*46:01,B*46:01,B,0,A,10.1126/science.ado8609
B*46:01,B*49:01,B,0.866666666666667,A,10.1126/science.ado8609
B*46:01,B*50:01,B,0.857142857142857,A,10.1126/science.ado8609
B*46:01,B*51:01,B,0.904761904761905,A,10.1126/science.ado8609
B*46:01,B*52:01,B,0.875,A,10.1126/science.ado8609
B*46:01,B*53:01,B,0.636363636363636,A,10.1126/science.ado8609
B*46:01,B*54:01,B,0.846153846153846,A,10.1126/science.ado8609
B*46:01,B*55:01,B,0.846153846153846,A,10.1126/science.ado8609
B*46:01,B*55:02,B,0.846153846153846,A,10.1126/science.ado8609
B*46:01,B*56:01,B,0.846153846153846,A,10.1126/science.ado8609
B*46:01,B*57:01,B,0.764705882352941,A,10.1126/science.ado8609
B*46:01,B*57:03,B,0.793103448275862,A,10.1126/science.ado8609
B*46:01,B*58:01,B,0.68,A,10.1126/science.ado8609
B*46:01,B*58:02,B,0.733333333333333,A,10.1126/science.ado8609
B*49:01,B*07:02,B,0.875,A,10.1126/science.ado8609
B*49:01,B*07:04,B,0.818181818181818,A,10.1126/science.ado8609
B*49:01,B*08:01,B,0.833333333333333,A,10.1126/science.ado8609
B*49:01,B*13:01,B,0.916666666666667,A,10.1126/science.ado8609
B*49:01,B*13:02,B,0.894736842105263,A,10.1126/science.ado8609
B*49:01,B*14:02,B,0.846153846153846,A,10.1126/science.ado8609
B*49:01,B*15:01,B,0.92,A,10.1126/science.ado8609
B*49:01,B*15:02,B,0.91304347826087,A,10.1126/science.ado8609
B*49:01,B*15:03,B,0.923076923076923,A,10.1126/science.ado8609
B*49:01,B*15:10,B,0.875,A,10.1126/science.ado8609
B*49:01,B*15:17,B,0.935483870967742,A,10.1126/science.ado8609
B*49:01,B*18:01,B,0.571428571428571,A,10.1126/science.ado8609
B*49:01,B*27:05,B,0.857142857142857,A,10.1126/science.ado8609
B*49:01,B*35:01,B,0.866666666666667,A,10.1126/science.ado8609
B*49:01,B*35:03,B,0.875,A,10.1126/science.ado8609
B*49:01,B*35:07,B,0.894736842105263,A,10.1126/science.ado8609
B*49:01,B*37:01,B,0.7,A,10.1126/science.ado8609
B*49:01,B*38:01,B,0.894736842105263,A,10.1126/science.ado8609
B*49:01,B*38:02,B,0.92,A,10.1126/science.ado8609
B*49:01,B*40:01,B,0.333333333333333,A,10.1126/science.ado8609
B*49:01,B*40:02,B,0.4,A,10.1126/science.ado8609
B*49:01,B*40:06,B,0.428571428571429,A,10.1126/science.ado8609
B*49:01,B*42:01,B,0.882352941176471,A,10.1126/science.ado8609
B*49:01,B*44:02,B,0.538461538461538,A,10.1126/science.ado8609
B*49:01,B*44:03,B,0.538461538461538,A,10.1126/science.ado8609
B*49:01,B*45:01,B,0.578947368421053,A,10.1126/science.ado8609
B*49:01,B*46:01,B,0.866666666666667,A,10.1126/science.ado8609
B*49:01,B*49:01,B,0,A,10.1126/science.ado8609
B*49:01,B*50:01,B,0.538461538461538,A,10.1126/science.ado8609
B*49:01,B*51:01,B,0.9,A,10.1126/science.ado8609
B*49:01,B*52:01,B,0.866666666666667,A,10.1126/science.ado8609
B*49:01,B*53:01,B,0.904761904761905,A,10.1126/science.ado8609
B*49:01,B*54:01,B,0.833333333333333,A,10.1126/science.ado8609
B*49:01,B*55:01,B,0.833333333333333,A,10.1126/science.ado8609
B*49:01,B*55:02,B,0.833333333333333,A,10.1126/science.ado8609
B*49:01,B*56:01,B,0.833333333333333,A,10.1126/science.ado8609
B*49:01,B*57:01,B,0.875,A,10.1126/science.ado8609
B*49:01,B*57:03,B,0.928571428571429,A,10.1126/science.ado8609
B*49:01,B*58:01,B,0.916666666666667,A,10.1126/science.ado8609
B*49:01,B*58:02,B,0.857142857142857,A,10.1126/science.ado8609
B*50:01,B*07:02,B,0.866666666666667,A,10.1126/science.ado8609
B*50:01,B*07:04,B,0.8,A,10.1126/science.ado8609
B*50:01,B*08:01,B,0.818181818181818,A,10.1126/science.ado8609
B*50:01,B*13:01,B,0.91304347826087,A,10.1126/science.ado8609
B*50:01,B*13:02,B,0.888888888888889,A,10.1126/science.ado8609
B*50:01,B*14:02,B,0.833333333333333,A,10.1126/science.ado8609
B*50:01,B*15:01,B,0.916666666666667,A,10.1126/science.ado8609
B*50:01,B*15:02,B,0.909090909090909,A,10.1126/science.ado8609
B*50:01,B*15:03,B,0.92,A,10.1126/science.ado8609
B*50:01,B*15:10,B,0.866666666666667,A,10.1126/science.ado8609
B*50:01,B*15:17,B,0.933333333333333,A,10.1126/science.ado8609
B*50:01,B*18:01,B,0.846153846153846,A,10.1126/science.ado8609
B*50:01,B*27:05,B,0.846153846153846,A,10.1126/science.ado8609
B*50:01,B*35:01,B,0.857142857142857,A,10.1126/science.ado8609
B*50:01,B*35:03,B,0.866666666666667,A,10.1126/science.ado8609
B*50:01,B*35:07,B,0.888888888888889,A,10.1126/science.ado8609
B*50:01,B*37:01,B,0.894736842105263,A,10.1126/science.ado8609
B*50:01,B*38:01,B,0.888888888888889,A,10.1126/science.ado8609
B*50:01,B*38:02,B,0.916666666666667,A,10.1126/science.ado8609
B*50:01,B*40:01,B,0.636363636363636,A,10.1126/science.ado8609
B*50:01,B*40:02,B,0.578947368421053,A,10.1126/science.ado8609
B*50:01,B*40:06,B,0.230769230769231,A,10.1126/science.ado8609
B*50:01,B*42:01,B,0.875,A,10.1126/science.ado8609
B*50:01,B*44:02,B,0.666666666666667,A,10.1126/science.ado8609
B*50:01,B*44:03,B,0.666666666666667,A,10.1126/science.ado8609
B*50:01,B*45:01,B,0.555555555555556,A,10.1126/science.ado8609
B*50:01,B*46:01,B,0.857142857142857,A,10.1126/science.ado8609
B*50:01,B*49:01,B,0.538461538461538,A,10.1126/science.ado8609
B*50:01,B*50:01,B,0,A,10.1126/science.ado8609
B*50:01,B*51:01,B,0.894736842105263,A,10.1126/science.ado8609
B*50:01,B*52:01,B,0.857142857142857,A,10.1126/science.ado8609
B*50:01,B*53:01,B,0.9,A,10.1126/science.ado8609
B*50:01,B*54:01,B,0.818181818181818,A,10.1126/science.ado8609
B*50:01,B*55:01,B,0.818181818181818,A,10.1126/science.ado8609
B*50:01,B*55:02,B,0.818181818181818,A,10.1126/science.ado8609
B*50:01,B*56:01,B,0.818181818181818,A,10.1126/science.ado8609
B*50:01,B*57:01,B,0.866666666666667,A,10.1126/science.ado8609
B*50:01,B*57:03,B,0.925925925925926,A,10.1126/science.ado8609
B*50:01,B*58:01,B,0.91304347826087,A,10.1126/science.ado8609
B*50:01,B*58:02,B,0.846153846153846,A,10.1126/science.ado8609
B*51:01,B*07:02,B,0.727272727272727,A,10.1126/science.ado8609
B*51:01,B*07:04,B,0.764705882352941,A,10.1126/science.ado8609
B*51:01,B*08:01,B,0.888888888888889,A,10.1126/science.ado8609
B*51:01,B*13:01,B,0.866666666666667,A,10.1126/science.ado8609
B*51:01,B*13:02,B,0.76,A,10.1126/science.ado8609
B*51:01,B*14:02,B,0.894736842105263,A,10.1126/science.ado8609
B*51:01,B*15:01,B,0.935483870967742,A,10.1126/science.ado8609
B*51:01,B*15:02,B,0.931034482758621,A,10.1126/science.ado8609
B*51:01,B*15:03,B,0.9375,A,10.1126/science.ado8609
B*51:01,B*15:10,B,0.909090909090909,A,10.1126/science.ado8609
B*51:01,B*15:17,B,0.945945945945946,A,10.1126/science.ado8609
B*51:01,B*18:01,B,0.9,A,10.1126/science.ado8609
B*51:01,B*27:05,B,0.9,A,10.1126/science.ado8609
B*51:01,B*35:01,B,0.714285714285714,A,10.1126/science.ado8609
B*51:01,B*35:03,B,0.636363636363636,A,10.1126/science.ado8609
B*51:01,B*35:07,B,0.84,A,10.1126/science.ado8609
B*51:01,B*37:01,B,0.923076923076923,A,10.1126/science.ado8609
B*51:01,B*38:01,B,0.84,A,10.1126/science.ado8609
B*51:01,B*38:02,B,0.870967741935484,A,10.1126/science.ado8609
B*51:01,B*40:01,B,0.888888888888889,A,10.1126/science.ado8609
B*51:01,B*40:02,B,0.923076923076923,A,10.1126/science.ado8609
B*51:01,B*40:06,B,0.9,A,10.1126/science.ado8609
B*51:01,B*42:01,B,0.652173913043478,A,10.1126/science.ado8609
B*51:01,B*44:02,B,0.894736842105263,A,10.1126/science.ado8609
B*51:01,B*44:03,B,0.894736842105263,A,10.1126/science.ado8609
B*51:01,B*45:01,B,0.92,A,10.1126/science.ado8609
B*51:01,B*46:01,B,0.904761904761905,A,10.1126/science.ado8609
B*51:01,B*49:01,B,0.9,A,10.1126/science.ado8609
B*51:01,B*50:01,B,0.894736842105263,A,10.1126/science.ado8609
B*51:01,B*51:01,B,0,A,10.1126/science.ado8609
B*51:01,B*52:01,B,0.714285714285714,A,10.1126/science.ado8609
B*51:01,B*53:01,B,0.703703703703704,A,10.1126/science.ado8609
B*51:01,B*54:01,B,0.666666666666667,A,10.1126/science.ado8609
B*51:01,B*55:01,B,0.666666666666667,A,10.1126/science.ado8609
B*51:01,B*55:02,B,0.666666666666667,A,10.1126/science.ado8609
B*51:01,B*56:01,B,0.666666666666667,A,10.1126/science.ado8609
B*51:01,B*57:01,B,0.909090909090909,A,10.1126/science.ado8609
B*51:01,B*57:03,B,0.882352941176471,A,10.1126/science.ado8609
B*51:01,B*58:01,B,0.933333333333333,A,10.1126/science.ado8609
B*51:01,B*58:02,B,0.9,A,10.1126/science.ado8609
B*52:01,B*07:02,B,0.882352941176471,A,10.1126/science.ado8609
B*52:01,B*07:04,B,0.833333333333333,A,10.1126/science.ado8609
B*52:01,B*08:01,B,0.846153846153846,A,10.1126/science.ado8609
B*52:01,B*13:01,B,0.68,A,10.1126/science.ado8609
B*52:01,B*13:02,B,0.4,A,10.1126/science.ado8609
B*52:01,B*14:02,B,0.857142857142857,A,10.1126/science.ado8609
B*52:01,B*15:01,B,0.846153846153846,A,10.1126/science.ado8609
B*52:01,B*15:02,B,0.916666666666667,A,10.1126/science.ado8609
B*52:01,B*15:03,B,0.851851851851852,A,10.1126/science.ado8609
B*52:01,B*15:10,B,0.882352941176471,A,10.1126/science.ado8609
B*52:01,B*15:17,B,0.9375,A,10.1126/science.ado8609
B*52:01,B*18:01,B,0.866666666666667,A,10.1126/science.ado8609
B*52:01,B*27:05,B,0.866666666666667,A,10.1126/science.ado8609
B*52:01,B*35:01,B,0.875,A,10.1126/science.ado8609
B*52:01,B*35:03,B,0.882352941176471,A,10.1126/science.ado8609
B*52:01,B*35:07,B,0.9,A,10.1126/science.ado8609
B*52:01,B*37:01,B,0.904761904761905,A,10.1126/science.ado8609
B*52:01,B*38:01,B,0.7,A,10.1126/science.ado8609
B*52:01,B*38:02,B,0.769230769230769,A,10.1126/science.ado8609
B*52:01,B*40:01,B,0.846153846153846,A,10.1126/science.ado8609
B*52:01,B*40:02,B,0.904761904761905,A,10.1126/science.ado8609
B*52:01,B*40:06,B,0.866666666666667,A,10.1126/science.ado8609
B*52:01,B*42:01,B,0.888888888888889,A,10.1126/science.ado8609
B*52:01,B*44:02,B,0.857142857142857,A,10.1126/science.ado8609
B*52:01,B*44:03,B,0.857142857142857,A,10.1126/science.ado8609
B*52:01,B*45:01,B,0.9,A,10.1126/science.ado8609
B*52:01,B*46:01,B,0.875,A,10.1126/science.ado8609
B*52:01,B*49:01,B,0.866666666666667,A,10.1126/science.ado8609
B*52:01,B*50:01,B,0.857142857142857,A,10.1126/science.ado8609
B*52:01,B*51:01,B,0.714285714285714,A,10.1126/science.ado8609
B*52:01,B*52:01,B,0,A,10.1126/science.ado8609
B*52:01,B*53:01,B,0.909090909090909,A,10.1126/science.ado8609
B*52:01,B*54:01,B,0.846153846153846,A,10.1126/science.ado8609
B*52:01,B*55:01,B,0.846153846153846,A,10.1126/science.ado8609
B*52:01,B*55:02,B,0.846153846153846,A,10.1126/science.ado8609
B*52:01,B*56:01,B,0.846153846153846,A,10.1126/science.ado8609
B*52:01,B*57:01,B,0.882352941176471,A,10.1126/science.ado8609
B*52:01,B*57:03,B,0.931034482758621,A,10.1126/science.ado8609
B*52:01,B*58:01,B,0.92,A,10.1126/science.ado8609
B*52:01,B*58:02,B,0.866666666666667,A,10.1126/science.ado8609
B*53:01,B*07:02,B,0.478260869565217,A,10.1126/science.ado8609
B*53:01,B*07:04,B,0.666666666666667,A,10.1126/science.ado8609
B*53:01,B*08:01,B,0.894736842105263,A,10.1126/science.ado8609
B*53:01,B*13:01,B,0.935483870967742,A,10.1126/science.ado8609
B*53:01,B*13:02,B,0.923076923076923,A,10.1126/science.ado8609
B*53:01,B*14:02,B,0.9,A,10.1126/science.ado8609
B*53:01,B*15:01,B,0.875,A,10.1126/science.ado8609
B*53:01,B*15:02,B,0.933333333333333,A,10.1126/science.ado8609
B*53:01,B*15:03,B,0.818181818181818,A,10.1126/science.ado8609
B*53:01,B*15:10,B,0.91304347826087,A,10.1126/science.ado8609
B*53:01,B*15:17,B,0.947368421052632,A,10.1126/science.ado8609
B*53:01,B*18:01,B,0.904761904761905,A,10.1126/science.ado8609
B*53:01,B*27:05,B,0.904761904761905,A,10.1126/science.ado8609
B*53:01,B*35:01,B,0.454545454545455,A,10.1126/science.ado8609
B*53:01,B*35:03,B,0.478260869565217,A,10.1126/science.ado8609
B*53:01,B*35:07,B,0.307692307692308,A,10.1126/science.ado8609
B*53:01,B*37:01,B,0.925925925925926,A,10.1126/science.ado8609
B*53:01,B*38:01,B,0.923076923076923,A,10.1126/science.ado8609
B*53:01,B*38:02,B,0.9375,A,10.1126/science.ado8609
B*53:01,B*40:01,B,0.894736842105263,A,10.1126/science.ado8609
B*53:01,B*40:02,B,0.925925925925926,A,10.1126/science.ado8609
B*53:01,B*40:06,B,0.904761904761905,A,10.1126/science.ado8609
B*53:01,B*42:01,B,0.5,A,10.1126/science.ado8609
B*53:01,B*44:02,B,0.9,A,10.1126/science.ado8609
B*53:01,B*44:03,B,0.9,A,10.1126/science.ado8609
B*53:01,B*45:01,B,0.923076923076923,A,10.1126/science.ado8609
B*53:01,B*46:01,B,0.636363636363636,A,10.1126/science.ado8609
B*53:01,B*49:01,B,0.904761904761905,A,10.1126/science.ado8609
B*53:01,B*50:01,B,0.9,A,10.1126/science.ado8609
B*53:01,B*51:01,B,0.703703703703704,A,10.1126/science.ado8609
B*53:01,B*52:01,B,0.909090909090909,A,10.1126/science.ado8609
B*53:01,B*53:01,B,0,A,10.1126/science.ado8609
B*53:01,B*54:01,B,0.789473684210526,A,10.1126/science.ado8609
B*53:01,B*55:01,B,0.789473684210526,A,10.1126/science.ado8609
B*53:01,B*55:02,B,0.789473684210526,A,10.1126/science.ado8609
B*53:01,B*56:01,B,0.789473684210526,A,10.1126/science.ado8609
B*53:01,B*57:01,B,0.652173913043478,A,10.1126/science.ado8609
B*53:01,B*57:03,B,0.828571428571429,A,10.1126/science.ado8609
B*53:01,B*58:01,B,0.741935483870968,A,10.1126/science.ado8609
B*53:01,B*58:02,B,0.904761904761905,A,10.1126/science.ado8609
B*54:01,B*07:02,B,0.714285714285714,A,10.1126/science.ado8609
B*54:01,B*07:04,B,0.555555555555556,A,10.1126/science.ado8609
B*54:01,B*08:01,B,0.8,A,10.1126/science.ado8609
B*54:01,B*13:01,B,0.909090909090909,A,10.1126/science.ado8609
B*54:01,B*13:02,B,0.882352941176471,A,10.1126/science.ado8609
B*54:01,B*14:02,B,0.818181818181818,A,10.1126/science.ado8609
B*54:01,B*15:01,B,0.91304347826087,A,10.1126/science.ado8609
B*54:01,B*15:02,B,0.904761904761905,A,10.1126/science.ado8609
B*54:01,B*15:03,B,0.916666666666667,A,10.1126/science.ado8609
B*54:01,B*15:10,B,0.857142857142857,A,10.1126/science.ado8609
B*54:01,B*15:17,B,0.931034482758621,A,10.1126/science.ado8609
B*54:01,B*18:01,B,0.833333333333333,A,10.1126/science.ado8609
B*54:01,B*27:05,B,0.833333333333333,A,10.1126/science.ado8609
B*54:01,B*35:01,B,0.692307692307692,A,10.1126/science.ado8609
B*54:01,B*35:03,B,0.714285714285714,A,10.1126/science.ado8609
B*54:01,B*35:07,B,0.764705882352941,A,10.1126/science.ado8609
B*54:01,B*37:01,B,0.888888888888889,A,10.1126/science.ado8609
B*54:01,B*38:01,B,0.882352941176471,A,10.1126/science.ado8609
B*54:01,B*38:02,B,0.91304347826087,A,10.1126/science.ado8609
B*54:01,B*40:01,B,0.8,A,10.1126/science.ado8609
B*54:01,B*40:02,B,0.888888888888889,A,10.1126/science.ado8609
B*54:01,B*40:06,B,0.666666666666667,A,10.1126/science.ado8609
B*54:01,B*42:01,B,0.466666666666667,A,10.1126/science.ado8609
B*54:01,B*44:02,B,0.818181818181818,A,10.1126/science.ado8609
B*54:01,B*44:03,B,0.818181818181818,A,10.1126/science.ado8609
B*54:01,B*45:01,B,0.882352941176471,A,10.1126/science.ado8609
B*54:01,B*46:01,B,0.846153846153846,A,10.1126/science.ado8609
B*54:01,B*49:01,B,0.833333333333333,A,10.1126/science.ado8609
B*54:01,B*50:01,B,0.818181818181818,A,10.1126/science.ado8609
B*54:01,B*51:01,B,0.666666666666667,A,10.1126/science.ado8609
B*54:01,B*52:01,B,0.846153846153846,A,10.1126/science.ado8609
B*54:01,B*53:01,B,0.789473684210526,A,10.1126/science.ado8609
B*54:01,B*54:01,B,0,A,10.1126/science.ado8609
B*54:01,B*55:01,B,0,A,10.1126/science.ado8609
B*54:01,B*55:02,B,0,A,10.1126/science.ado8609
B*54:01,B*56:01,B,0,A,10.1126/science.ado8609
B*54:01,B*57:01,B,0.857142857142857,A,10.1126/science.ado8609
B*54:01,B*57:03,B,0.923076923076923,A,10.1126/science.ado8609
B*54:01,B*58:01,B,0.909090909090909,A,10.1126/science.ado8609
B*54:01,B*58:02,B,0.833333333333333,A,10.1126/science.ado8609
B*55:01,B*07:02,B,0.714285714285714,A,10.1126/science.ado8609
B*55:01,B*07:04,B,0.555555555555556,A,10.1126/science.ado8609
B*55:01,B*08:01,B,0.8,A,10.1126/science.ado8609
B*55:01,B*13:01,B,0.909090909090909,A,10.1126/science.ado8609
B*55:01,B*13:02,B,0.882352941176471,A,10.1126/science.ado8609
B*55:01,B*14:02,B,0.818181818181818,A,10.1126/science.ado8609
B*55:01,B*15:01,B,0.91304347826087,A,10.1126/science.ado8609
B*55:01,B*15:02,B,0.904761904761905,A,10.1126/science.ado8609
B*55:01,B*15:03,B,0.916666666666667,A,10.1126/science.ado8609
B*55:01,B*15:10,B,0.857142857142857,A,10.1126/science.ado8609
B*55:01,B*15:17,B,0.931034482758621,A,10.1126/science.ado8609
B*55:01,B*18:01,B,0.833333333333333,A,10.1126/science.ado8609
B*55:01,B*27:05,B,0.833333333333333,A,10.1126/science.ado8609
B*55:01,B*35:01,B,0.692307692307692,A,10.1126/science.ado8609
B*55:01,B*35:03,B,0.714285714285714,A,10.1126/science.ado8609
B*55:01,B*35:07,B,0.764705882352941,A,10.1126/science.ado8609
B*55:01,B*37:01,B,0.888888888888889,A,10.1126/science.ado8609
B*55:01,B*38:01,B,0.882352941176471,A,10.1126/science.ado8609
B*55:01,B*38:02,B,0.91304347826087,A,10.1126/science.ado8609
B*55:01,B*40:01,B,0.8,A,10.1126/science.ado8609
B*55:01,B*40:02,B,0.888888888888889,A,10.1126/science.ado8609
B*55:01,B*40:06,B,0.666666666666667,A,10.1126/science.ado8609
B*55:01,B*42:01,B,0.466666666666667,A,10.1126/science.ado8609
B*55:01,B*44:02,B,0.818181818181818,A,10.1126/science.ado8609
B*55:01,B*44:03,B,0.818181818181818,A,10.1126/science.ado8609
B*55:01,B*45:01,B,0.882352941176471,A,10.1126/science.ado8609
B*55:01,B*46:01,B,0.846153846153846,A,10.1126/science.ado8609
B*55:01,B*49:01,B,0.833333333333333,A,10.1126/science.ado8609
B*55:01,B*50:01,B,0.818181818181818,A,10.1126/science.ado8609
B*55:01,B*51:01,B,0.666666666666667,A,10.1126/science.ado8609
B*55:01,B*52:01,B,0.846153846153846,A,10.1126/science.ado8609
B*55:01,B*53:01,B,0.789473684210526,A,10.1126/science.ado8609
B*55:01,B*54:01,B,0,A,10.1126/science.ado8609
B*55:01,B*55:01,B,0,A,10.1126/science.ado8609
B*55:01,B*55:02,B,0,A,10.1126/science.ado8609
B*55:01,B*56:01,B,0,A,10.1126/science.ado8609
B*55:01,B*57:01,B,0.857142857142857,A,10.1126/science.ado8609
B*55:01,B*57:03,B,0.923076923076923,A,10.1126/science.ado8609
B*55:01,B*58:01,B,0.909090909090909,A,10.1126/science.ado8609
B*55:01,B*58:02,B,0.833333333333333,A,10.1126/science.ado8609
B*55:02,B*07:02,B,0.714285714285714,A,10.1126/science.ado8609
B*55:02,B*07:04,B,0.555555555555556,A,10.1126/science.ado8609
B*55:02,B*08:01,B,0.8,A,10.1126/science.ado8609
B*55:02,B*13:01,B,0.909090909090909,A,10.1126/science.ado8609
B*55:02,B*13:02,B,0.882352941176471,A,10.1126/science.ado8609
B*55:02,B*14:02,B,0.818181818181818,A,10.1126/science.ado8609
B*55:02,B*15:01,B,0.91304347826087,A,10.1126/science.ado8609
B*55:02,B*15:02,B,0.904761904761905,A,10.1126/science.ado8609
B*55:02,B*15:03,B,0.916666666666667,A,10.1126/science.ado8609
B*55:02,B*15:10,B,0.857142857142857,A,10.1126/science.ado8609
B*55:02,B*15:17,B,0.931034482758621,A,10.1126/science.ado8609
B*55:02,B*18:01,B,0.833333333333333,A,10.1126/science.ado8609
B*55:02,B*27:05,B,0.833333333333333,A,10.1126/science.ado8609
B*55:02,B*35:01,B,0.692307692307692,A,10.1126/science.ado8609
B*55:02,B*35:03,B,0.714285714285714,A,10.1126/science.ado8609
B*55:02,B*35:07,B,0.764705882352941,A,10.1126/science.ado8609
B*55:02,B*37:01,B,0.888888888888889,A,10.1126/science.ado8609
B*55:02,B*38:01,B,0.882352941176471,A,10.1126/science.ado8609
B*55:02,B*38:02,B,0.91304347826087,A,10.1126/science.ado8609
B*55:02,B*40:01,B,0.8,A,10.1126/science.ado8609
B*55:02,B*40:02,B,0.888888888888889,A,10.1126/science.ado8609
B*55:02,B*40:06,B,0.666666666666667,A,10.1126/science.ado8609
B*55:02,B*42:01,B,0.466666666666667,A,10.1126/science.ado8609
B*55:02,B*44:02,B,0.818181818181818,A,10.1126/science.ado8609
B*55:02,B*44:03,B,0.818181818181818,A,10.1126/science.ado8609
B*55:02,B*45:01,B,0.882352941176471,A,10.1126/science.ado8609
B*55:02,B*46:01,B,0.846153846153846,A,10.1126/science.ado8609
B*55:02,B*49:01,B,0.833333333333333,A,10.1126/science.ado8609
B*55:02,B*50:01,B,0.818181818181818,A,10.1126/science.ado8609
B*55:02,B*51:01,B,0.666666666666667,A,10.1126/science.ado8609
B*55:02,B*52:01,B,0.846153846153846,A,10.1126/science.ado8609
B*55:02,B*53:01,B,0.789473684210526,A,10.1126/science.ado8609
B*55:02,B*54:01,B,0,A,10.1126/science.ado8609
B*55:02,B*55:01,B,0,A,10.1126/science.ado8609
B*55:02,B*55:02,B,0,A,10.1126/science.ado8609
B*55:02,B*56:01,B,0,A,10.1126/science.ado8609
B*55:02,B*57:01,B,0.857142857142857,A,10.1126/science.ado8609
B*55:02,B*57:03,B,0.923076923076923,A,10.1126/science.ado8609
B*55:02,B*58:01,B,0.909090909090909,A,10.1126/science.ado8609
B*55:02,B*58:02,B,0.833333333333333,A,10.1126/science.ado8609
B*56:01,B*07:02,B,0.714285714285714,A,10.1126/science.ado8609
B*56:01,B*07:04,B,0.555555555555556,A,10.1126/science.ado8609
B*56:01,B*08:01,B,0.8,A,10.1126/science.ado8609
B*56:01,B*13:01,B,0.909090909090909,A,10.1126/science.ado8609
B*56:01,B*13:02,B,0.882352941176471,A,10.1126/science.ado8609
B*56:01,B*14:02,B,0.818181818181818,A,10.1126/science.ado8609
B*56:01,B*15:01,B,0.91304347826087,A,10.1126/science.ado8609
B*56:01,B*15:02,B,0.904761904761905,A,10.1126/science.ado8609
B*56:01,B*15:03,B,0.916666666666667,A,10.1126/science.ado8609
B*56:01,B*15:10,B,0.857142857142857,A,10.1126/science.ado8609
B*56:01,B*15:17,B,0.931034482758621,A,10.1126/science.ado8609
B*56:01,B*18:01,B,0.833333333333333,A,10.1126/science.ado8609
B*56:01,B*27:05,B,0.833333333333333,A,10.1126/science.ado8609
B*56:01,B*35:01,B,0.692307692307692,A,10.1126/science.ado8609
B*56:01,B*35:03,B,0.714285714285714,A,10.1126/science.ado8609
B*56:01,B*35:07,B,0.764705882352941,A,10.1126/science.ado8609
B*56:01,B*37:01,B,0.888888888888889,A,10.1126/science.ado8609
B*56:01,B*38:01,B,0.882352941176471,A,10.1126/science.ado8609
B*56:01,B*38:02,B,0.91304347826087,A,10.1126/science.ado8609
B*56:01,B*40:01,B,0.8,A,10.1126/science.ado8609
B*56:01,B*40:02,B,0.888888888888889,A,10.1126/science.ado8609
B*56:01,B*40:06,B,0.666666666666667,A,10.1126/science.ado8609
B*56:01,B*42:01,B,0.466666666666667,A,10.1126/science.ado8609
B*56:01,B*44:02,B,0.818181818181818,A,10.1126/science.ado8609
B*56:01,B*44:03,B,0.818181818181818,A,10.1126/science.ado8609
B*56:01,B*45:01,B,0.882352941176471,A,10.1126/science.ado8609
B*56:01,B*46:01,B,0.846153846153846,A,10.1126/science.ado8609
B*56:01,B*49:01,B,0.833333333333333,A,10.1126/science.ado8609
B*56:01,B*50:01,B,0.818181818181818,A,10.1126/science.ado8609
B*56:01,B*51:01,B,0.666666666666667,A,10.1126/science.ado8609
B*56:01,B*52:01,B,0.846153846153846,A,10.1126/science.ado8609
B*56:01,B*53:01,B,0.789473684210526,A,10.1126/science.ado8609
B*56:01,B*54:01,B,0,A,10.1126/science.ado8609
B*56:01,B*55:01,B,0,A,10.1126/science.ado8609
B*56:01,B*55:02,B,0,A,10.1126/science.ado8609
B*56:01,B*56:01,B,0,A,10.1126/science.ado8609
B*56:01,B*57:01,B,0.857142857142857,A,10.1126/science.ado8609
B*56:01,B*57:03,B,0.923076923076923,A,10.1126/science.ado8609
B*56:01,B*58:01,B,0.909090909090909,A,10.1126/science.ado8609
B*56:01,B*58:02,B,0.833333333333333,A,10.1126/science.ado8609
B*57:01,B*07:02,B,0.888888888888889,A,10.1126/science.ado8609
B*57:01,B*07:04,B,0.846153846153846,A,10.1126/science.ado8609
B*57:01,B*08:01,B,0.857142857142857,A,10.1126/science.ado8609
B*57:01,B*13:01,B,0.923076923076923,A,10.1126/science.ado8609
B*57:01,B*13:02,B,0.904761904761905,A,10.1126/science.ado8609
B*57:01,B*14:02,B,0.866666666666667,A,10.1126/science.ado8609
B*57:01,B*15:01,B,0.925925925925926,A,10.1126/science.ado8609
B*57:01,B*15:02,B,0.92,A,10.1126/science.ado8609
B*57:01,B*15:03,B,0.857142857142857,A,10.1126/science.ado8609
B*57:01,B*15:10,B,0.888888888888889,A,10.1126/science.ado8609
B*57:01,B*15:17,B,0.878787878787879,A,10.1126/science.ado8609
B*57:01,B*18:01,B,0.875,A,10.1126/science.ado8609
B*57:01,B*27:05,B,0.875,A,10.1126/science.ado8609
B*57:01,B*35:01,B,0.882352941176471,A,10.1126/science.ado8609
B*57:01,B*35:03,B,0.888888888888889,A,10.1126/science.ado8609
B*57:01,B*35:07,B,0.80952380952381,A,10.1126/science.ado8609
B*57:01,B*37:01,B,0.909090909090909,A,10.1126/science.ado8609
B*57:01,B*38:01,B,0.904761904761905,A,10.1126/science.ado8609
B*57:01,B*38:02,B,0.925925925925926,A,10.1126/science.ado8609
B*57:01,B*40:01,B,0.857142857142857,A,10.1126/science.ado8609
B*57:01,B*40:02,B,0.909090909090909,A,10.1126/science.ado8609
B*57:01,B*40:06,B,0.875,A,10.1126/science.ado8609
B*57:01,B*42:01,B,0.894736842105263,A,10.1126/science.ado8609
B*57:01,B*44:02,B,0.866666666666667,A,10.1126/science.ado8609
B*57:01,B*44:03,B,0.866666666666667,A,10.1126/science.ado8609
B*57:01,B*45:01,B,0.904761904761905,A,10.1126/science.ado8609
B*57:01,B*46:01,B,0.764705882352941,A,10.1126/science.ado8609
B*57:01,B*49:01,B,0.875,A,10.1126/science.ado8609
B*57:01,B*50:01,B,0.866666666666667,A,10.1126/science.ado8609
B*57:01,B*51:01,B,0.909090909090909,A,10.1126/science.ado8609
B*57:01,B*52:01,B,0.882352941176471,A,10.1126/science.ado8609
B*57:01,B*53:01,B,0.652173913043478,A,10.1126/science.ado8609
B*57:01,B*54:01,B,0.857142857142857,A,10.1126/science.ado8609
B*57:01,B*55:01,B,0.857142857142857,A,10.1126/science.ado8609
B*57:01,B*55:02,B,0.857142857142857,A,10.1126/science.ado8609
B*57:01,B*56:01,B,0.857142857142857,A,10.1126/science.ado8609
B*57:01,B*57:01,B,0,A,10.1126/science.ado8609
B*57:01,B*57:03,B,0.466666666666667,A,10.1126/science.ado8609
B*57:01,B*58:01,B,0.307692307692308,A,10.1126/science.ado8609
B*57:01,B*58:02,B,0.75,A,10.1126/science.ado8609
B*57:03,B*07:02,B,0.933333333333333,A,10.1126/science.ado8609
B*57:03,B*07:04,B,0.92,A,10.1126/science.ado8609
B*57:03,B*08:01,B,0.923076923076923,A,10.1126/science.ado8609
B*57:03,B*13:01,B,0.947368421052632,A,10.1126/science.ado8609
B*57:03,B*13:02,B,0.939393939393939,A,10.1126/science.ado8609
B*57:03,B*14:02,B,0.925925925925926,A,10.1126/science.ado8609
B*57:03,B*15:01,B,0.846153846153846,A,10.1126/science.ado8609
B*57:03,B*15:02,B,0.837837837837838,A,10.1126/science.ado8609
B*57:03,B*15:03,B,0.85,A,10.1126/science.ado8609
B*57:03,B*15:10,B,0.933333333333333,A,10.1126/science.ado8609
B*57:03,B*15:17,B,0.644444444444444,A,10.1126/science.ado8609
B*57:03,B*18:01,B,0.928571428571429,A,10.1126/science.ado8609
B*57:03,B*27:05,B,0.928571428571429,A,10.1126/science.ado8609
B*57:03,B*35:01,B,0.862068965517241,A,10.1126/science.ado8609
B*57:03,B*35:03,B,0.866666666666667,A,10.1126/science.ado8609
B*57:03,B*35:07,B,0.878787878787879,A,10.1126/science.ado8609
B*57:03,B*37:01,B,0.941176470588235,A,10.1126/science.ado8609
B*57:03,B*38:01,B,0.878787878787879,A,10.1126/science.ado8609
B*57:03,B*38:02,B,0.897435897435897,A,10.1126/science.ado8609
B*57:03,B*40:01,B,0.923076923076923,A,10.1126/science.ado8609
B*57:03,B*40:02,B,0.941176470588235,A,10.1126/science.ado8609
B*57:03,B*40:06,B,0.928571428571429,A,10.1126/science.ado8609
B*57:03,B*42:01,B,0.870967741935484,A,10.1126/science.ado8609
B*57:03,B*44:02,B,0.925925925925926,A,10.1126/science.ado8609
B*57:03,B*44:03,B,0.925925925925926,A,10.1126/science.ado8609
B*57:03,B*45:01,B,0.939393939393939,A,10.1126/science.ado8609
B*57:03,B*46:01,B,0.793103448275862,A,10.1126/science.ado8609
B*57:03,B*49:01,B,0.928571428571429,A,10.1126/science.ado8609
B*57:03,B*50:01,B,0.925925925925926,A,10.1126/science.ado8609
B*57:03,B*51:01,B,0.882352941176471,A,10.1126/science.ado8609
B*57:03,B*52:01,B,0.931034482758621,A,10.1126/science.ado8609
B*57:03,B*53:01,B,0.828571428571429,A,10.1126/science.ado8609
B*57:03,B*54:01,B,0.923076923076923,A,10.1126/science.ado8609
B*57:03,B*55:01,B,0.923076923076923,A,10.1126/science.ado8609
B*57:03,B*55:02,B,0.923076923076923,A,10.1126/science.ado8609
B*57:03,B*56:01,B,0.923076923076923,A,10.1126/science.ado8609
B*57:03,B*57:01,B,0.466666666666667,A,10.1126/science.ado8609
B*57:03,B*57:03,B,0,A,10.1126/science.ado8609
B*57:03,B*58:01,B,0.473684210526316,A,10.1126/science.ado8609
B*57:03,B*58:02,B,0.642857142857143,A,10.1126/science.ado8609
B*58:01,B*07:02,B,0.846153846153846,A,10.1126/science.ado8609
B*58:01,B*07:04,B,0.80952380952381,A,10.1126/science.ado8609
B*58:01,B*08:01,B,0.818181818181818,A,10.1126/science.ado8609
B*58:01,B*13:01,B,0.882352941176471,A,10.1126/science.ado8609
B*58:01,B*13:02,B,0.862068965517241,A,10.1126/science.ado8609
B*58:01,B*14:02,B,0.826086956521739,A,10.1126/science.ado8609
B*58:01,B*15:01,B,0.771428571428571,A,10.1126/science.ado8609
B*58:01,B*15:02,B,0.757575757575758,A,10.1126/science.ado8609
B*58:01,B*15:03,B,0.833333333333333,A,10.1126/science.ado8609
B*58:01,B*15:10,B,0.846153846153846,A,10.1126/science.ado8609
B*58:01,B*15:17,B,0.804878048780488,A,10.1126/science.ado8609
B*58:01,B*18:01,B,0.916666666666667,A,10.1126/science.ado8609
B*58:01,B*27:05,B,0.916666666666667,A,10.1126/science.ado8609
B*58:01,B*35:01,B,0.84,A,10.1126/science.ado8609
B*58:01,B*35:03,B,0.846153846153846,A,10.1126/science.ado8609
B*58:01,B*35:07,B,0.793103448275862,A,10.1126/science.ado8609
B*58:01,B*37:01,B,0.933333333333333,A,10.1126/science.ado8609
B*58:01,B*38:01,B,0.862068965517241,A,10.1126/science.ado8609
B*58:01,B*38:02,B,0.885714285714286,A,10.1126/science.ado8609
B*58:01,B*40:01,B,0.909090909090909,A,10.1126/science.ado8609
B*58:01,B*40:02,B,0.866666666666667,A,10.1126/science.ado8609
B*58:01,B*40:06,B,0.916666666666667,A,10.1126/science.ado8609
B*58:01,B*42:01,B,0.851851851851852,A,10.1126/science.ado8609
B*58:01,B*44:02,B,0.91304347826087,A,10.1126/science.ado8609
B*58:01,B*44:03,B,0.91304347826087,A,10.1126/science.ado8609
B*58:01,B*45:01,B,0.931034482758621,A,10.1126/science.ado8609
B*58:01,B*46:01,B,0.68,A,10.1126/science.ado8609
B*58:01,B*49:01,B,0.916666666666667,A,10.1126/science.ado8609
B*58:01,B*50:01,B,0.91304347826087,A,10.1126/science.ado8609
B*58:01,B*51:01,B,0.933333333333333,A,10.1126/science.ado8609
B*58:01,B*52:01,B,0.92,A,10.1126/science.ado8609
B*58:01,B*53:01,B,0.741935483870968,A,10.1126/science.ado8609
B*58:01,B*54:01,B,0.909090909090909,A,10.1126/science.ado8609
B*58:01,B*55:01,B,0.909090909090909,A,10.1126/science.ado8609
B*58:01,B*55:02,B,0.909090909090909,A,10.1126/science.ado8609
B*58:01,B*56:01,B,0.909090909090909,A,10.1126/science.ado8609
B*58:01,B*57:01,B,0.307692307692308,A,10.1126/science.ado8609
B*58:01,B*57:03,B,0.473684210526316,A,10.1126/science.ado8609
B*58:01,B*58:01,B,0,A,10.1126/science.ado8609
B*58:01,B*58:02,B,0.666666666666667,A,10.1126/science.ado8609
B*58:02,B*07:02,B,0.75,A,10.1126/science.ado8609
B*58:02,B*07:04,B,0.636363636363636,A,10.1126/science.ado8609
B*58:02,B*08:01,B,0.666666666666667,A,10.1126/science.ado8609
B*58:02,B*13:01,B,0.833333333333333,A,10.1126/science.ado8609
B*58:02,B*13:02,B,0.789473684210526,A,10.1126/science.ado8609
B*58:02,B*14:02,B,0.692307692307692,A,10.1126/science.ado8609
B*58:02,B*15:01,B,0.92,A,10.1126/science.ado8609
B*58:02,B*15:02,B,0.826086956521739,A,10.1126/science.ado8609
B*58:02,B*15:03,B,0.923076923076923,A,10.1126/science.ado8609
B*58:02,B*15:10,B,0.75,A,10.1126/science.ado8609
B*58:02,B*15:17,B,0.741935483870968,A,10.1126/science.ado8609
B*58:02,B*18:01,B,0.857142857142857,A,10.1126/science.ado8609
B*58:02,B*27:05,B,0.857142857142857,A,10.1126/science.ado8609
B*58:02,B*35:01,B,0.866666666666667,A,10.1126/science.ado8609
B*58:02,B*35:03,B,0.75,A,10.1126/science.ado8609
B*58:02,B*35:07,B,0.894736842105263,A,10.1126/science.ado8609
B*58:02,B*37:01,B,0.9,A,10.1126/science.ado8609
B*58:02,B*38:01,B,0.789473684210526,A,10.1126/science.ado8609
B*58:02,B*38:02,B,0.84,A,10.1126/science.ado8609
B*58:02,B*40:01,B,0.833333333333333,A,10.1126/science.ado8609
B*58:02,B*40:02,B,0.8,A,10.1126/science.ado8609
B*58:02,B*40:06,B,0.857142857142857,A,10.1126/science.ado8609
B*58:02,B*42:01,B,0.764705882352941,A,10.1126/science.ado8609
B*58:02,B*44:02,B,0.846153846153846,A,10.1126/science.ado8609
B*58:02,B*44:03,B,0.846153846153846,A,10.1126/science.ado8609
B*58:02,B*45:01,B,0.894736842105263,A,10.1126/science.ado8609
B*58:02,B*46:01,B,0.733333333333333,A,10.1126/science.ado8609
B*58:02,B*49:01,B,0.857142857142857,A,10.1126/science.ado8609
B*58:02,B*50:01,B,0.846153846153846,A,10.1126/science.ado8609
B*58:02,B*51:01,B,0.9,A,10.1126/science.ado8609
B*58:02,B*52:01,B,0.866666666666667,A,10.1126/science.ado8609
B*58:02,B*53:01,B,0.904761904761905,A,10.1126/science.ado8609
B*58:02,B*54:01,B,0.833333333333333,A,10.1126/science.ado8609
B*58:02,B*55:01,B,0.833333333333333,A,10.1126/science.ado8609
B*58:02,B*55:02,B,0.833333333333333,A,10.1126/science.ado8609
B*58:02,B*56:01,B,0.833333333333333,A,10.1126/science.ado8609
B*58:02,B*57:01,B,0.75,A,10.1126/science.ado8609
B*58:02,B*57:03,B,0.642857142857143,A,10.1126/science.ado8609
B*58:02,B*58:01,B,0.666666666666667,A,10.1126/science.ado8609
B*58:02,B*58:02,B,0,A,10.1126/science.ado8609
C*01:02,C*01:02,C,0,A,10.1126/science.ado8609
C*01:02,C*02:02,C,0.909090909090909,A,10.1126/science.ado8609
C*01:02,C*03:02,C,0.818181818181818,A,10.1126/science.ado8609
C*01:02,C*03:03,C,0.789473684210526,A,10.1126/science.ado8609
C*01:02,C*03:04,C,0.826086956521739,A,10.1126/science.ado8609
C*01:02,C*04:01,C,0.885714285714286,A,10.1126/science.ado8609
C*01:02,C*04:03,C,0.80952380952381,A,10.1126/science.ado8609
C*01:02,C*05:01,C,0.866666666666667,A,10.1126/science.ado8609
C*01:02,C*06:02,C,0.777777777777778,A,10.1126/science.ado8609
C*01:02,C*07:01,C,0.789473684210526,A,10.1126/science.ado8609
C*01:02,C*07:02,C,0.833333333333333,A,10.1126/science.ado8609
C*01:02,C*07:04,C,0.764705882352941,A,10.1126/science.ado8609
C*01:02,C*08:01,C,0.826086956521739,A,10.1126/science.ado8609
C*01:02,C*08:02,C,0.891891891891892,A,10.1126/science.ado8609
C*01:02,C*12:02,C,0.851851851851852,A,10.1126/science.ado8609
C*01:02,C*12:03,C,0.882352941176471,A,10.1126/science.ado8609
C*01:02,C*14:02,C,0.904761904761905,A,10.1126/science.ado8609
C*01:02,C*14:03,C,0.925925925925926,A,10.1126/science.ado8609
C*01:02,C*15:02,C,0.846153846153846,A,10.1126/science.ado8609
C*01:02,C*16:01,C,0.833333333333333,A,10.1126/science.ado8609
C*01:02,C*17:01,C,0.75,A,10.1126/science.ado8609
C*02:02,C*01:02,C,0.909090909090909,A,10.1126/science.ado8609
C*02:02,C*02:02,C,0,A,10.1126/science.ado8609
C*02:02,C*03:02,C,0.5,A,10.1126/science.ado8609
C*02:02,C*03:03,C,0.647058823529412,A,10.1126/science.ado8609
C*02:02,C*03:04,C,0.714285714285714,A,10.1126/science.ado8609
C*02:02,C*04:01,C,0.939393939393939,A,10.1126/science.ado8609
C*02:02,C*04:03,C,0.894736842105263,A,10.1126/science.ado8609
C*02:02,C*05:01,C,0.928571428571429,A,10.1126/science.ado8609
C*02:02,C*06:02,C,0.875,A,10.1126/science.ado8609
C*02:02,C*07:01,C,0.764705882352941,A,10.1126/science.ado8609
C*02:02,C*07:02,C,0.909090909090909,A,10.1126/science.ado8609
C*02:02,C*07:04,C,0.733333333333333,A,10.1126/science.ado8609
C*02:02,C*08:01,C,0.619047619047619,A,10.1126/science.ado8609
C*02:02,C*08:02,C,0.885714285714286,A,10.1126/science.ado8609
C*02:02,C*12:02,C,0.2,A,10.1126/science.ado8609
C*02:02,C*12:03,C,0.333333333333333,A,10.1126/science.ado8609
C*02:02,C*14:02,C,0.894736842105263,A,10.1126/science.ado8609
C*02:02,C*14:03,C,0.92,A,10.1126/science.ado8609
C*02:02,C*15:02,C,0.833333333333333,A,10.1126/science.ado8609
C*02:02,C*16:01,C,0.363636363636364,A,10.1126/science.ado8609
C*02:02,C*17:01,C,0.571428571428571,A,10.1126/science.ado8609
C*03:02,C*01:02,C,0.818181818181818,A,10.1126/science.ado8609
C*03:02,C*02:02,C,0.5,A,10.1126/science.ado8609
C*03:02,C*03:02,C,0,A,10.1126/science.ado8609
C*03:02,C*03:03,C,0.411764705882353,A,10.1126/science.ado8609
C*03:02,C*03:04,C,0.523809523809524,A,10.1126/science.ado8609
C*03:02,C*04:01,C,0.939393939393939,A,10.1126/science.ado8609
C*03:02,C*04:03,C,0.894736842105263,A,10.1126/science.ado8609
C*03:02,C*05:01,C,0.857142857142857,A,10.1126/science.ado8609
C*03:02,C*06:02,C,0.75,A,10.1126/science.ado8609
C*03:02,C*07:01,C,0.764705882352941,A,10.1126/science.ado8609
C*03:02,C*07:02,C,0.818181818181818,A,10.1126/science.ado8609
C*03:02,C*07:04,C,0.733333333333333,A,10.1126/science.ado8609
C*03:02,C*08:01,C,0.619047619047619,A,10.1126/science.ado8609
C*03:02,C*08:02,C,0.828571428571429,A,10.1126/science.ado8609
C*03:02,C*12:02,C,0.52,A,10.1126/science.ado8609
C*03:02,C*12:03,C,0.466666666666667,A,10.1126/science.ado8609
C*03:02,C*14:02,C,0.894736842105263,A,10.1126/science.ado8609
C*03:02,C*14:03,C,0.92,A,10.1126/science.ado8609
C*03:02,C*15:02,C,0.75,A,10.1126/science.ado8609
C*03:02,C*16:01,C,0.454545454545455,A,10.1126/science.ado8609
C*03:02,C*17:01,C,0.428571428571429,A,10.1126/science.ado8609
C*03:03,C*01:02,C,0.789473684210526,A,10.1126/science.ado8609
C*03:03,C*02:02,C,0.647058823529412,A,10.1126/science.ado8609
C*03:03,C*03:02,C,0.411764705882353,A,10.1126/science.ado8609
C*03:03,C*03:03,C,0,A,10.1126/science.ado8609
C*03:03,C*03:04,C,0.333333333333333,A,10.1126/science.ado8609
C*03:03,C*04:01,C,0.933333333333333,A,10.1126/science.ado8609
C*03:03,C*04:03,C,0.875,A,10.1126/science.ado8609
C*03:03,C*05:01,C,0.84,A,10.1126/science.ado8609
C*03:03,C*06:02,C,0.692307692307692,A,10.1126/science.ado8609
C*03:03,C*07:01,C,0.714285714285714,A,10.1126/science.ado8609
C*03:03,C*07:02,C,0.789473684210526,A,10.1126/science.ado8609
C*03:03,C*07:04,C,0.666666666666667,A,10.1126/science.ado8609
C*03:03,C*08:01,C,0.555555555555556,A,10.1126/science.ado8609
C*03:03,C*08:02,C,0.8125,A,10.1126/science.ado8609
C*03:03,C*12:02,C,0.636363636363636,A,10.1126/science.ado8609
C*03:03,C*12:03,C,0.5,A,10.1126/science.ado8609
C*03:03,C*14:02,C,0.875,A,10.1126/science.ado8609
C*03:03,C*14:03,C,0.909090909090909,A,10.1126/science.ado8609
C*03:03,C*15:02,C,0.619047619047619,A,10.1126/science.ado8609
C*03:03,C*16:01,C,0.578947368421053,A,10.1126/science.ado8609
C*03:03,C*17:01,C,0.272727272727273,A,10.1126/science.ado8609
C*03:04,C*01:02,C,0.826086956521739,A,10.1126/science.ado8609
C*03:04,C*02:02,C,0.714285714285714,A,10.1126/science.ado8609
C*03:04,C*03:02,C,0.523809523809524,A,10.1126/science.ado8609
C*03:04,C*03:03,C,0.333333333333333,A,10.1126/science.ado8609
C*03:04,C*03:04,C,0,A,10.1126/science.ado8609
C*03:04,C*04:01,C,0.941176470588235,A,10.1126/science.ado8609
C*03:04,C*04:03,C,0.9,A,10.1126/science.ado8609
C*03:04,C*05:01,C,0.862068965517241,A,10.1126/science.ado8609
C*03:04,C*06:02,C,0.764705882352941,A,10.1126/science.ado8609
C*03:04,C*07:01,C,0.777777777777778,A,10.1126/science.ado8609
C*03:04,C*07:02,C,0.826086956521739,A,10.1126/science.ado8609
C*03:04,C*07:04,C,0.75,A,10.1126/science.ado8609
C*03:04,C*08:01,C,0.454545454545455,A,10.1126/science.ado8609
C*03:04,C*08:02,C,0.833333333333333,A,10.1126/science.ado8609
C*03:04,C*12:02,C,0.692307692307692,A,10.1126/science.ado8609
C*03:04,C*12:03,C,0.625,A,10.1126/science.ado8609
C*03:04,C*14:02,C,0.9,A,10.1126/science.ado8609
C*03:04,C*14:03,C,0.923076923076923,A,10.1126/science.ado8609
C*03:04,C*15:02,C,0.6,A,10.1126/science.ado8609
C*03:04,C*16:01,C,0.652173913043478,A,10.1126/science.ado8609
C*03:04,C*17:01,C,0.466666666666667,A,10.1126/science.ado8609
C*04:01,C*01:02,C,0.885714285714286,A,10.1126/science.ado8609
C*04:01,C*02:02,C,0.939393939393939,A,10.1126/science.ado8609
C*04:01,C*03:02,C,0.939393939393939,A,10.1126/science.ado8609
C*04:01,C*03:03,C,0.933333333333333,A,10.1126/science.ado8609
C*04:01,C*03:04,C,0.941176470588235,A,10.1126/science.ado8609
C*04:01,C*04:01,C,0,A,10.1126/science.ado8609
C*04:01,C*04:03,C,0.625,A,10.1126/science.ado8609
C*04:01,C*05:01,C,0.75609756097561,A,10.1126/science.ado8609
C*04:01,C*06:02,C,0.931034482758621,A,10.1126/science.ado8609
C*04:01,C*07:01,C,0.933333333333333,A,10.1126/science.ado8609
C*04:01,C*07:02,C,0.885714285714286,A,10.1126/science.ado8609
C*04:01,C*07:04,C,0.928571428571429,A,10.1126/science.ado8609
C*04:01,C*08:01,C,0.941176470588235,A,10.1126/science.ado8609
C*04:01,C*08:02,C,0.708333333333333,A,10.1126/science.ado8609
C*04:01,C*12:02,C,0.947368421052632,A,10.1126/science.ado8609
C*04:01,C*12:03,C,0.928571428571429,A,10.1126/science.ado8609
C*04:01,C*14:02,C,0.6875,A,10.1126/science.ado8609
C*04:01,C*14:03,C,0.736842105263158,A,10.1126/science.ado8609
C*04:01,C*15:02,C,0.945945945945946,A,10.1126/science.ado8609
C*04:01,C*16:01,C,0.942857142857143,A,10.1126/science.ado8609
C*04:01,C*17:01,C,0.925925925925926,A,10.1126/science.ado8609
C*04:03,C*01:02,C,0.80952380952381,A,10.1126/science.ado8609
C*04:03,C*02:02,C,0.894736842105263,A,10.1126/science.ado8609
C*04:03,C*03:02,C,0.894736842105263,A,10.1126/science.ado8609
C*04:03,C*03:03,C,0.875,A,10.1126/science.ado8609
C*04:03,C*03:04,C,0.9,A,10.1126/science.ado8609
C*04:03,C*04:01,C,0.625,A,10.1126/science.ado8609
C*04:03,C*04:03,C,0,A,10.1126/science.ado8609
C*04:03,C*05:01,C,0.703703703703704,A,10.1126/science.ado8609
C*04:03,C*06:02,C,0.866666666666667,A,10.1126/science.ado8609
C*04:03,C*07:01,C,0.875,A,10.1126/science.ado8609
C*04:03,C*07:02,C,0.904761904761905,A,10.1126/science.ado8609
C*04:03,C*07:04,C,0.857142857142857,A,10.1126/science.ado8609
C*04:03,C*08:01,C,0.9,A,10.1126/science.ado8609
C*04:03,C*08:02,C,0.588235294117647,A,10.1126/science.ado8609
C*04:03,C*12:02,C,0.916666666666667,A,10.1126/science.ado8609
C*04:03,C*12:03,C,0.857142857142857,A,10.1126/science.ado8609
C*04:03,C*14:02,C,0.888888888888889,A,10.1126/science.ado8609
C*04:03,C*14:03,C,0.916666666666667,A,10.1126/science.ado8609
C*04:03,C*15:02,C,0.91304347826087,A,10.1126/science.ado8609
C*04:03,C*16:01,C,0.904761904761905,A,10.1126/science.ado8609
C*04:03,C*17:01,C,0.846153846153846,A,10.1126/science.ado8609
C*05:01,C*01:02,C,0.866666666666667,A,10.1126/science.ado8609
C*05:01,C*02:02,C,0.928571428571429,A,10.1126/science.ado8609
C*05:01,C*03:02,C,0.857142857142857,A,10.1126/science.ado8609
C*05:01,C*03:03,C,0.84,A,10.1126/science.ado8609
C*05:01,C*03:04,C,0.862068965517241,A,10.1126/science.ado8609
C*05:01,C*04:01,C,0.75609756097561,A,10.1126/science.ado8609
C*05:01,C*04:03,C,0.703703703703704,A,10.1126/science.ado8609
C*05:01,C*05:01,C,0,A,10.1126/science.ado8609
C*05:01,C*06:02,C,0.833333333333333,A,10.1126/science.ado8609
C*05:01,C*07:01,C,0.84,A,10.1126/science.ado8609
C*05:01,C*07:02,C,0.866666666666667,A,10.1126/science.ado8609
C*05:01,C*07:04,C,0.826086956521739,A,10.1126/science.ado8609
C*05:01,C*08:01,C,0.862068965517241,A,10.1126/science.ado8609
C*05:01,C*08:02,C,0.302325581395349,A,10.1126/science.ado8609
C*05:01,C*12:02,C,0.878787878787879,A,10.1126/science.ado8609
C*05:01,C*12:03,C,0.91304347826087,A,10.1126/science.ado8609
C*05:01,C*14:02,C,0.925925925925926,A,10.1126/science.ado8609
C*05:01,C*14:03,C,0.939393939393939,A,10.1126/science.ado8609
C*05:01,C*15:02,C,0.875,A,10.1126/science.ado8609
C*05:01,C*16:01,C,0.866666666666667,A,10.1126/science.ado8609
C*05:01,C*17:01,C,0.818181818181818,A,10.1126/science.ado8609
C*06:02,C*01:02,C,0.777777777777778,A,10.1126/science.ado8609
C*06:02,C*02:02,C,0.875,A,10.1126/science.ado8609
C*06:02,C*03:02,C,0.75,A,10.1126/science.ado8609
C*06:02,C*03:03,C,0.692307692307692,A,10.1126/science.ado8609
C*06:02,C*03:04,C,0.764705882352941,A,10.1126/science.ado8609
C*06:02,C*04:01,C,0.931034482758621,A,10.1126/science.ado8609
C*06:02,C*04:03,C,0.866666666666667,A,10.1126/science.ado8609
C*06:02,C*05:01,C,0.833333333333333,A,10.1126/science.ado8609
C*06:02,C*06:02,C,0,A,10.1126/science.ado8609
C*06:02,C*07:01,C,0.384615384615385,A,10.1126/science.ado8609
C*06:02,C*07:02,C,0.555555555555556,A,10.1126/science.ado8609
C*06:02,C*07:04,C,0.454545454545455,A,10.1126/science.ado8609
C*06:02,C*08:01,C,0.764705882352941,A,10.1126/science.ado8609
C*06:02,C*08:02,C,0.870967741935484,A,10.1126/science.ado8609
C*06:02,C*12:02,C,0.80952380952381,A,10.1126/science.ado8609
C*06:02,C*12:03,C,0.818181818181818,A,10.1126/science.ado8609
C*06:02,C*14:02,C,0.866666666666667,A,10.1126/science.ado8609
C*06:02,C*14:03,C,0.904761904761905,A,10.1126/science.ado8609
C*06:02,C*15:02,C,0.7,A,10.1126/science.ado8609
C*06:02,C*16:01,C,0.777777777777778,A,10.1126/science.ado8609
C*06:02,C*17:01,C,0.6,A,10.1126/science.ado8609
C*07:01,C*01:02,C,0.789473684210526,A,10.1126/science.ado8609
C*07:01,C*02:02,C,0.764705882352941,A,10.1126/science.ado8609
C*07:01,C*03:02,C,0.764705882352941,A,10.1126/science.ado8609
C*07:01,C*03:03,C,0.714285714285714,A,10.1126/science.ado8609
C*07:01,C*03:04,C,0.777777777777778,A,10.1126/science.ado8609
C*07:01,C*04:01,C,0.933333333333333,A,10.1126/science.ado8609
C*07:01,C*04:03,C,0.875,A,10.1126/science.ado8609
C*07:01,C*05:01,C,0.84,A,10.1126/science.ado8609
C*07:01,C*06:02,C,0.384615384615385,A,10.1126/science.ado8609
C*07:01,C*07:01,C,0,A,10.1126/science.ado8609
C*07:01,C*07:02,C,0.368421052631579,A,10.1126/science.ado8609
C*07:01,C*07:04,C,0.666666666666667,A,10.1126/science.ado8609
C*07:01,C*08:01,C,0.777777777777778,A,10.1126/science.ado8609
C*07:01,C*08:02,C,0.875,A,10.1126/science.ado8609
C*07:01,C*12:02,C,0.727272727272727,A,10.1126/science.ado8609
C*07:01,C*12:03,C,0.833333333333333,A,10.1126/science.ado8609
C*07:01,C*14:02,C,0.875,A,10.1126/science.ado8609
C*07:01,C*14:03,C,0.909090909090909,A,10.1126/science.ado8609
C*07:01,C*15:02,C,0.80952380952381,A,10.1126/science.ado8609
C*07:01,C*16:01,C,0.684210526315789,A,10.1126/science.ado8609
C*07:01,C*17:01,C,0.636363636363636,A,10.1126/science.ado8609
C*07:02,C*01:02,C,0.833333333333333,A,10.1126/science.ado8609
C*07:02,C*02:02,C,0.909090909090909,A,10.1126/science.ado8609
C*07:02,C*03:02,C,0.818181818181818,A,10.1126/science.ado8609
C*07:02,C*03:03,C,0.789473684210526,A,10.1126/science.ado8609
C*07:02,C*03:04,C,0.826086956521739,A,10.1126/science.ado8609
C*07:02,C*04:01,C,0.885714285714286,A,10.1126/science.ado8609
C*07:02,C*04:03,C,0.904761904761905,A,10.1126/science.ado8609
C*07:02,C*05:01,C,0.866666666666667,A,10.1126/science.ado8609
C*07:02,C*06:02,C,0.555555555555556,A,10.1126/science.ado8609
C*07:02,C*07:01,C,0.368421052631579,A,10.1126/science.ado8609
C*07:02,C*07:02,C,0,A,10.1126/science.ado8609
C*07:02,C*07:04,C,0.764705882352941,A,10.1126/science.ado8609
C*07:02,C*08:01,C,0.826086956521739,A,10.1126/science.ado8609
C*07:02,C*08:02,C,0.891891891891892,A,10.1126/science.ado8609
C*07:02,C*12:02,C,0.851851851851852,A,10.1126/science.ado8609
C*07:02,C*12:03,C,0.882352941176471,A,10.1126/science.ado8609
C*07:02,C*14:02,C,0.523809523809524,A,10.1126/science.ado8609
C*07:02,C*14:03,C,0.62962962962963,A,10.1126/science.ado8609
C*07:02,C*15:02,C,0.846153846153846,A,10.1126/science.ado8609
C*07:02,C*16:01,C,0.833333333333333,A,10.1126/science.ado8609
C*07:02,C*17:01,C,0.75,A,10.1126/science.ado8609
C*07:04,C*01:02,C,0.764705882352941,A,10.1126/science.ado8609
C*07:04,C*02:02,C,0.733333333333333,A,10.1126/science.ado8609
C*07:04,C*03:02,C,0.733333333333333,A,10.1126/science.ado8609
C*07:04,C*03:03,C,0.666666666666667,A,10.1126/science.ado8609
C*07:04,C*03:04,C,0.75,A,10.1126/science.ado8609
C*07:04,C*04:01,C,0.928571428571429,A,10.1126/science.ado8609
C*07:04,C*04:03,C,0.857142857142857,A,10.1126/science.ado8609
C*07:04,C*05:01,C,0.826086956521739,A,10.1126/science.ado8609
C*07:04,C*06:02,C,0.454545454545455,A,10.1126/science.ado8609
C*07:04,C*07:01,C,0.666666666666667,A,10.1126/science.ado8609
C*07:04,C*07:02,C,0.764705882352941,A,10.1126/science.ado8609
C*07:04,C*07:04,C,0,A,10.1126/science.ado8609
C*07:04,C*08:01,C,0.75,A,10.1126/science.ado8609
C*07:04,C*08:02,C,0.866666666666667,A,10.1126/science.ado8609
C*07:04,C*12:02,C,0.7,A,10.1126/science.ado8609
C*07:04,C*12:03,C,0.8,A,10.1126/science.ado8609
C*07:04,C*14:02,C,0.857142857142857,A,10.1126/science.ado8609
C*07:04,C*14:03,C,0.9,A,10.1126/science.ado8609
C*07:04,C*15:02,C,0.684210526315789,A,10.1126/science.ado8609
C*07:04,C*16:01,C,0.647058823529412,A,10.1126/science.ado8609
C*07:04,C*17:01,C,0.555555555555556,A,10.1126/science.ado8609
C*08:01,C*01:02,C,0.826086956521739,A,10.1126/science.ado8609
C*08:01,C*02:02,C,0.619047619047619,A,10.1126/science.ado8609
C*08:01,C*03:02,C,0.619047619047619,A,10.1126/science.ado8609
C*08:01,C*03:03,C,0.555555555555556,A,10.1126/science.ado8609
C*08:01,C*03:04,C,0.454545454545455,A,10.1126/science.ado8609
C*08:01,C*04:01,C,0.941176470588235,A,10.1126/science.ado8609
C*08:01,C*04:03,C,0.9,A,10.1126/science.ado8609
C*08:01,C*05:01,C,0.862068965517241,A,10.1126/science.ado8609
C*08:01,C*06:02,C,0.764705882352941,A,10.1126/science.ado8609
C*08:01,C*07:01,C,0.777777777777778,A,10.1126/science.ado8609
C*08:01,C*07:02,C,0.826086956521739,A,10.1126/science.ado8609
C*08:01,C*07:04,C,0.75,A,10.1126/science.ado8609
C*08:01,C*08:01,C,0,A,10.1126/science.ado8609
C*08:01,C*08:02,C,0.833333333333333,A,10.1126/science.ado8609
C*08:01,C*12:02,C,0.615384615384615,A,10.1126/science.ado8609
C*08:01,C*12:03,C,0.5,A,10.1126/science.ado8609
C*08:01,C*14:02,C,0.9,A,10.1126/science.ado8609
C*08:01,C*14:03,C,0.923076923076923,A,10.1126/science.ado8609
C*08:01,C*15:02,C,0.68,A,10.1126/science.ado8609
C*08:01,C*16:01,C,0.652173913043478,A,10.1126/science.ado8609
C*08:01,C*17:01,C,0.466666666666667,A,10.1126/science.ado8609
C*08:02,C*01:02,C,0.891891891891892,A,10.1126/science.ado8609
C*08:02,C*02:02,C,0.885714285714286,A,10.1126/science.ado8609
C*08:02,C*03:02,C,0.828571428571429,A,10.1126/science.ado8609
C*08:02,C*03:03,C,0.8125,A,10.1126/science.ado8609
C*08:02,C*03:04,C,0.833333333333333,A,10.1126/science.ado8609
C*08:02,C*04:01,C,0.708333333333333,A,10.1126/science.ado8609
C*08:02,C*04:03,C,0.588235294117647,A,10.1126/science.ado8609
C*08:02,C*05:01,C,0.302325581395349,A,10.1126/science.ado8609
C*08:02,C*06:02,C,0.870967741935484,A,10.1126/science.ado8609
C*08:02,C*07:01,C,0.875,A,10.1126/science.ado8609
C*08:02,C*07:02,C,0.891891891891892,A,10.1126/science.ado8609
C*08:02,C*07:04,C,0.866666666666667,A,10.1126/science.ado8609
C*08:02,C*08:01,C,0.833333333333333,A,10.1126/science.ado8609
C*08:02,C*08:02,C,0,A,10.1126/science.ado8609
C*08:02,C*12:02,C,0.85,A,10.1126/science.ado8609
C*08:02,C*12:03,C,0.866666666666667,A,10.1126/science.ado8609
C*08:02,C*14:02,C,0.941176470588235,A,10.1126/science.ado8609
C*08:02,C*14:03,C,0.95,A,10.1126/science.ado8609
C*08:02,C*15:02,C,0.846153846153846,A,10.1126/science.ado8609
C*08:02,C*16:01,C,0.837837837837838,A,10.1126/science.ado8609
C*08:02,C*17:01,C,0.793103448275862,A,10.1126/science.ado8609
C*12:02,C*01:02,C,0.851851851851852,A,10.1126/science.ado8609
C*12:02,C*02:02,C,0.2,A,10.1126/science.ado8609
C*12:02,C*03:02,C,0.52,A,10.1126/science.ado8609
C*12:02,C*03:03,C,0.636363636363636,A,10.1126/science.ado8609
C*12:02,C*03:04,C,0.692307692307692,A,10.1126/science.ado8609
C*12:02,C*04:01,C,0.947368421052632,A,10.1126/science.ado8609
C*12:02,C*04:03,C,0.916666666666667,A,10.1126/science.ado8609
C*12:02,C*05:01,C,0.878787878787879,A,10.1126/science.ado8609
C*12:02,C*06:02,C,0.80952380952381,A,10.1126/science.ado8609
C*12:02,C*07:01,C,0.727272727272727,A,10.1126/science.ado8609
C*12:02,C*07:02,C,0.851851851851852,A,10.1126/science.ado8609
C*12:02,C*07:04,C,0.7,A,10.1126/science.ado8609
C*12:02,C*08:01,C,0.615384615384615,A,10.1126/science.ado8609
C*12:02,C*08:02,C,0.85,A,10.1126/science.ado8609
C*12:02,C*12:02,C,0,A,10.1126/science.ado8609
C*12:02,C*12:03,C,0.5,A,10.1126/science.ado8609
C*12:02,C*14:02,C,0.916666666666667,A,10.1126/science.ado8609
C*12:02,C*14:03,C,0.933333333333333,A,10.1126/science.ado8609
C*12:02,C*15:02,C,0.793103448275862,A,10.1126/science.ado8609
C*12:02,C*16:01,C,0.333333333333333,A,10.1126/science.ado8609
C*12:02,C*17:01,C,0.578947368421053,A,10.1126/science.ado8609
C*12:03,C*01:02,C,0.882352941176471,A,10.1126/science.ado8609
C*12:03,C*02:02,C,0.333333333333333,A,10.1126/science.ado8609
C*12:03,C*03:02,C,0.466666666666667,A,10.1126/science.ado8609
C*12:03,C*03:03,C,0.5,A,10.1126/science.ado8609
C*12:03,C*03:04,C,0.625,A,10.1126/science.ado8609
C*12:03,C*04:01,C,0.928571428571429,A,10.1126/science.ado8609
C*12:03,C*04:03,C,0.857142857142857,A,10.1126/science.ado8609
C*12:03,C*05:01,C,0.91304347826087,A,10.1126/science.ado8609
C*12:03,C*06:02,C,0.818181818181818,A,10.1126/science.ado8609
C*12:03,C*07:01,C,0.833333333333333,A,10.1126/science.ado8609
C*12:03,C*07:02,C,0.882352941176471,A,10.1126/science.ado8609
C*12:03,C*07:04,C,0.8,A,10.1126/science.ado8609
C*12:03,C*08:01,C,0.5,A,10.1126/science.ado8609
C*12:03,C*08:02,C,0.866666666666667,A,10.1126/science.ado8609
C*12:03,C*12:02,C,0.5,A,10.1126/science.ado8609
C*12:03,C*12:03,C,0,A,10.1126/science.ado8609
C*12:03,C*14:02,C,0.857142857142857,A,10.1126/science.ado8609
C*12:03,C*14:03,C,0.9,A,10.1126/science.ado8609
C*12:03,C*15:02,C,0.789473684210526,A,10.1126/science.ado8609
C*12:03,C*16:01,C,0.529411764705882,A,10.1126/science.ado8609
C*12:03,C*17:01,C,0.333333333333333,A,10.1126/science.ado8609
C*14:02,C*01:02,C,0.904761904761905,A,10.1126/science.ado8609
C*14:02,C*02:02,C,0.894736842105263,A,10.1126/science.ado8609
C*14:02,C*03:02,C,0.894736842105263,A,10.1126/science.ado8609
C*14:02,C*03:03,C,0.875,A,10.1126/science.ado8609
C*14:02,C*03:04,C,0.9,A,10.1126/science.ado8609
C*14:02,C*04:01,C,0.6875,A,10.1126/science.ado8609
C*14:02,C*04:03,C,0.888888888888889,A,10.1126/science.ado8609
C*14:02,C*05:01,C,0.925925925925926,A,10.1126/science.ado8609
C*14:02,C*06:02,C,0.866666666666667,A,10.1126/science.ado8609
C*14:02,C*07:01,C,0.875,A,10.1126/science.ado8609
C*14:02,C*07:02,C,0.523809523809524,A,10.1126/science.ado8609
C*14:02,C*07:04,C,0.857142857142857,A,10.1126/science.ado8609
C*14:02,C*08:01,C,0.9,A,10.1126/science.ado8609
C*14:02,C*08:02,C,0.941176470588235,A,10.1126/science.ado8609
C*14:02,C*12:02,C,0.916666666666667,A,10.1126/science.ado8609
C*14:02,C*12:03,C,0.857142857142857,A,10.1126/science.ado8609
C*14:02,C*14:02,C,0,A,10.1126/science.ado8609
C*14:02,C*14:03,C,0.25,A,10.1126/science.ado8609
C*14:02,C*15:02,C,0.91304347826087,A,10.1126/science.ado8609
C*14:02,C*16:01,C,0.904761904761905,A,10.1126/science.ado8609
C*14:02,C*17:01,C,0.846153846153846,A,10.1126/science.ado8609
C*14:03,C*01:02,C,0.925925925925926,A,10.1126/science.ado8609
C*14:03,C*02:02,C,0.92,A,10.1126/science.ado8609
C*14:03,C*03:02,C,0.92,A,10.1126/science.ado8609
C*14:03,C*03:03,C,0.909090909090909,A,10.1126/science.ado8609
C*14:03,C*03:04,C,0.923076923076923,A,10.1126/science.ado8609
C*14:03,C*04:01,C,0.736842105263158,A,10.1126/science.ado8609
C*14:03,C*04:03,C,0.916666666666667,A,10.1126/science.ado8609
C*14:03,C*05:01,C,0.939393939393939,A,10.1126/science.ado8609
C*14:03,C*06:02,C,0.904761904761905,A,10.1126/science.ado8609
C*14:03,C*07:01,C,0.909090909090909,A,10.1126/science.ado8609
C*14:03,C*07:02,C,0.62962962962963,A,10.1126/science.ado8609
C*14:03,C*07:04,C,0.9,A,10.1126/science.ado8609
C*14:03,C*08:01,C,0.923076923076923,A,10.1126/science.ado8609
C*14:03,C*08:02,C,0.95,A,10.1126/science.ado8609
C*14:03,C*12:02,C,0.933333333333333,A,10.1126/science.ado8609
C*14:03,C*12:03,C,0.9,A,10.1126/science.ado8609
C*14:03,C*14:02,C,0.25,A,10.1126/science.ado8609
C*14:03,C*14:03,C,0,A,10.1126/science.ado8609
C*14:03,C*15:02,C,0.931034482758621,A,10.1126/science.ado8609
C*14:03,C*16:01,C,0.925925925925926,A,10.1126/science.ado8609
C*14:03,C*17:01,C,0.894736842105263,A,10.1126/science.ado8609
C*15:02,C*01:02,C,0.846153846153846,A,10.1126/science.ado8609
C*15:02,C*02:02,C,0.833333333333333,A,10.1126/science.ado8609
C*15:02,C*03:02,C,0.75,A,10.1126/science.ado8609
C*15:02,C*03:03,C,0.619047619047619,A,10.1126/science.ado8609
C*15:02,C*03:04,C,0.6,A,10.1126/science.ado8609
C*15:02,C*04:01,C,0.945945945945946,A,10.1126/science.ado8609
C*15:02,C*04:03,C,0.91304347826087,A,10.1126/science.ado8609
C*15:02,C*05:01,C,0.875,A,10.1126/science.ado8609
C*15:02,C*06:02,C,0.7,A,10.1126/science.ado8609
C*15:02,C*07:01,C,0.80952380952381,A,10.1126/science.ado8609
C*15:02,C*07:02,C,0.846153846153846,A,10.1126/science.ado8609
C*15:02,C*07:04,C,0.684210526315789,A,10.1126/science.ado8609
C*15:02,C*08:01,C,0.68,A,10.1126/science.ado8609
C*15:02,C*08:02,C,0.846153846153846,A,10.1126/science.ado8609
C*15:02,C*12:02,C,0.793103448275862,A,10.1126/science.ado8609
C*15:02,C*12:03,C,0.789473684210526,A,10.1126/science.ado8609
C*15:02,C*14:02,C,0.91304347826087,A,10.1126/science.ado8609
C*15:02,C*14:03,C,0.931034482758621,A,10.1126/science.ado8609
C*15:02,C*15:02,C,0,A,10.1126/science.ado8609
C*15:02,C*16:01,C,0.692307692307692,A,10.1126/science.ado8609
C*15:02,C*17:01,C,0.666666666666667,A,10.1126/science.ado8609
C*16:01,C*01:02,C,0.833333333333333,A,10.1126/science.ado8609
C*16:01,C*02:02,C,0.363636363636364,A,10.1126/science.ado8609
C*16:01,C*03:02,C,0.454545454545455,A,10.1126/science.ado8609
C*16:01,C*03:03,C,0.578947368421053,A,10.1126/science.ado8609
C*16:01,C*03:04,C,0.652173913043478,A,10.1126/science.ado8609
C*16:01,C*04:01,C,0.942857142857143,A,10.1126/science.ado8609
C*16:01,C*04:03,C,0.904761904761905,A,10.1126/science.ado8609
C*16:01,C*05:01,C,0.866666666666667,A,10.1126/science.ado8609
C*16:01,C*06:02,C,0.777777777777778,A,10.1126/science.ado8609
C*16:01,C*07:01,C,0.684210526315789,A,10.1126/science.ado8609
C*16:01,C*07:02,C,0.833333333333333,A,10.1126/science.ado8609
C*16:01,C*07:04,C,0.647058823529412,A,10.1126/science.ado8609
C*16:01,C*08:01,C,0.652173913043478,A,10.1126/science.ado8609
C*16:01,C*08:02,C,0.837837837837838,A,10.1126/science.ado8609
C*16:01,C*12:02,C,0.333333333333333,A,10.1126/science.ado8609
C*16:01,C*12:03,C,0.529411764705882,A,10.1126/science.ado8609
C*16:01,C*14:02,C,0.904761904761905,A,10.1126/science.ado8609
C*16:01,C*14:03,C,0.925925925925926,A,10.1126/science.ado8609
C*16:01,C*15:02,C,0.692307692307692,A,10.1126/science.ado8609
C*16:01,C*16:01,C,0,A,10.1126/science.ado8609
C*16:01,C*17:01,C,0.5,A,10.1126/science.ado8609
C*17:01,C*01:02,C,0.75,A,10.1126/science.ado8609
C*17:01,C*02:02,C,0.571428571428571,A,10.1126/science.ado8609
C*17:01,C*03:02,C,0.428571428571429,A,10.1126/science.ado8609
C*17:01,C*03:03,C,0.272727272727273,A,10.1126/science.ado8609
C*17:01,C*03:04,C,0.466666666666667,A,10.1126/science.ado8609
C*17:01,C*04:01,C,0.925925925925926,A,10.1126/science.ado8609
C*17:01,C*04:03,C,0.846153846153846,A,10.1126/science.ado8609
C*17:01,C*05:01,C,0.818181818181818,A,10.1126/science.ado8609
C*17:01,C*06:02,C,0.6,A,10.1126/science.ado8609
C*17:01,C*07:01,C,0.636363636363636,A,10.1126/science.ado8609
C*17:01,C*07:02,C,0.75,A,10.1126/science.ado8609
C*17:01,C*07:04,C,0.555555555555556,A,10.1126/science.ado8609
C*17:01,C*08:01,C,0.466666666666667,A,10.1126/science.ado8609
C*17:01,C*08:02,C,0.793103448275862,A,10.1126/science.ado8609
C*17:01,C*12:02,C,0.578947368421053,A,10.1126/science.ado8609
C*17:01,C*12:03,C,0.333333333333333,A,10.1126/science.ado8609
C*17:01,C*14:02,C,0.846153846153846,A,10.1126/science.ado8609
C*17:01,C*14:03,C,0.894736842105263,A,10.1126/science.ado8609
C*17:01,C*15:02,C,0.666666666666667,A,10.1126/science.ado8609
C*17:01,C*16:01,C,0.5,A,10.1126/science.ado8609
C*17:01,C*17:01,C,0,A,10.1126/science.ado8609
